listing_id,city,locality_name,address,bhk,rent,size,area_type,floor_num,total_floors,bathroom,furnishing_status,tenant_preferred,point_of_contact
LST101200,Mumbai,Dadar East,Dadar East,3,147500.0,1053.0,Super Area,3.0,3.0,3.0,Semi-Furnished,Family,Contact Agent
LST100250,Mumbai,Parel,Parel,1,40000.0,390.0,Carpet Area,4.0,12.0,1.0,Unfurnished,Bachelors/Family,Contact Agent
LST101774,Mumbai,Pali Hill,"Green Gate Apartment, Pali Hill",1,9500.0,562.0,Super Area,7.0,9.0,1.0,Unfurnished,Bachelors/Family,Contact Agent
LST104358,Mumbai,Bhakti Park,"Ajmera Treon, Bhakti Park",2,15000.0,612.0,Super Area,33.0,41.0,2.0,Semi-Furnished,Family,Contact Agent
LST101512,Mumbai,Goregaon East,"Royal Palms, Goregaon East",2,31500.0,695.0,Carpet Area,32.0,46.0,3.0,Unfurnished,Family,Contact Owner
LST101637,Mumbai,Hindu Colony,Hindu Colony,3,189500.0,1511.0,Super Area,7.0,30.0,3.0,Unfurnished,Family,Contact Agent
LST103993,Mumbai,Balkrishna Dadu Karade Chowk,"Celestia Spaces, Balkrishna Dadu Karade Chowk",2,17500.0,753.0,Carpet Area,15.0,28.0,1.0,Semi-Furnished,Bachelors,Contact Agent
LST103008,Mumbai,Bhandup East,"White Lily Apartment, Bhandup East",1,57500.0,553.0,Carpet Area,18.0,29.0,1.0,Semi-Furnished,Bachelors,Contact Agent
LST101165,Mumbai,Hiranandani Gardens,"Hiranandani Castle Rock, Hiranandani Gardens",1,45500.0,603.0,Carpet Area,16.0,20.0,2.0,Semi-Furnished,Bachelors,Contact Owner
LST100622,Mumbai,JVPD Scheme,JVPD Scheme,4,250000.0,2500.0,Carpet Area,2.0,10.0,4.0,Furnished,Bachelors/Family,Contact Agent
LST101663,Mumbai,Dr Babasaheb Ambedkar Road,"Dr Babasaheb Ambedkar Road, Mumbai",3,104500.0,1454.0,Super Area,26.0,45.0,4.0,Furnished,Bachelors,Contact Agent
LST103042,Mumbai,Nalasopara,"Deep Heights, Nalasopara",2,37000.0,578.0,Super Area,15.0,23.0,1.0,Semi-Furnished,Family,Contact Owner
LST103868,Mumbai,Vile Parle,Vile Parle,2,102500.0,599.0,Super Area,8.0,27.0,3.0,Furnished,Bachelors,Contact Owner
LST104073,Mumbai,Gokuldham,"Raheja Heights Phase 2, Gokuldham",3,222000.0,1180.0,Carpet Area,2.0,2.0,3.0,Semi-Furnished,Family,Contact Agent
LST103209,Mumbai,Beverly Park,Beverly Park,3,185500.0,1786.0,Super Area,7.0,16.0,2.0,Furnished,Bachelors,Contact Agent
LST104923,Mumbai,Agarkar Chowk,"Oberoi Prisma, Agarkar Chowk",1,24000.0,401.0,Super Area,14.0,20.0,1.0,Semi-Furnished,Family,Contact Agent
LST100318,Mumbai,JVPD Scheme,JVPD Scheme,4,280000.0,2800.0,Carpet Area,2.0,9.0,4.0,Furnished,Family,Contact Agent
LST104103,Mumbai,Unknown,Mumbai Central,2,58500.0,1169.0,Super Area,14.0,68.0,1.0,Furnished,Bachelors,Contact Agent
LST104603,Mumbai,Dadar West,"Sugee Sadan, Dadar West",1,19500.0,479.0,Carpet Area,16.0,25.0,1.0,Furnished,Family,Contact Agent
LST104505,Mumbai,Bhayandar East,Bhayandar East,2,39000.0,819.0,Carpet Area,5.0,12.0,3.0,Furnished,Bachelors/Family,Contact Agent
LST100435,Mumbai,Nerul sector-3,Nerul sector-3,2,16000.0,600.0,Carpet Area,2.0,3.0,1.0,Unfurnished,Family,Contact Owner
LST103870,Mumbai,Kandivali East,"Godrej Tranquil, Kandivali East",1,69500.0,589.0,Carpet Area,3.0,13.0,1.0,Furnished,Bachelors,Contact Owner
LST103597,Mumbai,Mira Road,"DB Ozone, Mira Road",2,221000.0,968.0,Carpet Area,3.0,8.0,3.0,Furnished,Bachelors/Family,Contact Owner
LST104064,Mumbai,Wadala East,"Lodha Altia, Wadala East",5,481000.0,3600.0,Carpet Area,10.0,37.0,4.0,Furnished,Family,Contact Owner
LST104017,Mumbai,Andheri West,"Rustomjee Elements, Andheri West",2,38500.0,587.0,Super Area,11.0,13.0,2.0,Unfurnished,Bachelors,Contact Owner
LST101193,Mumbai,Vile Parle,Vile Parle,1,14500.0,264.0,Super Area,14.0,58.0,1.0,Furnished,Bachelors/Family,Contact Owner
LST102104,Mumbai,Parel,"Lodha Venezia, Parel",1,29500.0,449.0,Super Area,4.0,22.0,1.0,Unfurnished,Family,Contact Owner
LST103676,Mumbai,Lokhandwala Complex,"Ballerina Apartment, Lokhandwala Complex",1,23500.0,561.0,Carpet Area,10.0,19.0,1.0,Semi-Furnished,Bachelors,Contact Agent
LST101845,Mumbai,Parel,"Ashok tower, Parel",2,54500.0,667.0,Carpet Area,4.0,10.0,1.0,Furnished,Bachelors,Contact Agent
LST100229,Mumbai,Bhakti Park,"Ajmera Bhakti Park, Bhakti Park",2,57000.0,710.0,Carpet Area,15.0,18.0,2.0,Semi-Furnished,Bachelors/Family,Contact Agent
LST100358,Mumbai,Worli,"Mahalaxmi CHS, Worli",1,25000.0,340.0,Carpet Area,13.0,23.0,1.0,Unfurnished,Bachelors/Family,Contact Agent
LST103078,Mumbai,Tata Nagar,Tata Nagar,1,68500.0,573.0,Super Area,9.0,17.0,1.0,Furnished,Bachelors/Family,Contact Agent
LST101267,Mumbai,Azad Nagar Colaba,Azad Nagar Colaba,2,17500.0,522.0,Carpet Area,5.0,16.0,1.0,Unfurnished,Family,Contact Agent
LST100552,Mumbai,Chandivali,Chandivali,3,70000.0,1000.0,Carpet Area,15.0,20.0,2.0,Semi-Furnished,Bachelors/Family,Contact Agent
LST101201,Mumbai,in Byculla,in Byculla,2,57000.0,776.0,Super Area,-1.0,21.0,2.0,Furnished,Bachelors,Contact Owner
LST101263,Mumbai,Wadala East,"Lodha New Cuffe Parade, Wadala East",2,41500.0,730.0,Super Area,14.0,14.0,1.0,Semi-Furnished,Family,Contact Agent
LST100066,Mumbai,Lokhandwala Complex,Lokhandwala Complex,1,40000.0,600.0,Carpet Area,3.0,7.0,2.0,Furnished,Family,Contact Agent
LST101495,Mumbai,Ghatla,Ghatla,1,25000.0,445.0,Carpet Area,24.0,55.0,1.0,Furnished,Family,Contact Agent
LST100059,Mumbai,Powai,Powai,3,89000.0,1219.5,Carpet Area,14.0,20.0,3.0,Semi-Furnished,Bachelors/Family,Contact Agent
LST103230,Mumbai,Malabar Hill,Malabar Hill,2,65000.0,774.0,Carpet Area,2.0,3.0,1.0,Semi-Furnished,Family,Contact Owner
LST102483,Mumbai,Mulund West,Mulund West,2,34500.0,750.0,Carpet Area,40.0,75.0,3.0,Furnished,Family,Contact Owner
LST103933,Mumbai,Amar Nagar,Amar Nagar,1,43500.0,450.0,Carpet Area,9.0,40.0,2.0,Unfurnished,Bachelors,Contact Owner
LST100706,Mumbai,Bandra West,Bandra West,2,130000.0,1000.0,Carpet Area,10.0,13.0,2.0,Semi-Furnished,Bachelors/Family,Contact Agent
LST100411,Mumbai,Kamla Nagar,Kamla Nagar,2,65000.0,700.0,Carpet Area,4.0,9.0,2.0,Furnished,Bachelors,Contact Agent
LST104579,Mumbai,Chakala MIDC,"Lodha Eternis, Chakala MIDC",1,60000.0,593.0,Carpet Area,0.0,6.0,1.0,Unfurnished,Family,Contact Agent
LST104646,Mumbai,Borivali East,Borivali East,2,61500.0,1309.0,Super Area,5.0,12.0,2.0,Semi-Furnished,Bachelors/Family,Contact Agent
LST104638,Mumbai,Taloja Phase 2,Taloja Phase 2,1,20500.0,338.0,Super Area,11.0,25.0,1.0,Unfurnished,Family,Contact Agent
LST102378,Mumbai,Bandra Kurla Complex,"Dheeraj Insignia Apartment, Bandra Kurla Complex",3,79000.0,1219.5,Super Area,7.0,9.0,3.0,Semi-Furnished,Bachelors/Family,Contact Agent
LST103562,Mumbai,in Mahim West,in Mahim West,1,47500.0,450.0,Super Area,3.0,58.0,1.0,Semi-Furnished,Family,Contact Owner
LST104387,Mumbai,Malad East,Malad East,1,38000.0,687.0,Carpet Area,19.0,24.0,1.0,Unfurnished,Bachelors/Family,Contact Agent
LST100274,Mumbai,Bandra Kurla Complex,"Dheeraj Insignia Apartment, Bandra Kurla Complex",4,200000.0,1900.0,Carpet Area,5.0,11.0,3.0,Furnished,Bachelors/Family,Contact Agent
LST101896,Mumbai,Unknown,Navi Mumbai-Khargar-Panvel,2,45500.0,655.0,Super Area,11.0,13.0,2.0,Semi-Furnished,Bachelors/Family,Contact Owner
LST104886,Mumbai,Deonar,Deonar,3,376000.0,1797.0,Carpet Area,12.0,45.0,2.0,Furnished,Family,Contact Agent
LST104233,Mumbai,parivar safalya chs,parivar safalya chs,1,48500.0,343.0,Carpet Area,15.0,60.0,2.0,Furnished,Bachelors,Contact Agent
LST104380,Mumbai,Charkop Sector 6,Charkop Sector 6,1,48500.0,442.0,Carpet Area,-1.0,23.0,1.0,Semi-Furnished,Family,Contact Owner
LST104301,Mumbai,Mahavir Nagar,"Leo Ratnakar, Mahavir Nagar",1,17500.0,455.0,Carpet Area,12.0,16.0,1.0,Furnished,Bachelors/Family,Contact Owner
LST101851,Mumbai,Kashimira,"Man Opus, Kashimira",2,42000.0,698.0,Carpet Area,18.0,29.0,1.0,Furnished,Bachelors/Family,Contact Owner
LST102728,Mumbai,Dadar TT Circle,"Island City Centre, Dadar TT Circle",1,15500.0,434.0,Super Area,10.0,31.0,1.0,Semi-Furnished,Family,Contact Agent
LST104419,Mumbai,Kandivali West,"Gemstar Symphony Apartment, Kandivali West",2,32500.0,639.0,Carpet Area,15.0,60.0,1.0,Semi-Furnished,Family,Contact Owner
LST104898,Mumbai,Antop Hill,Antop Hill,1,27500.0,493.0,Super Area,5.0,11.0,1.0,Semi-Furnished,Bachelors,Contact Owner
LST100014,Mumbai,Bhandup West,Bhandup West,2,28000.0,518.0,Carpet Area,5.0,12.0,2.0,Semi-Furnished,Bachelors/Family,Contact Owner
LST102324,Mumbai,new panvel,new panvel,2,48000.0,893.0,Carpet Area,27.0,47.0,2.0,Semi-Furnished,Family,Contact Owner
LST100754,Mumbai,Bhakti Park,"Ajmera Bhakti Park, Bhakti Park",1,40000.0,450.0,Carpet Area,8.0,13.0,1.0,Semi-Furnished,Bachelors/Family,Contact Agent
LST101875,Mumbai,Parel,Parel,4,220000.0,1989.0,Carpet Area,7.0,13.0,5.0,Semi-Furnished,Family,Contact Owner
LST100557,Mumbai,Charkop,Charkop,1,16000.0,250.0,Carpet Area,4.0,10.0,1.0,Unfurnished,Bachelors/Family,Contact Owner
LST101988,Mumbai,Hiranandani Gardens,"Hiranandani Regent Hill, Hiranandani Gardens",2,89500.0,601.0,Carpet Area,-1.0,8.0,2.0,Furnished,Family,Contact Agent
LST104298,Mumbai,Andheri West,"Adani Western Heights, Andheri West",3,92500.0,891.0,Super Area,25.0,43.0,3.0,Semi-Furnished,Bachelors,Contact Owner
LST101733,Mumbai,Grant Road,Grant Road,1,20000.0,534.0,Carpet Area,27.0,58.0,2.0,Semi-Furnished,Bachelors/Family,Contact Agent
LST100450,Mumbai,Worli,"Mahalaxmi CHS, Worli",1,25000.0,325.0,Carpet Area,17.0,24.0,1.0,Furnished,Bachelors/Family,Contact Agent
LST102265,Mumbai,Wadala,"Lodha NCP Commercial , Wadala",1,34000.0,524.0,Carpet Area,3.0,8.0,1.0,Semi-Furnished,Bachelors,Contact Owner
LST100646,Mumbai,Bandra Kurla Complex,"Insignia, Bandra Kurla Complex",3,140000.0,1400.0,Carpet Area,11.0,13.0,3.0,Semi-Furnished,Family,Contact Agent
LST104016,Mumbai,Chembur East,"diamond garden, Chembur East",3,61000.0,1597.0,Super Area,-1.0,16.0,3.0,Semi-Furnished,Bachelors/Family,Contact Owner
LST104710,Mumbai,Mulund East,"Sai Aasha Daya, Mulund East",2,36500.0,560.0,Super Area,17.0,36.0,2.0,Semi-Furnished,Family,Contact Owner
LST103079,Mumbai,Charkop,Charkop,3,173500.0,1532.0,Carpet Area,60.0,71.0,3.0,Semi-Furnished,Family,Contact Agent
LST104499,Mumbai,Marol,"Kanakia Rainforest, Marol",2,28500.0,762.0,Super Area,10.0,21.0,3.0,Furnished,Bachelors/Family,Contact Agent
LST101492,Mumbai,Kandivali East,"Alpine Shapoorji Pallonji, Thakur Village, Kandivali East",3,62500.0,857.0,Super Area,65.0,78.0,3.0,Unfurnished,Bachelors,Contact Agent
LST100022,Mumbai,Unknown,,1,22000.0,270.0,Super Area,14.0,23.0,1.0,Unfurnished,Bachelors/Family,Contact Owner
LST101579,Mumbai,Prabhadevi,"MHADA Century Mill, Prabhadevi",2,42000.0,677.0,Carpet Area,7.0,14.0,3.0,Furnished,Family,Contact Agent
LST101097,Mumbai,Andheri West,"Adani Western Heights, Andheri West",2,75000.0,944.0,Carpet Area,13.0,43.0,2.0,Unfurnished,Bachelors,Contact Owner
LST101031,Mumbai,Wadala,Wadala,2,98500.0,688.0,Super Area,1.0,6.0,2.0,Semi-Furnished,Bachelors/Family,Contact Agent
LST100260,Mumbai,Govandi Station Road,Govandi Station Road,1,27000.0,400.0,Carpet Area,1.0,7.0,1.0,Semi-Furnished,Bachelors/Family,Contact Agent
LST104608,Mumbai,Worli,"Omkar 1973, Worli",2,63500.0,793.0,Super Area,34.0,42.0,2.0,Furnished,Family,Contact Agent
LST104704,Mumbai,Worli,"Raheja Artesia, Worli",2,70500.0,530.0,Super Area,17.0,44.0,2.0,Unfurnished,Family,Contact Agent
LST101641,Mumbai,Malad West,"Lovedale Residences, Malad West",1,18500.0,339.0,Carpet Area,2.0,4.0,2.0,Semi-Furnished,Family,Contact Owner
LST104425,Mumbai,Andheri East,"Bindra Complex , Andheri East",1,31500.0,493.0,Carpet Area,3.0,15.0,1.0,Furnished,Bachelors/Family,Contact Agent
LST100222,Mumbai,Jogeshwari West,"Lodha Bel Air, Jogeshwari West",3,100000.0,1286.0,Carpet Area,7.0,21.0,5.0,Unfurnished,Bachelors/Family,Contact Agent
LST101558,Mumbai,Vikhroli West,"Raj Legacy, Vikhroli West",6,461500.0,2819.0,Carpet Area,11.0,31.0,7.0,Unfurnished,Family,Contact Agent
LST100129,Mumbai,Mahavir Nagar,Mahavir Nagar,3,43000.0,750.0,Carpet Area,6.0,16.0,2.0,Unfurnished,Family,Contact Agent
LST102316,Mumbai,Marine Lines,"Marine Palace, Marine Lines",1,21000.0,450.0,Super Area,10.0,20.0,2.0,Unfurnished,Bachelors,Contact Agent
LST101102,Mumbai,Lokhandwala Twp,"Spring Leaf, Lokhandwala Twp",4,432000.0,3468.0,Carpet Area,16.0,23.0,4.0,Unfurnished,Bachelors/Family,Contact Agent
LST104408,Mumbai,Seven Bungalows,"Milap CHS, Seven Bungalows",1,16500.0,232.0,Super Area,3.0,9.0,1.0,Semi-Furnished,Bachelors/Family,Contact Agent
LST104985,Mumbai,Dadar East,"Island City Centre, Dadar East",2,43500.0,788.0,Carpet Area,12.0,16.0,1.0,Semi-Furnished,Bachelors/Family,Contact Owner
LST102424,Mumbai,JB Nagar,JB Nagar,1,31000.0,507.0,Carpet Area,9.0,17.0,1.0,Unfurnished,Bachelors/Family,Contact Agent
LST103493,Mumbai,Kandivali East,"Aspire, Thakur Village, Kandivali East",2,44500.0,837.0,Super Area,3.0,10.0,3.0,Unfurnished,Bachelors,Contact Owner
LST100578,Mumbai,Hiranandani Gardens,"Hiranandani Atlantis, Hiranandani Gardens",2,85000.0,750.0,Carpet Area,11.0,27.0,2.0,Semi-Furnished,Bachelors/Family,Contact Agent
LST102225,Mumbai,Gokuldham,"Valentine Apartments, Gokuldham",3,159000.0,1511.0,Super Area,6.0,10.0,2.0,Semi-Furnished,Bachelors/Family,Contact Owner
LST103169,Mumbai,Goregaon East,"Dheeraj Valley Tower, Goregaon East",3,224000.0,1215.0,Super Area,17.0,25.0,3.0,Semi-Furnished,Bachelors,Contact Owner
LST101647,Mumbai,Thane-Kalyan-Dombivli,Thane-Kalyan-Dombivli,1,18500.0,284.0,Super Area,10.0,19.0,1.0,Furnished,Family,Contact Agent
LST100055,Mumbai,Worli,"Trump Tower, Worli",4,300000.0,1600.0,Carpet Area,12.0,21.0,4.0,Semi-Furnished,Bachelors/Family,Contact Agent
LST102843,Mumbai,Bhakti Park,"Lodha New Cuffe Parade, Bhakti Park",2,54500.0,767.0,Super Area,19.0,22.0,3.0,Unfurnished,Bachelors,Contact Agent
LST103753,Mumbai,Chakala,Chakala,1,24000.0,497.0,Carpet Area,21.0,21.0,2.0,Furnished,Bachelors/Family,Contact Agent
LST104674,Mumbai,Breach Candy,Breach Candy,2,104000.0,1429.0,Super Area,12.0,27.0,3.0,Semi-Furnished,Bachelors,Contact Owner
LST101595,Mumbai,Kanjurmarg East,Kanjurmarg East,3,90500.0,1219.5,Carpet Area,15.0,19.0,3.0,Furnished,Bachelors/Family,Contact Owner
LST100261,Mumbai,Irla,Irla,2,60000.0,700.0,Carpet Area,3.0,4.0,2.0,Furnished,Bachelors,Contact Agent
LST103087,Mumbai,Bandra West,"Smoky Hill Apartment, Bandra West",3,52000.0,1036.0,Super Area,5.0,12.0,3.0,Unfurnished,Bachelors,Contact Agent
LST103592,Mumbai,Kandivali East,Kandivali East,1,40000.0,556.0,Super Area,21.0,21.0,1.0,Unfurnished,Family,Contact Agent
LST100436,Mumbai,Lokhandwala Complex,"Magnum Tower CHS, Lokhandwala Complex",2,50000.0,1100.0,Super Area,14.0,22.0,4.0,Furnished,Bachelors/Family,Contact Agent
LST104407,Mumbai,Goregaon East,Goregaon East,2,30500.0,1237.0,Carpet Area,9.0,10.0,1.0,Furnished,Bachelors/Family,Contact Owner
LST102849,Mumbai,Seven Bungalows,"Shimpla Vighnaharta CHS, Seven Bungalows",3,88000.0,1262.0,Super Area,10.0,27.0,2.0,Semi-Furnished,Family,Contact Agent
LST104705,Mumbai,Andheri East,Andheri East,2,50000.0,715.0,Carpet Area,53.0,60.0,1.0,Semi-Furnished,Bachelors,Contact Agent
LST100088,Mumbai,Breach Candy,Breach Candy,2,85000.0,650.0,Carpet Area,2.0,6.0,2.0,Semi-Furnished,Bachelors,Contact Agent
LST103297,Mumbai,Nalasopara West,Nalasopara West,3,176500.0,1578.0,Carpet Area,5.0,6.0,3.0,Unfurnished,Family,Contact Agent
LST101588,Mumbai,Hiranandani Gardens,"Hiranandani Castle Rock, Hiranandani Gardens",2,55500.0,592.0,Carpet Area,16.0,34.0,1.0,Unfurnished,Bachelors,Contact Agent
LST102177,Mumbai,Unknown,,3,58500.0,971.0,Carpet Area,20.0,23.0,3.0,Unfurnished,Bachelors,Contact Agent
LST101921,Mumbai,Mira Road,"holy complex ,Mira Road, Mumbai",2,106500.0,872.0,Super Area,9.0,19.0,1.0,Semi-Furnished,Family,Contact Agent
LST104243,Mumbai,Bandra West,"Siddhivinayak, Bandra West",2,143500.0,894.0,Carpet Area,16.0,36.0,2.0,Unfurnished,Bachelors/Family,Contact Agent
LST103837,Mumbai,Dadar East,"Bombay Dyeing Two ICC, Dadar East",3,119000.0,1086.0,Carpet Area,7.0,7.0,3.0,Furnished,Bachelors,Contact Agent
LST103463,Mumbai,Gokuldham,"Valentine Apartments, Gokuldham",4,321000.0,1371.0,Super Area,5.0,23.0,3.0,Unfurnished,Bachelors/Family,Contact Owner
LST102243,Mumbai,Film City Road,"Oberoi Exquisite II, Film City Road",4,214500.0,1678.0,Carpet Area,15.0,60.0,4.0,Semi-Furnished,Family,Contact Owner
LST102621,Mumbai,GREEN PARK,GREEN PARK,2,18000.0,606.0,Super Area,14.0,17.0,1.0,Furnished,Family,Contact Agent
LST102450,Mumbai,Mahim West,Mahim West,3,156500.0,1479.0,Carpet Area,8.0,28.0,3.0,Unfurnished,Bachelors,Contact Owner
LST103890,Mumbai,Goregaon East,"Velentine Tower, Goregaon East",3,88000.0,1047.0,Super Area,18.0,30.0,4.0,Unfurnished,Bachelors,Contact Owner
LST102633,Mumbai,Nalasopara West,Nalasopara West,2,65500.0,654.0,Super Area,4.0,15.0,2.0,Furnished,Bachelors,Contact Owner
LST100886,Mumbai,Chandivali,Chandivali,2,45000.0,650.0,Carpet Area,10.0,18.0,2.0,Semi-Furnished,Bachelors/Family,Contact Agent
LST102730,Mumbai,Ghatkopar East,Ghatkopar East,3,81500.0,884.0,Carpet Area,2.0,27.0,3.0,Unfurnished,Bachelors/Family,Contact Agent
LST104868,Mumbai,Mira Road East,"SK Imperial Heights, Mira Road East",2,110000.0,1350.0,Super Area,3.0,16.0,2.0,Unfurnished,Bachelors/Family,Contact Agent
LST103632,Mumbai,Marol,"Akruti Aneri, Marol",2,44500.0,1182.0,Carpet Area,16.0,21.0,3.0,Unfurnished,Family,Contact Owner
LST103679,Mumbai,Kurla West,Kurla West,1,15500.0,441.0,Carpet Area,10.0,18.0,2.0,Unfurnished,Bachelors/Family,Contact Agent
LST103395,Mumbai,Bhayandar East,"Indraprastha CHS, Bhayandar East",1,28500.0,319.0,Super Area,53.0,78.0,1.0,Furnished,Bachelors,Contact Owner
LST101121,Mumbai,Matunga East,Matunga East,4,289500.0,1970.0,Super Area,5.0,24.0,3.0,Furnished,Bachelors,Contact Agent
LST103025,Mumbai,Yashodham,Yashodham,1,27500.0,500.0,Carpet Area,6.0,24.0,2.0,Unfurnished,Family,Contact Owner
LST103050,Mumbai,KEMPS CORNER,"THE PRIMORDIAL HOUSE, KEMPS CORNER",1,19000.0,516.0,Super Area,12.0,13.0,1.0,Semi-Furnished,Family,Contact Owner
LST100914,Mumbai,Dadar East,"Bombay Dyeing Two ICC, Dadar East",4,250000.0,2100.0,Carpet Area,35.0,60.0,4.0,Semi-Furnished,Bachelors/Family,Contact Agent
LST104934,Mumbai,Lower Parel,"India Bulls Sky Forest, Lower Parel",2,107000.0,965.0,Super Area,26.0,42.0,3.0,Unfurnished,Bachelors/Family,Contact Agent
LST104025,Mumbai,Central Area,Central Area,1,39000.0,595.0,Carpet Area,15.0,59.0,1.0,Semi-Furnished,Family,Contact Agent
LST101040,Mumbai,Juhu Tara,Juhu Tara,2,53000.0,673.0,Super Area,16.0,37.0,1.0,Unfurnished,Bachelors/Family,Contact Owner
LST100691,Mumbai,Kalina,"Sundar Nagar, Kalina",1,20000.0,300.0,Carpet Area,2.0,12.0,1.0,Semi-Furnished,Bachelors/Family,Contact Agent
LST101634,Mumbai,Bhandup West,"Samarth Srishti, Bhandup West",2,46500.0,573.0,Carpet Area,15.0,25.0,1.0,Furnished,Family,Contact Owner
LST103361,Mumbai,Holly Cross Church Chowk,"Kohinoor City Phase II, Holly Cross Church Chowk",3,192000.0,1107.0,Super Area,6.0,24.0,3.0,Furnished,Bachelors,Contact Agent
LST100594,Mumbai,Ghatkopar West,Ghatkopar West,1,24000.0,550.0,Carpet Area,0.0,4.0,1.0,Unfurnished,Bachelors,Contact Agent
LST101716,Mumbai,Unknown,,2,33500.0,758.0,Super Area,10.0,13.0,2.0,Semi-Furnished,Bachelors/Family,Contact Agent
LST102601,Mumbai,Lower Parel,"Neumec Elegance, Lower Parel",1,39500.0,641.0,Super Area,48.0,54.0,1.0,Unfurnished,Family,Contact Owner
LST104799,Mumbai,Mindspace,"Evershine Grandeur, Mindspace",2,93000.0,740.0,Super Area,2.0,5.0,2.0,Unfurnished,Bachelors,Contact Agent
LST101749,Mumbai,DATTA PADA,DATTA PADA,1,26500.0,553.0,Carpet Area,8.0,12.0,1.0,Unfurnished,Bachelors/Family,Contact Agent
LST101245,Mumbai,Pirojshah Nagar,"Godrej The Trees, Pirojshah Nagar",3,195000.0,2011.0,Super Area,12.0,68.0,3.0,Furnished,Family,Contact Agent
LST104214,Mumbai,Vile Parle West,"Sai Palace Apartment, Vile Parle West",1,22000.0,445.0,Carpet Area,5.0,21.0,1.0,Semi-Furnished,Bachelors/Family,Contact Owner
LST101085,Mumbai,Andheri East,"Hillcrest, Andheri East",1,28000.0,347.0,Carpet Area,24.0,24.0,1.0,Furnished,Bachelors,Contact Agent
LST104785,Mumbai,Bhakti Park,Bhakti Park,1,37500.0,439.0,Super Area,1.0,9.0,1.0,Unfurnished,Family,Contact Owner
LST102478,Mumbai,Mahim,Mahim,3,57000.0,905.0,Super Area,5.0,13.0,4.0,Furnished,Bachelors,Contact Agent
LST102168,Mumbai,Chandivali,"Sunglow, Chandivali",1,116500.0,631.0,Super Area,14.0,15.0,1.0,Semi-Furnished,Bachelors/Family,Contact Agent
LST104718,Mumbai,Irani Wada,"Sethia Kalpavruksh Heights, Irani Wada",5,442500.0,3856.0,Super Area,-2.0,18.0,4.0,Semi-Furnished,Bachelors/Family,Contact Owner
LST102393,Mumbai,Powai,"Lake Florence, Powai",3,72500.0,863.0,Carpet Area,10.0,32.0,3.0,Unfurnished,Family,Contact Owner
LST102305,Mumbai,Indralok,"Aims Sea View, Indralok",1,64000.0,518.0,Super Area,18.0,20.0,1.0,Semi-Furnished,Bachelors,Contact Agent
LST102962,Mumbai,Parel,"Saraswati Sadan, Parel",2,80500.0,803.0,Super Area,3.0,6.0,2.0,Semi-Furnished,Bachelors,Contact Owner
LST102303,Mumbai,Peddar Road,Peddar Road,3,64000.0,731.0,Built Up Area,10.0,37.0,3.0,Furnished,Family,Contact Owner
LST102576,Mumbai,Vile Parle West,Vile Parle West,2,59000.0,694.0,Carpet Area,8.0,13.0,1.0,Furnished,Family,Contact Owner
LST102705,Mumbai,Lokhandwala Twp,"Anita, Lokhandwala Twp",3,167500.0,1345.0,Super Area,43.0,78.0,2.0,Unfurnished,Bachelors,Contact Owner
LST102996,Mumbai,Lokhandwala Complex,"DLH Orchid, Lokhandwala Complex",2,87000.0,915.0,Carpet Area,10.0,37.0,1.0,Furnished,Bachelors,Contact Agent
LST101462,Mumbai,Unknown,,3,31500.0,923.0,Super Area,50.0,75.0,3.0,Unfurnished,Bachelors,Contact Owner
LST101316,Mumbai,Andheri East,"Greenfields CHS, Andheri East",1,45000.0,411.0,Carpet Area,5.0,23.0,1.0,Furnished,Family,Contact Owner
LST102051,Mumbai,Mulund West,Mulund West,4,183500.0,1977.0,Carpet Area,5.0,24.0,5.0,Semi-Furnished,Family,Contact Owner
LST103037,Mumbai,Worli,"lokhandwala residency, Worli",2,145000.0,828.0,Super Area,19.0,19.0,2.0,Semi-Furnished,Family,Contact Owner
LST103833,Mumbai,Andheri East,Andheri East,3,147000.0,1219.5,Carpet Area,0.0,7.0,2.0,Semi-Furnished,Bachelors/Family,Contact Agent
LST102255,Mumbai,Powai,Powai,3,97500.0,1009.0,Super Area,7.0,25.0,3.0,Furnished,Bachelors/Family,Contact Owner
LST104714,Mumbai,Nandiadwala Colony,"Midas Enclave CHS , Nandiadwala Colony",3,46000.0,902.0,Carpet Area,17.0,32.0,3.0,Furnished,Bachelors,Contact Owner
LST101079,Mumbai,Chakala Cigarette Factory,Chakala Cigarette Factory,1,5500.0,407.0,Carpet Area,5.0,5.0,1.0,Furnished,Bachelors,Contact Owner
LST102659,Mumbai,Bandra Kurla Complex,"Insignia, Bandra Kurla Complex",1,24500.0,539.0,Carpet Area,25.0,44.0,1.0,Semi-Furnished,Bachelors/Family,Contact Owner
LST104029,Mumbai,Mira Road East,Mira Road East,1,69500.0,549.0,Carpet Area,30.0,59.0,2.0,Unfurnished,Family,Contact Agent
LST102215,Mumbai,Andheri East,"Kanakia Rainforest, Andheri East",2,65000.0,648.0,Super Area,-1.0,22.0,2.0,Furnished,Family,Contact Owner
LST101117,Mumbai,Goregaon East,"Raheja Ridgewood, Goregaon East",2,26500.0,771.0,Super Area,11.0,12.0,2.0,Unfurnished,Family,Contact Owner
LST103680,Mumbai,Borivali West,"Parinee Adney, Borivali West",2,38500.0,672.0,Carpet Area,49.0,56.0,3.0,Semi-Furnished,Bachelors,Contact Agent
LST103129,Mumbai,Deonar,"Satyam Springs, Deonar",2,37000.0,490.0,Carpet Area,9.0,11.0,3.0,Furnished,Bachelors,Contact Owner
LST100291,Mumbai,Bandra West,Bandra West,2,100000.0,800.0,Carpet Area,-1.0,21.0,2.0,Furnished,Bachelors/Family,Contact Agent
LST103552,Mumbai,Chakala Cigarette Factory,Chakala Cigarette Factory,3,115500.0,828.0,Carpet Area,6.0,20.0,4.0,Semi-Furnished,Family,Contact Agent
LST104240,Mumbai,Link Road,"Auris Serenity, Link Road",1,5500.0,477.0,Carpet Area,3.0,15.0,2.0,Furnished,Family,Contact Agent
LST104204,Mumbai,Aarey Milk Colony,"Garden View Apartment, Aarey Milk Colony",2,39500.0,914.0,Super Area,21.0,23.0,2.0,Unfurnished,Family,Contact Owner
LST103498,Mumbai,Lokhandwala Twp,"spring grove uno, Lokhandwala Twp",2,60000.0,754.0,Super Area,29.0,38.0,3.0,Semi-Furnished,Bachelors,Contact Owner
LST102911,Mumbai,Bhandup West,Bhandup West,2,31000.0,611.0,Carpet Area,26.0,44.0,1.0,Semi-Furnished,Bachelors/Family,Contact Owner
LST102975,Mumbai,Powai,"Lake Homes, Powai",2,17000.0,981.0,Carpet Area,10.0,16.0,1.0,Semi-Furnished,Bachelors,Contact Agent
LST102995,Mumbai,Dadar West,"Purushottam Towers, Dadar West",2,47500.0,711.0,Carpet Area,3.0,58.0,2.0,Unfurnished,Bachelors,Contact Agent
LST900037,Mumbai,Marol,"Akruti Aneri, Marol",3,67000.0,967.0,Super Area,11.0,17.0,2.0,Semi-Furnished,Bachelors,Contact Agent
LST103505,Mumbai,Chembur,"Altavista, Chembur",1,33500.0,539.0,Carpet Area,23.0,24.0,1.0,Furnished,Family,Contact Agent
LST100832,Mumbai,Bandra Band Stand,"Band Stand, Bandra Band Stand",2,90000.0,800.0,Carpet Area,5.0,8.0,2.0,Furnished,Bachelors/Family,Contact Agent
LST103741,Mumbai,Waterfield Road,"Benchmark Solus, Waterfield Road",5,423000.0,3183.0,Carpet Area,21.0,22.0,5.0,Furnished,Bachelors/Family,Contact Agent
LST101113,Mumbai,Bhakti Park,Bhakti Park,3,339000.0,1972.0,Super Area,18.0,23.0,3.0,Unfurnished,Bachelors,Contact Agent
LST100537,Mumbai,Mira Road,Mira Road,1,11000.0,650.0,Super Area,18.0,19.0,2.0,Furnished,Bachelors/Family,Contact Owner
LST100738,Mumbai,Kanjurmarg West,"Runwal Forests, Kanjurmarg West",2,38000.0,661.0,Carpet Area,17.0,36.0,2.0,Semi-Furnished,Bachelors/Family,Contact Agent
LST103877,Mumbai,Lokhandwala Twp,"Sapphire Heights, Lokhandwala Twp",3,153000.0,1225.0,Carpet Area,9.0,21.0,3.0,Semi-Furnished,Bachelors/Family,Contact Owner
LST104965,Mumbai,Bhandari Compound,"Sonal Apartment, Bhandari Compound",2,68500.0,660.0,Carpet Area,9.0,22.0,3.0,Unfurnished,Bachelors,Contact Owner
LST102847,Mumbai,Chembur,"Sabari Palm View, Chembur",1,29500.0,516.0,Super Area,3.0,58.0,1.0,Unfurnished,Bachelors,Contact Agent
LST104731,Mumbai,Marine Lines,"Marine Palace, Marine Lines",1,16000.0,219.0,Super Area,3.0,36.0,1.0,Semi-Furnished,Bachelors/Family,Contact Owner
LST101893,Mumbai,Prabhadevi,Prabhadevi,3,81500.0,974.0,Carpet Area,15.0,19.0,3.0,Unfurnished,Bachelors/Family,Contact Owner
LST104415,Mumbai,Andheri East,"Greenfields CHS, Andheri East",2,86000.0,681.0,Super Area,4.0,5.0,2.0,Semi-Furnished,Bachelors,Contact Agent
LST100171,Mumbai,Sunder Nagar,"Dheeraj Kiran CHS Walad West, Sunder Nagar",1,26000.0,400.0,Carpet Area,4.0,7.0,1.0,Unfurnished,Bachelors/Family,Contact Agent
LST102385,Mumbai,Chinmay Gaurang Infrastructure Old Panvel,Chinmay Gaurang Infrastructure Old Panvel,2,33500.0,535.0,Super Area,2.0,7.0,3.0,Unfurnished,Bachelors/Family,Contact Owner
LST103530,Mumbai,Marol,"Akruti Aneri, Marol",1,25000.0,356.0,Carpet Area,15.0,24.0,1.0,Unfurnished,Family,Contact Owner
LST100096,Mumbai,Gokuldham,"Heena Gaurav Jewels, Gokuldham",3,50000.0,1000.0,Carpet Area,9.0,15.0,3.0,Furnished,Bachelors/Family,Contact Agent
LST102964,Mumbai,Borivali East,"Rivali Park, Borivali East",1,53000.0,353.0,Super Area,0.0,3.0,1.0,Furnished,Family,Contact Agent
LST102562,Mumbai,Kalina,Kalina,2,87000.0,887.0,Super Area,6.0,16.0,2.0,Semi-Furnished,Family,Contact Owner
LST101866,Mumbai,Collector Colony,Collector Colony,1,17500.0,269.0,Carpet Area,25.0,28.0,1.0,Furnished,Family,Contact Agent
LST103497,Mumbai,Balkrishna Dadu Karade Chowk,"Celestia Spaces, Balkrishna Dadu Karade Chowk",4,275000.0,2861.0,Super Area,5.0,18.0,4.0,Furnished,Bachelors,Contact Owner
LST104096,Mumbai,Lokhandwala Twp,"spring grove uno, Lokhandwala Twp",3,99000.0,1148.0,Super Area,10.0,21.0,2.0,Semi-Furnished,Family,Contact Agent
LST100726,Mumbai,Virar,Virar,1,8000.0,620.0,Super Area,6.0,8.0,2.0,Semi-Furnished,Bachelors/Family,Contact Owner
LST101877,Mumbai,BMC Colony Malad East,"Raheja Heights, BMC Colony Malad East",2,40000.0,537.0,Super Area,43.0,79.0,2.0,Unfurnished,Family,Contact Agent
LST103387,Mumbai,Borivali East,"Ekta Meadows, Borivali East",1,30000.0,569.0,Super Area,24.0,24.0,1.0,Furnished,Bachelors/Family,Contact Agent
LST100740,Mumbai,GOREGAON WEST,GOREGAON WEST,3,70000.0,1300.0,Carpet Area,6.0,30.0,3.0,Unfurnished,Bachelors,Contact Agent
LST104748,Mumbai,Andheri East,"Kanakia Rainforest, Andheri East",1,28000.0,393.0,Super Area,7.0,14.0,1.0,Unfurnished,Family,Contact Agent
LST101043,Mumbai,Mira Road,"Bhairav Residency, Mira Road",4,795000.0,3365.0,Carpet Area,8.0,36.0,5.0,Furnished,Bachelors/Family,Contact Owner
LST102232,Mumbai,Raheja Vihar,"Adityavardhan Apartment, Raheja Vihar",2,32500.0,629.0,Super Area,12.0,18.0,3.0,Furnished,Bachelors,Contact Agent
LST102738,Mumbai,4 Bunglows,"HDIL Metropolis, 4 Bunglows",1,15000.0,420.0,Super Area,4.0,10.0,2.0,Semi-Furnished,Family,Contact Agent
LST103435,Mumbai,Bandra East,"Rustomjee Seasons, Bandra East",2,33000.0,752.0,Carpet Area,1.0,4.0,1.0,Unfurnished,Family,Contact Owner
LST102676,Mumbai,Lokhandwala Twp,"Sapphire Heights, Lokhandwala Twp",3,125000.0,1087.0,Carpet Area,0.0,6.0,4.0,Semi-Furnished,Bachelors/Family,Contact Agent
LST101550,Mumbai,Prabhadevi,"Aristo Pearl Residency, Prabhadevi",1,4500.0,434.0,Super Area,22.0,52.0,1.0,Unfurnished,Family,Contact Owner
LST101874,Mumbai,Santacruz West,"Ekta Trinity, Santacruz West",2,136500.0,792.0,Carpet Area,10.0,17.0,2.0,Semi-Furnished,Bachelors/Family,Contact Owner
LST103145,Mumbai,Worli,"Raheja Imperia, Worli",3,116000.0,907.0,Super Area,11.0,22.0,3.0,Furnished,Bachelors/Family,Contact Agent
LST103424,Mumbai,Bandra East,"Insignia, Bandra East",2,82000.0,833.0,Super Area,10.0,14.0,3.0,Furnished,Bachelors/Family,Contact Agent
LST100774,Mumbai,Beverly Park,"Salasar Garden, Beverly Park",2,22000.0,550.0,Carpet Area,2.0,7.0,2.0,Furnished,Family,Contact Agent
LST104591,Mumbai,Hiranandani Gardens,"Hiranandani Atlantis, Hiranandani Gardens",2,9000.0,588.0,Super Area,17.0,28.0,1.0,Furnished,Family,Contact Owner
LST104438,Mumbai,Prabhadevi,"Ivory Tower, Prabhadevi",2,50000.0,901.0,Super Area,23.0,26.0,3.0,Unfurnished,Bachelors/Family,Contact Agent
LST101139,Mumbai,Chakala Cigarette Factory,Chakala Cigarette Factory,3,99000.0,1385.0,Carpet Area,5.0,10.0,2.0,Semi-Furnished,Bachelors/Family,Contact Agent
LST102582,Mumbai,Collector Colony,Collector Colony,2,60000.0,753.0,Carpet Area,18.0,22.0,2.0,Furnished,Bachelors,Contact Agent
LST103934,Mumbai,Juhu,Juhu,2,23000.0,604.0,Super Area,11.0,18.0,2.0,Furnished,Bachelors,Contact Agent
LST103865,Mumbai,Chembur,"Altavista, Chembur",3,112500.0,1360.0,Carpet Area,-1.0,21.0,4.0,Furnished,Family,Contact Agent
LST101274,Mumbai,Bandra Kurla Complex,"Insignia, Bandra Kurla Complex",2,26500.0,682.0,Carpet Area,7.0,12.0,2.0,Semi-Furnished,Bachelors,Contact Owner
LST100504,Mumbai,Khar West,"Ganpat Niketan Apartment, Khar West",2,65000.0,750.0,Built Up Area,2.0,3.0,2.0,Furnished,Bachelors/Family,Contact Agent
LST101923,Mumbai,Kandivali East,"Aspire, Thakur Village, Kandivali East",1,38500.0,456.0,Super Area,39.0,39.0,1.0,Furnished,Bachelors/Family,Contact Owner
LST100649,Mumbai,Chembur East,"Sufalam CHS, Chembur East",2,50000.0,770.0,Carpet Area,4.0,14.0,2.0,Unfurnished,Bachelors/Family,Contact Agent
LST102611,Mumbai,Pali Hill,"Pali Hill Apartment, Pali Hill",5,380500.0,3142.0,Super Area,32.0,59.0,4.0,Semi-Furnished,Family,Contact Agent
LST103720,Mumbai,Gokuldham,"Sky Villa, Gokuldham",2,91500.0,753.0,Super Area,28.0,30.0,1.0,Semi-Furnished,Bachelors,Contact Agent
LST100093,Mumbai,Bhakti Park,"Lodha New Cuffe Parade, Bhakti Park",3,110000.0,1500.0,Carpet Area,17.0,42.0,4.0,Unfurnished,Bachelors/Family,Contact Agent
LST103719,Mumbai,Vikhroli West,"Raj Legacy, Vikhroli West",4,267000.0,1995.0,Super Area,11.0,28.0,4.0,Furnished,Family,Contact Agent
LST103932,Mumbai,Kalina,"Kabra Centroid, Kalina",2,37500.0,959.0,Super Area,3.0,7.0,2.0,Furnished,Bachelors/Family,Contact Agent
LST100598,Mumbai,Mahalakshmi,"Lodha Bellissimo, Mahalakshmi",4,300000.0,2650.0,Carpet Area,14.0,48.0,3.0,Semi-Furnished,Bachelors/Family,Contact Agent
LST102780,Mumbai,Chandivali,"Nahar Jonquille and Jamaica, Chandivali",1,39500.0,473.0,Super Area,6.0,15.0,1.0,Furnished,Bachelors,Contact Owner
LST101041,Mumbai,Andheri East,"Hillcrest, Andheri East",4,230000.0,1596.0,Super Area,8.0,27.0,5.0,Furnished,Bachelors,Contact Owner
LST103515,Mumbai,Andheri West,"Flora Heights, Andheri West",3,95000.0,1252.0,Carpet Area,7.0,16.0,3.0,Unfurnished,Family,Contact Agent
LST102165,Mumbai,Goregaon East,"Lodha Fiorenza, Goregaon East",1,22000.0,385.0,Super Area,30.0,44.0,2.0,Unfurnished,Family,Contact Agent
LST104962,Mumbai,Chembur,"Godrej Prime, Chembur",4,172500.0,1814.0,Carpet Area,15.0,58.0,4.0,Furnished,Bachelors,Contact Agent
LST102344,Mumbai,Lower Parel,"India Bulls Sky Forest, Lower Parel",4,1033000.0,4381.0,Super Area,1.0,6.0,4.0,Furnished,Family,Contact Agent
LST102918,Mumbai,Bhandup Village,Bhandup Village,3,117000.0,1677.0,Super Area,27.0,58.0,3.0,Semi-Furnished,Bachelors/Family,Contact Agent
LST100104,Mumbai,Sher E Punjab Society,Sher E Punjab Society,2,40000.0,700.0,Carpet Area,2.0,6.0,2.0,Semi-Furnished,Bachelors/Family,Contact Agent
LST102033,Mumbai,Turner Road,"L Nagpal Ruby, Turner Road",3,80500.0,1177.0,Carpet Area,14.0,18.0,2.0,Furnished,Bachelors,Contact Agent
LST103983,Mumbai,Byculla West,Byculla West,1,39500.0,580.0,Carpet Area,15.0,20.0,2.0,Semi-Furnished,Bachelors/Family,Contact Owner
LST101770,Mumbai,in Mira Road,in Mira Road,1,53500.0,498.0,Carpet Area,35.0,68.0,1.0,Semi-Furnished,Family,Contact Agent
LST100094,Mumbai,Chembur East,Chembur East,3,84500.0,1150.0,Carpet Area,10.0,12.0,3.0,Unfurnished,Family,Contact Agent
LST900038,Mumbai,Bhandup West,"Mahindra Splendour, Bhandup West",1,40000.0,375.0,Super Area,14.0,48.0,1.0,Unfurnished,Family,Contact Owner
LST101869,Mumbai,Parel,"Crescent Bay Callisto, Parel",2,36000.0,601.0,Super Area,7.0,16.0,1.0,Semi-Furnished,Bachelors/Family,Contact Agent
LST900030,Mumbai,Yari Road,Yari Road,2,107500.0,946.0,Carpet Area,10.0,15.0,3.0,Semi-Furnished,Bachelors,Contact Owner
LST100693,Mumbai,Andheri East,"Kanakia Rainforest, Andheri East",1,40000.0,415.0,Carpet Area,15.0,22.0,2.0,Semi-Furnished,Bachelors/Family,Contact Agent
LST100920,Mumbai,Chembur,"Madhugiri Society, Chembur",1,22000.0,500.0,Super Area,3.0,4.0,1.0,Unfurnished,Bachelors/Family,Contact Owner
LST102983,Mumbai,Malad West,Malad West,4,345000.0,2214.0,Super Area,13.0,18.0,3.0,Unfurnished,Bachelors/Family,Contact Owner
LST101109,Mumbai,Bandra West,"Siddhivinayak, Bandra West",2,87500.0,838.0,Super Area,36.0,81.0,2.0,Furnished,Bachelors/Family,Contact Owner
LST104977,Mumbai,Bandra West,Bandra West,1,27500.0,559.0,Super Area,6.0,23.0,1.0,Semi-Furnished,Family,Contact Agent
LST103921,Mumbai,Evershine Nagar,Evershine Nagar,1,25500.0,423.0,Super Area,2.0,8.0,1.0,Semi-Furnished,Bachelors,Contact Owner
LST103847,Mumbai,Agarkar Chowk,"Oberoi Splendor, Agarkar Chowk",5,559000.0,3504.0,Carpet Area,3.0,28.0,4.0,Furnished,Bachelors/Family,Contact Agent
LST104410,Mumbai,Sakinaka Junction,"Crescent Solitaire, Sakinaka Junction",4,325500.0,2662.0,Carpet Area,10.0,19.0,4.0,Semi-Furnished,Bachelors,Contact Agent
LST103513,Mumbai,Malabar Hill,Malabar Hill,3,53000.0,717.0,Carpet Area,15.0,20.0,3.0,Semi-Furnished,Bachelors,Contact Owner
LST100664,Mumbai,Mindspace,"Rustomjee Elanza, Mindspace",2,76000.0,736.0,Carpet Area,16.0,36.0,2.0,Unfurnished,Family,Contact Agent
LST101789,Mumbai,90 ft road,90 ft road,4,766500.0,3077.0,Carpet Area,36.0,45.0,4.0,Furnished,Bachelors/Family,Contact Owner
LST103190,Mumbai,Wadala,"Lodha NCP Commercial , Wadala",2,54000.0,731.0,Carpet Area,9.0,21.0,2.0,Furnished,Family,Contact Agent
LST100890,Mumbai,JL Tambe Nagar,JL Tambe Nagar,1,18500.0,300.0,Carpet Area,3.0,4.0,1.0,Unfurnished,Bachelors,Contact Owner
LST103391,Mumbai,Film City,Film City,2,50500.0,566.0,Super Area,9.0,55.0,3.0,Semi-Furnished,Family,Contact Agent
LST104723,Mumbai,in Matunga West,in Matunga West,2,30500.0,753.0,Carpet Area,11.0,16.0,1.0,Semi-Furnished,Family,Contact Agent
LST102873,Mumbai,Central Avenue Road,"Tridhaatu Bhaveshwar Vilas, Central Avenue Road",2,66500.0,863.0,Carpet Area,-1.0,16.0,3.0,Furnished,Family,Contact Owner
LST103792,Mumbai,Ghatkopar West,"Promenade At The Address, Ghatkopar West",3,55500.0,1288.0,Carpet Area,15.0,24.0,3.0,Semi-Furnished,Bachelors,Contact Owner
LST104711,Mumbai,Borivali East,"Raj Hill, Borivali East",1,45500.0,527.0,Carpet Area,16.0,27.0,1.0,Semi-Furnished,Bachelors/Family,Contact Agent
LST102441,Mumbai,Andheri West,"Runwal Elegante, Andheri West",4,278000.0,2641.0,Super Area,32.0,41.0,3.0,Semi-Furnished,Bachelors,Contact Owner
LST103775,Mumbai,Borivali East,"Ambrosia Apartment, Borivali East",1,40000.0,644.0,Super Area,-2.0,18.0,2.0,Semi-Furnished,Bachelors/Family,Contact Agent
LST102299,Mumbai,Bandra West,"Smoky Hill Apartment, Bandra West",1,14500.0,305.0,Carpet Area,3.0,62.0,2.0,Furnished,Bachelors/Family,Contact Agent
LST101255,Mumbai,Poonam Gardens,"Swayam Apartment, Poonam Gardens",2,46000.0,1135.0,Super Area,8.0,45.0,1.0,Semi-Furnished,Bachelors/Family,Contact Agent
LST900022,Mumbai,Seven Bungalows,"Milap CHS, Seven Bungalows",1,16500.0,232.0,Super Area,3.0,9.0,1.0,Semi-Furnished,Bachelors/Family,Contact Agent
LST101643,Mumbai,Goregaon East,"Romell Aether, Goregaon East",3,126000.0,1312.0,Carpet Area,-1.0,10.0,4.0,Unfurnished,Bachelors/Family,Contact Agent
LST100332,Mumbai,Goregaon East,"Yashodham Complex, Goregaon East",2,39000.0,630.0,Carpet Area,6.0,7.0,2.0,Unfurnished,Family,Contact Agent
LST100678,Mumbai,Bandra West,Bandra West,3,300000.0,1800.0,Carpet Area,11.0,11.0,4.0,Furnished,Bachelors/Family,Contact Agent
LST103905,Mumbai,Mira Road,"Bhairav Residency, Mira Road",2,49500.0,701.0,Carpet Area,43.0,79.0,1.0,Furnished,Family,Contact Owner
LST104829,Mumbai,Vikhroli West,"Raj Legacy, Vikhroli West",2,32500.0,726.0,Super Area,13.0,15.0,1.0,Semi-Furnished,Bachelors/Family,Contact Owner
LST103019,Mumbai,Powai,"Lake Superior, Powai",3,51000.0,1412.0,Built Up Area,28.0,39.0,3.0,Semi-Furnished,Family,Contact Owner
LST103981,Mumbai,Oshiwara,Oshiwara,1,15000.0,233.0,Carpet Area,3.0,5.0,1.0,Semi-Furnished,Family,Contact Agent
LST103402,Mumbai,Gokuldham,"Valentine Apartments, Gokuldham",1,11500.0,300.0,Carpet Area,14.0,25.0,2.0,Furnished,Bachelors/Family,Contact Owner
LST101525,Mumbai,Bhandup West,"Samarth Srishti, Bhandup West",1,40000.0,286.0,Super Area,24.0,60.0,1.0,Furnished,Bachelors/Family,Contact Owner
LST103250,Mumbai,Parel,"Lodha Venezia, Parel",2,94500.0,895.0,Carpet Area,1.0,5.0,1.0,Semi-Furnished,Family,Contact Owner
LST101926,Mumbai,Link Road,"Orchid Residency, Link Road",2,38000.0,696.0,Carpet Area,3.0,13.0,2.0,Furnished,Bachelors,Contact Agent
LST102673,Mumbai,Kurla West,Kurla West,2,55500.0,856.0,Carpet Area,3.0,9.0,1.0,Unfurnished,Bachelors/Family,Contact Owner
LST101930,Mumbai,Mulund West,"Wadhwa Atmoshphere, Mulund West",4,224500.0,2140.0,Super Area,9.0,40.0,3.0,Furnished,Bachelors,Contact Owner
LST101901,Mumbai,Unknown,,2,53500.0,810.0,Carpet Area,9.0,37.0,2.0,Semi-Furnished,Bachelors/Family,Contact Owner
LST101792,Mumbai,Andheri West,"MidCity Shikhar, Andheri West",3,113000.0,1336.0,Super Area,18.0,30.0,3.0,Unfurnished,Bachelors/Family,Contact Owner
LST102940,Mumbai,Hiranandani Gardens,"Raj Grandeur, Hiranandani Gardens",2,44500.0,636.0,Super Area,20.0,32.0,3.0,Furnished,Bachelors/Family,Contact Agent
LST104700,Mumbai,Goregaon East,"Shiv Dham Apartment, Goregaon East",2,139500.0,918.0,Super Area,8.0,20.0,3.0,Furnished,Bachelors/Family,Contact Owner
LST100157,Mumbai,Borivali East,"Ekta Meadows, Borivali East",1,30000.0,415.0,Carpet Area,5.0,8.0,2.0,Unfurnished,Bachelors,Contact Agent
LST100614,Mumbai,Worli,"Sanghvi Evana, Worli",1,40000.0,475.0,Carpet Area,18.0,23.0,1.0,Unfurnished,Bachelors,Contact Agent
LST102435,Mumbai,Balkrishna Dadu Karade Chowk,"Celestia Spaces, Balkrishna Dadu Karade Chowk",4,165000.0,1657.0,Super Area,3.0,8.0,4.0,Unfurnished,Family,Contact Agent
LST100044,Mumbai,Central Area,Central Area,1,32000.0,470.0,Carpet Area,6.0,7.0,2.0,Semi-Furnished,Family,Contact Agent
LST100162,Mumbai,Borivali West,Borivali West,1,27000.0,550.0,Carpet Area,4.0,7.0,2.0,Furnished,Family,Contact Owner
LST102085,Mumbai,Bandra West,"Hill Road, Bandra West",4,130000.0,1820.0,Super Area,3.0,10.0,5.0,Semi-Furnished,Family,Contact Agent
LST101044,Mumbai,chembur east,"alpine apartments, chembur east",3,144500.0,1363.0,Super Area,0.0,21.0,3.0,Unfurnished,Family,Contact Owner
LST100752,Mumbai,Kandivali East,"Alpine, Kandivali East",3,65000.0,1050.0,Carpet Area,3.0,62.0,3.0,Unfurnished,Bachelors,Contact Agent
LST101842,Mumbai,Dhanukar Wadi,Dhanukar Wadi,4,421000.0,2569.0,Super Area,20.0,27.0,5.0,Semi-Furnished,Bachelors/Family,Contact Agent
LST104549,Mumbai,Nalasopara West,Nalasopara West,1,24500.0,387.0,Carpet Area,7.0,19.0,1.0,Unfurnished,Bachelors,Contact Agent
LST104492,Mumbai,Powai,"Lake Florence, Powai",1,82500.0,586.0,Carpet Area,15.0,28.0,1.0,Furnished,Bachelors,Contact Owner
LST102799,Mumbai,Kemps Corner,"The Primordial House, Kemps Corner",5,331500.0,2173.0,Carpet Area,13.0,18.0,4.0,Unfurnished,Bachelors/Family,Contact Owner
LST100786,Mumbai,Kandivali East,"Alpine Shapoorji Pallonji, Thakur Village, Kandivali East",3,80000.0,1100.0,Carpet Area,48.0,54.0,3.0,Unfurnished,Family,Contact Agent
LST103820,Mumbai,Bhandup West,"Samarth Garden, Bhandup West",1,20000.0,437.0,Carpet Area,11.0,19.0,1.0,Semi-Furnished,Bachelors,Contact Owner
LST103740,Mumbai,Mulund East,"Sai Aasha Daya, Mulund East",2,38500.0,511.0,Super Area,30.0,37.0,1.0,Unfurnished,Bachelors/Family,Contact Agent
LST101246,Mumbai,Lokhandwala Twp,"Sapphire Heights, Lokhandwala Twp",1,8500.0,450.0,Carpet Area,2.0,8.0,1.0,Semi-Furnished,Bachelors/Family,Contact Owner
LST100009,Mumbai,Bhakti Park,"Ajmera Bhakti Park, Bhakti Park",4,130000.0,1650.0,Carpet Area,13.0,18.0,4.0,Semi-Furnished,Bachelors/Family,Contact Agent
LST101229,Mumbai,Jankalyan Nagar,"Ratan Silicon Park, Jankalyan Nagar",1,28500.0,654.0,Super Area,2.0,9.0,2.0,Semi-Furnished,Bachelors,Contact Owner
LST102716,Mumbai,Powai,"Hiranandani Castle Rock, Powai",1,9000.0,340.0,Carpet Area,13.0,19.0,1.0,Semi-Furnished,Bachelors/Family,Contact Owner
LST102261,Mumbai,Worli,"Omkar 1973, Worli",2,119500.0,831.0,Super Area,12.0,21.0,2.0,Unfurnished,Family,Contact Agent
LST100078,Mumbai,Malad East,"Kanakia Levels, Malad East",3,70000.0,1150.0,Carpet Area,7.0,41.0,3.0,Unfurnished,Bachelors/Family,Contact Agent
LST103695,Mumbai,Dadar East,"Bombay Dyeing Two ICC, Dadar East",2,23000.0,709.0,Super Area,19.0,85.0,2.0,Furnished,Family,Contact Owner
LST103213,Mumbai,LBS Marg,"Nirmal Lifestyle, LBS Marg",3,156000.0,955.0,Super Area,4.0,14.0,2.0,Semi-Furnished,Bachelors,Contact Agent
LST101067,Mumbai,Kandivali East,"Thakur Jewel, Thakur Village, Kandivali East",1,32500.0,388.0,Super Area,16.0,21.0,1.0,Unfurnished,Bachelors/Family,Contact Agent
LST102269,Mumbai,Chembur East,"Sabari Ashville, Chembur East",4,204000.0,1970.0,Carpet Area,15.0,37.0,5.0,Semi-Furnished,Bachelors/Family,Contact Owner
LST103020,Mumbai,Wadala East,"Lodha New Cuffe Parade, Wadala East",2,41000.0,608.0,Super Area,4.0,15.0,2.0,Unfurnished,Bachelors,Contact Owner
LST104337,Mumbai,Mira Road East,"Man Opus, Mira Road East",2,22000.0,507.0,Super Area,40.0,52.0,2.0,Unfurnished,Bachelors,Contact Agent
LST103385,Mumbai,in Mahim West,in Mahim West,1,72500.0,344.0,Carpet Area,16.0,25.0,1.0,Semi-Furnished,Bachelors/Family,Contact Agent
LST103225,Mumbai,Ketki Pada,Ketki Pada,2,37500.0,705.0,Super Area,2.0,13.0,2.0,Furnished,Bachelors,Contact Owner
LST100653,Mumbai,Andheri West,Andheri West,2,65000.0,800.0,Carpet Area,10.0,14.0,2.0,Unfurnished,Family,Contact Agent
LST103273,Mumbai,Sakinaka Junction,"Crescent Solitaire, Sakinaka Junction",3,173500.0,1169.0,Carpet Area,6.0,13.0,3.0,Furnished,Bachelors/Family,Contact Agent
LST100974,Mumbai,Kandivali East,"Challenger Tower, Thakur Village, Kandivali East",3,249500.0,1450.0,Carpet Area,14.0,35.0,3.0,Semi-Furnished,Bachelors/Family,Contact Agent
LST101013,Mumbai,Best Nagar Goregaon West,Best Nagar Goregaon West,3,71000.0,1603.0,Super Area,0.0,7.0,3.0,Semi-Furnished,Bachelors/Family,Contact Owner
LST102524,Mumbai,Worli,"Lady Ratan Tower, Worli",2,58000.0,839.0,Carpet Area,4.0,11.0,2.0,Semi-Furnished,Family,Contact Owner
LST101955,Mumbai,mahajan wadi,mahajan wadi,2,60500.0,752.0,Super Area,11.0,28.0,2.0,Semi-Furnished,Bachelors,Contact Owner
LST103379,Mumbai,Chembur,"MJ Shah Centrio, Chembur",2,37000.0,607.0,Carpet Area,12.0,19.0,3.0,Semi-Furnished,Family,Contact Owner
LST103821,Mumbai,Lal Baug,Lal Baug,3,85000.0,1016.0,Carpet Area,-1.0,22.0,3.0,Unfurnished,Family,Contact Owner
LST104838,Mumbai,Dadar East,Dadar East,1,61000.0,450.0,Carpet Area,27.0,58.0,1.0,Semi-Furnished,Family,Contact Owner
LST102040,Mumbai,Akurli Nagar,"Kalpataru Towers, Akurli Nagar",1,12000.0,752.0,Carpet Area,13.0,13.0,1.0,Semi-Furnished,Bachelors,Contact Owner
LST103754,Mumbai,Malad East,"Raheja Heights, Malad East",4,263000.0,2235.0,Carpet Area,23.0,25.0,5.0,Semi-Furnished,Family,Contact Owner
LST102846,Mumbai,in Andheri West,in Andheri West,3,85500.0,941.0,Carpet Area,19.0,20.0,3.0,Semi-Furnished,Bachelors/Family,Contact Agent
LST102442,Mumbai,Kurar Village,"Omkar Alta Monte, Kurar Village",2,67500.0,852.0,Super Area,11.0,16.0,3.0,Semi-Furnished,Bachelors/Family,Contact Owner
LST104231,Mumbai,Ghatkopar,"Ambika Siddhi Apartment, Ghatkopar",4,377500.0,2831.0,Super Area,3.0,18.0,4.0,Unfurnished,Bachelors,Contact Agent
LST103560,Mumbai,Bandra West,"Mount Marry, Bandra West",1,32000.0,401.0,Carpet Area,2.0,4.0,2.0,Unfurnished,Bachelors,Contact Agent
LST104392,Mumbai,Marol,"Akruti Aneri, Marol",2,204500.0,1117.0,Super Area,10.0,32.0,3.0,Furnished,Family,Contact Agent
LST102724,Mumbai,Link Road,"Auris Serenity, Link Road",3,89500.0,1133.0,Super Area,11.0,12.0,4.0,Furnished,Bachelors/Family,Contact Agent
LST102226,Mumbai,Hiranandani Gardens,"Hiranandani Castle Rock, Hiranandani Gardens",1,27000.0,442.0,Carpet Area,15.0,45.0,1.0,Unfurnished,Bachelors/Family,Contact Owner
LST104533,Mumbai,Bhakti Park,"Lodha New Cuffe Parade, Bhakti Park",4,70500.0,1284.0,Carpet Area,16.0,38.0,5.0,Furnished,Bachelors/Family,Contact Owner
LST100087,Mumbai,Millat Nagar,"Green Park Apartment, Millat Nagar",2,50000.0,750.0,Carpet Area,8.0,16.0,2.0,Semi-Furnished,Bachelors/Family,Contact Agent
LST101317,Mumbai,Mahatama Gandhi Road,Mahatama Gandhi Road,1,27000.0,435.0,Carpet Area,5.0,17.0,2.0,Unfurnished,Family,Contact Owner
LST100159,Mumbai,Unknown,Mumbai Central,1,27000.0,270.0,Carpet Area,1.0,4.0,1.0,Unfurnished,Bachelors/Family,Contact Agent
LST104429,Mumbai,Bandra Kurla Complex,"Omkar Meridia, Bandra Kurla Complex",1,48000.0,418.0,Super Area,12.0,29.0,2.0,Furnished,Bachelors/Family,Contact Owner
LST102494,Mumbai,Parel,Parel,3,271500.0,1903.0,Carpet Area,8.0,10.0,2.0,Unfurnished,Bachelors/Family,Contact Agent
LST100543,Mumbai,Evershine Nagar,"Gokul Apartment, Evershine Nagar",2,28000.0,600.0,Carpet Area,1.0,5.0,2.0,Unfurnished,Bachelors/Family,Contact Agent
LST102072,Mumbai,Mahatama Gandhi Road,Mahatama Gandhi Road,1,27500.0,517.0,Carpet Area,12.0,25.0,1.0,Furnished,Bachelors,Contact Owner
LST102355,Mumbai,Breach Candy,Breach Candy,1,26500.0,426.0,Carpet Area,10.0,21.0,1.0,Furnished,Bachelors/Family,Contact Agent
LST103051,Mumbai,Bhakti Park,"Lodha New Cuffe Parade, Bhakti Park",2,41000.0,757.0,Super Area,21.0,21.0,1.0,Furnished,Bachelors,Contact Owner
LST102262,Mumbai,Unknown,Navi Mumbai-Khargar-Panvel,1,16000.0,483.0,Carpet Area,23.0,23.0,1.0,Semi-Furnished,Bachelors/Family,Contact Owner
LST104995,Mumbai,Chikhal Dongari,"Sumit Greendale, Chikhal Dongari",1,18000.0,437.0,Carpet Area,15.0,32.0,2.0,Semi-Furnished,Bachelors/Family,Contact Owner
LST100972,Mumbai,Mahavir Nagar,Mahavir Nagar,2,35500.0,654.0,Super Area,21.0,32.0,1.0,Unfurnished,Family,Contact Owner
LST104110,Mumbai,Chembur East,Chembur East,2,41000.0,479.0,Carpet Area,9.0,10.0,2.0,Unfurnished,Family,Contact Owner
LST103608,Mumbai,Yari Road,"Chanchal Kalyan Complex, Yari Road",1,15000.0,301.0,Super Area,5.0,24.0,1.0,Semi-Furnished,Bachelors/Family,Contact Agent
LST101719,Mumbai,Mulund West,"Runwal Greens, Mulund West",1,36500.0,467.0,Carpet Area,11.0,20.0,1.0,Unfurnished,Family,Contact Agent
LST101936,Mumbai,Charkop Sector 6,Charkop Sector 6,2,51500.0,558.0,Carpet Area,29.0,35.0,3.0,Unfurnished,Bachelors/Family,Contact Agent
LST100659,Mumbai,Mulund West,Mulund West,1,25000.0,425.0,Carpet Area,3.0,5.0,1.0,Unfurnished,Bachelors,Contact Agent
LST104441,Mumbai,Kandivali East,"Aspire, Kandivali East",2,181000.0,1099.0,Carpet Area,0.0,4.0,3.0,Furnished,Bachelors/Family,Contact Owner
LST100201,Mumbai,Bandra West,Bandra West,2,85000.0,850.0,Carpet Area,1.0,8.0,2.0,Furnished,Bachelors,Contact Agent
LST104401,Mumbai,Vile Parle West,"Sai Palace Apartment, Vile Parle West",3,138500.0,2352.0,Carpet Area,1.0,9.0,2.0,Furnished,Family,Contact Owner
LST104264,Mumbai,Parle Colony,Parle Colony,1,18500.0,346.0,Carpet Area,5.0,10.0,2.0,Unfurnished,Bachelors/Family,Contact Agent
LST103075,Mumbai,GREEN PARK,GREEN PARK,4,121000.0,1500.0,Super Area,12.0,25.0,4.0,Unfurnished,Bachelors,Contact Owner
LST100582,Mumbai,Chembur,Chembur,3,70000.0,850.0,Super Area,5.0,8.0,3.0,Unfurnished,Bachelors,Contact Agent
LST103524,Mumbai,in Borivali West,in Borivali West,3,116500.0,1119.0,Carpet Area,22.0,52.0,3.0,Unfurnished,Bachelors/Family,Contact Agent
LST102853,Mumbai,Andheri West,"Bharat Ark, Andheri West",1,13500.0,667.0,Carpet Area,3.0,11.0,1.0,Semi-Furnished,Bachelors,Contact Owner
LST104953,Mumbai,Khar West,"Ganpat Niketan Apartment, Khar West",1,32000.0,407.0,Carpet Area,14.0,38.0,1.0,Unfurnished,Family,Contact Agent
LST102897,Mumbai,Sion East,Sion East,3,110000.0,1348.0,Carpet Area,2.0,9.0,2.0,Furnished,Bachelors/Family,Contact Agent
LST102263,Mumbai,Nandiadwala Colony,"Midas Enclave CHS , Nandiadwala Colony",3,257000.0,1765.0,Carpet Area,9.0,21.0,3.0,Unfurnished,Bachelors/Family,Contact Agent
LST101440,Mumbai,Kandivali East,"Ishwardas Bhuvan CHS, Kandivali East",2,69500.0,643.0,Carpet Area,15.0,32.0,1.0,Semi-Furnished,Bachelors,Contact Agent
LST102833,Mumbai,Malad West,"Auris Serenity, Malad West",3,71500.0,1144.0,Carpet Area,20.0,30.0,4.0,Furnished,Bachelors,Contact Owner
LST104635,Mumbai,Kanjurmarg West,Kanjurmarg West,2,29000.0,753.0,Carpet Area,2.0,8.0,1.0,Unfurnished,Bachelors/Family,Contact Owner
LST103587,Mumbai,Kurla West,Kurla West,2,12000.0,512.0,Super Area,21.0,60.0,3.0,Semi-Furnished,Bachelors,Contact Owner
LST101499,Mumbai,Borivali East,Borivali East,2,55000.0,820.0,Carpet Area,7.0,13.0,1.0,Furnished,Bachelors/Family,Contact Agent
LST104197,Mumbai,Poisar,Poisar,4,144000.0,1613.0,Carpet Area,11.0,26.0,4.0,Furnished,Bachelors,Contact Owner
LST100416,Mumbai,Marol,"Blue Monarch, Marol",1,32000.0,450.0,Carpet Area,4.0,11.0,2.0,Semi-Furnished,Bachelors/Family,Contact Agent
LST101480,Mumbai,Andheri West,"Platinum Prive, Andheri West",4,75500.0,1727.0,Super Area,4.0,19.0,4.0,Semi-Furnished,Family,Contact Owner
LST103834,Mumbai,JVLR-Jogeshwari Vikhroli Link Road,"Oberoi Splendor, JVLR-Jogeshwari Vikhroli Link Road",2,104500.0,1095.0,Carpet Area,-1.0,16.0,2.0,Unfurnished,Bachelors,Contact Agent
LST102966,Mumbai,Lokhandwala Twp,"Anita, Lokhandwala Twp",2,66000.0,995.0,Super Area,13.0,23.0,2.0,Unfurnished,Family,Contact Owner
LST101496,Mumbai,Bandra Kurla Complex,"Omkar Meridia, Bandra Kurla Complex",3,149500.0,1476.0,Carpet Area,12.0,25.0,2.0,Unfurnished,Bachelors/Family,Contact Owner
LST104378,Mumbai,Kamla Nagar,Kamla Nagar,2,43500.0,701.0,Carpet Area,17.0,60.0,1.0,Furnished,Bachelors/Family,Contact Owner
LST102471,Mumbai,BMC Colony Malad East,"Raheja Heights, BMC Colony Malad East",2,20500.0,821.0,Super Area,3.0,11.0,1.0,Semi-Furnished,Bachelors/Family,Contact Owner
LST102602,Mumbai,Powai,"Hiranandani Castle Rock, Powai",2,47000.0,694.0,Carpet Area,12.0,68.0,2.0,Semi-Furnished,Bachelors,Contact Owner
LST103731,Mumbai,Bandra West,"Queens Palace, Bandra West",4,307000.0,1851.0,Super Area,12.0,20.0,5.0,Unfurnished,Bachelors,Contact Owner
LST103816,Mumbai,Marol,"Kanakia Rainforest, Marol",1,19000.0,475.0,Super Area,0.0,6.0,1.0,Semi-Furnished,Family,Contact Agent
LST104794,Mumbai,Film City Road,"Conwood Astoria, Film City Road",2,101500.0,764.0,Super Area,30.0,58.0,3.0,Unfurnished,Family,Contact Agent
LST101477,Mumbai,Goregaon East,"Royal Palms, Goregaon East",1,42500.0,531.0,Super Area,2.0,2.0,1.0,Semi-Furnished,Family,Contact Owner
LST101434,Mumbai,Bandra West,"Vertical Bliss, Bandra West",1,22500.0,326.0,Super Area,3.0,10.0,1.0,Semi-Furnished,Bachelors,Contact Owner
LST100847,Mumbai,Vikhroli East,"Godrej The Trees, Vikhroli East",1,55000.0,505.0,Carpet Area,4.0,12.0,1.0,Semi-Furnished,Bachelors/Family,Contact Agent
LST103109,Mumbai,Andheri West,"Oberoi Springs, Andheri West",1,32500.0,612.0,Carpet Area,3.0,26.0,1.0,Unfurnished,Bachelors,Contact Agent
LST100955,Mumbai,Parel,"Lodha Venezia, Parel",2,90000.0,900.0,Carpet Area,60.0,71.0,2.0,Semi-Furnished,Bachelors,Contact Agent
LST104164,Mumbai,Anushakti Nagar,Anushakti Nagar,3,64000.0,1460.0,Super Area,6.0,13.0,4.0,Unfurnished,Bachelors/Family,Contact Agent
LST101054,Mumbai,sra,sra,1,31000.0,517.0,Super Area,5.0,9.0,2.0,Semi-Furnished,Bachelors,Contact Agent
LST101656,Mumbai,Yari Road,"Rajesh Raj Classic, Yari Road",1,19500.0,520.0,Carpet Area,14.0,27.0,1.0,Furnished,Bachelors,Contact Agent
LST104057,Mumbai,Pali Hill,"Green Gate Apartment, Pali Hill",2,28500.0,802.0,Super Area,48.0,54.0,2.0,Semi-Furnished,Bachelors/Family,Contact Agent
LST104352,Mumbai,Prabhadevi,"MHADA Century Mill, Prabhadevi",2,69000.0,847.0,Carpet Area,16.0,22.0,2.0,Unfurnished,Family,Contact Agent
LST100952,Mumbai,Lower Parel,"Lodha World Crest, Lower Parel",4,350000.0,1970.0,Carpet Area,45.0,60.0,5.0,Unfurnished,Bachelors,Contact Agent
LST100871,Mumbai,Goregaon East,"Royal Palms, Goregaon East",2,27000.0,600.0,Carpet Area,18.0,20.0,2.0,Unfurnished,Bachelors,Contact Agent
LST100802,Mumbai,Nandiadwala Colony,"Midas Enclave CHS , Nandiadwala Colony",1,22000.0,400.0,Carpet Area,3.0,7.0,1.0,Unfurnished,Bachelors/Family,Contact Agent
LST103386,Mumbai,Kandivali West,"Sakhi, Kandivali West",2,29500.0,586.0,Super Area,4.0,12.0,2.0,Unfurnished,Bachelors/Family,Contact Agent
LST102610,Mumbai,Mira Road East,"Man Opus, Mira Road East",3,102500.0,1125.0,Super Area,4.0,4.0,3.0,Unfurnished,Family,Contact Agent
LST101721,Mumbai,Chakala Cigarette Factory,Chakala Cigarette Factory,2,46000.0,641.0,Carpet Area,19.0,30.0,2.0,Unfurnished,Family,Contact Agent
LST102162,Mumbai,Link Road,"Orchid Residency, Link Road",1,31500.0,455.0,Carpet Area,22.0,24.0,1.0,Semi-Furnished,Bachelors/Family,Contact Agent
LST101602,Mumbai,Lower Parel,"Lodha World Crest, Lower Parel",2,55500.0,803.0,Carpet Area,4.0,5.0,2.0,Unfurnished,Bachelors/Family,Contact Agent
LST101835,Mumbai,Deonar,"Satyam Springs, Deonar",2,110500.0,694.0,Super Area,0.0,7.0,3.0,Semi-Furnished,Bachelors,Contact Agent
LST100479,Mumbai,Lokhandwala Complex,"DLH Orchid, Lokhandwala Complex",2,45000.0,680.0,Carpet Area,3.0,4.0,2.0,Unfurnished,Bachelors,Contact Agent
LST104469,Mumbai,Lower Parel,"Neumec Elegance, Lower Parel",1,38500.0,488.0,Carpet Area,-2.0,18.0,1.0,Unfurnished,Family,Contact Owner
LST101532,Mumbai,Sher E Punjab Society,Sher E Punjab Society,2,66500.0,919.0,Carpet Area,25.0,28.0,2.0,Semi-Furnished,Bachelors,Contact Agent
LST103231,Mumbai,Shrikrupa Society,Shrikrupa Society,2,6000.0,775.0,Carpet Area,16.0,38.0,2.0,Furnished,Family,Contact Owner
LST101723,Mumbai,Unknown,,2,43000.0,757.0,Carpet Area,4.0,17.0,2.0,Unfurnished,Family,Contact Owner
LST103601,Mumbai,Goregaon East,"Lodha Fiorenza, Goregaon East",3,142500.0,1203.0,Carpet Area,7.0,17.0,3.0,Unfurnished,Family,Contact Agent
LST100238,Mumbai,Mulund West,Mulund West,2,36000.0,690.0,Carpet Area,4.0,8.0,2.0,Semi-Furnished,Bachelors,Contact Agent
LST101406,Mumbai,Goregaon East,"Dheeraj Valley Tower, Goregaon East",2,50000.0,838.0,Carpet Area,18.0,28.0,2.0,Furnished,Bachelors,Contact Agent
LST104665,Mumbai,Model Town,Model Town,1,21000.0,440.0,Super Area,39.0,60.0,1.0,Semi-Furnished,Bachelors,Contact Owner
LST101506,Mumbai,Reay road east,Reay road east,1,26000.0,300.0,Super Area,10.0,37.0,1.0,Semi-Furnished,Bachelors,Contact Owner
LST102500,Mumbai,Worli,"World One Tower Mumbai, Worli",2,59500.0,634.0,Carpet Area,22.0,30.0,3.0,Unfurnished,Family,Contact Agent
LST101566,Mumbai,Bhayandar East,"Indraprastha CHS, Bhayandar East",3,67000.0,1080.0,Super Area,15.0,28.0,3.0,Furnished,Family,Contact Owner
LST104563,Mumbai,Andheri West,"TATA Housing Merwanjee Cama Park, Andheri West",2,50500.0,678.0,Carpet Area,12.0,22.0,2.0,Semi-Furnished,Family,Contact Owner
LST104538,Mumbai,Worli,Worli,2,43500.0,822.0,Super Area,2.0,8.0,2.0,Unfurnished,Bachelors,Contact Owner
LST101944,Mumbai,Amar Nagar,Amar Nagar,2,44500.0,712.0,Carpet Area,15.0,18.0,3.0,Unfurnished,Bachelors,Contact Owner
LST102722,Mumbai,Kalina,"Sundar Nagar, Kalina",1,37000.0,482.0,Carpet Area,2.0,3.0,1.0,Unfurnished,Bachelors,Contact Agent
LST100617,Mumbai,PMGP Colony,"Midas PMGP Mhada Colony, PMGP Colony",1,17000.0,320.0,Carpet Area,23.0,23.0,1.0,Unfurnished,Bachelors/Family,Contact Owner
LST102169,Mumbai,Pali Hill,"Pali Hill Apartment, Pali Hill",1,27000.0,436.0,Carpet Area,10.0,11.0,1.0,Unfurnished,Bachelors,Contact Owner
LST100107,Mumbai,Lokhandwala Complex,Lokhandwala Complex,4,310000.0,2600.0,Carpet Area,-1.0,20.0,4.0,Unfurnished,Family,Contact Agent
LST102445,Mumbai,Powai,"Lake Primrose, Powai",2,100500.0,840.0,Carpet Area,18.0,26.0,1.0,Unfurnished,Bachelors,Contact Owner
LST101331,Mumbai,Khar,Khar,3,302000.0,1851.0,Carpet Area,65.0,78.0,2.0,Furnished,Bachelors,Contact Agent
LST104193,Mumbai,Andheri East,"Runwal Elina, Andheri East",3,29500.0,1052.0,Carpet Area,2.0,10.0,2.0,Furnished,Bachelors/Family,Contact Agent
LST104796,Mumbai,Suram Park Society,Suram Park Society,1,15000.0,314.0,Carpet Area,14.0,17.0,1.0,Semi-Furnished,Bachelors,Contact Owner
LST100149,Mumbai,Khar,Khar,3,160000.0,1219.5,Carpet Area,9.0,10.0,3.0,Furnished,Bachelors,Contact Agent
LST102537,Mumbai,Santacruz East,Santacruz East,2,166500.0,964.0,Carpet Area,47.0,89.0,3.0,Semi-Furnished,Bachelors/Family,Contact Owner
LST100899,Mumbai,Bhandup West,"Samarth Garden, Bhandup West",2,30000.0,720.0,Carpet Area,5.0,14.0,2.0,Semi-Furnished,Bachelors/Family,Contact Agent
LST102480,Mumbai,Gomant Nagar,"Rustomjee Regency, Gomant Nagar",1,10000.0,311.0,Carpet Area,11.0,21.0,1.0,Unfurnished,Bachelors,Contact Agent
LST101349,Mumbai,Bhandup West,"Samarth Garden, Bhandup West",5,702500.0,4639.0,Super Area,26.0,42.0,6.0,Semi-Furnished,Bachelors/Family,Contact Agent
LST102988,Mumbai,Andheri West,"DLH Orchid, Andheri West",1,29000.0,438.0,Super Area,9.0,34.0,1.0,Furnished,Family,Contact Owner
LST102114,Mumbai,in Kandivali West,in Kandivali West,3,167500.0,1800.0,Carpet Area,2.0,11.0,4.0,Semi-Furnished,Bachelors,Contact Agent
LST103951,Mumbai,Parmanand Wadi,Parmanand Wadi,1,14000.0,450.0,Carpet Area,45.0,77.0,1.0,Unfurnished,Bachelors/Family,Contact Agent
LST100387,Mumbai,Yashodham,Yashodham,2,50000.0,900.0,Super Area,1.0,8.0,2.0,Furnished,Bachelors/Family,Contact Agent
LST104466,Mumbai,Andheri East,"Runwal Elina, Andheri East",3,74000.0,1123.0,Super Area,14.0,26.0,2.0,Semi-Furnished,Bachelors/Family,Contact Owner
LST101857,Mumbai,Gokuldham,"GSA Grandeur, Gokuldham",1,40000.0,698.0,Super Area,21.0,21.0,1.0,Semi-Furnished,Family,Contact Agent
LST100048,Mumbai,Chembur,Chembur,2,57000.0,800.0,Carpet Area,6.0,7.0,2.0,Unfurnished,Bachelors/Family,Contact Agent
LST102586,Mumbai,Mulund West,"Wadhwa Atmoshphere, Mulund West",3,244000.0,1167.0,Super Area,4.0,61.0,3.0,Semi-Furnished,Bachelors,Contact Agent
LST101057,Mumbai,Malabar Hill,Malabar Hill,5,650000.0,3330.0,Super Area,15.0,46.0,4.0,Furnished,Bachelors/Family,Contact Owner
LST103991,Mumbai,Chakala,Chakala,1,22000.0,501.0,Super Area,5.0,9.0,2.0,Furnished,Family,Contact Owner
LST103418,Mumbai,Mulund East,Mulund East,2,62500.0,665.0,Carpet Area,11.0,29.0,2.0,Furnished,Bachelors,Contact Owner
LST101908,Mumbai,Reay road east,Reay road east,3,136000.0,1093.0,Super Area,25.0,43.0,4.0,Semi-Furnished,Bachelors/Family,Contact Owner
LST100611,Mumbai,Andheri West,"Laksharia Tower, Andheri West",3,75000.0,1250.0,Carpet Area,15.0,20.0,3.0,Semi-Furnished,Family,Contact Agent
LST104681,Mumbai,Bhuleshwar,"Universal Neo Galaxy, Bhuleshwar",2,45000.0,1141.0,Super Area,19.0,27.0,2.0,Furnished,Family,Contact Agent
LST102565,Mumbai,LBS MARG,"NIRMAL LIFESTYLE, LBS MARG",2,101500.0,912.0,Carpet Area,10.0,23.0,2.0,Semi-Furnished,Family,Contact Agent
LST101108,Mumbai,Kandivali East,"Vishnu Shivam Tower, Thakur Village, Kandivali East",2,44000.0,729.0,Super Area,5.0,6.0,1.0,Semi-Furnished,Family,Contact Agent
LST102187,Mumbai,Agarkar Chowk,"Oberoi Prisma, Agarkar Chowk",4,596500.0,3088.0,Carpet Area,2.0,45.0,4.0,Semi-Furnished,Family,Contact Owner
LST101612,Mumbai,Mulund West,"Wadhwa Atmosphere, Mulund West",4,182000.0,1425.0,Super Area,19.0,37.0,5.0,Semi-Furnished,Family,Contact Owner
LST103677,Mumbai,in Santacruz East,in Santacruz East,3,84500.0,1009.0,Super Area,18.0,23.0,3.0,Semi-Furnished,Bachelors/Family,Contact Owner
LST102736,Mumbai,Wadala,"Llyod Estate, Wadala",3,68500.0,1053.0,Super Area,3.0,8.0,4.0,Semi-Furnished,Bachelors,Contact Agent
LST103688,Mumbai,Bhayandar East,Bhayandar East,2,65500.0,847.0,Super Area,13.0,16.0,3.0,Unfurnished,Family,Contact Owner
LST104891,Mumbai,Goregaon East,Goregaon East,5,325000.0,2649.0,Carpet Area,10.0,31.0,6.0,Semi-Furnished,Bachelors,Contact Owner
LST100280,Mumbai,Kandivali East,"Challenger Tower, Thakur Village, Kandivali East",3,50000.0,1325.0,Carpet Area,3.0,28.0,3.0,Furnished,Bachelors/Family,Contact Agent
LST100763,Mumbai,Andheri West,"Runwal Elegante, Andheri West",5,360000.0,1880.0,Carpet Area,11.0,27.0,4.0,Furnished,Family,Contact Agent
LST103625,Mumbai,Azad Nagar Colaba,Azad Nagar Colaba,1,31500.0,477.0,Carpet Area,12.0,45.0,2.0,Furnished,Bachelors/Family,Contact Owner
LST102288,Mumbai,Park Site Colony,"Mayfair Sonata Greens, Park Site Colony",1,22000.0,678.0,Super Area,11.0,15.0,1.0,Furnished,Bachelors/Family,Contact Agent
LST104803,Mumbai,Goregaon West,"Imperial Heights, Goregaon West",2,74000.0,818.0,Super Area,25.0,35.0,2.0,Furnished,Bachelors/Family,Contact Owner
LST100058,Mumbai,Ghatkopar,"Ambika Siddhi Apartment, Ghatkopar",1,28000.0,550.0,Carpet Area,3.0,4.0,2.0,Semi-Furnished,Bachelors,Contact Owner
LST101361,Mumbai,Powai,"Lake Primrose, Powai",3,178500.0,1018.0,Super Area,-1.0,20.0,3.0,Semi-Furnished,Family,Contact Agent
LST101192,Mumbai,Nalasopara,"Kailash Tower, Nalasopara",1,44000.0,427.0,Super Area,5.0,19.0,1.0,Furnished,Bachelors,Contact Agent
LST103410,Mumbai,Prabhadevi,"Paschim Apartments, Prabhadevi",1,50500.0,439.0,Super Area,24.0,60.0,1.0,Semi-Furnished,Bachelors,Contact Agent
LST101398,Mumbai,Bhandup,Bhandup,2,61500.0,753.0,Super Area,45.0,60.0,3.0,Semi-Furnished,Bachelors,Contact Agent
LST102364,Mumbai,Prabhadevi,"Utkarsh CHS, Prabhadevi",2,54000.0,900.0,Super Area,11.0,12.0,1.0,Semi-Furnished,Family,Contact Agent
LST103852,Mumbai,Kanjurmarg West,"Tulip at Runwal Forests, Kanjurmarg West",3,199000.0,1327.0,Super Area,34.0,40.0,2.0,Furnished,Bachelors/Family,Contact Owner
LST100603,Mumbai,Powai,Powai,2,95000.0,850.0,Carpet Area,15.0,25.0,2.0,Semi-Furnished,Bachelors/Family,Contact Agent
LST104884,Mumbai,Anand niwas,Anand niwas,3,99500.0,937.0,Carpet Area,8.0,28.0,3.0,Unfurnished,Family,Contact Agent
LST103986,Mumbai,Goregaon East,"Omkar Ananta, Goregaon East",3,343000.0,1548.0,Super Area,20.0,28.0,4.0,Furnished,Bachelors,Contact Agent
LST103205,Mumbai,Sindhi Society Chembur,"Chembur Heights, Sindhi Society Chembur",1,28000.0,500.0,Super Area,8.0,10.0,2.0,Furnished,Bachelors/Family,Contact Agent
LST104842,Mumbai,Chembur,"Sabari Palm View, Chembur",2,38500.0,616.0,Super Area,9.0,12.0,1.0,Furnished,Bachelors,Contact Agent
LST100917,Mumbai,Kandivali East,"Thakur Jewel, Thakur Village, Kandivali East",3,75000.0,1380.0,Carpet Area,9.0,22.0,3.0,Semi-Furnished,Bachelors/Family,Contact Agent
LST101400,Mumbai,Kandivali East,"Thakur Village, Kandivali East",1,51000.0,496.0,Super Area,7.0,21.0,1.0,Semi-Furnished,Bachelors/Family,Contact Agent
LST101500,Mumbai,Irani Wada,"Sethia Kalpavruksh Heights, Irani Wada",2,78000.0,906.0,Super Area,9.0,10.0,2.0,Semi-Furnished,Bachelors/Family,Contact Agent
LST102285,Mumbai,Goregaon East,"Lodha Fiorenza, Goregaon East",4,107000.0,1512.0,Carpet Area,14.0,18.0,4.0,Semi-Furnished,Bachelors,Contact Agent
LST103472,Mumbai,Bhandup East,"White Lily Apartment, Bhandup East",1,15500.0,420.0,Super Area,10.0,14.0,1.0,Unfurnished,Bachelors/Family,Contact Agent
LST102242,Mumbai,Yashodham,Yashodham,4,198500.0,1874.0,Carpet Area,16.0,27.0,4.0,Unfurnished,Bachelors/Family,Contact Owner
LST104762,Mumbai,Thane-Kalyan-Dombivli,Thane-Kalyan-Dombivli,1,25500.0,603.0,Carpet Area,25.0,43.0,1.0,Unfurnished,Bachelors,Contact Agent
LST102806,Mumbai,Gokuldham,Gokuldham,2,25500.0,400.0,Carpet Area,4.0,4.0,3.0,Unfurnished,Bachelors,Contact Agent
LST101451,Mumbai,Bhakti Park,"Ajmera Treon, Bhakti Park",2,81000.0,673.0,Carpet Area,6.0,17.0,1.0,Furnished,Bachelors,Contact Owner
LST100170,Mumbai,Chikuwadi,Chikuwadi,3,55000.0,900.0,Carpet Area,-1.0,10.0,2.0,Semi-Furnished,Family,Contact Agent
LST104486,Mumbai,Parel,"Vikas Finalay Apartments, Parel",1,23000.0,305.0,Super Area,18.0,24.0,2.0,Furnished,Bachelors/Family,Contact Agent
LST104826,Mumbai,Lower Parel,Lower Parel,5,413500.0,3000.0,Carpet Area,14.0,40.0,4.0,Unfurnished,Bachelors/Family,Contact Agent
LST104036,Mumbai,Kandivali East,"Dheeraj Hill View Tower, Thakur Village, Kandivali East",5,426000.0,1952.0,Super Area,36.0,84.0,5.0,Furnished,Bachelors/Family,Contact Owner
LST102372,Mumbai,Malad East,"Raheja Heights, Malad East",3,154000.0,15000.0,Carpet Area,2.0,27.0,2.0,Furnished,Family,Contact Agent
LST101557,Mumbai,Chembur East,"Sufalam CHS, Chembur East",4,213500.0,2048.0,Carpet Area,3.0,17.0,5.0,Semi-Furnished,Bachelors,Contact Owner
LST103171,Mumbai,Kandivali West,"Gaurav Heights, Kandivali West",2,71000.0,672.0,Carpet Area,8.0,27.0,3.0,Unfurnished,Bachelors,Contact Agent
LST101443,Mumbai,Mira Road,"DB Ozone, Mira Road",2,49000.0,596.0,Super Area,34.0,40.0,2.0,Furnished,Bachelors/Family,Contact Owner
LST100566,Mumbai,Andheri West,Andheri West,2,65000.0,935.0,Super Area,2.0,7.0,2.0,Semi-Furnished,Bachelors/Family,Contact Owner
LST100011,Mumbai,Sion,Sion,1,32000.0,500.0,Carpet Area,1.0,4.0,2.0,Furnished,Bachelors,Contact Agent
LST103083,Mumbai,Hiranandani Gardens,"Hiranandani Castle Rock, Hiranandani Gardens",1,18000.0,683.0,Super Area,-1.0,25.0,2.0,Unfurnished,Bachelors,Contact Agent
LST100820,Mumbai,Bandra West,Bandra West,4,400000.0,2500.0,Carpet Area,5.0,12.0,4.0,Furnished,Bachelors/Family,Contact Agent
LST102750,Mumbai,Parel,"Lodha Venezia, Parel",3,67000.0,1192.0,Super Area,3.0,21.0,3.0,Semi-Furnished,Family,Contact Owner
LST100947,Mumbai,Bandra West,Bandra West,2,110000.0,875.0,Carpet Area,12.0,14.0,2.0,Unfurnished,Bachelors/Family,Contact Agent
LST101020,Mumbai,Santacruz West,"Ekta Trinity, Santacruz West",2,47500.0,753.0,Super Area,1.0,2.0,2.0,Furnished,Bachelors/Family,Contact Agent
LST102057,Mumbai,Bandra Kurla Complex,"Dheeraj Insignia Apartment, Bandra Kurla Complex",1,27500.0,346.0,Carpet Area,16.0,23.0,1.0,Furnished,Bachelors,Contact Owner
LST100312,Mumbai,Chembur,Chembur,1,40000.0,420.0,Carpet Area,5.0,7.0,2.0,Semi-Furnished,Family,Contact Agent
LST104108,Mumbai,Bandra West,"Queens Palace, Bandra West",1,119000.0,641.0,Super Area,18.0,33.0,2.0,Semi-Furnished,Bachelors/Family,Contact Owner
LST100365,Mumbai,Worli,"Lodha Marquise, Worli",4,230000.0,1528.0,Carpet Area,65.0,76.0,4.0,Unfurnished,Family,Contact Agent
LST104545,Mumbai,Datta Pada,Datta Pada,1,18000.0,683.0,Carpet Area,40.0,50.0,1.0,Furnished,Bachelors,Contact Owner
LST101846,Mumbai,Sindhi Society Chembur,Sindhi Society Chembur,1,45500.0,454.0,Super Area,25.0,28.0,1.0,Semi-Furnished,Family,Contact Agent
LST104902,Mumbai,Powai,Powai,3,62000.0,988.0,Carpet Area,18.0,41.0,4.0,Semi-Furnished,Family,Contact Owner
LST104119,Mumbai,Sakinaka Junction,"Akruti Orchid Park, Sakinaka Junction",5,6520000.0,2958.0,Carpet Area,15.0,23.0,4.0,Unfurnished,Bachelors,Contact Owner
LST101648,Mumbai,Mazgaon,"Juveria Apartment, Mazgaon",1,22500.0,238.0,Super Area,13.0,18.0,1.0,Semi-Furnished,Family,Contact Agent
LST104391,Mumbai,Bandra Kurla Complex,"Insignia, Bandra Kurla Complex",2,54500.0,656.0,Carpet Area,2.0,5.0,2.0,Unfurnished,Bachelors,Contact Owner
LST104187,Mumbai,Andheri East,"Greenfields CHS, Andheri East",3,137500.0,1388.0,Carpet Area,65.0,77.0,4.0,Semi-Furnished,Family,Contact Agent
LST104459,Mumbai,Mazgaon,"Juveria Apartment, Mazgaon",1,21500.0,335.0,Carpet Area,8.0,12.0,1.0,Furnished,Bachelors/Family,Contact Agent
LST103589,Mumbai,Matunga East,Matunga East,4,160500.0,2137.0,Super Area,17.0,17.0,4.0,Semi-Furnished,Family,Contact Owner
LST101762,Mumbai,Worli,"Lodha Marquise, Worli",3,190000.0,1637.0,Super Area,12.0,68.0,2.0,Semi-Furnished,Family,Contact Agent
LST100168,Mumbai,Suram Park Society,Suram Park Society,1,7500.0,500.0,Carpet Area,2.0,2.0,1.0,Semi-Furnished,Bachelors,Contact Owner
LST104383,Mumbai,Worli,"World One Tower Mumbai, Worli",1,16000.0,598.0,Carpet Area,9.0,55.0,1.0,Unfurnished,Family,Contact Agent
LST102412,Mumbai,Tilak Nagar - Harbour Line,Tilak Nagar - Harbour Line,2,68000.0,820.0,Carpet Area,5.0,19.0,2.0,Semi-Furnished,Family,Contact Owner
LST900006,Mumbai,Powai,"Panch Complex, Powai",2,47000.0,907.0,Super Area,18.0,25.0,2.0,Unfurnished,Bachelors/Family,Contact Agent
LST103319,Mumbai,Magathane,"Vasant Marvel, Magathane",2,71500.0,766.0,Super Area,5.0,23.0,2.0,Unfurnished,Family,Contact Owner
LST101369,Mumbai,Parel,"Ruparel Ariana, Parel",1,15500.0,520.0,Super Area,16.0,24.0,1.0,Semi-Furnished,Family,Contact Owner
LST104178,Mumbai,Hiranandani Gardens,"Hiranandani Castle Rock, Hiranandani Gardens",2,73000.0,707.0,Super Area,1.0,5.0,3.0,Furnished,Family,Contact Agent
LST103034,Mumbai,Morya Nagar,"Shreenath nagar, Morya Nagar",4,246500.0,2204.0,Super Area,5.0,23.0,4.0,Semi-Furnished,Family,Contact Agent
LST100580,Mumbai,Bhandup West,Bhandup West,1,33000.0,640.0,Super Area,11.0,23.0,2.0,Furnished,Bachelors/Family,Contact Owner
LST101895,Mumbai,Bandra West,"Siddhivinayak, Bandra West",2,103000.0,817.0,Carpet Area,18.0,21.0,2.0,Semi-Furnished,Bachelors/Family,Contact Owner
LST104899,Mumbai,Bhakti Park,"Bhakti Park, Bhakti Park",3,241000.0,2001.0,Super Area,12.0,19.0,2.0,Furnished,Family,Contact Agent
LST102663,Mumbai,Bhandup East,"White Lily Apartment, Bhandup East",3,117500.0,967.0,Carpet Area,6.0,18.0,3.0,Furnished,Bachelors,Contact Owner
LST100883,Mumbai,Unknown,,1,20000.0,265.0,Super Area,6.0,7.0,1.0,Unfurnished,Bachelors/Family,Contact Owner
LST104140,Mumbai,Kandivali East,"Vasant Sagar, Thakur Village, Kandivali East",3,196000.0,1181.0,Super Area,41.0,41.0,3.0,Semi-Furnished,Bachelors,Contact Owner
LST101777,Mumbai,Vikhroli West,Vikhroli West,3,117500.0,1835.0,Super Area,2.0,17.0,4.0,Unfurnished,Family,Contact Agent
LST103119,Mumbai,Mira Road East,"Kanungos Garden City, Mira Road East",2,33000.0,600.0,Super Area,3.0,7.0,2.0,Furnished,Bachelors,Contact Owner
LST102150,Mumbai,Bandra East,Bandra East,2,57000.0,711.0,Super Area,9.0,24.0,1.0,Semi-Furnished,Family,Contact Owner
LST103332,Mumbai,Chandivali,"Nahar Jonquille and Jamaica, Chandivali",2,20500.0,963.0,Super Area,9.0,15.0,2.0,Semi-Furnished,Bachelors,Contact Owner
LST104518,Mumbai,Adarsh Nagar,"Auris Serenity, Adarsh Nagar",3,229000.0,1923.0,Super Area,15.0,24.0,3.0,Semi-Furnished,Family,Contact Owner
LST100172,Mumbai,Mira Road,"DB Ozone, Mira Road",2,17000.0,600.0,Carpet Area,7.0,23.0,2.0,Unfurnished,Bachelors,Contact Owner
LST101022,Mumbai,JVLR-Jogeshwari Vikhroli Link Road,"Oberoi Splendor, JVLR-Jogeshwari Vikhroli Link Road",3,181000.0,2007.0,Carpet Area,1.0,8.0,2.0,Furnished,Family,Contact Owner
LST102755,Mumbai,Parel,"Ashok tower, Parel",2,57000.0,833.0,Carpet Area,18.0,22.0,2.0,Semi-Furnished,Bachelors,Contact Owner
LST104512,Mumbai,JVLR-Jogeshwari Vikhroli Link Road,"Oberoi Splendor, JVLR-Jogeshwari Vikhroli Link Road",1,26000.0,539.0,Super Area,34.0,46.0,2.0,Unfurnished,Family,Contact Owner
LST103159,Mumbai,Pirojshah Nagar,"Godrej The Trees, Pirojshah Nagar",2,36500.0,557.0,Super Area,20.0,32.0,2.0,Semi-Furnished,Bachelors/Family,Contact Owner
LST103096,Mumbai,Chembur,"Kyraa Ariso Apartment, Chembur",1,25000.0,345.0,Carpet Area,3.0,9.0,1.0,Furnished,Bachelors,Contact Agent
LST103495,Mumbai,LOWER PAREL,"NEUMEC ELEGANCE, LOWER PAREL",1,39000.0,533.0,Super Area,5.0,16.0,1.0,Semi-Furnished,Bachelors,Contact Owner
LST100942,Mumbai,Chembur East,"Alpine Apartments, Chembur East",2,45000.0,722.0,Carpet Area,4.0,7.0,2.0,Unfurnished,Bachelors/Family,Contact Agent
LST104020,Mumbai,Nandiadwala Colony,"Midas Enclave CHS , Nandiadwala Colony",1,27000.0,382.0,Super Area,12.0,13.0,1.0,Furnished,Bachelors/Family,Contact Owner
LST101096,Mumbai,Gandhi Market,Gandhi Market,1,35500.0,499.0,Carpet Area,12.0,68.0,1.0,Unfurnished,Bachelors/Family,Contact Owner
LST103534,Mumbai,Kandivali East,"Evershine Millenium Paradise, Thakur Village, Kandivali East",2,62000.0,753.0,Carpet Area,0.0,3.0,2.0,Semi-Furnished,Bachelors/Family,Contact Agent
LST103738,Mumbai,Kalina,Kalina,1,10000.0,433.0,Super Area,25.0,37.0,1.0,Furnished,Bachelors,Contact Owner
LST104652,Mumbai,Mazgaon,Mazgaon,4,288000.0,2354.0,Carpet Area,13.0,17.0,4.0,Unfurnished,Bachelors/Family,Contact Agent
LST103716,Mumbai,LBS Marg,"Nirmal Lifestyle, LBS Marg",2,92500.0,699.0,Super Area,10.0,11.0,3.0,Furnished,Bachelors,Contact Owner
LST104529,Mumbai,Kandivali West,"Acme Avenue, Kandivali West",2,95500.0,842.0,Carpet Area,3.0,36.0,2.0,Semi-Furnished,Bachelors/Family,Contact Agent
LST101118,Mumbai,in Byculla,in Byculla,1,20500.0,464.0,Super Area,3.0,10.0,1.0,Semi-Furnished,Bachelors,Contact Agent
LST100880,Mumbai,Mira Road East,"SK Imperial Heights, Mira Road East",2,20000.0,630.0,Carpet Area,4.0,22.0,2.0,Unfurnished,Family,Contact Agent
LST101337,Mumbai,in Santacruz East,in Santacruz East,3,148000.0,1179.0,Super Area,1.0,9.0,4.0,Semi-Furnished,Bachelors,Contact Owner
LST103939,Mumbai,Chakala MIDC,"Lodha Eternis, Chakala MIDC",1,18000.0,299.0,Super Area,14.0,15.0,2.0,Semi-Furnished,Family,Contact Agent
LST102760,Mumbai,Lokhandwala Complex,"Kenmore Apartment, Lokhandwala Complex",1,5000.0,172.0,Carpet Area,9.0,16.0,1.0,Unfurnished,Bachelors,Contact Agent
LST101286,Mumbai,Bandra Kurla Complex,"Insignia, Bandra Kurla Complex",2,87500.0,859.0,Carpet Area,18.0,20.0,2.0,Furnished,Family,Contact Owner
LST100559,Mumbai,Film City Road,"Omkar Ananta, Film City Road",2,40000.0,753.0,Carpet Area,11.0,31.0,2.0,Unfurnished,Bachelors/Family,Contact Agent
LST102556,Mumbai,Borivali East,"Ekta Meadows, Borivali East",3,96000.0,1039.0,Carpet Area,-1.0,22.0,3.0,Semi-Furnished,Bachelors/Family,Contact Agent
LST104852,Mumbai,Lokhandwala Twp,"Sapphire Heights, Lokhandwala Twp",2,75000.0,859.0,Super Area,1.0,3.0,3.0,Furnished,Bachelors/Family,Contact Owner
LST102959,Mumbai,Dadar TT Circle,"Island City Centre, Dadar TT Circle",2,31000.0,639.0,Super Area,12.0,45.0,2.0,Semi-Furnished,Family,Contact Owner
LST102193,Mumbai,Pant Nagar,Pant Nagar,1,18500.0,514.0,Carpet Area,19.0,26.0,2.0,Unfurnished,Bachelors,Contact Agent
LST101388,Mumbai,Powai,"L&T Emerald Isle, Powai",4,72000.0,1264.0,Carpet Area,7.0,30.0,5.0,Unfurnished,Bachelors/Family,Contact Agent
LST100817,Mumbai,Pali Hill,Pali Hill,2,110000.0,850.0,Carpet Area,5.0,13.0,2.0,Semi-Furnished,Bachelors/Family,Contact Agent
LST100626,Mumbai,Morya Nagar,"Shreenath nagar, Morya Nagar",2,8000.0,623.0,Carpet Area,6.0,7.0,2.0,Unfurnished,Family,Contact Agent
LST104375,Mumbai,Sion East,Sion East,1,16000.0,519.0,Carpet Area,16.0,21.0,1.0,Semi-Furnished,Bachelors/Family,Contact Owner
LST102205,Mumbai,Shilphata,Shilphata,2,106000.0,829.0,Super Area,76.0,78.0,2.0,Furnished,Bachelors,Contact Agent
LST103133,Mumbai,Kandivali East,"Aspire, Thakur Village, Kandivali East",2,27500.0,753.0,Carpet Area,7.0,19.0,1.0,Unfurnished,Bachelors,Contact Agent
LST102731,Mumbai,Pant Nagar,Pant Nagar,1,51000.0,419.0,Carpet Area,1.0,2.0,1.0,Furnished,Bachelors/Family,Contact Agent
LST102102,Mumbai,Chandivali,"Sundew CHS, Chandivali",3,73500.0,996.0,Super Area,25.0,50.0,3.0,Semi-Furnished,Bachelors/Family,Contact Owner
LST101575,Mumbai,Lokhandwala Twp,"Sapphire Heights, Lokhandwala Twp",1,13500.0,450.0,Carpet Area,16.0,38.0,2.0,Semi-Furnished,Family,Contact Agent
LST100279,Mumbai,Chembur East,Chembur East,1,30000.0,355.0,Carpet Area,2.0,7.0,1.0,Unfurnished,Bachelors/Family,Contact Owner
LST103007,Mumbai,Park Site Colony,"Mayfair Sonata Greens, Park Site Colony",2,81000.0,753.0,Super Area,19.0,22.0,2.0,Unfurnished,Family,Contact Owner
LST101124,Mumbai,Sakinaka Junction,"Akruti Orchid Park, Sakinaka Junction",3,107000.0,1167.0,Super Area,25.0,41.0,4.0,Unfurnished,Bachelors,Contact Agent
LST103633,Mumbai,Union Park,Union Park,1,34000.0,438.0,Carpet Area,11.0,22.0,1.0,Furnished,Family,Contact Owner
LST101320,Mumbai,Mindspace,"Evershine Grandeur, Mindspace",2,49000.0,884.0,Built Up Area,9.0,11.0,2.0,Furnished,Family,Contact Owner
LST103411,Mumbai,Worli Hill,"Lodha Kiara, Worli Hill",2,36000.0,538.0,Super Area,2.0,13.0,2.0,Semi-Furnished,Bachelors,Contact Owner
LST101823,Mumbai,Worli,"Lodha The Park, Worli",3,237000.0,1053.0,Super Area,9.0,10.0,3.0,Semi-Furnished,Bachelors,Contact Agent
LST100905,Mumbai,Thakur Complex,Thakur Complex,2,35000.0,650.0,Carpet Area,5.0,6.0,2.0,Semi-Furnished,Family,Contact Agent
LST102453,Mumbai,Kandivali West,"Sakhi, Kandivali West",3,155500.0,1544.0,Super Area,4.0,12.0,3.0,Furnished,Bachelors,Contact Agent
LST104452,Mumbai,Chakala Cigarette Factory,Chakala Cigarette Factory,2,53500.0,634.0,Carpet Area,2.0,6.0,2.0,Unfurnished,Family,Contact Owner
LST100535,Mumbai,Chandivali,"Nahar Amrit Shakti powai, Chandivali",2,57000.0,800.0,Carpet Area,5.0,20.0,2.0,Semi-Furnished,Bachelors/Family,Contact Agent
LST100392,Mumbai,Unknown,,1,27000.0,550.0,Super Area,4.0,15.0,2.0,Semi-Furnished,Bachelors/Family,Contact Owner
LST102805,Mumbai,Chembur,Chembur,3,99000.0,1454.0,Carpet Area,3.0,8.0,3.0,Unfurnished,Family,Contact Agent
LST101788,Mumbai,Chembur East,"117 Residency, Chembur East",2,91500.0,881.0,Carpet Area,10.0,14.0,2.0,Semi-Furnished,Bachelors,Contact Owner
LST102553,Mumbai,Hindu Colony,Hindu Colony,2,43000.0,763.0,Carpet Area,4.0,13.0,2.0,Unfurnished,Bachelors/Family,Contact Owner
LST101983,Mumbai,Kashimira,"Man Opus, Kashimira",2,77000.0,716.0,Super Area,9.0,14.0,1.0,Furnished,Bachelors,Contact Agent
LST104720,Mumbai,Altamount Road,Altamount Road,1,40000.0,575.0,Super Area,15.0,23.0,1.0,Unfurnished,Family,Contact Agent
LST103977,Mumbai,Anand niwas,Anand niwas,1,75000.0,542.0,Super Area,2.0,2.0,2.0,Unfurnished,Family,Contact Owner
LST102831,Mumbai,Vikhroli,Vikhroli,2,47500.0,753.0,Super Area,18.0,26.0,2.0,Unfurnished,Bachelors/Family,Contact Agent
LST100692,Mumbai,Union Park,Union Park,1,85000.0,695.0,Carpet Area,2.0,7.0,1.0,Furnished,Bachelors/Family,Contact Agent
LST103477,Mumbai,Film City Road,Film City Road,2,115000.0,753.0,Super Area,17.0,20.0,1.0,Unfurnished,Bachelors/Family,Contact Agent
LST100569,Mumbai,Dadar East,"Island City Centre, Dadar East",4,280000.0,2500.0,Carpet Area,24.0,55.0,6.0,Furnished,Bachelors/Family,Contact Agent
LST100282,Mumbai,Bhuleshwar,"Universal Neo Galaxy, Bhuleshwar",1,42000.0,600.0,Super Area,5.0,24.0,1.0,Semi-Furnished,Bachelors/Family,Contact Owner
LST104575,Mumbai,Unknown,Navi Mumbai-Khargar-Panvel,1,22500.0,352.0,Carpet Area,9.0,17.0,2.0,Semi-Furnished,Bachelors/Family,Contact Agent
LST102848,Mumbai,Pali Hill,Pali Hill,1,48500.0,488.0,Super Area,10.0,21.0,2.0,Furnished,Bachelors,Contact Agent
LST101623,Mumbai,Malad West,"Auris Serenity, Malad West",3,55500.0,1187.0,Super Area,14.0,68.0,4.0,Semi-Furnished,Family,Contact Owner
LST104230,Mumbai,Agarkar Chowk,"Oberoi Prisma, Agarkar Chowk",2,22500.0,760.0,Carpet Area,18.0,24.0,3.0,Furnished,Family,Contact Owner
LST102186,Mumbai,Bander Pakhadi,"Orchid Suburbia, Bander Pakhadi",2,27500.0,538.0,Carpet Area,6.0,45.0,1.0,Unfurnished,Bachelors,Contact Owner
LST103032,Mumbai,Santacruz East,Santacruz East,1,22000.0,394.0,Carpet Area,9.0,30.0,2.0,Furnished,Family,Contact Agent
LST101065,Mumbai,Chembur,"Godrej Serenity Mumbai, Chembur",2,53500.0,828.0,Carpet Area,8.0,10.0,2.0,Semi-Furnished,Bachelors/Family,Contact Owner
LST101824,Mumbai,Marol,"Blue Monarch, Marol",3,174000.0,1613.0,Super Area,13.0,22.0,4.0,Unfurnished,Bachelors,Contact Owner
LST102694,Mumbai,Worli,Worli,2,11000.0,683.0,Carpet Area,20.0,41.0,2.0,Furnished,Bachelors,Contact Owner
LST104673,Mumbai,Balkrishna Dadu Karade Chowk,"Celestia Spaces, Balkrishna Dadu Karade Chowk",1,29500.0,652.0,Carpet Area,-1.0,21.0,2.0,Unfurnished,Family,Contact Owner
LST102502,Mumbai,Malabar Hill,Malabar Hill,3,272500.0,1662.0,Super Area,30.0,37.0,4.0,Furnished,Bachelors,Contact Owner
LST101940,Mumbai,Shri Swami Samarth Nagar,Shri Swami Samarth Nagar,1,27500.0,655.0,Super Area,4.0,58.0,2.0,Furnished,Bachelors,Contact Agent
LST101374,Mumbai,Bhayandar East,Bhayandar East,3,100000.0,1065.0,Carpet Area,19.0,20.0,3.0,Semi-Furnished,Bachelors,Contact Owner
LST104074,Mumbai,Dahisar East,Dahisar East,3,93500.0,1219.5,Super Area,49.0,55.0,3.0,Unfurnished,Bachelors/Family,Contact Agent
LST103604,Mumbai,Vikhroli West,Vikhroli West,3,103500.0,1219.5,Carpet Area,11.0,27.0,4.0,Semi-Furnished,Bachelors,Contact Agent
LST100829,Mumbai,Goregaon East,"Raheja Ridgewood, Goregaon East",3,78000.0,1073.0,Carpet Area,8.0,20.0,3.0,Semi-Furnished,Bachelors/Family,Contact Agent
LST100077,Mumbai,Lower Parel,"India Bulls Sky Forest, Lower Parel",3,300000.0,2500.0,Carpet Area,47.0,89.0,3.0,Semi-Furnished,Bachelors,Contact Agent
LST100126,Mumbai,Lokhandwala Twp,"Anita, Lokhandwala Twp",1,18000.0,360.0,Carpet Area,3.0,7.0,1.0,Furnished,Bachelors/Family,Contact Agent
LST101424,Mumbai,Gokuldham,"Valentine Apartments, Gokuldham",3,145000.0,1004.0,Super Area,29.0,35.0,3.0,Furnished,Family,Contact Owner
LST103266,Mumbai,Mahajan Wadi,Mahajan Wadi,2,162000.0,1038.0,Carpet Area,3.0,13.0,3.0,Unfurnished,Family,Contact Owner
LST103844,Mumbai,Reay road east,Reay road east,2,62000.0,800.0,Carpet Area,40.0,50.0,2.0,Semi-Furnished,Bachelors,Contact Owner
LST104184,Mumbai,Hiranandani Gardens,Hiranandani Gardens,1,36500.0,547.0,Carpet Area,24.0,55.0,1.0,Unfurnished,Bachelors/Family,Contact Agent
LST100973,Mumbai,Beverly Park,"Prathamesh Heritage, Beverly Park",1,33500.0,425.0,Carpet Area,18.0,19.0,1.0,Unfurnished,Family,Contact Owner
LST104133,Mumbai,Sunder Nagar,"Dheeraj Kiran CHS Walad West, Sunder Nagar",2,87000.0,687.0,Super Area,10.0,13.0,3.0,Semi-Furnished,Family,Contact Agent
LST102133,Mumbai,Antop Hill,Antop Hill,2,78000.0,704.0,Carpet Area,12.0,25.0,2.0,Furnished,Bachelors,Contact Agent
LST104735,Mumbai,Dadar East,"Bombay Dyeing Two ICC, Dadar East",4,88500.0,1767.0,Carpet Area,13.0,23.0,4.0,Semi-Furnished,Bachelors/Family,Contact Agent
LST102758,Mumbai,Worli,"lokhandwala residency, Worli",3,86000.0,974.0,Super Area,4.0,20.0,3.0,Unfurnished,Family,Contact Owner
LST103796,Mumbai,Chembur East,"Sabari Ashville, Chembur East",1,16000.0,379.0,Carpet Area,2.0,22.0,1.0,Furnished,Bachelors/Family,Contact Agent
LST101838,Mumbai,Chembur,Chembur,2,18500.0,557.0,Super Area,14.0,14.0,1.0,Furnished,Bachelors/Family,Contact Owner
LST100283,Mumbai,Unknown,Navi Mumbai-Khargar-Panvel,2,19500.0,905.0,Carpet Area,16.0,32.0,2.0,Semi-Furnished,Bachelors/Family,Contact Owner
LST102650,Mumbai,Sion East,"Paras Building, Sion East",2,106500.0,1234.0,Super Area,2.0,3.0,3.0,Unfurnished,Bachelors/Family,Contact Agent
LST100195,Mumbai,Central Area,Central Area,2,60000.0,630.0,Carpet Area,11.0,22.0,2.0,Unfurnished,Bachelors,Contact Agent
LST101667,Mumbai,Mulund Railway Station,Mulund Railway Station,3,65500.0,877.0,Super Area,2.0,22.0,2.0,Semi-Furnished,Bachelors,Contact Agent
LST104769,Mumbai,Bhandup Village,Bhandup Village,3,287500.0,1527.0,Super Area,43.0,78.0,4.0,Semi-Furnished,Bachelors,Contact Agent
LST104881,Mumbai,Mount Mary,Mount Mary,1,18500.0,464.0,Carpet Area,7.0,10.0,1.0,Unfurnished,Bachelors/Family,Contact Owner
LST104984,Mumbai,D.N. Nagar,D.N. Nagar,3,143000.0,1463.0,Super Area,10.0,22.0,3.0,Furnished,Bachelors/Family,Contact Agent
LST900000,Mumbai,Bandra Kurla Complex,"Insignia, Bandra Kurla Complex",2,51500.0,755.0,Carpet Area,20.0,31.0,2.0,Furnished,Bachelors,Contact Owner
LST100006,Mumbai,parivar safalya chs,parivar safalya chs,2,160000.0,800.0,Carpet Area,14.0,14.0,2.0,Unfurnished,Bachelors/Family,Contact Owner
LST103617,Mumbai,Morya Nagar,"Shreenath nagar, Morya Nagar",3,79000.0,1219.5,Super Area,8.0,13.0,4.0,Unfurnished,Bachelors,Contact Agent
LST103468,Mumbai,Waterfield Road,"Benchmark Solus, Waterfield Road",1,52500.0,566.0,Carpet Area,1.0,22.0,1.0,Unfurnished,Family,Contact Agent
LST102428,Mumbai,Yari Road,Yari Road,1,43000.0,518.0,Super Area,35.0,55.0,2.0,Semi-Furnished,Bachelors,Contact Owner
LST102741,Mumbai,Parel,"Vikas Finalay Apartments, Parel",2,58000.0,858.0,Carpet Area,11.0,22.0,2.0,Unfurnished,Bachelors,Contact Agent
LST102477,Mumbai,Mulund West,"Nem Vihar, Mulund West",2,13500.0,611.0,Carpet Area,25.0,41.0,2.0,Unfurnished,Family,Contact Owner
LST100892,Mumbai,Chakala,Chakala,2,45000.0,785.0,Carpet Area,2.0,7.0,2.0,Unfurnished,Bachelors,Contact Agent
LST100289,Mumbai,Bhandup West,"Keshav Srishti, Bhandup West",2,36000.0,650.0,Carpet Area,10.0,12.0,2.0,Semi-Furnished,Bachelors/Family,Contact Agent
LST100991,Mumbai,Kandivali East,"Techno Park I, Kandivali East",1,37500.0,393.0,Carpet Area,7.0,9.0,1.0,Semi-Furnished,Bachelors/Family,Contact Agent
LST101216,Mumbai,Borivali East,"Ambrosia Apartment, Borivali East",2,52000.0,824.0,Carpet Area,20.0,37.0,2.0,Furnished,Bachelors/Family,Contact Agent
LST103033,Mumbai,Lokhandwala Twp,"Godrej Tranquil, Lokhandwala Twp",3,162500.0,1234.0,Super Area,28.0,30.0,2.0,Semi-Furnished,Bachelors,Contact Owner
LST104478,Mumbai,Poisar,Poisar,2,55000.0,793.0,Carpet Area,1.0,22.0,2.0,Furnished,Bachelors,Contact Owner
LST103662,Mumbai,Kurla West,Kurla West,3,128000.0,1887.0,Carpet Area,12.0,31.0,2.0,Semi-Furnished,Bachelors/Family,Contact Agent
LST101882,Mumbai,Mira Road,"Gaurav Excellency, Mira Road",2,20000.0,1036.0,Super Area,7.0,21.0,3.0,Semi-Furnished,Bachelors/Family,Contact Owner
LST104814,Mumbai,Mount Mary,"Mount Marry, Mount Mary",1,42500.0,587.0,Carpet Area,8.0,17.0,1.0,Unfurnished,Family,Contact Owner
LST103384,Mumbai,Sakinaka Junction,"Dsk Madhuban, Sakinaka Junction",1,23500.0,542.0,Carpet Area,5.0,8.0,1.0,Semi-Furnished,Family,Contact Agent
LST101174,Mumbai,Virar,Virar,2,99500.0,497.0,Carpet Area,17.0,29.0,2.0,Furnished,Bachelors/Family,Contact Agent
LST100777,Mumbai,Kalina,"Sundar Nagar, Kalina",2,66000.0,750.0,Carpet Area,2.0,8.0,2.0,Unfurnished,Family,Contact Agent
LST101008,Mumbai,Lokhandwala Complex,"Magnum Tower CHS, Lokhandwala Complex",3,58500.0,1609.0,Super Area,14.0,24.0,3.0,Furnished,Bachelors,Contact Owner
LST102640,Mumbai,Andheri West,"Flora Heights, Andheri West",1,97500.0,932.0,Super Area,5.0,12.0,1.0,Semi-Furnished,Bachelors/Family,Contact Owner
LST102451,Mumbai,Bandra East,"Rustomjee Seasons, Bandra East",3,71500.0,1391.0,Carpet Area,16.0,20.0,3.0,Furnished,Bachelors,Contact Owner
LST104813,Mumbai,Kandivali East,"Godrej Tranquil, Kandivali East",1,18500.0,467.0,Super Area,10.0,12.0,1.0,Unfurnished,Family,Contact Owner
LST102662,Mumbai,Powai,"K Raheja Maple Leaf, Powai",2,53000.0,880.0,Super Area,7.0,20.0,3.0,Unfurnished,Bachelors,Contact Agent
LST104126,Mumbai,Nerul sector-3,Nerul sector-3,1,21000.0,444.0,Super Area,12.0,25.0,1.0,Unfurnished,Bachelors/Family,Contact Owner
LST104277,Mumbai,Bhandup West,"Hudco Living Point, Bhandup West",3,63500.0,899.0,Carpet Area,14.0,19.0,2.0,Furnished,Family,Contact Agent
LST101101,Mumbai,Model Town,Model Town,2,80000.0,773.0,Carpet Area,30.0,44.0,1.0,Furnished,Bachelors/Family,Contact Owner
LST100225,Mumbai,Unknown,Mumbai Central,3,130000.0,1219.5,Carpet Area,14.0,21.0,3.0,Unfurnished,Family,Contact Agent
LST103546,Mumbai,Indralok,"Aims Sea View, Indralok",1,21500.0,455.0,Super Area,12.0,17.0,1.0,Furnished,Bachelors/Family,Contact Owner
LST101181,Mumbai,PMGP Colony,"Midas PMGP Mhada Colony, PMGP Colony",3,160500.0,1033.0,Super Area,15.0,16.0,3.0,Unfurnished,Bachelors/Family,Contact Agent
LST100371,Mumbai,Mira Road,"Bhairav Residency, Mira Road",3,40000.0,1030.0,Carpet Area,10.0,14.0,3.0,Furnished,Family,Contact Agent
LST102148,Mumbai,Vikhroli East,"Godrej Platinum, Vikhroli East",2,94000.0,1363.0,Super Area,2.0,20.0,1.0,Unfurnished,Bachelors,Contact Agent
LST104183,Mumbai,Nerul sector-3,Nerul sector-3,2,53500.0,927.0,Carpet Area,47.0,89.0,1.0,Furnished,Bachelors,Contact Owner
LST102222,Mumbai,Sion Hospital Colony,Sion Hospital Colony,2,69500.0,1250.0,Super Area,3.0,28.0,1.0,Furnished,Family,Contact Owner
LST103623,Mumbai,Powai,"Kailash Tower, Powai",2,144000.0,852.0,Super Area,53.0,78.0,2.0,Furnished,Bachelors,Contact Owner
LST104328,Mumbai,Hiranandani Gardens,"Hiranandani Gardens Torino, Hiranandani Gardens",3,146000.0,1522.0,Carpet Area,16.0,22.0,3.0,Semi-Furnished,Family,Contact Owner
LST100041,Mumbai,Moti Nagar,"Montana Giona, Moti Nagar",2,43000.0,1150.0,Carpet Area,14.0,40.0,2.0,Unfurnished,Bachelors/Family,Contact Agent
LST102687,Mumbai,Sion,Sion,1,45500.0,450.0,Carpet Area,14.0,21.0,1.0,Unfurnished,Bachelors/Family,Contact Agent
LST100819,Mumbai,Seven Bungalows,"Milap CHS, Seven Bungalows",2,46700.0,800.0,Carpet Area,2.0,7.0,2.0,Unfurnished,Family,Contact Agent
LST101110,Mumbai,Reay road east,Reay road east,2,77000.0,683.0,Carpet Area,10.0,32.0,3.0,Unfurnished,Bachelors,Contact Agent
LST101959,Mumbai,Rock garden Chs,Rock garden Chs,3,29000.0,1514.0,Super Area,33.0,42.0,3.0,Unfurnished,Bachelors,Contact Owner
LST104791,Mumbai,VIKHROLI WEST,VIKHROLI WEST,3,84500.0,972.0,Carpet Area,19.0,39.0,3.0,Unfurnished,Bachelors,Contact Owner
LST104598,Mumbai,Thane-Kalyan-Dombivli,Thane-Kalyan-Dombivli,2,54000.0,611.0,Carpet Area,4.0,22.0,2.0,Unfurnished,Family,Contact Agent
LST102362,Mumbai,Hindu Colony,Hindu Colony,2,55500.0,753.0,Super Area,10.0,23.0,1.0,Semi-Furnished,Bachelors/Family,Contact Agent
LST102934,Mumbai,chakala andheri east,chakala andheri east,3,118500.0,1432.0,Super Area,16.0,20.0,4.0,Semi-Furnished,Bachelors/Family,Contact Agent
LST104279,Mumbai,BMC Colony Malad East,"Raheja Heights, BMC Colony Malad East",2,45000.0,524.0,Carpet Area,48.0,68.0,1.0,Furnished,Bachelors,Contact Agent
LST104447,Mumbai,Lokhandwala Twp,"Lokhandwala Octacrest, Lokhandwala Twp",1,33000.0,478.0,Super Area,10.0,21.0,1.0,Unfurnished,Family,Contact Owner
LST101747,Mumbai,parivar safalya chs,parivar safalya chs,2,134500.0,934.0,Carpet Area,35.0,68.0,3.0,Semi-Furnished,Bachelors/Family,Contact Owner
LST102717,Mumbai,Sakinaka Junction,Sakinaka Junction,1,32500.0,508.0,Carpet Area,16.0,21.0,1.0,Furnished,Bachelors/Family,Contact Agent
LST103161,Mumbai,Marol,"Akruti Aneri, Marol",2,37500.0,753.0,Super Area,14.0,20.0,3.0,Semi-Furnished,Bachelors/Family,Contact Agent
LST101253,Mumbai,Poonam Gardens,"Swayam Apartment, Poonam Gardens",2,44500.0,930.0,Super Area,9.0,12.0,3.0,Furnished,Bachelors,Contact Owner
LST102538,Mumbai,Chakala MIDC,"Lodha Eternis, Chakala MIDC",3,113000.0,1089.0,Super Area,5.0,5.0,2.0,Furnished,Bachelors,Contact Owner
LST104561,Mumbai,Gokuldham,"Raheja Heights Phase 2, Gokuldham",3,108500.0,992.0,Super Area,50.0,75.0,3.0,Unfurnished,Bachelors/Family,Contact Agent
LST101681,Mumbai,Bandra Kurla Complex,"Dheeraj Insignia Apartment, Bandra Kurla Complex",3,98500.0,1426.0,Carpet Area,2.0,17.0,3.0,Semi-Furnished,Bachelors/Family,Contact Owner
LST101680,Mumbai,Powai,"Lake Homes, Powai",2,39000.0,796.0,Super Area,-1.0,10.0,3.0,Semi-Furnished,Bachelors/Family,Contact Agent
LST103739,Mumbai,Borivali East,Borivali East,1,43000.0,381.0,Super Area,3.0,7.0,1.0,Unfurnished,Bachelors,Contact Owner
LST102974,Mumbai,in Sion,in Sion,4,227500.0,2263.0,Carpet Area,15.0,19.0,4.0,Furnished,Bachelors/Family,Contact Agent
LST103429,Mumbai,Byculla West,Byculla West,1,15500.0,484.0,Super Area,3.0,5.0,1.0,Furnished,Bachelors,Contact Agent
LST100945,Mumbai,Bandra West,"Vintage Pearl Apartment, Bandra West",2,70000.0,810.0,Carpet Area,4.0,11.0,2.0,Furnished,Bachelors/Family,Contact Agent
LST103784,Mumbai,Vasai East,"Nicon Infinity, Vasai East",3,69500.0,1186.0,Carpet Area,14.0,33.0,2.0,Unfurnished,Bachelors/Family,Contact Owner
LST103856,Mumbai,Poisar,Poisar,2,46500.0,839.0,Super Area,21.0,33.0,1.0,Furnished,Family,Contact Owner
LST100010,Mumbai,Sion Hospital Colony,Sion Hospital Colony,1,33000.0,480.0,Carpet Area,2.0,4.0,2.0,Semi-Furnished,Bachelors,Contact Agent
LST100911,Mumbai,JVLR-Jogeshwari Vikhroli Link Road,"Oberoi Splendor, JVLR-Jogeshwari Vikhroli Link Road",3,85000.0,890.0,Carpet Area,4.0,27.0,2.0,Furnished,Bachelors/Family,Contact Agent
LST102343,Mumbai,Pali Hill,"Dheeraj Swapna Apartment, Pali Hill",1,34500.0,378.0,Carpet Area,7.0,7.0,1.0,Furnished,Bachelors,Contact Agent
LST100570,Mumbai,Kalina,"Sundar Nagar, Kalina",1,46000.0,500.0,Carpet Area,6.0,8.0,1.0,Furnished,Family,Contact Agent
LST100002,Mumbai,Old Khar,"Rose Queen, Old Khar",1,45000.0,450.0,Carpet Area,7.0,10.0,1.0,Furnished,Bachelors/Family,Contact Agent
LST104882,Mumbai,JB Nagar,JB Nagar,1,35000.0,592.0,Super Area,12.0,46.0,1.0,Semi-Furnished,Bachelors,Contact Agent
LST101170,Mumbai,Beverly Park,Beverly Park,2,54000.0,772.0,Super Area,14.0,18.0,3.0,Unfurnished,Family,Contact Agent
LST101394,Mumbai,Lokhandwala Twp,"Spring Leaf, Lokhandwala Twp",3,136000.0,1773.0,Super Area,19.0,30.0,3.0,Semi-Furnished,Bachelors,Contact Agent
LST100821,Mumbai,Worli,"Lodha Marquise, Worli",4,280000.0,1526.0,Carpet Area,76.0,78.0,5.0,Semi-Furnished,Bachelors/Family,Contact Agent
LST103367,Mumbai,Ghatkopar,"Ambika Siddhi Apartment, Ghatkopar",2,25000.0,625.0,Super Area,0.0,4.0,2.0,Semi-Furnished,Bachelors/Family,Contact Agent
LST100251,Mumbai,Andheri West,Andheri West,2,50000.0,935.0,Super Area,2.0,6.0,2.0,Furnished,Bachelors/Family,Contact Owner
LST103347,Mumbai,Gandhi Market,Gandhi Market,2,76500.0,674.0,Super Area,7.0,16.0,3.0,Semi-Furnished,Bachelors/Family,Contact Owner
LST101297,Mumbai,orchid suburbia,orchid suburbia,2,37000.0,753.0,Carpet Area,30.0,47.0,3.0,Unfurnished,Bachelors/Family,Contact Owner
LST102484,Mumbai,Malad East,"Raheja Heights, Malad East",3,117500.0,1477.0,Carpet Area,6.0,13.0,2.0,Furnished,Bachelors,Contact Owner
LST102115,Mumbai,Kanjurmarg West,Kanjurmarg West,3,86500.0,990.0,Carpet Area,7.0,9.0,4.0,Furnished,Bachelors,Contact Agent
LST101486,Mumbai,Andheri West,"Cosmopolis Tower, Andheri West",1,51500.0,450.0,Carpet Area,60.0,70.0,1.0,Semi-Furnished,Bachelors/Family,Contact Agent
LST102239,Mumbai,Malad East,"Raheja Heights, Malad East",4,301500.0,3037.0,Carpet Area,11.0,17.0,5.0,Furnished,Bachelors/Family,Contact Agent
LST103786,Mumbai,Sion Koliwada,"Sion East, Sion Koliwada",2,40500.0,921.0,Carpet Area,11.0,22.0,2.0,Semi-Furnished,Bachelors,Contact Owner
LST103485,Mumbai,Andheri West,"Aditi Apartment, Andheri West",2,55500.0,758.0,Super Area,30.0,45.0,1.0,Unfurnished,Family,Contact Agent
LST101227,Mumbai,Kurla West,"HDIL Premier Residences, Kurla West",3,102000.0,982.0,Carpet Area,36.0,45.0,2.0,Furnished,Bachelors,Contact Owner
LST100121,Mumbai,Pali Hill,"Dheeraj Swapna Apartment, Pali Hill",2,55000.0,720.0,Carpet Area,10.0,21.0,2.0,Unfurnished,Bachelors/Family,Contact Agent
LST100604,Mumbai,Ekta Nagar,Ekta Nagar,1,14000.0,305.0,Carpet Area,10.0,24.0,1.0,Unfurnished,Bachelors,Contact Agent
LST101223,Mumbai,Kandivali East,"Techno Park I, Kandivali East",1,18000.0,310.0,Carpet Area,6.0,7.0,2.0,Semi-Furnished,Bachelors/Family,Contact Agent
LST102027,Mumbai,Gandhi Market,Gandhi Market,2,40500.0,612.0,Super Area,5.0,14.0,3.0,Unfurnished,Family,Contact Agent
LST103543,Mumbai,Goregaon East,"Lodha Fiorenza, Goregaon East",1,38000.0,510.0,Super Area,32.0,59.0,1.0,Unfurnished,Bachelors,Contact Owner
LST104926,Mumbai,Deonar,Deonar,1,16500.0,594.0,Carpet Area,40.0,50.0,1.0,Semi-Furnished,Bachelors/Family,Contact Agent
LST101458,Mumbai,Kurla,Kurla,2,68500.0,967.0,Super Area,12.0,18.0,3.0,Semi-Furnished,Bachelors/Family,Contact Owner
LST104639,Mumbai,Bhandup West,"Kalpataru Crest, Bhandup West",1,12500.0,271.0,Super Area,9.0,56.0,1.0,Unfurnished,Bachelors/Family,Contact Owner
LST103499,Mumbai,Millat Nagar,"Green Park Apartment, Millat Nagar",1,26000.0,585.0,Carpet Area,40.0,75.0,1.0,Semi-Furnished,Family,Contact Owner
LST104222,Mumbai,sewri,"dosti flamingo, sewri",1,9000.0,191.0,Carpet Area,28.0,39.0,1.0,Semi-Furnished,Bachelors/Family,Contact Owner
LST103200,Mumbai,PMGP Colony,"Midas PMGP Mhada Colony, PMGP Colony",2,51500.0,750.0,Super Area,16.0,25.0,2.0,Unfurnished,Bachelors/Family,Contact Agent
LST100155,Mumbai,Unknown,,1,32000.0,500.0,Carpet Area,4.0,4.0,2.0,Semi-Furnished,Bachelors,Contact Owner
LST104986,Mumbai,Ekta Nagar,Ekta Nagar,2,75500.0,762.0,Super Area,16.0,26.0,2.0,Unfurnished,Bachelors/Family,Contact Agent
LST102202,Mumbai,Mahavir Nagar,"Anant Bhoomi, Mahavir Nagar",1,18000.0,447.0,Super Area,14.0,15.0,1.0,Unfurnished,Bachelors,Contact Owner
LST104195,Mumbai,Santacruz East,Santacruz East,3,165500.0,1407.0,Carpet Area,13.0,15.0,3.0,Semi-Furnished,Bachelors,Contact Agent
LST103244,Mumbai,Andheri West,"Cosmopolis Tower, Andheri West",1,10500.0,279.0,Super Area,6.0,23.0,1.0,Semi-Furnished,Family,Contact Owner
LST102704,Mumbai,Malad West,"Sheth Auris Serinity, Malad West",2,44000.0,687.0,Super Area,3.0,21.0,3.0,Unfurnished,Bachelors/Family,Contact Owner
LST102181,Mumbai,Union Park,Union Park,1,68000.0,546.0,Super Area,18.0,24.0,1.0,Semi-Furnished,Bachelors,Contact Agent
LST104439,Mumbai,Bhandup Village,Bhandup Village,3,74500.0,1153.0,Super Area,16.0,27.0,3.0,Furnished,Family,Contact Owner
LST104975,Mumbai,Bhayandar East,"Indraprastha CHS, Bhayandar East",2,39000.0,660.0,Carpet Area,15.0,36.0,1.0,Furnished,Family,Contact Agent
LST101472,Mumbai,Worli,Worli,2,82500.0,732.0,Super Area,0.0,7.0,2.0,Semi-Furnished,Family,Contact Agent
LST102188,Mumbai,Malad West,"Sheth Auris Serinity, Malad West",1,66000.0,450.0,Carpet Area,3.0,36.0,1.0,Unfurnished,Bachelors,Contact Owner
LST100665,Mumbai,Mahalakshmi,"Lodha Bellissimo, Mahalakshmi",3,270000.0,1710.0,Carpet Area,25.0,48.0,3.0,Furnished,Bachelors/Family,Contact Agent
LST101431,Mumbai,Hindu Colony,Hindu Colony,3,53000.0,964.0,Super Area,16.0,40.0,3.0,Unfurnished,Bachelors,Contact Owner
LST102729,Mumbai,Goregaon West,"Sejal Tower, Goregaon West",2,62000.0,1065.0,Super Area,5.0,16.0,2.0,Furnished,Family,Contact Agent
LST101730,Mumbai,Turner Road,"Almeida Park, Turner Road",2,190000.0,12000.0,Super Area,2.0,12.0,2.0,Furnished,Family,Contact Owner
LST101319,Mumbai,sion koliwada,"sion east, sion koliwada",1,18500.0,445.0,Super Area,5.0,19.0,2.0,Semi-Furnished,Bachelors/Family,Contact Agent
LST100194,Mumbai,Thane-Kalyan-Dombivli,Thane-Kalyan-Dombivli,1,8500.0,550.0,Super Area,3.0,5.0,1.0,Semi-Furnished,Bachelors/Family,Contact Owner
LST102217,Mumbai,shanti kutir tunga village powai,shanti kutir tunga village powai,2,34500.0,692.0,Carpet Area,12.0,29.0,2.0,Semi-Furnished,Bachelors/Family,Contact Agent
LST104312,Mumbai,Beverly Park,"Marigold-5, Beverly Park",1,25000.0,425.0,Carpet Area,4.0,6.0,1.0,Semi-Furnished,Family,Contact Agent
LST101812,Mumbai,Dahisar East,Dahisar East,2,61500.0,848.0,Super Area,1.0,20.0,1.0,Semi-Furnished,Family,Contact Agent
LST100879,Mumbai,Chembur,"Safal Twins, Chembur",3,70000.0,920.0,Carpet Area,14.0,21.0,3.0,Unfurnished,Bachelors/Family,Contact Agent
LST101327,Mumbai,in Byculla,in Byculla,3,60500.0,995.0,Super Area,10.0,12.0,3.0,Furnished,Family,Contact Owner
LST104580,Mumbai,Gomant Nagar,"Rustomjee Regency, Gomant Nagar",3,185500.0,1601.0,Carpet Area,14.0,16.0,2.0,Unfurnished,Bachelors,Contact Owner
LST104810,Mumbai,Chembur,"Safal Saraswati, Chembur",3,84000.0,1387.0,Super Area,9.0,21.0,3.0,Furnished,Bachelors/Family,Contact Agent
LST102071,Mumbai,Gokuldham,"Heena Gaurav Jewels, Gokuldham",1,29500.0,449.0,Carpet Area,15.0,18.0,1.0,Semi-Furnished,Bachelors/Family,Contact Agent
LST101321,Mumbai,Ghatkopar West,"Promenade At The Address, Ghatkopar West",1,24000.0,346.0,Carpet Area,12.0,27.0,1.0,Unfurnished,Bachelors/Family,Contact Owner
LST101666,Mumbai,Marol Maroshi Road,"Kanakia Sevens, Marol Maroshi Road",2,73000.0,742.0,Carpet Area,15.0,28.0,2.0,Unfurnished,Family,Contact Owner
LST100927,Mumbai,Parel,"Crescent Bay Callisto, Parel",3,170000.0,1600.0,Carpet Area,25.0,52.0,4.0,Semi-Furnished,Family,Contact Agent
LST102468,Mumbai,Mukund Nagar,Mukund Nagar,2,114000.0,896.0,Super Area,13.0,15.0,2.0,Semi-Furnished,Family,Contact Owner
LST102238,Mumbai,Parel,"TATA Falcon Crest, Parel",1,8000.0,257.0,Super Area,9.0,40.0,2.0,Furnished,Bachelors/Family,Contact Owner
LST101729,Mumbai,Chakala,"Rustomjee Central Park, Chakala",5,420000.0,2233.0,Super Area,15.0,43.0,5.0,Furnished,Bachelors,Contact Owner
LST100019,Mumbai,Andheri West,"Runwal Elegante, Andheri West",5,400000.0,2308.0,Carpet Area,17.0,31.0,5.0,Furnished,Family,Contact Agent
LST100248,Mumbai,Dadar West,"Vaibhav Apartments, Dadar West",1,60000.0,500.0,Carpet Area,9.0,10.0,1.0,Furnished,Bachelors/Family,Contact Agent
LST100226,Mumbai,Byculla West,Byculla West,3,80000.0,950.0,Carpet Area,17.0,25.0,3.0,Unfurnished,Bachelors/Family,Contact Agent
LST102342,Mumbai,Gokuldham,"GSA Grandeur, Gokuldham",2,44500.0,1034.0,Carpet Area,18.0,23.0,3.0,Furnished,Bachelors/Family,Contact Owner
LST101305,Mumbai,Dahisar East,Dahisar East,3,77500.0,919.0,Carpet Area,5.0,15.0,4.0,Semi-Furnished,Bachelors/Family,Contact Owner
LST104565,Mumbai,Ghatla,"vanamali chs ghatla, Ghatla",1,12500.0,265.0,Super Area,9.0,18.0,2.0,Unfurnished,Bachelors,Contact Agent
LST100882,Mumbai,Andheri West,Andheri West,1,32000.0,450.0,Super Area,1.0,5.0,1.0,Furnished,Bachelors/Family,Contact Owner
LST103029,Mumbai,Kanch Pada,"Auris Serenity, Kanch Pada",3,229000.0,1975.0,Carpet Area,2.0,7.0,4.0,Semi-Furnished,Family,Contact Agent
LST101161,Mumbai,darshan ricco Tower,darshan ricco Tower,3,67500.0,1050.0,Carpet Area,13.0,15.0,4.0,Unfurnished,Bachelors/Family,Contact Agent
LST104137,Mumbai,Kandivali West,"Gemstar Symphony Apartment, Kandivali West",2,50500.0,786.0,Super Area,12.0,23.0,3.0,Semi-Furnished,Bachelors,Contact Agent
LST104744,Mumbai,Worli,"Omkar 1973, Worli",2,72500.0,781.0,Carpet Area,2.0,45.0,2.0,Furnished,Bachelors/Family,Contact Owner
LST103202,Mumbai,Sion Koliwada,"Sion East, Sion Koliwada",3,113500.0,1279.0,Super Area,8.0,23.0,4.0,Furnished,Bachelors,Contact Owner
LST100409,Mumbai,Bandra West,Bandra West,1,55000.0,500.0,Carpet Area,1.0,7.0,2.0,Unfurnished,Bachelors/Family,Contact Agent
LST102327,Mumbai,Sakinaka Junction,Sakinaka Junction,3,68000.0,1182.0,Carpet Area,19.0,22.0,4.0,Unfurnished,Bachelors,Contact Agent
LST103609,Mumbai,Bandra East,Bandra East,2,49500.0,716.0,Super Area,7.0,7.0,2.0,Furnished,Family,Contact Owner
LST104964,Mumbai,Saki Vihar Road,Saki Vihar Road,2,34000.0,633.0,Super Area,0.0,5.0,2.0,Unfurnished,Bachelors,Contact Agent
LST102826,Mumbai,Chembur,"Godrej Central, Chembur",2,26000.0,775.0,Carpet Area,7.0,16.0,2.0,Semi-Furnished,Bachelors,Contact Agent
LST102218,Mumbai,Charkop Sector 6,Charkop Sector 6,4,251500.0,2204.0,Carpet Area,2.0,45.0,4.0,Semi-Furnished,Family,Contact Owner
LST101547,Mumbai,Gokuldham,"Raheja Heights Phase 2, Gokuldham",1,21000.0,387.0,Carpet Area,-1.0,40.0,1.0,Semi-Furnished,Bachelors/Family,Contact Agent
LST104361,Mumbai,Andheri East,"Jumbo Darshan , Andheri East",2,113500.0,1058.0,Carpet Area,14.0,68.0,2.0,Unfurnished,Bachelors,Contact Owner
LST102701,Mumbai,Deonar,Deonar,1,53000.0,235.0,Super Area,3.0,18.0,2.0,Semi-Furnished,Bachelors/Family,Contact Owner
LST104619,Mumbai,Unknown,,3,310500.0,2108.0,Carpet Area,6.0,16.0,4.0,Furnished,Bachelors/Family,Contact Owner
LST104269,Mumbai,Grant Road,Grant Road,2,81000.0,793.0,Carpet Area,8.0,28.0,1.0,Furnished,Family,Contact Owner
LST102765,Mumbai,Malad West,"Shiv Ganga Apartment, Malad West",3,56500.0,1425.0,Super Area,15.0,18.0,3.0,Furnished,Bachelors,Contact Owner
LST103256,Mumbai,Kurla West,Kurla West,2,32000.0,586.0,Super Area,10.0,15.0,2.0,Semi-Furnished,Bachelors/Family,Contact Owner
LST104283,Mumbai,Mulund West,"Wadhwa Atmosphere, Mulund West",1,23000.0,439.0,Super Area,4.0,13.0,2.0,Semi-Furnished,Bachelors,Contact Agent
LST104970,Mumbai,Powai,"Lake Florence, Powai",2,20000.0,605.0,Super Area,2.0,5.0,1.0,Semi-Furnished,Bachelors,Contact Agent
LST104155,Mumbai,Mulund Railway Station,Mulund Railway Station,2,151000.0,1115.0,Super Area,5.0,8.0,2.0,Semi-Furnished,Bachelors,Contact Agent
LST101583,Mumbai,Link Road,"Auris Serenity, Link Road",1,20500.0,282.0,Carpet Area,5.0,5.0,1.0,Furnished,Family,Contact Owner
LST101649,Mumbai,7 Bungalows Andheri West,7 Bungalows Andheri West,2,50000.0,1010.0,Carpet Area,3.0,36.0,1.0,Semi-Furnished,Bachelors,Contact Owner
LST103324,Mumbai,Worli,"Raheja Imperia, Worli",3,185000.0,1107.0,Super Area,5.0,23.0,3.0,Furnished,Family,Contact Owner
LST101430,Mumbai,Breach Candy,Breach Candy,2,22000.0,690.0,Carpet Area,13.0,15.0,2.0,Semi-Furnished,Family,Contact Agent
LST100520,Mumbai,Poisar,Poisar,1,14000.0,270.0,Carpet Area,6.0,7.0,1.0,Unfurnished,Bachelors,Contact Owner
LST101902,Mumbai,Malad West,"Shiv Ganga Apartment, Malad West",1,33000.0,328.0,Carpet Area,10.0,12.0,1.0,Semi-Furnished,Family,Contact Agent
LST104596,Mumbai,Kashimira,"Man Opus, Kashimira",2,43000.0,572.0,Super Area,14.0,33.0,2.0,Semi-Furnished,Bachelors/Family,Contact Owner
LST102003,Mumbai,Mulund West,Mulund West,2,47000.0,643.0,Carpet Area,7.0,29.0,2.0,Semi-Furnished,Bachelors/Family,Contact Owner
LST104384,Mumbai,Pant Nagar,Pant Nagar,1,21500.0,311.0,Carpet Area,17.0,44.0,1.0,Semi-Furnished,Family,Contact Owner
LST102000,Mumbai,Chembur,"MJ Shah Centrio, Chembur",3,88500.0,1384.0,Super Area,25.0,42.0,4.0,Unfurnished,Bachelors/Family,Contact Owner
LST100043,Mumbai,Bandra West,Bandra West,1,75000.0,550.0,Carpet Area,5.0,7.0,1.0,Furnished,Bachelors/Family,Contact Agent
LST103481,Mumbai,Dahisar West,Dahisar West,2,21500.0,753.0,Carpet Area,32.0,46.0,3.0,Unfurnished,Bachelors/Family,Contact Agent
LST100165,Mumbai,Powai,"Raheja Vista, Powai",2,45002.0,600.0,Carpet Area,9.0,17.0,2.0,Semi-Furnished,Bachelors/Family,Contact Agent
LST100840,Mumbai,Andheri East,Andheri East,1,32000.0,475.0,Super Area,3.0,4.0,1.0,Furnished,Bachelors/Family,Contact Owner
LST103714,Mumbai,Andheri West,"Flora Heights, Andheri West",3,263500.0,1445.0,Super Area,3.0,30.0,4.0,Semi-Furnished,Bachelors,Contact Owner
LST100322,Mumbai,Bhandup West,"Usha Nagar Society, Bhandup West",2,28000.0,700.0,Carpet Area,4.0,12.0,2.0,Furnished,Bachelors/Family,Contact Agent
LST102390,Mumbai,Link Road,"Orchid Residency, Link Road",3,38500.0,1461.0,Super Area,60.0,66.0,3.0,Furnished,Bachelors/Family,Contact Agent
LST103360,Mumbai,Chandivali,Chandivali,2,30000.0,944.0,Carpet Area,3.0,14.0,2.0,Furnished,Bachelors,Contact Owner
LST104405,Mumbai,Mulund West,"Wadhwa Atmosphere, Mulund West",2,33000.0,738.0,Carpet Area,6.0,10.0,1.0,Unfurnished,Bachelors,Contact Agent
LST100747,Mumbai,Seven Bungalows,Seven Bungalows,1,43000.0,480.0,Carpet Area,5.0,7.0,2.0,Furnished,Family,Contact Agent
LST102505,Mumbai,Seven Bungalows,"Shimpla Vighnaharta CHS, Seven Bungalows",4,249000.0,1983.0,Super Area,11.0,21.0,5.0,Unfurnished,Bachelors/Family,Contact Agent
LST102999,Mumbai,Ashok Van,Ashok Van,3,88000.0,1175.0,Carpet Area,6.0,12.0,4.0,Furnished,Family,Contact Agent
LST100351,Mumbai,Seven Bungalows,"7 Bungalow, Seven Bungalows",1,40000.0,500.0,Super Area,3.0,6.0,1.0,Semi-Furnished,Bachelors/Family,Contact Agent
LST100431,Mumbai,Andheri West,"TATA Housing Merwanjee Cama Park, Andheri West",1,40000.0,450.0,Carpet Area,3.0,8.0,2.0,Semi-Furnished,Bachelors/Family,Contact Agent
LST102300,Mumbai,Vikhroli West,Vikhroli West,1,17500.0,230.0,Super Area,5.0,8.0,1.0,Furnished,Family,Contact Agent
LST104502,Mumbai,Sion East,"Everard Nagar Co Operative Housing Society, Sion East",2,39500.0,721.0,Carpet Area,3.0,18.0,3.0,Furnished,Bachelors,Contact Agent
LST104234,Mumbai,Goregaon East,"Balkrishna, Goregaon East",1,40500.0,458.0,Super Area,9.0,14.0,1.0,Furnished,Bachelors,Contact Agent
LST103638,Mumbai,Evershine Nagar,"Gokul Apartment, Evershine Nagar",3,68500.0,953.0,Carpet Area,15.0,24.0,3.0,Semi-Furnished,Bachelors/Family,Contact Agent
LST101160,Mumbai,Chembur,"MJ Shah Centrio, Chembur",1,28500.0,383.0,Carpet Area,10.0,16.0,1.0,Semi-Furnished,Bachelors,Contact Agent
LST102953,Mumbai,Parle Colony,Parle Colony,2,47000.0,831.0,Super Area,16.0,21.0,2.0,Furnished,Bachelors/Family,Contact Owner
LST103046,Mumbai,Friends Colony,Friends Colony,5,471500.0,4441.0,Carpet Area,4.0,12.0,4.0,Semi-Furnished,Bachelors/Family,Contact Owner
LST101540,Mumbai,Sion East,Sion East,2,61000.0,782.0,Carpet Area,4.0,13.0,2.0,Semi-Furnished,Bachelors,Contact Owner
LST102937,Mumbai,Chikuwadi,Chikuwadi,3,35500.0,709.0,Carpet Area,3.0,21.0,3.0,Unfurnished,Bachelors/Family,Contact Owner
LST900013,Mumbai,Bandra Kurla Complex,"Dheeraj Insignia Apartment, Bandra Kurla Complex",1,27500.0,346.0,Carpet Area,16.0,23.0,1.0,Furnished,Bachelors,Contact Owner
LST101328,Mumbai,Yari Road,"Chanchal Kalyan Complex, Yari Road",1,31500.0,458.0,Carpet Area,25.0,52.0,1.0,Unfurnished,Bachelors,Contact Owner
LST102041,Mumbai,Bhatti Pada,Bhatti Pada,3,160500.0,1023.0,Carpet Area,19.0,35.0,3.0,Furnished,Bachelors,Contact Owner
LST103581,Mumbai,Bhakti Park,Bhakti Park,2,34000.0,626.0,Carpet Area,9.0,39.0,1.0,Furnished,Family,Contact Owner
LST103906,Mumbai,Lokhandwala Complex,Lokhandwala Complex,2,47000.0,654.0,Carpet Area,6.0,15.0,2.0,Semi-Furnished,Bachelors,Contact Owner
LST100857,Mumbai,Kandarpada,"Galassia, Kandarpada",2,32000.0,680.0,Carpet Area,5.0,20.0,2.0,Unfurnished,Family,Contact Agent
LST100647,Mumbai,Goregaon East,"Oberoi Esquire, Goregaon East",3,150000.0,1330.0,Carpet Area,32.0,59.0,4.0,Semi-Furnished,Family,Contact Agent
LST101485,Mumbai,Kanjurmarg West,"Runwal Forests, Kanjurmarg West",1,44000.0,515.0,Carpet Area,17.0,27.0,1.0,Furnished,Family,Contact Owner
LST103248,Mumbai,Kandivali West,"Gaurav Heights, Kandivali West",3,199500.0,1147.0,Super Area,10.0,15.0,3.0,Semi-Furnished,Family,Contact Owner
LST104734,Mumbai,Santacruz East,Santacruz East,4,210000.0,1795.0,Super Area,7.0,17.0,4.0,Semi-Furnished,Bachelors/Family,Contact Agent
LST103128,Mumbai,Bhandup West,"Hudco Living Point, Bhandup West",1,55500.0,480.0,Carpet Area,39.0,60.0,1.0,Semi-Furnished,Bachelors,Contact Agent
LST104864,Mumbai,chembur east,"117 residency, chembur east",1,48000.0,572.0,Super Area,37.0,51.0,1.0,Furnished,Bachelors,Contact Owner
LST102781,Mumbai,Parel,"Ruparel Ariana, Parel",3,50500.0,999.0,Carpet Area,12.0,15.0,3.0,Unfurnished,Bachelors,Contact Owner
LST100353,Mumbai,Unknown,,1,15000.0,225.0,Carpet Area,0.0,4.0,1.0,Unfurnished,Bachelors,Contact Owner
LST100885,Mumbai,Amar Nagar,Amar Nagar,2,29000.0,753.0,Carpet Area,7.0,7.0,2.0,Unfurnished,Family,Contact Owner
LST102874,Mumbai,LBS Marg,"Nirmal Lifestyle, LBS Marg",2,58000.0,578.0,Super Area,8.0,17.0,2.0,Unfurnished,Bachelors/Family,Contact Agent
LST100258,Mumbai,Holly Cross Church Chowk,"Kohinoor City Phase II, Holly Cross Church Chowk",3,70000.0,1100.0,Carpet Area,7.0,10.0,3.0,Furnished,Bachelors/Family,Contact Agent
LST101987,Mumbai,Dadar West,Dadar West,2,36000.0,667.0,Super Area,30.0,46.0,3.0,Furnished,Family,Contact Owner
LST102671,Mumbai,Thakur Complex,"Gokul Accord, Thakur Complex",2,39000.0,771.0,Super Area,22.0,30.0,1.0,Unfurnished,Bachelors/Family,Contact Agent
LST102038,Mumbai,Sindhi Society Chembur,"Chembur Heights, Sindhi Society Chembur",5,556500.0,4577.0,Super Area,9.0,41.0,6.0,Unfurnished,Family,Contact Agent
LST103299,Mumbai,Mindspace,"Rustomjee Elanza, Mindspace",3,495500.0,1836.0,Carpet Area,16.0,21.0,4.0,Furnished,Family,Contact Agent
LST100456,Mumbai,Tilak Nagar - Harbour Line,Tilak Nagar - Harbour Line,2,40000.0,600.0,Carpet Area,15.0,20.0,2.0,Unfurnished,Bachelors/Family,Contact Agent
LST102877,Mumbai,Bhakti Park,"Ajmera Bhakti Park, Bhakti Park",2,47500.0,760.0,Super Area,17.0,59.0,3.0,Semi-Furnished,Bachelors,Contact Agent
LST103151,Mumbai,Mulund West,"Nem Vihar, Mulund West",4,215500.0,1728.0,Super Area,-1.0,22.0,4.0,Unfurnished,Bachelors,Contact Owner
LST103955,Mumbai,Mulund West,"Vasant Oscar, Mulund West",1,24500.0,340.0,Super Area,12.0,18.0,2.0,Unfurnished,Bachelors/Family,Contact Agent
LST104540,Mumbai,Kandivali East,"Vasant Sagar, Thakur Village, Kandivali East",1,33000.0,450.0,Carpet Area,4.0,11.0,1.0,Semi-Furnished,Bachelors/Family,Contact Owner
LST104956,Mumbai,Chandivali,"Nahar Jonquille and Jamaica, Chandivali",1,41500.0,655.0,Carpet Area,18.0,30.0,1.0,Semi-Furnished,Family,Contact Owner
LST101093,Mumbai,New Airport Colony,"Kolte Patil Jai Vijay, New Airport Colony",2,53500.0,895.0,Carpet Area,13.0,16.0,2.0,Furnished,Bachelors,Contact Agent
LST100028,Mumbai,Lal Baug,Lal Baug,1,25000.0,375.0,Super Area,1.0,22.0,1.0,Unfurnished,Bachelors/Family,Contact Owner
LST103015,Mumbai,Chandivali,Chandivali,2,61500.0,882.0,Carpet Area,12.0,69.0,3.0,Semi-Furnished,Bachelors/Family,Contact Agent
LST101024,Mumbai,Lokhandwala Twp,"Sapphire Heights, Lokhandwala Twp",2,87000.0,562.0,Super Area,6.0,11.0,2.0,Semi-Furnished,Bachelors/Family,Contact Owner
LST102984,Mumbai,Suram Park Society,Suram Park Society,1,21000.0,213.0,Carpet Area,-1.0,7.0,1.0,Semi-Furnished,Bachelors/Family,Contact Owner
LST101448,Mumbai,Hiranandani Gardens,Hiranandani Gardens,2,88000.0,753.0,Carpet Area,60.0,70.0,2.0,Unfurnished,Family,Contact Agent
LST100296,Mumbai,Parle Colony,Parle Colony,1,11000.0,200.0,Super Area,4.0,4.0,1.0,Furnished,Bachelors/Family,Contact Owner
LST103162,Mumbai,Borivali West,Borivali West,1,26000.0,374.0,Super Area,7.0,12.0,1.0,Furnished,Bachelors,Contact Owner
LST104225,Mumbai,Mazgaon,"Juveria Apartment, Mazgaon",5,784000.0,4701.0,Super Area,60.0,70.0,5.0,Furnished,Family,Contact Owner
LST103232,Mumbai,Wadala,"Llyod Estate, Wadala",4,289500.0,2444.0,Super Area,25.0,42.0,4.0,Furnished,Family,Contact Owner
LST102603,Mumbai,Serenity Complex,Serenity Complex,2,65000.0,862.0,Super Area,-1.0,7.0,2.0,Unfurnished,Bachelors,Contact Owner
LST100338,Mumbai,Worli,"lokhandwala residency, Worli",2,95000.0,825.0,Carpet Area,17.0,22.0,2.0,Furnished,Bachelors,Contact Agent
LST101132,Mumbai,PMGP Colony,"Midas PMGP Mhada Colony, PMGP Colony",4,278500.0,1563.0,Super Area,8.0,58.0,4.0,Unfurnished,Bachelors/Family,Contact Owner
LST100894,Mumbai,Parel,"Ruparel Ariana, Parel",2,85000.0,900.0,Carpet Area,27.0,45.0,2.0,Semi-Furnished,Bachelors/Family,Contact Agent
LST101150,Mumbai,Dr Babasaheb Ambedkar Road,"Dr Babasaheb Ambedkar Road, Mumbai",1,24500.0,284.0,Super Area,23.0,25.0,1.0,Furnished,Family,Contact Agent
LST104288,Mumbai,Chembur,"Madhugiri Society, Chembur",1,19500.0,413.0,Super Area,4.0,16.0,2.0,Unfurnished,Bachelors,Contact Agent
LST101977,Mumbai,Bhakti Park,"Ajmera Bhakti Park, Bhakti Park",6,792500.0,2819.0,Carpet Area,4.0,6.0,6.0,Furnished,Bachelors,Contact Owner
LST103516,Mumbai,Prabhadevi,"Aristo Pearl Residency, Prabhadevi",1,51000.0,237.0,Super Area,14.0,21.0,1.0,Unfurnished,Bachelors,Contact Agent
LST100874,Mumbai,Ashok Van,Ashok Van,1,12000.0,225.0,Carpet Area,7.0,7.0,1.0,Unfurnished,Family,Contact Owner
LST103717,Mumbai,Chakala,"Mahindra Vivante, Chakala",2,83000.0,961.0,Super Area,20.0,30.0,2.0,Semi-Furnished,Family,Contact Owner
LST101332,Mumbai,Moti Nagar,"Montana Giona, Moti Nagar",2,37500.0,753.0,Carpet Area,5.0,17.0,1.0,Unfurnished,Bachelors/Family,Contact Agent
LST104165,Mumbai,Lokhandwala Complex,"Magnum Tower CHS, Lokhandwala Complex",3,67500.0,1241.0,Carpet Area,3.0,7.0,3.0,Semi-Furnished,Bachelors/Family,Contact Owner
LST103941,Mumbai,Model Town,Model Town,1,25000.0,349.0,Carpet Area,10.0,21.0,1.0,Semi-Furnished,Bachelors/Family,Contact Agent
LST101460,Mumbai,Worli,"Lady Ratan Tower, Worli",2,183500.0,935.0,Super Area,7.0,31.0,2.0,Furnished,Bachelors,Contact Agent
LST101976,Mumbai,Sindhi Society Chembur,"Chembur Heights, Sindhi Society Chembur",1,35000.0,426.0,Super Area,16.0,32.0,1.0,Unfurnished,Bachelors,Contact Owner
LST102396,Mumbai,Powai,"Lake Superior, Powai",2,57500.0,849.0,Carpet Area,14.0,58.0,3.0,Semi-Furnished,Family,Contact Agent
LST100054,Mumbai,Wadala,"Lodha New Cuffe Parade, Wadala",2,85000.0,700.0,Carpet Area,25.0,41.0,2.0,Semi-Furnished,Bachelors/Family,Contact Owner
LST103184,Mumbai,Borivali East,"Raj Hill, Borivali East",1,41000.0,410.0,Super Area,5.0,24.0,1.0,Furnished,Bachelors/Family,Contact Agent
LST104703,Mumbai,Agarkar Chowk,"Oberoi Splendor Grande, Agarkar Chowk",3,28500.0,967.0,Carpet Area,17.0,27.0,3.0,Furnished,Family,Contact Agent
LST101671,Mumbai,Andheri West,"Flora Heights, Andheri West",2,43000.0,753.0,Super Area,10.0,16.0,1.0,Unfurnished,Bachelors,Contact Owner
LST104169,Mumbai,Bhakti Park,Bhakti Park,4,144500.0,1431.0,Super Area,60.0,71.0,3.0,Furnished,Family,Contact Owner
LST100860,Mumbai,Bandra West,Bandra West,5,600000.0,4500.0,Carpet Area,7.0,20.0,5.0,Furnished,Bachelors,Contact Agent
LST100751,Mumbai,Worli,"Indiabulls Blu, Worli",3,330000.0,1500.0,Carpet Area,20.0,41.0,2.0,Semi-Furnished,Bachelors/Family,Contact Agent
LST103113,Mumbai,Bhandup West,"Shree Sai Usha Complex, Bhandup West",4,216500.0,1816.0,Super Area,18.0,25.0,5.0,Furnished,Family,Contact Agent
LST103789,Mumbai,Beverly Park,"Salasar Garden, Beverly Park",3,151500.0,1341.0,Carpet Area,4.0,5.0,3.0,Unfurnished,Bachelors,Contact Owner
LST103649,Mumbai,Prabhadevi,"Suryodaya CHS, Prabhadevi",3,134000.0,1470.0,Super Area,6.0,23.0,4.0,Unfurnished,Bachelors,Contact Owner
LST103383,Mumbai,Chembur,"Godrej Central, Chembur",4,172500.0,1707.0,Super Area,2.0,10.0,4.0,Unfurnished,Family,Contact Owner
LST102245,Mumbai,Wadala,"Llyod Estate, Wadala",2,8000.0,753.0,Carpet Area,18.0,18.0,2.0,Furnished,Bachelors,Contact Agent
LST103375,Mumbai,shabri shan,shabri shan,2,208500.0,978.0,Super Area,-1.0,8.0,1.0,Semi-Furnished,Family,Contact Owner
LST104676,Mumbai,Mamletdarwadi,Mamletdarwadi,3,107500.0,1655.0,Super Area,10.0,21.0,3.0,Furnished,Bachelors,Contact Agent
LST101353,Mumbai,Mira Road,"RNA Broadway Avenue, Mira Road",2,33000.0,726.0,Super Area,1.0,21.0,3.0,Unfurnished,Bachelors/Family,Contact Agent
LST101021,Mumbai,Gokuldham,"GSA Grandeur, Gokuldham",3,75000.0,994.0,Carpet Area,33.0,42.0,2.0,Semi-Furnished,Bachelors,Contact Owner
LST101569,Mumbai,Mira Bhayandar,Mira Bhayandar,4,312000.0,2393.0,Super Area,11.0,15.0,3.0,Unfurnished,Bachelors,Contact Owner
LST104482,Mumbai,JVPD Scheme,JVPD Scheme,2,77000.0,787.0,Carpet Area,8.0,10.0,2.0,Semi-Furnished,Bachelors,Contact Agent
LST103331,Mumbai,Mulund West,"Sheth Montana, Mulund West",3,161500.0,1119.0,Super Area,34.0,48.0,2.0,Unfurnished,Bachelors/Family,Contact Agent
LST102358,Mumbai,Prabhadevi,"Aristo Pearl Residency, Prabhadevi",2,38000.0,608.0,Super Area,14.0,27.0,1.0,Furnished,Bachelors,Contact Owner
LST104150,Mumbai,KASHIMIRA,"MAN OPUS, KASHIMIRA",3,114000.0,1260.0,Super Area,34.0,40.0,3.0,Unfurnished,Bachelors/Family,Contact Owner
LST103148,Mumbai,Lokhandwala Complex,"Stellar Tower, Lokhandwala Complex",2,94500.0,728.0,Carpet Area,15.0,43.0,3.0,Unfurnished,Family,Contact Agent
LST101088,Mumbai,Chandivali,"Panch Ritu, Chandivali",5,1161000.0,4565.0,Super Area,2.0,12.0,4.0,Semi-Furnished,Family,Contact Agent
LST102759,Mumbai,Lokhandwala Twp,"spring grove uno, Lokhandwala Twp",1,42500.0,477.0,Carpet Area,34.0,59.0,1.0,Semi-Furnished,Bachelors/Family,Contact Owner
LST100303,Mumbai,Worli,"Raheja Artesia, Worli",4,1000000.0,3064.0,Carpet Area,18.0,45.0,4.0,Semi-Furnished,Family,Contact Agent
LST102047,Mumbai,in Andheri West,in Andheri West,1,50000.0,378.0,Carpet Area,0.0,7.0,1.0,Unfurnished,Bachelors,Contact Owner
LST101006,Mumbai,Kandivali West,"Sakhi, Kandivali West",2,50500.0,995.0,Super Area,15.0,16.0,3.0,Furnished,Family,Contact Agent
LST100237,Mumbai,Gandhi Market,Gandhi Market,2,45000.0,490.0,Carpet Area,2.0,3.0,2.0,Furnished,Bachelors/Family,Contact Agent
LST101515,Mumbai,in Matunga West,in Matunga West,1,55500.0,427.0,Super Area,4.0,25.0,2.0,Semi-Furnished,Bachelors,Contact Agent
LST103095,Mumbai,Nalasopara,"Deep Heights, Nalasopara",2,95000.0,753.0,Carpet Area,36.0,81.0,2.0,Furnished,Family,Contact Agent
LST102309,Mumbai,Khar,Khar,4,192500.0,2147.0,Super Area,10.0,38.0,5.0,Furnished,Bachelors/Family,Contact Owner
LST102223,Mumbai,Vikhroli West,"Raj Legacy, Vikhroli West",3,63500.0,1301.0,Carpet Area,16.0,28.0,4.0,Furnished,Bachelors,Contact Agent
LST104901,Mumbai,Unknown,Navi Mumbai-Khargar-Panvel,1,23000.0,504.0,Carpet Area,6.0,30.0,1.0,Semi-Furnished,Family,Contact Owner
LST101571,Mumbai,Ghatkopar,Ghatkopar,2,141000.0,951.0,Super Area,2.0,8.0,1.0,Semi-Furnished,Bachelors,Contact Owner
LST101757,Mumbai,Parel,"Ashok tower, Parel",1,30500.0,411.0,Super Area,3.0,5.0,1.0,Semi-Furnished,Bachelors/Family,Contact Owner
LST104649,Mumbai,Chembur East,"Sufalam CHS, Chembur East",3,175000.0,1777.0,Carpet Area,36.0,81.0,2.0,Semi-Furnished,Family,Contact Owner
LST104099,Mumbai,Chikuwadi,Chikuwadi,2,68000.0,881.0,Carpet Area,4.0,6.0,2.0,Unfurnished,Family,Contact Agent
LST102489,Mumbai,Aarey Milk Colony,"Garden View Apartment, Aarey Milk Colony",2,57500.0,753.0,Carpet Area,5.0,19.0,2.0,Furnished,Bachelors/Family,Contact Owner
LST101561,Mumbai,Parel,"Crescent Bay Callisto, Parel",4,80500.0,1336.0,Carpet Area,4.0,6.0,5.0,Furnished,Bachelors/Family,Contact Agent
LST101677,Mumbai,Mazgaon,Mazgaon,1,30500.0,408.0,Carpet Area,25.0,43.0,1.0,Furnished,Bachelors,Contact Agent
LST101600,Mumbai,Chembur East,"Swastik Pride, Chembur East",3,68500.0,1019.0,Super Area,18.0,30.0,2.0,Semi-Furnished,Bachelors,Contact Owner
LST104403,Mumbai,Govandi Station Road,Govandi Station Road,3,18500.0,738.0,Super Area,7.0,8.0,2.0,Furnished,Bachelors,Contact Owner
LST101350,Mumbai,Dadar East,"Bombay Dyeing Two ICC, Dadar East",1,21000.0,424.0,Carpet Area,32.0,44.0,1.0,Unfurnished,Bachelors/Family,Contact Owner
LST102654,Mumbai,Mount Mary,Mount Mary,3,90000.0,1350.0,Super Area,25.0,44.0,2.0,Furnished,Bachelors/Family,Contact Agent
LST102855,Mumbai,Lokhandwala Twp,"Anita, Lokhandwala Twp",1,32000.0,497.0,Super Area,14.0,33.0,2.0,Furnished,Family,Contact Owner
LST104247,Mumbai,Kandarpada,"Galassia, Kandarpada",1,48500.0,469.0,Carpet Area,21.0,58.0,1.0,Furnished,Family,Contact Owner
LST101341,Mumbai,Ghatkopar East,Ghatkopar East,2,67500.0,777.0,Super Area,60.0,71.0,1.0,Furnished,Bachelors,Contact Agent
LST100904,Mumbai,Bhandup West,"Srishti Elegance, Bhandup West",1,22000.0,377.0,Super Area,3.0,23.0,2.0,Unfurnished,Bachelors/Family,Contact Owner
LST100189,Mumbai,Mindspace,"Ahimsa Marg, Mindspace",2,38000.0,650.0,Carpet Area,4.0,10.0,2.0,Unfurnished,Family,Contact Agent
LST103039,Mumbai,Turner Road,"Almeida Park, Turner Road",1,32000.0,450.0,Carpet Area,6.0,10.0,2.0,Unfurnished,Bachelors,Contact Owner
LST100341,Mumbai,Lokhandwala Twp,"spring grove uno, Lokhandwala Twp",1,18000.0,320.0,Carpet Area,5.0,7.0,1.0,Furnished,Bachelors/Family,Contact Agent
LST104758,Mumbai,Park Site Colony,"Mayfair Sonata Greens, Park Site Colony",4,681000.0,2912.0,Super Area,3.0,11.0,5.0,Unfurnished,Bachelors/Family,Contact Owner
LST104729,Mumbai,Gokuldham,Gokuldham,1,8000.0,177.0,Super Area,-1.0,43.0,1.0,Semi-Furnished,Bachelors,Contact Agent
LST100651,Mumbai,Agarkar Chowk,"Oberoi Prisma, Agarkar Chowk",4,180000.0,1691.0,Carpet Area,20.0,32.0,6.0,Semi-Furnished,Bachelors/Family,Contact Agent
LST104617,Mumbai,Mulund West,"Vasant Oscar, Mulund West",2,101500.0,864.0,Super Area,6.0,24.0,2.0,Unfurnished,Family,Contact Owner
LST102743,Mumbai,Kandivali East,"Gokul Gagan, Thakur Village, Kandivali East",1,26500.0,594.0,Carpet Area,18.0,40.0,1.0,Semi-Furnished,Family,Contact Agent
LST102438,Mumbai,Shantivan,"Saaga Mrunali CHS, Shantivan",5,603000.0,2629.0,Carpet Area,12.0,27.0,6.0,Semi-Furnished,Bachelors/Family,Contact Owner
LST100419,Mumbai,Prabhadevi,"Suryodaya CHS, Prabhadevi",1,22000.0,280.0,Carpet Area,3.0,7.0,1.0,Unfurnished,Bachelors/Family,Contact Agent
LST100530,Mumbai,Opera House,Opera House,2,95000.0,750.0,Carpet Area,7.0,10.0,2.0,Furnished,Bachelors,Contact Agent
LST102271,Mumbai,Bhoiwada,"Crescent Bay T3, Bhoiwada",1,27000.0,351.0,Super Area,8.0,11.0,1.0,Furnished,Family,Contact Owner
LST103005,Mumbai,JL Tambe Nagar,JL Tambe Nagar,3,135500.0,1389.0,Super Area,7.0,20.0,4.0,Unfurnished,Bachelors/Family,Contact Agent
LST103348,Mumbai,Kandivali West,"Gaurav Heights, Kandivali West",1,39000.0,474.0,Carpet Area,2.0,12.0,1.0,Furnished,Bachelors/Family,Contact Agent
LST104784,Mumbai,Film City Road,"Conwood Astoria, Film City Road",2,60500.0,795.0,Carpet Area,9.0,57.0,2.0,Unfurnished,Bachelors,Contact Owner
LST103431,Mumbai,Mira Road,"RNA Broadway Avenue, Mira Road",3,163000.0,1534.0,Carpet Area,27.0,58.0,3.0,Semi-Furnished,Family,Contact Owner
LST104305,Mumbai,Chembur,"Safal Saraswati, Chembur",2,81000.0,726.0,Super Area,10.0,25.0,1.0,Unfurnished,Bachelors,Contact Agent
LST100286,Mumbai,Mahim West,Mahim West,2,55000.0,850.0,Carpet Area,3.0,3.0,2.0,Semi-Furnished,Bachelors,Contact Agent
LST100342,Mumbai,Chembur,Chembur,3,75000.0,1100.0,Carpet Area,4.0,12.0,3.0,Semi-Furnished,Bachelors/Family,Contact Agent
LST900008,Mumbai,Agarkar Chowk,"Oberoi Prisma, Agarkar Chowk",1,85000.0,490.0,Super Area,8.0,12.0,1.0,Semi-Furnished,Bachelors/Family,Contact Agent
LST101247,Mumbai,Mahim,Mahim,2,56500.0,869.0,Carpet Area,15.0,24.0,3.0,Furnished,Bachelors,Contact Owner
LST104743,Mumbai,Film City Road,"Omkar Ananta, Film City Road",2,13500.0,564.0,Built Up Area,6.0,12.0,2.0,Furnished,Bachelors/Family,Contact Owner
LST100180,Mumbai,Sindhi Society Chembur,Sindhi Society Chembur,2,40000.0,650.0,Carpet Area,3.0,7.0,2.0,Unfurnished,Bachelors/Family,Contact Agent
LST104394,Mumbai,Powai,"Shiv Bhagtani Manor 3A, Powai",2,83000.0,753.0,Carpet Area,32.0,41.0,3.0,Semi-Furnished,Bachelors/Family,Contact Owner
LST104333,Mumbai,Prabhadevi,"Ivory Tower, Prabhadevi",1,57500.0,531.0,Super Area,7.0,25.0,2.0,Semi-Furnished,Family,Contact Owner
LST104356,Mumbai,Bhandup West,"Mahindra Splendour, Bhandup West",1,40000.0,375.0,Super Area,14.0,48.0,1.0,Unfurnished,Family,Contact Owner
LST101711,Mumbai,Kurla West,"HDIL Premier Residences, Kurla West",1,22500.0,541.0,Carpet Area,-1.0,20.0,1.0,Semi-Furnished,Family,Contact Agent
LST103626,Mumbai,Goregaon West,Goregaon West,2,27000.0,670.0,Super Area,1.0,10.0,2.0,Furnished,Family,Contact Agent
LST101095,Mumbai,Datta Pada,"Kaustubh Platinum, Datta Pada",4,88500.0,1591.0,Super Area,4.0,12.0,3.0,Unfurnished,Bachelors/Family,Contact Agent
LST101395,Mumbai,Mira Road,"Bhairav Residency, Mira Road",2,65000.0,906.0,Super Area,10.0,31.0,2.0,Unfurnished,Bachelors,Contact Owner
LST104176,Mumbai,Kalina,Kalina,2,71000.0,826.0,Carpet Area,18.0,29.0,2.0,Semi-Furnished,Bachelors/Family,Contact Owner
LST101752,Mumbai,Borivali East,"Raj Hill, Borivali East",1,39000.0,378.0,Carpet Area,13.0,14.0,1.0,Semi-Furnished,Family,Contact Owner
LST100933,Mumbai,Chembur East,"diamond garden, Chembur East",2,55000.0,720.0,Carpet Area,1.0,6.0,2.0,Semi-Furnished,Bachelors/Family,Contact Agent
LST101330,Mumbai,Kandivali West,"Gemstar Symphony Apartment, Kandivali West",2,54500.0,777.0,Super Area,8.0,15.0,3.0,Unfurnished,Bachelors/Family,Contact Agent
LST104085,Mumbai,Seven Bungalows,"Shimpla Vighnaharta CHS, Seven Bungalows",2,42000.0,881.0,Super Area,18.0,32.0,1.0,Furnished,Bachelors/Family,Contact Owner
LST104318,Mumbai,Sunder Nagar,"Dheeraj Kiran CHS Walad West, Sunder Nagar",3,50000.0,1392.0,Super Area,8.0,58.0,4.0,Semi-Furnished,Bachelors,Contact Owner
LST100937,Mumbai,Lokhandwala Twp,"Lokhandwala Octacrest, Lokhandwala Twp",2,42000.0,774.0,Carpet Area,10.0,20.0,2.0,Semi-Furnished,Family,Contact Agent
LST101252,Mumbai,Bhayandar East,"Indraprastha CHS, Bhayandar East",4,115000.0,1831.0,Super Area,2.0,6.0,5.0,Furnished,Bachelors,Contact Agent
LST103970,Mumbai,Prabhadevi,"MHADA Century Mill, Prabhadevi",3,89500.0,1202.0,Super Area,36.0,45.0,4.0,Semi-Furnished,Bachelors/Family,Contact Owner
LST100356,Mumbai,Mira Road,"RNA Broadway Avenue, Mira Road",2,15000.0,610.0,Carpet Area,0.0,6.0,1.0,Semi-Furnished,Bachelors,Contact Owner
LST101998,Mumbai,Srinagarchs chembur west near sankralyammandir,Srinagarchs chembur west near sankralyammandir,3,167000.0,1616.0,Super Area,18.0,24.0,3.0,Semi-Furnished,Family,Contact Owner
LST103685,Mumbai,JVLR-Jogeshwari Vikhroli Link Road,"Oberoi Splendor, JVLR-Jogeshwari Vikhroli Link Road",1,57000.0,544.0,Carpet Area,34.0,58.0,1.0,Semi-Furnished,Bachelors/Family,Contact Agent
LST104778,Mumbai,Bhakti Park,"Ajmera Treon, Bhakti Park",1,55500.0,459.0,Carpet Area,8.0,58.0,1.0,Semi-Furnished,Bachelors/Family,Contact Agent
LST104474,Mumbai,Powai,"Hiranandani Castle Rock, Powai",3,144000.0,1060.0,Super Area,14.0,15.0,2.0,Unfurnished,Bachelors,Contact Agent
LST103830,Mumbai,Mazgaon,"Juveria Apartment, Mazgaon",4,230500.0,2233.0,Super Area,3.0,10.0,4.0,Furnished,Family,Contact Agent
LST103901,Mumbai,Prabhadevi,"Kalpataru Antariksha, Prabhadevi",1,93000.0,545.0,Super Area,4.0,22.0,1.0,Unfurnished,Bachelors/Family,Contact Owner
LST103912,Mumbai,Dadar TT Circle,"Bombay Dyeing Two ICC, Dadar TT Circle",2,144500.0,882.0,Super Area,16.0,29.0,2.0,Furnished,Family,Contact Agent
LST101444,Mumbai,Kandivali East,"Dheeraj Hill View Tower, Thakur Village, Kandivali East",1,16000.0,346.0,Carpet Area,15.0,18.0,1.0,Furnished,Family,Contact Agent
LST101538,Mumbai,Ashok Van,Ashok Van,2,65500.0,713.0,Super Area,12.0,28.0,2.0,Unfurnished,Bachelors/Family,Contact Agent
LST100470,Mumbai,Andheri West,"Adani Western Heights, Andheri West",4,140000.0,1400.0,Carpet Area,10.0,25.0,3.0,Semi-Furnished,Bachelors/Family,Contact Agent
LST103262,Mumbai,Azad Nagar Colaba,Azad Nagar Colaba,1,35000.0,425.0,Carpet Area,0.0,3.0,1.0,Furnished,Family,Contact Owner
LST100643,Mumbai,Andheri East,Andheri East,2,45000.0,750.0,Super Area,2.0,8.0,2.0,Furnished,Bachelors,Contact Owner
LST102942,Mumbai,Central Avenue Road,"Tridhaatu Bhaveshwar Vilas, Central Avenue Road",4,178500.0,1689.0,Carpet Area,9.0,31.0,4.0,Furnished,Bachelors,Contact Agent
LST102572,Mumbai,Agripada,Agripada,2,72500.0,685.0,Carpet Area,10.0,22.0,2.0,Semi-Furnished,Family,Contact Owner
LST103598,Mumbai,Mira Road,"holy complex ,Mira Road, Mumbai",3,105000.0,1277.0,Super Area,4.0,58.0,3.0,Semi-Furnished,Bachelors,Contact Agent
LST100050,Mumbai,Wadala,"Lodha New Cuffe Parade, Wadala",1,57000.0,500.0,Carpet Area,26.0,44.0,1.0,Semi-Furnished,Bachelors/Family,Contact Agent
LST104645,Mumbai,Film City Road,"Conwood Astoria, Film City Road",2,51500.0,516.0,Super Area,10.0,23.0,1.0,Unfurnished,Bachelors/Family,Contact Agent
LST102686,Mumbai,Waterfield Road,Waterfield Road,4,383000.0,2773.0,Super Area,12.0,13.0,5.0,Furnished,Bachelors/Family,Contact Agent
LST102473,Mumbai,Bandra Kurla Complex,"Kanakia Paris, Bandra Kurla Complex",2,77500.0,712.0,Carpet Area,4.0,27.0,2.0,Semi-Furnished,Bachelors,Contact Owner
LST101849,Mumbai,Powai,"Hiranandani Regent Hill, Powai",2,57500.0,753.0,Super Area,30.0,42.0,2.0,Semi-Furnished,Family,Contact Agent
LST100361,Mumbai,Sakinaka Junction,"Crescent Solitaire, Sakinaka Junction",2,45000.0,630.0,Carpet Area,8.0,13.0,1.0,Semi-Furnished,Bachelors/Family,Contact Agent
LST104707,Mumbai,Agarkar Chowk,"Oberoi Splendor, Agarkar Chowk",4,253000.0,2195.0,Carpet Area,13.0,20.0,4.0,Semi-Furnished,Family,Contact Owner
LST100111,Mumbai,Lodha Ajuro tower lalbag,Lodha Ajuro tower lalbag,3,150000.0,1330.0,Carpet Area,-1.0,40.0,3.0,Unfurnished,Bachelors/Family,Contact Agent
LST102137,Mumbai,Vikhroli,Vikhroli,1,25000.0,399.0,Super Area,10.0,31.0,1.0,Furnished,Family,Contact Agent
LST103896,Mumbai,Andheri West,"Laksharia Tower, Andheri West",2,49000.0,688.0,Carpet Area,5.0,20.0,3.0,Furnished,Bachelors/Family,Contact Agent
LST104338,Mumbai,Prabhadevi,"Beach Towers, Prabhadevi",1,20500.0,396.0,Super Area,35.0,53.0,1.0,Semi-Furnished,Family,Contact Agent
LST103549,Mumbai,Worli Sea Face,Worli Sea Face,1,41500.0,450.0,Super Area,3.0,14.0,1.0,Semi-Furnished,Family,Contact Agent
LST104213,Mumbai,Kandivali East,"Dheeraj Hill View Tower, Thakur Village, Kandivali East",4,296500.0,2381.0,Super Area,15.0,16.0,5.0,Semi-Furnished,Bachelors,Contact Owner
LST100887,Mumbai,Nalasopara West,Nalasopara West,1,6500.0,422.0,Carpet Area,9.0,15.0,2.0,Semi-Furnished,Family,Contact Agent
LST102523,Mumbai,Kemps Corner,"The Primordial House, Kemps Corner",1,21500.0,481.0,Super Area,10.0,19.0,1.0,Semi-Furnished,Bachelors/Family,Contact Owner
LST103486,Mumbai,Madh,"Raheja Exotica Sorento, Madh",3,72500.0,1553.0,Carpet Area,8.0,11.0,2.0,Unfurnished,Bachelors,Contact Agent
LST103306,Mumbai,Lodha Ajuro tower lalbag,Lodha Ajuro tower lalbag,2,69000.0,639.0,Carpet Area,7.0,21.0,1.0,Semi-Furnished,Bachelors,Contact Agent
LST102786,Mumbai,Goregaon East,"Royal Palms, Goregaon East",2,11500.0,593.0,Super Area,8.0,22.0,2.0,Furnished,Bachelors/Family,Contact Agent
LST101738,Mumbai,Goregaon East,"Lodha Fiorenza, Goregaon East",2,72000.0,811.0,Super Area,3.0,9.0,1.0,Unfurnished,Bachelors/Family,Contact Agent
LST104310,Mumbai,Mahajan Wadi,Mahajan Wadi,5,489000.0,3971.0,Super Area,8.0,11.0,6.0,Semi-Furnished,Family,Contact Agent
LST100292,Mumbai,Wadala,"Llyod Estate, Wadala",1,42000.0,700.0,Super Area,15.0,32.0,1.0,Furnished,Bachelors/Family,Contact Agent
LST103491,Mumbai,Bhandup West,"Dreams Complex, Bhandup West",1,20000.0,367.0,Carpet Area,26.0,44.0,1.0,Unfurnished,Bachelors,Contact Owner
LST102174,Mumbai,Wadala,Wadala,2,17500.0,542.0,Super Area,27.0,30.0,3.0,Unfurnished,Bachelors,Contact Agent
LST102695,Mumbai,JB Nagar,JB Nagar,2,44000.0,738.0,Carpet Area,15.0,20.0,3.0,Semi-Furnished,Bachelors/Family,Contact Agent
LST101243,Mumbai,Serenity Complex,Serenity Complex,3,134500.0,1371.0,Super Area,6.0,30.0,3.0,Semi-Furnished,Family,Contact Agent
LST103449,Mumbai,Goregaon East,"Omkar Ananta, Goregaon East",1,42000.0,557.0,Carpet Area,-1.0,16.0,1.0,Furnished,Bachelors/Family,Contact Owner
LST102888,Mumbai,Mira Road East,"Man Opus, Mira Road East",1,17000.0,473.0,Super Area,2.0,6.0,1.0,Furnished,Bachelors/Family,Contact Owner
LST104576,Mumbai,Bhandup Industrial Estate,"Srishti Solitaire, Bhandup Industrial Estate",3,50000.0,859.0,Super Area,46.0,76.0,4.0,Furnished,Bachelors,Contact Owner
LST102597,Mumbai,Bhandup West,"Srishti Elegance, Bhandup West",1,10000.0,472.0,Super Area,19.0,24.0,1.0,Semi-Furnished,Family,Contact Agent
LST103561,Mumbai,Chembur,"Vijaya Heritage, Chembur",2,70500.0,697.0,Carpet Area,10.0,15.0,2.0,Furnished,Family,Contact Agent
LST102240,Mumbai,Reay road east,Reay road east,2,82000.0,879.0,Carpet Area,7.0,27.0,2.0,Furnished,Bachelors,Contact Agent
LST103605,Mumbai,Bandra West,"Sunflower Apartment, Bandra West",2,144000.0,815.0,Carpet Area,13.0,40.0,1.0,Unfurnished,Bachelors/Family,Contact Owner
LST100760,Mumbai,Pali Hill,"Pali Hill Apartment, Pali Hill",2,95000.0,800.0,Carpet Area,6.0,8.0,2.0,Semi-Furnished,Bachelors/Family,Contact Agent
LST104767,Mumbai,Chembur East,"Sabari Ashville, Chembur East",3,18500.0,782.0,Carpet Area,11.0,26.0,4.0,Semi-Furnished,Bachelors,Contact Owner
LST100522,Mumbai,Kandivali West,Kandivali West,3,40000.0,1200.0,Super Area,2.0,4.0,2.0,Semi-Furnished,Family,Contact Owner
LST102534,Mumbai,Chandivali,"Lake Primrose, Chandivali",1,31500.0,348.0,Carpet Area,21.0,33.0,1.0,Semi-Furnished,Bachelors,Contact Agent
LST102347,Mumbai,Powai,"Lake Bloom, Powai",2,71500.0,1689.0,Super Area,9.0,15.0,1.0,Semi-Furnished,Bachelors/Family,Contact Agent
LST102374,Mumbai,Marol,"Kanakia Rainforest, Marol",2,123000.0,995.0,Super Area,65.0,76.0,1.0,Unfurnished,Bachelors/Family,Contact Agent
LST103206,Mumbai,Bhuleshwar,"Universal Neo Galaxy, Bhuleshwar",2,93000.0,753.0,Carpet Area,0.0,8.0,1.0,Unfurnished,Bachelors/Family,Contact Owner
LST100934,Mumbai,Gokuldham,"Valentine Apartments, Gokuldham",2,55000.0,950.0,Carpet Area,7.0,10.0,2.0,Semi-Furnished,Family,Contact Agent
LST104294,Mumbai,Goregaon East,"Shiv Dham Apartment, Goregaon East",3,122500.0,1321.0,Super Area,60.0,71.0,4.0,Furnished,Family,Contact Agent
LST101217,Mumbai,Mira Road East,"Kanungos Garden City, Mira Road East",1,23500.0,355.0,Carpet Area,17.0,34.0,2.0,Furnished,Family,Contact Agent
LST103426,Mumbai,Prabhadevi,Prabhadevi,3,191500.0,1334.0,Carpet Area,7.0,23.0,4.0,Unfurnished,Bachelors/Family,Contact Owner
LST101191,Mumbai,Goregaon East,"Oberoi Woods, Goregaon East",4,165500.0,1968.0,Super Area,5.0,10.0,4.0,Unfurnished,Bachelors,Contact Owner
LST103378,Mumbai,Hindu Colony,Hindu Colony,1,33500.0,457.0,Carpet Area,1.0,9.0,1.0,Semi-Furnished,Bachelors,Contact Owner
LST104991,Mumbai,Yari Road,Yari Road,1,37500.0,548.0,Carpet Area,16.0,36.0,1.0,Unfurnished,Bachelors/Family,Contact Owner
LST102522,Mumbai,Sindhi Society Chembur,"Hari Kunj II, Sindhi Society Chembur",3,156500.0,1558.0,Carpet Area,60.0,77.0,4.0,Furnished,Bachelors,Contact Owner
LST104188,Mumbai,Mahatama Gandhi Road,Mahatama Gandhi Road,1,23000.0,559.0,Carpet Area,13.0,15.0,1.0,Furnished,Family,Contact Agent
LST101173,Mumbai,Sion East,Sion East,2,36500.0,1171.0,Super Area,21.0,34.0,2.0,Unfurnished,Family,Contact Agent
LST100064,Mumbai,Goregaon West,Goregaon West,1,32000.0,450.0,Carpet Area,10.0,18.0,2.0,Unfurnished,Bachelors,Contact Agent
LST102751,Mumbai,Goregaon West,"Sejal Tower, Goregaon West",2,55500.0,813.0,Carpet Area,8.0,27.0,2.0,Unfurnished,Bachelors,Contact Agent
LST103013,Mumbai,Shrikrupa Society,Shrikrupa Society,1,30500.0,434.0,Carpet Area,24.0,55.0,1.0,Semi-Furnished,Bachelors/Family,Contact Owner
LST101237,Mumbai,Santacruz West,"Ekta Trinity, Santacruz West",3,83500.0,1136.0,Super Area,9.0,13.0,4.0,Furnished,Bachelors,Contact Agent
LST104553,Mumbai,Lal Baug,Lal Baug,2,99500.0,826.0,Carpet Area,48.0,69.0,2.0,Furnished,Bachelors/Family,Contact Owner
LST104032,Mumbai,Mindspace,"Ahimsa Marg, Mindspace",1,27500.0,308.0,Carpet Area,6.0,18.0,1.0,Furnished,Family,Contact Owner
LST102132,Mumbai,Wadala,"Lodha New Cuffe Parade, Wadala",2,58500.0,776.0,Super Area,2.0,12.0,1.0,Semi-Furnished,Bachelors,Contact Owner
LST103004,Mumbai,Ekta Nagar,Ekta Nagar,3,176500.0,1555.0,Carpet Area,9.0,18.0,4.0,Unfurnished,Bachelors/Family,Contact Owner
LST102837,Mumbai,Mahavir Nagar,"Leo Ratnakar, Mahavir Nagar",3,81000.0,966.0,Carpet Area,24.0,55.0,3.0,Semi-Furnished,Bachelors/Family,Contact Agent
LST104346,Mumbai,Thakur Complex,"Gokul Regency Apartment, Thakur Complex",4,1013000.0,5257.0,Super Area,34.0,48.0,4.0,Furnished,Bachelors/Family,Contact Agent
LST100528,Mumbai,Seven Bungalows,Seven Bungalows,3,150000.0,1300.0,Carpet Area,6.0,7.0,3.0,Semi-Furnished,Bachelors/Family,Contact Agent
LST104696,Mumbai,Gulmohar Road,Gulmohar Road,1,10000.0,228.0,Carpet Area,32.0,44.0,1.0,Furnished,Family,Contact Owner
LST103345,Mumbai,Mira Road,Mira Road,2,47500.0,787.0,Carpet Area,10.0,32.0,2.0,Semi-Furnished,Bachelors,Contact Owner
LST100370,Mumbai,Kandivali East,"Godrej Tranquil, Kandivali East",1,25000.0,430.0,Carpet Area,7.0,21.0,2.0,Unfurnished,Family,Contact Agent
LST103595,Mumbai,Bhandup West,"Mayuresh Srishti, Bhandup West",3,58000.0,939.0,Carpet Area,16.0,38.0,2.0,Semi-Furnished,Family,Contact Agent
LST103189,Mumbai,Yari Road,"Chanchal Kalyan Complex, Yari Road",3,203000.0,1219.5,Carpet Area,12.0,45.0,4.0,Furnished,Family,Contact Owner
LST103284,Mumbai,Goregaon East,"Dheeraj Valley Tower, Goregaon East",3,84000.0,1099.0,Super Area,10.0,32.0,4.0,Semi-Furnished,Bachelors/Family,Contact Owner
LST100922,Mumbai,Bander Pakhadi,"Orchid Suburbia, Bander Pakhadi",3,55000.0,868.0,Carpet Area,9.0,21.0,3.0,Unfurnished,Family,Contact Agent
LST101801,Mumbai,Chakala,"Rustomjee Central Park, Chakala",4,380500.0,2388.0,Carpet Area,15.0,37.0,4.0,Furnished,Bachelors,Contact Agent
LST102382,Mumbai,Gokuldham,Gokuldham,2,46000.0,835.0,Super Area,7.0,27.0,1.0,Furnished,Bachelors/Family,Contact Agent
LST103220,Mumbai,Pali Hill,"Green Gate Apartment, Pali Hill",3,87000.0,1162.0,Carpet Area,1.0,3.0,3.0,Unfurnished,Family,Contact Owner
LST102578,Mumbai,Gulmohar Road,Gulmohar Road,1,29500.0,320.0,Super Area,12.0,16.0,2.0,Furnished,Family,Contact Agent
LST103563,Mumbai,Govandi Station Road,Govandi Station Road,1,23500.0,522.0,Carpet Area,16.0,31.0,1.0,Unfurnished,Family,Contact Agent
LST100199,Mumbai,Santacruz East,"Kabra Centroid, Santacruz East",2,65000.0,800.0,Carpet Area,12.0,14.0,2.0,Semi-Furnished,Family,Contact Agent
LST100443,Mumbai,Kanch Pada,"Auris Serenity, Kanch Pada",2,68000.0,805.0,Carpet Area,12.0,68.0,3.0,Semi-Furnished,Bachelors/Family,Contact Agent
LST101176,Mumbai,Lokhandwala Complex,"DLH Orchid, Lokhandwala Complex",3,62000.0,989.0,Carpet Area,5.0,15.0,4.0,Unfurnished,Bachelors,Contact Agent
LST101784,Mumbai,Mindspace,"Rustomjee Elanza, Mindspace",4,126500.0,1391.0,Carpet Area,6.0,14.0,4.0,Semi-Furnished,Bachelors/Family,Contact Owner
LST100102,Mumbai,Goregaon East,"Oberoi Woods, Goregaon East",3,85000.0,850.0,Carpet Area,25.0,35.0,3.0,Semi-Furnished,Family,Contact Agent
LST102801,Mumbai,Bhandup West,Bhandup West,2,61000.0,910.0,Super Area,17.0,44.0,3.0,Semi-Furnished,Bachelors,Contact Agent
LST104757,Mumbai,Bhandup West,"Usha Nagar Society, Bhandup West",1,7000.0,523.0,Super Area,6.0,20.0,1.0,Furnished,Bachelors/Family,Contact Agent
LST100453,Mumbai,Peddar Road,Peddar Road,2,100000.0,750.0,Super Area,0.0,6.0,2.0,Furnished,Bachelors/Family,Contact Owner
LST103835,Mumbai,Sunder Nagar,"Dheeraj Kiran CHS Walad West, Sunder Nagar",2,72500.0,890.0,Super Area,9.0,38.0,3.0,Semi-Furnished,Bachelors,Contact Agent
LST103908,Mumbai,Worli,"Sanghvi Evana, Worli",1,11000.0,293.0,Carpet Area,2.0,12.0,2.0,Unfurnished,Bachelors/Family,Contact Agent
LST103627,Mumbai,Altamount Road,Altamount Road,2,69500.0,1238.0,Super Area,0.0,3.0,2.0,Semi-Furnished,Family,Contact Owner
LST102632,Mumbai,Gokuldham,"Raheja Heights Phase 2, Gokuldham",1,46500.0,507.0,Super Area,3.0,36.0,1.0,Furnished,Bachelors,Contact Agent
LST102923,Mumbai,Unknown,,1,23000.0,375.0,Carpet Area,11.0,24.0,1.0,Semi-Furnished,Bachelors/Family,Contact Owner
LST101455,Mumbai,Hiranandani Gardens,"Hiranandani Gardens Odyssey I, Hiranandani Gardens",2,43500.0,549.0,Super Area,19.0,24.0,3.0,Semi-Furnished,Bachelors/Family,Contact Owner
LST103294,Mumbai,Bandra Kurla Complex,"Omkar Meridia, Bandra Kurla Complex",1,13500.0,663.0,Super Area,6.0,16.0,2.0,Unfurnished,Bachelors/Family,Contact Agent
LST102530,Mumbai,Bandra East,"Sethia Grandeur, Bandra East",2,45000.0,607.0,Carpet Area,18.0,28.0,2.0,Furnished,Family,Contact Owner
LST102574,Mumbai,Kanch Pada,"Auris Serenity, Kanch Pada",3,144000.0,1382.0,Super Area,10.0,14.0,4.0,Unfurnished,Family,Contact Agent
LST102479,Mumbai,Mira Road,"holy complex ,Mira Road, Mumbai",4,215500.0,2315.0,Carpet Area,15.0,25.0,3.0,Unfurnished,Bachelors/Family,Contact Owner
LST102140,Mumbai,Yari Road,"Rajesh Raj Classic, Yari Road",3,262000.0,1602.0,Carpet Area,15.0,23.0,3.0,Semi-Furnished,Family,Contact Agent
LST101039,Mumbai,Wadala East,"Dosti Ambrosia, Wadala East",3,139500.0,1264.0,Carpet Area,12.0,68.0,4.0,Unfurnished,Bachelors,Contact Owner
LST102196,Mumbai,Saki Vihar Road,Saki Vihar Road,3,126500.0,1501.0,Carpet Area,12.0,19.0,2.0,Semi-Furnished,Bachelors,Contact Agent
LST101633,Mumbai,Kanjurmarg East,Kanjurmarg East,3,319500.0,1403.0,Carpet Area,9.0,15.0,3.0,Furnished,Bachelors,Contact Owner
LST102107,Mumbai,Parel,"Saraswati Sadan, Parel",2,31500.0,748.0,Carpet Area,1.0,8.0,2.0,Unfurnished,Family,Contact Owner
LST103764,Mumbai,Ghatkopar,"Ambika Siddhi Apartment, Ghatkopar",2,69500.0,851.0,Super Area,2.0,7.0,1.0,Semi-Furnished,Family,Contact Agent
LST100834,Mumbai,Sion Trombay Road,Sion Trombay Road,2,55000.0,650.0,Carpet Area,5.0,15.0,2.0,Unfurnished,Bachelors/Family,Contact Agent
LST104523,Mumbai,Goregaon East,"Lodha Fiorenza, Goregaon East",1,19500.0,394.0,Super Area,30.0,45.0,2.0,Furnished,Bachelors/Family,Contact Owner
LST103567,Mumbai,Andheri East,"Trans Residency, Andheri East",3,80500.0,1355.0,Super Area,1.0,22.0,3.0,Furnished,Bachelors,Contact Owner
LST101856,Mumbai,Unknown,Mumbai Central,1,31500.0,484.0,Super Area,0.0,7.0,1.0,Unfurnished,Bachelors/Family,Contact Owner
LST100099,Mumbai,Juhu Tara,Juhu Tara,4,220000.0,2000.0,Carpet Area,9.0,17.0,4.0,Furnished,Bachelors/Family,Contact Agent
LST100240,Mumbai,Chandivali,"Nahar Amrit Shakti powai, Chandivali",3,80000.0,1100.0,Carpet Area,18.0,22.0,2.0,Furnished,Bachelors/Family,Contact Agent
LST103959,Mumbai,Borivali West,"Parinee Adney, Borivali West",2,62000.0,679.0,Super Area,14.0,20.0,3.0,Furnished,Bachelors,Contact Agent
LST102052,Mumbai,Napean Sea Road,"simla house at nepeasea road, Napean Sea Road",2,54000.0,1081.0,Carpet Area,30.0,58.0,3.0,Semi-Furnished,Family,Contact Agent
LST103805,Mumbai,Pathanwadi,"Alta Monte, Pathanwadi",1,33000.0,435.0,Super Area,7.0,23.0,2.0,Furnished,Family,Contact Agent
LST104107,Mumbai,Prabhadevi,"MHADA Century Mill, Prabhadevi",3,87500.0,1160.0,Super Area,11.0,20.0,3.0,Semi-Furnished,Bachelors,Contact Owner
LST104034,Mumbai,Mehboob Studio,Mehboob Studio,4,129000.0,1787.0,Carpet Area,16.0,32.0,4.0,Furnished,Family,Contact Owner
LST101606,Mumbai,Sewri,"Dosti Flamingo, Sewri",2,61500.0,996.0,Carpet Area,18.0,21.0,2.0,Semi-Furnished,Family,Contact Owner
LST104746,Mumbai,Kanjurmarg West,"Tulip at Runwal Forests, Kanjurmarg West",3,53500.0,1005.0,Super Area,9.0,55.0,4.0,Unfurnished,Family,Contact Agent
LST104024,Mumbai,Ghatla,Ghatla,1,14500.0,434.0,Super Area,43.0,78.0,1.0,Unfurnished,Family,Contact Owner
LST101657,Mumbai,Parel,"Ashok tower, Parel",2,68000.0,965.0,Carpet Area,9.0,12.0,2.0,Unfurnished,Bachelors/Family,Contact Agent
LST104350,Mumbai,Akurli Nagar,"Kalpataru Towers, Akurli Nagar",1,17000.0,474.0,Carpet Area,18.0,19.0,2.0,Semi-Furnished,Family,Contact Agent
LST103275,Mumbai,Unknown,,1,26500.0,593.0,Carpet Area,5.0,12.0,1.0,Semi-Furnished,Family,Contact Agent
LST100120,Mumbai,Vile Parle West,Vile Parle West,1,18000.0,300.0,Super Area,4.0,6.0,1.0,Semi-Furnished,Bachelors/Family,Contact Owner
LST101951,Mumbai,Wadala,"Lodha New Cuffe Parade, Wadala",2,48500.0,849.0,Super Area,8.0,23.0,2.0,Semi-Furnished,Bachelors/Family,Contact Owner
LST104844,Mumbai,Andheri West,"Oberoi Springs, Andheri West",2,46000.0,710.0,Super Area,5.0,18.0,3.0,Unfurnished,Bachelors/Family,Contact Agent
LST100896,Mumbai,Bandra East,"Sethia Grandeur, Bandra East",2,75000.0,800.0,Carpet Area,19.0,20.0,3.0,Semi-Furnished,Bachelors,Contact Agent
LST101813,Mumbai,WORLI,"MAHALAXMI CHS, WORLI",3,78000.0,1174.0,Carpet Area,4.0,14.0,2.0,Unfurnished,Family,Contact Owner
LST103851,Mumbai,Ghatla,"vanamali chs ghatla, Ghatla",1,29500.0,504.0,Super Area,12.0,14.0,2.0,Furnished,Bachelors,Contact Owner
LST101059,Mumbai,Bhandup West,"Usha Nagar Society, Bhandup West",2,208500.0,1081.0,Super Area,4.0,20.0,1.0,Semi-Furnished,Family,Contact Agent
LST103031,Mumbai,Chakala MIDC,"Hillcrest, Chakala MIDC",1,30500.0,522.0,Carpet Area,20.0,39.0,2.0,Furnished,Bachelors/Family,Contact Agent
LST103801,Mumbai,Kandivali East,Kandivali East,3,83500.0,1041.0,Super Area,3.0,3.0,3.0,Furnished,Bachelors/Family,Contact Owner
LST104273,Mumbai,Central Avenue Road,"Tridhaatu Bhaveshwar Vilas, Central Avenue Road",4,396000.0,1970.0,Super Area,7.0,28.0,5.0,Furnished,Bachelors,Contact Owner
LST102821,Mumbai,Bhandup West,"Marathon Embryo, Bhandup West",2,53500.0,903.0,Carpet Area,16.0,23.0,1.0,Semi-Furnished,Family,Contact Agent
LST103094,Mumbai,Kandivali East,"Dheeraj Hill View Tower, Thakur Village, Kandivali East",2,10000.0,635.0,Carpet Area,11.0,28.0,1.0,Furnished,Bachelors/Family,Contact Owner
LST100929,Mumbai,Vile Parle West,"Irla, Vile Parle West",1,45000.0,500.0,Carpet Area,2.0,3.0,1.0,Unfurnished,Bachelors,Contact Agent
LST101732,Mumbai,Prabhadevi,"Ivory Tower, Prabhadevi",3,107500.0,883.0,Super Area,16.0,29.0,4.0,Furnished,Bachelors/Family,Contact Owner
LST104930,Mumbai,Srinagarchs chembur west near sankralyammandir,Srinagarchs chembur west near sankralyammandir,2,33000.0,777.0,Super Area,18.0,20.0,2.0,Furnished,Bachelors/Family,Contact Agent
LST101630,Mumbai,Ghatla,Ghatla,2,101000.0,797.0,Carpet Area,1.0,20.0,2.0,Furnished,Family,Contact Agent
LST103366,Mumbai,Parel,"TATA Falcon Crest, Parel",2,52500.0,914.0,Carpet Area,2.0,6.0,2.0,Furnished,Bachelors,Contact Owner
LST101925,Mumbai,Parel,"Ashok tower, Parel",2,100500.0,887.0,Super Area,11.0,20.0,2.0,Furnished,Bachelors,Contact Agent
LST102802,Mumbai,Bhandup West,"Marathon Embryo, Bhandup West",2,43500.0,753.0,Super Area,0.0,3.0,3.0,Furnished,Family,Contact Agent
LST101501,Mumbai,Chembur,"diamond garden, Chembur",2,32500.0,645.0,Carpet Area,10.0,31.0,2.0,Furnished,Family,Contact Owner
LST101816,Mumbai,Yari Road,"Chanchal Kalyan Complex, Yari Road",4,186500.0,1890.0,Carpet Area,24.0,60.0,3.0,Semi-Furnished,Family,Contact Owner
LST101260,Mumbai,Kalina,"Sundar Nagar, Kalina",2,127500.0,800.0,Carpet Area,6.0,11.0,2.0,Semi-Furnished,Bachelors/Family,Contact Owner
LST102561,Mumbai,orchid suburbia,orchid suburbia,1,30000.0,673.0,Super Area,16.0,18.0,1.0,Unfurnished,Bachelors/Family,Contact Owner
LST104210,Mumbai,Lal Baug,Lal Baug,2,96000.0,821.0,Carpet Area,60.0,77.0,2.0,Unfurnished,Bachelors,Contact Owner
LST100605,Mumbai,Sakinaka Junction,"Dsk Madhuban, Sakinaka Junction",2,50000.0,850.0,Carpet Area,8.0,10.0,2.0,Unfurnished,Bachelors/Family,Contact Agent
LST101278,Mumbai,Lokhandwala Twp,"Oasis, Lokhandwala Twp",3,91500.0,1546.0,Carpet Area,17.0,42.0,4.0,Semi-Furnished,Bachelors/Family,Contact Owner
LST104990,Mumbai,BORIVALI WEST,"PARINEE ADNEY, BORIVALI WEST",4,118000.0,1260.0,Super Area,16.0,20.0,5.0,Semi-Furnished,Bachelors,Contact Agent
LST103509,Mumbai,Ghatla,"vanamali chs ghatla, Ghatla",2,43000.0,561.0,Carpet Area,6.0,45.0,2.0,Furnished,Bachelors,Contact Owner
LST103098,Mumbai,Ghatkopar West,Ghatkopar West,2,68500.0,850.0,Carpet Area,8.0,16.0,2.0,Unfurnished,Bachelors/Family,Contact Owner
LST103409,Mumbai,Mulund West,"Yogi Hills, Mulund West",1,8000.0,586.0,Super Area,0.0,8.0,1.0,Unfurnished,Family,Contact Agent
LST103327,Mumbai,Park Site Colony,"Mayfair Sonata Greens, Park Site Colony",2,735000.0,900.0,Super Area,47.0,89.0,2.0,Unfurnished,Bachelors/Family,Contact Owner
LST102430,Mumbai,7 Bungalows Andheri West,7 Bungalows Andheri West,3,167500.0,1645.0,Carpet Area,7.0,21.0,3.0,Unfurnished,Family,Contact Owner
LST104620,Mumbai,Kandivali East,"Alpine Shapoorji Pallonji, Thakur Village, Kandivali East",3,45500.0,1098.0,Carpet Area,9.0,32.0,4.0,Furnished,Bachelors/Family,Contact Owner
LST100514,Mumbai,Powai,Powai,3,100000.0,1740.0,Super Area,21.0,22.0,4.0,Furnished,Bachelors/Family,Contact Owner
LST101783,Mumbai,Bhandari Compound,"Sonal Apartment, Bhandari Compound",2,50500.0,725.0,Carpet Area,15.0,37.0,1.0,Unfurnished,Bachelors/Family,Contact Owner
LST100396,Mumbai,Malabar Hill,Malabar Hill,1,75000.0,575.0,Carpet Area,1.0,9.0,1.0,Semi-Furnished,Family,Contact Agent
LST104623,Mumbai,4 Bunglows,"HDIL Metropolis, 4 Bunglows",3,133500.0,1498.0,Carpet Area,17.0,45.0,4.0,Furnished,Bachelors/Family,Contact Owner
LST101230,Mumbai,Nahur Gaothan,Nahur Gaothan,2,55000.0,895.0,Carpet Area,-1.0,16.0,1.0,Furnished,Bachelors,Contact Agent
LST103440,Mumbai,Sai Nagar,"Kanakia Hollywood, Sai Nagar",2,58500.0,861.0,Carpet Area,47.0,89.0,2.0,Semi-Furnished,Bachelors,Contact Agent
LST103643,Mumbai,shanti kutir tunga village powai,shanti kutir tunga village powai,1,58500.0,536.0,Carpet Area,25.0,50.0,2.0,Semi-Furnished,Family,Contact Owner
LST100254,Mumbai,Powai,"Lake Superior, Powai",4,230000.0,3700.0,Carpet Area,5.0,20.0,4.0,Furnished,Bachelors/Family,Contact Agent
LST104191,Mumbai,Film City Road,"Conwood Astoria, Film City Road",1,54000.0,474.0,Super Area,12.0,21.0,1.0,Semi-Furnished,Bachelors,Contact Owner
LST101387,Mumbai,Kandivali East,"Gokul Gagan, Thakur Village, Kandivali East",5,337500.0,3099.0,Super Area,7.0,27.0,5.0,Furnished,Bachelors/Family,Contact Owner
LST101481,Mumbai,Chembur,"Sindhi Society, Chembur",2,47500.0,675.0,Super Area,-1.0,40.0,3.0,Furnished,Bachelors,Contact Owner
LST102488,Mumbai,Worli,"lokhandwala residency, Worli",2,118000.0,684.0,Carpet Area,24.0,24.0,2.0,Furnished,Bachelors,Contact Agent
LST104292,Mumbai,Worli,"lokhandwala residency, Worli",2,53500.0,537.0,Carpet Area,7.0,28.0,2.0,Furnished,Family,Contact Owner
LST104942,Mumbai,Virar,Virar,3,80500.0,1027.0,Carpet Area,20.0,31.0,4.0,Semi-Furnished,Bachelors/Family,Contact Agent
LST104996,Mumbai,Kandivali East,"Dheeraj Hill View Tower, Thakur Village, Kandivali East",2,110000.0,761.0,Carpet Area,15.0,36.0,2.0,Unfurnished,Family,Contact Owner
LST103223,Mumbai,Lal Baug,"Royal Residency, Lal Baug",1,23500.0,380.0,Carpet Area,35.0,55.0,1.0,Semi-Furnished,Bachelors,Contact Agent
LST102006,Mumbai,Marol,"Kanakia Rainforest, Marol",1,17500.0,726.0,Carpet Area,4.0,22.0,2.0,Furnished,Family,Contact Agent
LST104028,Mumbai,Unknown,Navi Mumbai-Khargar-Panvel,1,57000.0,578.0,Super Area,4.0,12.0,1.0,Furnished,Bachelors,Contact Owner
LST102398,Mumbai,Chembur,Chembur,1,57500.0,419.0,Carpet Area,6.0,20.0,1.0,Unfurnished,Bachelors,Contact Owner
LST103997,Mumbai,Jankalyan Nagar,Jankalyan Nagar,1,20500.0,272.0,Carpet Area,25.0,41.0,1.0,Semi-Furnished,Family,Contact Owner
LST100954,Mumbai,Sion East,Sion East,1,38000.0,550.0,Carpet Area,6.0,10.0,2.0,Unfurnished,Bachelors,Contact Agent
LST104272,Mumbai,Andheri West,"Windsor Grande Residences, Andheri West",2,75000.0,733.0,Carpet Area,18.0,33.0,2.0,Semi-Furnished,Bachelors/Family,Contact Owner
LST100831,Mumbai,Yari Road,"Rajesh Raj Classic, Yari Road",3,95000.0,1350.0,Carpet Area,8.0,16.0,3.0,Furnished,Bachelors/Family,Contact Agent
LST100347,Mumbai,Anand niwas,Anand niwas,3,200000.0,1350.0,Carpet Area,1.0,5.0,3.0,Furnished,Bachelors,Contact Agent
LST100600,Mumbai,Madh,"Raheja Exotica Sorento, Madh",3,57000.0,1325.0,Carpet Area,15.0,36.0,4.0,Furnished,Bachelors/Family,Contact Agent
LST100958,Mumbai,worli,"world one tower mumbai, worli",4,380000.0,2800.0,Carpet Area,36.0,81.0,5.0,Unfurnished,Bachelors,Contact Agent
LST104313,Mumbai,Lokhandwala Twp,"Lokhandwala Octacrest, Lokhandwala Twp",2,36000.0,675.0,Carpet Area,-1.0,42.0,1.0,Unfurnished,Family,Contact Owner
LST103112,Mumbai,Malad West,"Shiv Ganga Apartment, Malad West",2,57500.0,832.0,Carpet Area,13.0,20.0,1.0,Furnished,Family,Contact Agent
LST104104,Mumbai,thakur complex,thakur complex,3,79000.0,988.0,Super Area,45.0,77.0,3.0,Unfurnished,Bachelors/Family,Contact Agent
LST103777,Mumbai,Altamount Road,Altamount Road,1,15000.0,245.0,Carpet Area,9.0,18.0,1.0,Unfurnished,Bachelors/Family,Contact Owner
LST102570,Mumbai,Kandivali West,"Sakhi, Kandivali West",1,20000.0,308.0,Carpet Area,24.0,55.0,1.0,Semi-Furnished,Family,Contact Agent
LST101178,Mumbai,Santacruz East,Santacruz East,1,89000.0,637.0,Super Area,8.0,44.0,1.0,Semi-Furnished,Bachelors/Family,Contact Agent
LST104940,Mumbai,Kemps Corner,"The Primordial House, Kemps Corner",1,38000.0,488.0,Super Area,0.0,8.0,1.0,Unfurnished,Bachelors,Contact Agent
LST103158,Mumbai,Chandivali,"Panch Ritu, Chandivali",2,70500.0,1034.0,Super Area,5.0,9.0,3.0,Unfurnished,Family,Contact Agent
LST100001,Mumbai,Santacruz West,Santacruz West,2,70000.0,750.0,Carpet Area,4.0,10.0,2.0,Furnished,Bachelors/Family,Contact Agent
LST104713,Mumbai,Bandra West,"Smoky Hill Apartment, Bandra West",2,63000.0,1038.0,Carpet Area,9.0,17.0,2.0,Furnished,Bachelors/Family,Contact Agent
LST101465,Mumbai,Kandivali East,"Vasant Sagar, Thakur Village, Kandivali East",2,40500.0,729.0,Carpet Area,19.0,27.0,1.0,Furnished,Bachelors,Contact Owner
LST101294,Mumbai,Nalasopara,"Deep Heights, Nalasopara",2,63500.0,753.0,Super Area,12.0,25.0,3.0,Furnished,Family,Contact Agent
LST101055,Mumbai,Beverly Park,Beverly Park,3,47500.0,998.0,Super Area,16.0,23.0,4.0,Semi-Furnished,Family,Contact Agent
LST100035,Mumbai,Chembur,"Kyraa Ariso Apartment, Chembur",1,30000.0,488.0,Carpet Area,-1.0,16.0,2.0,Semi-Furnished,Bachelors/Family,Contact Owner
LST104152,Mumbai,Suram Park Society,Suram Park Society,3,81500.0,1758.0,Carpet Area,2.0,3.0,3.0,Semi-Furnished,Family,Contact Agent
LST100593,Mumbai,Goregaon West,Goregaon West,3,55000.0,850.0,Carpet Area,6.0,7.0,3.0,Unfurnished,Bachelors,Contact Agent
LST104149,Mumbai,Charkop,Charkop,2,58500.0,741.0,Carpet Area,7.0,22.0,2.0,Semi-Furnished,Bachelors/Family,Contact Owner
LST104971,Mumbai,Andheri East,"Eco Residency, Andheri East",3,46500.0,769.0,Carpet Area,10.0,20.0,2.0,Semi-Furnished,Family,Contact Owner
LST102539,Mumbai,Worli,"Trump Tower, Worli",2,47000.0,958.0,Carpet Area,25.0,35.0,2.0,Semi-Furnished,Bachelors/Family,Contact Owner
LST102073,Mumbai,Mira Road East,Mira Road East,2,60000.0,764.0,Carpet Area,5.0,23.0,1.0,Semi-Furnished,Bachelors/Family,Contact Agent
LST102627,Mumbai,Perry Rd,Perry Rd,3,63000.0,988.0,Carpet Area,18.0,32.0,3.0,Semi-Furnished,Bachelors/Family,Contact Owner
LST101307,Mumbai,Thakur Complex,"MUKTA MAHEK, Thakur Complex",2,53500.0,753.0,Super Area,19.0,22.0,2.0,Semi-Furnished,Bachelors/Family,Contact Owner
LST101314,Mumbai,Kalina,"Sundar Nagar, Kalina",3,166000.0,1235.0,Super Area,8.0,8.0,3.0,Semi-Furnished,Family,Contact Agent
LST102356,Mumbai,Lokhandwala Complex,"Ballerina Apartment, Lokhandwala Complex",1,22500.0,458.0,Carpet Area,19.0,33.0,2.0,Unfurnished,Family,Contact Owner
LST100609,Mumbai,Kandivali West,"Acme Avenue, Kandivali West",2,33000.0,700.0,Carpet Area,15.0,28.0,2.0,Unfurnished,Bachelors,Contact Agent
LST104819,Mumbai,Bandra West,"Siddhivinayak, Bandra West",3,185000.0,1377.0,Carpet Area,19.0,33.0,2.0,Unfurnished,Family,Contact Owner
LST102119,Mumbai,Andheri West,"DLH Orchid, Andheri West",2,48000.0,792.0,Super Area,14.0,17.0,2.0,Semi-Furnished,Bachelors/Family,Contact Agent
LST103150,Mumbai,Malad West,"Shiv Ganga Apartment, Malad West",3,354500.0,1219.5,Carpet Area,5.0,8.0,2.0,Unfurnished,Bachelors,Contact Owner
LST104564,Mumbai,Irani Wada,"Sethia Kalpavruksh Heights, Irani Wada",3,83500.0,1286.0,Carpet Area,50.0,75.0,3.0,Furnished,Family,Contact Owner
LST100743,Mumbai,Powai,"Hiranandani Regent Hill, Powai",1,53000.0,379.0,Carpet Area,21.0,23.0,1.0,Semi-Furnished,Bachelors,Contact Agent
LST103511,Mumbai,Mahim,Mahim,3,170000.0,1219.5,Super Area,16.0,32.0,2.0,Unfurnished,Family,Contact Owner
LST101326,Mumbai,Sindhi Society Chembur,Sindhi Society Chembur,3,55000.0,1302.0,Super Area,14.0,14.0,4.0,Semi-Furnished,Family,Contact Owner
LST101323,Mumbai,Chakala MIDC,"Lodha Eternis, Chakala MIDC",2,46000.0,1033.0,Carpet Area,3.0,6.0,2.0,Unfurnished,Bachelors,Contact Agent
LST103769,Mumbai,Gandhi Market,Gandhi Market,3,246000.0,1817.0,Super Area,2.0,17.0,2.0,Furnished,Family,Contact Agent
LST100739,Mumbai,Jankalyan Nagar,"Ratan Silicon Park, Jankalyan Nagar",1,26000.0,450.0,Carpet Area,9.0,20.0,2.0,Unfurnished,Family,Contact Agent
LST101672,Mumbai,Waterfield Road,Waterfield Road,1,20000.0,450.0,Super Area,5.0,15.0,1.0,Unfurnished,Bachelors,Contact Owner
LST101301,Mumbai,Wadala East,"Lodha New Cuffe Parade, Wadala East",1,37500.0,549.0,Super Area,21.0,25.0,2.0,Semi-Furnished,Bachelors,Contact Owner
LST104296,Mumbai,Kandivali East,"Thakur Jewel, Thakur Village, Kandivali East",4,447500.0,1970.0,Super Area,10.0,23.0,3.0,Unfurnished,Bachelors,Contact Owner
LST101087,Mumbai,Unknown,,1,15500.0,443.0,Carpet Area,10.0,21.0,1.0,Unfurnished,Bachelors,Contact Agent
LST103729,Mumbai,Beverly Park,"Marigold-5, Beverly Park",1,31000.0,383.0,Carpet Area,30.0,37.0,2.0,Furnished,Family,Contact Owner
LST104397,Mumbai,Mulund West,"Wadhwa Atmoshphere, Mulund West",2,45500.0,744.0,Super Area,16.0,18.0,1.0,Furnished,Bachelors,Contact Owner
LST101836,Mumbai,Mount Mary,"Mount Marry, Mount Mary",3,157500.0,1192.0,Super Area,4.0,13.0,3.0,Semi-Furnished,Bachelors/Family,Contact Owner
LST101712,Mumbai,Parel,"Lodha Venezia, Parel",1,47000.0,545.0,Super Area,9.0,11.0,2.0,Semi-Furnished,Bachelors/Family,Contact Owner
LST100150,Mumbai,Friends Colony,Friends Colony,1,25000.0,410.0,Carpet Area,4.0,8.0,1.0,Semi-Furnished,Bachelors,Contact Agent
LST102120,Mumbai,Ghatla,Ghatla,3,382500.0,1219.5,Carpet Area,1.0,22.0,4.0,Semi-Furnished,Bachelors,Contact Agent
LST100144,Mumbai,Mazgaon,Mazgaon,1,25000.0,450.0,Super Area,4.0,6.0,1.0,Semi-Furnished,Family,Contact Owner
LST103303,Mumbai,Mindspace,"Mindspace, Mindspace",2,44500.0,552.0,Carpet Area,25.0,43.0,2.0,Semi-Furnished,Bachelors,Contact Owner
LST100046,Mumbai,Bhakti Park,"Ajmera Bhakti Park, Bhakti Park",2,65000.0,710.0,Carpet Area,11.0,14.0,2.0,Semi-Furnished,Bachelors/Family,Contact Agent
LST102815,Mumbai,Jankalyan Nagar,"Ratan Silicon Park, Jankalyan Nagar",2,28500.0,644.0,Carpet Area,7.0,11.0,1.0,Unfurnished,Bachelors/Family,Contact Agent
LST103768,Mumbai,Goregaon East,"Oberoi Esquire, Goregaon East",1,30000.0,469.0,Super Area,21.0,58.0,1.0,Furnished,Bachelors,Contact Owner
LST103918,Mumbai,Chembur,"Safal Saraswati, Chembur",2,76500.0,710.0,Carpet Area,4.0,24.0,1.0,Unfurnished,Bachelors,Contact Agent
LST101408,Mumbai,Naigaon East,Naigaon East,2,52500.0,718.0,Super Area,6.0,7.0,2.0,Furnished,Bachelors/Family,Contact Owner
LST101592,Mumbai,Lower Parel,"Neumec Elegance, Lower Parel",1,18500.0,487.0,Super Area,5.0,14.0,1.0,Unfurnished,Family,Contact Agent
LST101811,Mumbai,Hiranandani Gardens,Hiranandani Gardens,2,52000.0,874.0,Carpet Area,16.0,37.0,2.0,Semi-Furnished,Bachelors/Family,Contact Agent
LST100138,Mumbai,Kandivali East,"Evershine Millenium Paradise, Thakur Village, Kandivali East",2,35000.0,700.0,Carpet Area,5.0,7.0,2.0,Semi-Furnished,Bachelors/Family,Contact Agent
LST100004,Mumbai,Mira Road,Mira Road,1,14000.0,640.0,Super Area,6.0,7.0,1.0,Furnished,Bachelors/Family,Contact Owner
LST104651,Mumbai,Juhu,Juhu,3,76000.0,1436.0,Carpet Area,76.0,78.0,3.0,Unfurnished,Bachelors,Contact Agent
LST100741,Mumbai,Mulund West,"Vasant Oscar, Mulund West",2,41000.0,600.0,Carpet Area,4.0,8.0,2.0,Furnished,Family,Contact Agent
LST100257,Mumbai,Malad West,"Lovedale Residences, Malad West",3,61000.0,1550.0,Carpet Area,5.0,20.0,3.0,Semi-Furnished,Bachelors/Family,Contact Owner
LST101523,Mumbai,Worli Hill,"Lodha Kiara, Worli Hill",2,21000.0,1052.0,Super Area,17.0,42.0,2.0,Unfurnished,Bachelors,Contact Owner
LST103465,Mumbai,Powai,Powai,2,91500.0,835.0,Super Area,40.0,50.0,2.0,Semi-Furnished,Bachelors/Family,Contact Agent
LST102711,Mumbai,Chembur,"Madhugiri Society, Chembur",5,192500.0,1966.0,Super Area,15.0,28.0,5.0,Unfurnished,Bachelors/Family,Contact Owner
LST100959,Mumbai,Hiranandani Gardens,"Hiranandani Regent Hill, Hiranandani Gardens",1,50000.0,400.0,Carpet Area,10.0,22.0,1.0,Semi-Furnished,Bachelors/Family,Contact Agent
LST101177,Mumbai,Ashok Van,Ashok Van,2,58000.0,523.0,Super Area,5.0,22.0,2.0,Unfurnished,Bachelors/Family,Contact Owner
LST101868,Mumbai,Lokhandwala Complex,"Magnum Tower CHS, Lokhandwala Complex",1,56500.0,599.0,Carpet Area,4.0,5.0,1.0,Unfurnished,Family,Contact Agent
LST101952,Mumbai,Film City Road,"Riddhi Garden, Film City Road",3,213500.0,1601.0,Super Area,18.0,25.0,4.0,Unfurnished,Family,Contact Agent
LST103655,Mumbai,Chandivali,"L&T Emerald Isle, Chandivali",1,15500.0,416.0,Carpet Area,-1.0,33.0,2.0,Semi-Furnished,Bachelors,Contact Owner
LST103173,Mumbai,Unknown,,3,36000.0,700.0,Carpet Area,8.0,14.0,4.0,Unfurnished,Bachelors/Family,Contact Owner
LST100980,Mumbai,Hiranandani Gardens,"Hiranandani Regent Hill, Hiranandani Gardens",1,26500.0,343.0,Carpet Area,2.0,24.0,1.0,Furnished,Bachelors/Family,Contact Owner
LST102331,Mumbai,Sindhi Society Chembur,"Hari Kunj II, Sindhi Society Chembur",1,22500.0,371.0,Super Area,18.0,23.0,2.0,Furnished,Bachelors/Family,Contact Agent
LST104050,Mumbai,Powai,"Shiv Bhagtani Manor 3A, Powai",2,7500.0,586.0,Carpet Area,2.0,4.0,3.0,Semi-Furnished,Family,Contact Owner
LST100862,Mumbai,Powai,"Hiranandani Castle Rock, Powai",2,80000.0,800.0,Carpet Area,7.0,22.0,2.0,Semi-Furnished,Bachelors/Family,Contact Agent
LST101544,Mumbai,Bandra Band Stand,"Band Stand, Bandra Band Stand",3,141000.0,1272.0,Super Area,18.0,28.0,2.0,Semi-Furnished,Family,Contact Owner
LST104189,Mumbai,Dina Bama Estate,Dina Bama Estate,1,32500.0,450.0,Super Area,5.0,21.0,1.0,Furnished,Bachelors,Contact Owner
LST100778,Mumbai,Gokuldham,"DB Woods, Gokuldham",4,140000.0,2000.0,Carpet Area,6.0,45.0,4.0,Furnished,Family,Contact Agent
LST102977,Mumbai,Unknown,Mumbai Central,1,16500.0,432.0,Super Area,35.0,60.0,1.0,Furnished,Family,Contact Owner
LST100281,Mumbai,Ghatkopar East,Ghatkopar East,2,50000.0,950.0,Super Area,4.0,8.0,2.0,Furnished,Bachelors/Family,Contact Owner
LST102737,Mumbai,Goregaon East,Goregaon East,2,34500.0,503.0,Carpet Area,34.0,46.0,2.0,Semi-Furnished,Family,Contact Agent
LST100641,Mumbai,Kalina,Kalina,3,110000.0,1300.0,Carpet Area,4.0,12.0,3.0,Semi-Furnished,Bachelors/Family,Contact Agent
LST104983,Mumbai,Wadala East,"Lodha New Cuffe Parade, Wadala East",2,52500.0,704.0,Super Area,7.0,19.0,2.0,Furnished,Bachelors,Contact Owner
LST102230,Mumbai,Seven Bungalows,Seven Bungalows,2,43000.0,508.0,Carpet Area,60.0,71.0,2.0,Semi-Furnished,Family,Contact Agent
LST101807,Mumbai,Yari Road,Yari Road,3,192000.0,1521.0,Carpet Area,6.0,15.0,3.0,Furnished,Bachelors/Family,Contact Owner
LST900043,Mumbai,Seven Bungalows,"Shimpla Vighnaharta CHS, Seven Bungalows",2,9000.0,666.0,Carpet Area,25.0,43.0,2.0,Unfurnished,Family,Contact Agent
LST103954,Mumbai,Kalina,"Sundar Nagar, Kalina",2,52000.0,870.0,Super Area,9.0,38.0,3.0,Unfurnished,Bachelors,Contact Agent
LST103018,Mumbai,GOREGAON EAST,"ROMELL AETHER, GOREGAON EAST",4,279500.0,2315.0,Super Area,6.0,43.0,4.0,Semi-Furnished,Family,Contact Agent
LST102866,Mumbai,Bandra East,"Sethia Grandeur, Bandra East",4,169500.0,1981.0,Super Area,10.0,12.0,3.0,Semi-Furnished,Family,Contact Owner
LST104200,Mumbai,Lokhandwala Twp,"Sapphire Heights, Lokhandwala Twp",2,34500.0,644.0,Carpet Area,19.0,36.0,2.0,Furnished,Bachelors,Contact Agent
LST100063,Mumbai,Andheri East,Andheri East,2,38000.0,560.0,Carpet Area,0.0,3.0,2.0,Furnished,Bachelors,Contact Owner
LST103521,Mumbai,Poonam Gardens,"Swayam Apartment, Poonam Gardens",3,83000.0,1305.0,Super Area,7.0,17.0,4.0,Furnished,Family,Contact Owner
LST101650,Mumbai,worli,"lodha the park, worli",1,30500.0,444.0,Super Area,14.0,68.0,2.0,Unfurnished,Bachelors/Family,Contact Owner
LST104789,Mumbai,Andheri West,"Platinum Prive, Andheri West",2,39500.0,548.0,Super Area,11.0,26.0,2.0,Semi-Furnished,Bachelors,Contact Owner
LST102951,Mumbai,New Devchhaya Building,New Devchhaya Building,4,165000.0,2274.0,Carpet Area,6.0,18.0,4.0,Furnished,Family,Contact Owner
LST101300,Mumbai,Powai,"Raheja Vista, Powai",1,36500.0,537.0,Super Area,19.0,29.0,1.0,Unfurnished,Bachelors,Contact Owner
LST102550,Mumbai,Chembur,"MJ Shah Centrio, Chembur",1,31000.0,479.0,Carpet Area,11.0,25.0,1.0,Unfurnished,Family,Contact Owner
LST100040,Mumbai,Kanjurmarg East,"NG Royal Park, Kanjurmarg East",2,40000.0,680.0,Carpet Area,5.0,14.0,2.0,Furnished,Bachelors,Contact Agent
LST104456,Mumbai,GREEN PARK,GREEN PARK,3,125500.0,1886.0,Super Area,4.0,6.0,3.0,Unfurnished,Bachelors/Family,Contact Owner
LST101199,Mumbai,7 Bungalows Andheri West,7 Bungalows Andheri West,2,65500.0,753.0,Super Area,16.0,21.0,1.0,Unfurnished,Bachelors,Contact Agent
LST104151,Mumbai,Ghatkopar West,Ghatkopar West,1,64500.0,410.0,Super Area,14.0,15.0,1.0,Semi-Furnished,Bachelors,Contact Owner
LST104084,Mumbai,Dadar West,"Salvation CHS, Dadar West",2,58500.0,1268.0,Super Area,20.0,31.0,2.0,Unfurnished,Family,Contact Agent
LST104532,Mumbai,Lower Parel,"India Bulls Sky Forest, Lower Parel",3,73000.0,981.0,Carpet Area,5.0,24.0,3.0,Furnished,Bachelors,Contact Owner
LST100068,Mumbai,Kanjurmarg West,Kanjurmarg West,2,45000.0,630.0,Carpet Area,10.0,32.0,2.0,Unfurnished,Bachelors,Contact Agent
LST100444,Mumbai,Kanjurmarg West,"Runwal Forests, Kanjurmarg West",2,48000.0,742.0,Carpet Area,17.0,36.0,2.0,Unfurnished,Family,Contact Agent
LST101420,Mumbai,in Mira Road,in Mira Road,3,108500.0,1083.0,Super Area,10.0,17.0,4.0,Furnished,Bachelors,Contact Agent
LST100270,Mumbai,Worli,Worli,1,19000.0,225.0,Super Area,18.0,25.0,1.0,Semi-Furnished,Bachelors/Family,Contact Owner
LST103182,Mumbai,Thakur Complex,"MUKTA MAHEK, Thakur Complex",1,27500.0,368.0,Super Area,2.0,22.0,1.0,Semi-Furnished,Bachelors/Family,Contact Owner
LST104153,Mumbai,Lokhandwala Twp,"Lokhandwala Octacrest, Lokhandwala Twp",2,18000.0,696.0,Super Area,15.0,18.0,2.0,Semi-Furnished,Bachelors,Contact Owner
LST104091,Mumbai,Poisar,Poisar,1,6500.0,450.0,Super Area,9.0,18.0,1.0,Semi-Furnished,Family,Contact Agent
LST102753,Mumbai,Vikhroli,Vikhroli,1,18000.0,680.0,Carpet Area,5.0,9.0,1.0,Semi-Furnished,Bachelors,Contact Agent
LST104853,Mumbai,Agarkar Chowk,"Oberoi Prisma, Agarkar Chowk",2,59000.0,791.0,Super Area,34.0,46.0,3.0,Furnished,Bachelors/Family,Contact Agent
LST103525,Mumbai,Bhandup West,"Marathon Embryo, Bhandup West",1,12500.0,450.0,Carpet Area,1.0,6.0,2.0,Semi-Furnished,Family,Contact Owner
LST104944,Mumbai,in Sion,in Sion,1,23500.0,388.0,Carpet Area,19.0,19.0,1.0,Unfurnished,Family,Contact Owner
LST100913,Mumbai,Chikhal Dongari,"Sumit Greendale, Chikhal Dongari",1,7500.0,630.0,Super Area,3.0,12.0,2.0,Semi-Furnished,Bachelors/Family,Contact Agent
LST100197,Mumbai,Mazgaon,"Juveria Apartment, Mazgaon",1,38000.0,450.0,Carpet Area,4.0,8.0,2.0,Unfurnished,Bachelors/Family,Contact Agent
LST100610,Mumbai,JB Nagar,JB Nagar,2,47000.0,785.0,Carpet Area,4.0,7.0,2.0,Furnished,Bachelors/Family,Contact Agent
LST103705,Mumbai,Nalasopara West,Nalasopara West,4,389000.0,1620.0,Super Area,5.0,5.0,4.0,Semi-Furnished,Family,Contact Owner
LST101796,Mumbai,Agarkar Chowk,"Oberoi Splendor, Agarkar Chowk",2,40000.0,710.0,Super Area,1.0,5.0,2.0,Unfurnished,Bachelors,Contact Agent
LST101145,Mumbai,Bhayandar East,"Indraprastha CHS, Bhayandar East",4,336000.0,2584.0,Super Area,3.0,36.0,4.0,Furnished,Bachelors,Contact Owner
LST900010,Mumbai,Andheri East,"Green Woods Chkala, Andheri East",2,59000.0,832.0,Super Area,5.0,10.0,1.0,Unfurnished,Family,Contact Agent
LST102213,Mumbai,Thakur Complex,"Bhoomi Elegant, Thakur Complex",1,13000.0,259.0,Super Area,16.0,38.0,1.0,Unfurnished,Bachelors/Family,Contact Owner
LST103103,Mumbai,Bhandup West,"Kalpataru Crest, Bhandup West",1,36500.0,408.0,Carpet Area,4.0,22.0,1.0,Furnished,Bachelors/Family,Contact Agent
LST100721,Mumbai,Seven Bungalows,Seven Bungalows,1,35000.0,480.0,Carpet Area,1.0,7.0,2.0,Semi-Furnished,Family,Contact Agent
LST103583,Mumbai,Model Town,Model Town,3,196000.0,1455.0,Super Area,20.0,31.0,3.0,Semi-Furnished,Bachelors/Family,Contact Agent
LST100919,Mumbai,Mahim West,Mahim West,1,45000.0,450.0,Carpet Area,5.0,7.0,1.0,Semi-Furnished,Bachelors,Contact Agent
LST103433,Mumbai,in Santacruz East,in Santacruz East,3,109500.0,1136.0,Super Area,45.0,60.0,3.0,Unfurnished,Family,Contact Owner
LST103809,Mumbai,Thakur Complex,"Benzer Tower, Thakur Complex",1,32500.0,412.0,Carpet Area,10.0,21.0,1.0,Semi-Furnished,Family,Contact Owner
LST103285,Mumbai,Amit Nagar,"Badrinath Tower, Amit Nagar",1,84500.0,542.0,Super Area,10.0,14.0,1.0,Furnished,Bachelors,Contact Owner
LST100518,Mumbai,Unknown,,4,330000.0,2000.0,Carpet Area,11.0,12.0,5.0,Semi-Furnished,Bachelors,Contact Agent
LST104265,Mumbai,Worli,"Lodha The Park, Worli",2,34000.0,626.0,Super Area,20.0,22.0,1.0,Unfurnished,Bachelors/Family,Contact Owner
LST102917,Mumbai,Mahalakshmi,"Lodha Primero, Mahalakshmi",2,30000.0,443.0,Carpet Area,30.0,58.0,1.0,Unfurnished,Family,Contact Agent
LST102842,Mumbai,Kalina,"Sundar Nagar, Kalina",3,226500.0,1608.0,Carpet Area,11.0,23.0,3.0,Semi-Furnished,Family,Contact Owner
LST102329,Mumbai,Andheri East,"Kanakia Sevens, Andheri East",3,92500.0,1267.0,Carpet Area,5.0,23.0,2.0,Furnished,Bachelors/Family,Contact Owner
LST102958,Mumbai,Dahisar West,Dahisar West,2,46000.0,643.0,Carpet Area,2.0,22.0,1.0,Furnished,Bachelors,Contact Owner
LST102665,Mumbai,Bhuleshwar,"Universal Neo Galaxy, Bhuleshwar",1,25000.0,624.0,Carpet Area,17.0,43.0,1.0,Unfurnished,Bachelors/Family,Contact Agent
LST101104,Mumbai,Bhandup West,"Mayuresh Srishti, Bhandup West",2,44000.0,692.0,Carpet Area,1.0,2.0,2.0,Semi-Furnished,Family,Contact Agent
LST103439,Mumbai,Film City Road,"Omkar Ananta, Film City Road",1,43000.0,450.0,Carpet Area,11.0,15.0,1.0,Semi-Furnished,Family,Contact Owner
LST102779,Mumbai,Mahim West,Mahim West,1,23000.0,409.0,Super Area,9.0,19.0,1.0,Unfurnished,Bachelors/Family,Contact Owner
LST100442,Mumbai,Sewri,"Dosti Flamingo, Sewri",3,95000.0,900.0,Carpet Area,4.0,9.0,3.0,Semi-Furnished,Family,Contact Agent
LST101744,Mumbai,Seven Bungalows,Seven Bungalows,3,56500.0,772.0,Carpet Area,-1.0,17.0,2.0,Semi-Furnished,Bachelors,Contact Owner
LST103668,Mumbai,Parmanand Wadi,Parmanand Wadi,2,28500.0,648.0,Carpet Area,8.0,22.0,3.0,Unfurnished,Family,Contact Agent
LST103073,Mumbai,Chembur,"Sindhi Society, Chembur",2,93500.0,727.0,Super Area,-1.0,10.0,2.0,Furnished,Bachelors/Family,Contact Owner
LST100746,Mumbai,Naigaon East,Naigaon East,1,6000.0,500.0,Super Area,8.0,10.0,2.0,Semi-Furnished,Bachelors/Family,Contact Owner
LST104196,Mumbai,Grant Road,Grant Road,1,32000.0,405.0,Carpet Area,14.0,17.0,1.0,Unfurnished,Family,Contact Agent
LST104775,Mumbai,Kandivali East,Kandivali East,1,41000.0,416.0,Super Area,20.0,27.0,1.0,Furnished,Family,Contact Agent
LST102426,Mumbai,Chembur,"Godrej Prime, Chembur",2,95000.0,983.0,Carpet Area,1.0,8.0,2.0,Semi-Furnished,Family,Contact Agent
LST100489,Mumbai,Bhandup West,"Dreams Complex, Bhandup West",1,26000.0,475.0,Carpet Area,8.0,20.0,2.0,Unfurnished,Bachelors/Family,Contact Agent
LST101863,Mumbai,Santacruz East,"Kabra Centroid, Santacruz East",1,20000.0,461.0,Carpet Area,11.0,13.0,1.0,Furnished,Bachelors/Family,Contact Agent
LST102513,Mumbai,Vasai East,"Nicon Infinity, Vasai East",2,35000.0,661.0,Super Area,19.0,83.0,2.0,Unfurnished,Family,Contact Owner
LST104695,Mumbai,Film City Road,"Oberoi Exquisite II, Film City Road",3,178000.0,1346.0,Super Area,8.0,13.0,2.0,Furnished,Bachelors/Family,Contact Owner
LST100191,Mumbai,Bhandup West,Bhandup West,2,32000.0,753.0,Super Area,13.0,14.0,2.0,Semi-Furnished,Bachelors/Family,Contact Owner
LST101876,Mumbai,Sion Hospital Colony,Sion Hospital Colony,2,38500.0,737.0,Super Area,15.0,15.0,3.0,Semi-Furnished,Bachelors,Contact Owner
LST104342,Mumbai,Sindhi Society Chembur,"Hari Kunj II, Sindhi Society Chembur",1,19500.0,450.0,Super Area,20.0,27.0,1.0,Furnished,Family,Contact Owner
LST102387,Mumbai,Dahisar East,Dahisar East,1,38500.0,498.0,Super Area,4.0,8.0,1.0,Furnished,Bachelors/Family,Contact Agent
LST103278,Mumbai,Aarey Milk Colony,"Garden View Apartment, Aarey Milk Colony",2,48500.0,872.0,Carpet Area,0.0,8.0,2.0,Furnished,Family,Contact Owner
LST100465,Mumbai,Santacruz West,Santacruz West,2,75000.0,700.0,Carpet Area,4.0,7.0,3.0,Semi-Furnished,Bachelors,Contact Agent
LST103104,Mumbai,Mira Road,"Hubtown Gardenia, Mira Road",3,99000.0,913.0,Super Area,17.0,42.0,3.0,Semi-Furnished,Bachelors,Contact Owner
LST104860,Mumbai,Mira Road,Mira Road,1,39000.0,376.0,Carpet Area,-1.0,30.0,1.0,Unfurnished,Family,Contact Agent
LST104241,Mumbai,Mehboob Studio,Mehboob Studio,2,47500.0,956.0,Carpet Area,8.0,10.0,2.0,Unfurnished,Bachelors/Family,Contact Agent
LST101954,Mumbai,Lokhandwala Twp,"Lokhandwala Octacrest, Lokhandwala Twp",4,259000.0,2133.0,Super Area,16.0,21.0,4.0,Furnished,Family,Contact Agent
LST100572,Mumbai,Goregaon West,"Sunteck City Avenue 1, Goregaon West",3,75000.0,1088.0,Carpet Area,16.0,37.0,3.0,Semi-Furnished,Bachelors/Family,Contact Agent
LST100089,Mumbai,Ghatkopar East,Ghatkopar East,2,50000.0,1000.0,Super Area,4.0,7.0,2.0,Semi-Furnished,Bachelors/Family,Contact Owner
LST100042,Mumbai,Lokhandwala Twp,"Sapphire Heights, Lokhandwala Twp",2,44000.0,830.0,Carpet Area,2.0,2.0,2.0,Furnished,Bachelors,Contact Agent
LST100555,Mumbai,Datta Pada,"Kaustubh Platinum, Datta Pada",2,45000.0,831.0,Carpet Area,16.0,22.0,2.0,Unfurnished,Family,Contact Agent
LST102745,Mumbai,Andheri East,"Takshila CHS, Andheri East",2,36500.0,606.0,Super Area,53.0,60.0,2.0,Semi-Furnished,Bachelors/Family,Contact Owner
LST104386,Mumbai,Naigaon East,"Unicorn Global Arena, Naigaon East",1,84000.0,678.0,Super Area,8.0,48.0,1.0,Furnished,Family,Contact Owner
LST103622,Mumbai,Jankalyan Nagar,Jankalyan Nagar,2,66500.0,1002.0,Super Area,14.0,24.0,2.0,Furnished,Bachelors,Contact Agent
LST100467,Mumbai,Kalina,"Kabra Centroid, Kalina",4,150000.0,1300.0,Carpet Area,5.0,13.0,4.0,Semi-Furnished,Bachelors/Family,Contact Agent
LST103687,Mumbai,Andheri East,"Runwal Elina, Andheri East",3,94500.0,975.0,Carpet Area,10.0,18.0,4.0,Furnished,Bachelors/Family,Contact Owner
LST103282,Mumbai,Chinmay Gaurang Infrastructure Old Panvel,Chinmay Gaurang Infrastructure Old Panvel,3,82000.0,976.0,Super Area,9.0,22.0,3.0,Furnished,Bachelors,Contact Owner
LST102720,Mumbai,Unknown,,2,23500.0,461.0,Super Area,14.0,27.0,2.0,Unfurnished,Family,Contact Agent
LST100348,Mumbai,Pant Nagar,Pant Nagar,2,20000.0,400.0,Carpet Area,3.0,3.0,1.0,Furnished,Bachelors/Family,Contact Owner
LST104702,Mumbai,Lokhandwala Complex,Lokhandwala Complex,3,373500.0,2346.0,Carpet Area,9.0,14.0,3.0,Unfurnished,Bachelors/Family,Contact Agent
LST101894,Mumbai,Santacruz East,"Kabra Centroid, Santacruz East",1,52000.0,446.0,Super Area,10.0,24.0,2.0,Semi-Furnished,Bachelors/Family,Contact Owner
LST100080,Mumbai,Bhakti Park,Bhakti Park,3,62000.0,950.0,Carpet Area,6.0,7.0,3.0,Furnished,Bachelors/Family,Contact Agent
LST103263,Mumbai,Bhakti Park,"Bhakti Park, Bhakti Park",2,125500.0,835.0,Carpet Area,9.0,10.0,2.0,Unfurnished,Bachelors/Family,Contact Agent
LST103343,Mumbai,Parmanand Wadi,Parmanand Wadi,1,24000.0,398.0,Carpet Area,5.0,18.0,1.0,Furnished,Bachelors/Family,Contact Agent
LST102156,Mumbai,Chembur East,"Sabari Ashville, Chembur East",4,82500.0,1396.0,Super Area,22.0,52.0,4.0,Furnished,Bachelors,Contact Agent
LST100316,Mumbai,in Matunga West,in Matunga West,2,65000.0,935.0,Super Area,2.0,4.0,2.0,Semi-Furnished,Bachelors/Family,Contact Owner
LST103691,Mumbai,Sakinaka Junction,"Akruti Orchid Park, Sakinaka Junction",1,28000.0,531.0,Carpet Area,16.0,37.0,1.0,Furnished,Bachelors/Family,Contact Agent
LST100988,Mumbai,Bhakti Park,Bhakti Park,3,124500.0,1389.0,Carpet Area,2.0,2.0,2.0,Semi-Furnished,Bachelors,Contact Owner
LST100588,Mumbai,Juhu,Juhu,4,250000.0,2500.0,Carpet Area,2.0,8.0,4.0,Unfurnished,Bachelors/Family,Contact Agent
LST101933,Mumbai,Kandivali East,"Thakur Jewel, Thakur Village, Kandivali East",2,90500.0,713.0,Super Area,7.0,21.0,2.0,Unfurnished,Family,Contact Owner
LST104172,Mumbai,Waterfield Road,Waterfield Road,3,34000.0,992.0,Super Area,18.0,30.0,4.0,Semi-Furnished,Bachelors/Family,Contact Owner
LST103795,Mumbai,Film City Road,Film City Road,2,46000.0,682.0,Super Area,2.0,45.0,2.0,Unfurnished,Bachelors/Family,Contact Agent
LST100968,Mumbai,in Sion,in Sion,2,65000.0,1500.0,Super Area,4.0,4.0,3.0,Semi-Furnished,Bachelors/Family,Contact Owner
LST100623,Mumbai,Chembur,Chembur,2,47000.0,720.0,Carpet Area,-1.0,16.0,2.0,Unfurnished,Bachelors,Contact Agent
LST103929,Mumbai,Bhandup West,"Dreams Complex, Bhandup West",2,33000.0,646.0,Super Area,14.0,15.0,3.0,Semi-Furnished,Bachelors/Family,Contact Owner
LST102677,Mumbai,Lokhandwala Twp,"spring grove uno, Lokhandwala Twp",3,154000.0,1132.0,Super Area,3.0,8.0,2.0,Furnished,Family,Contact Agent
LST103441,Mumbai,Nerul sector-3,Nerul sector-3,2,34000.0,949.0,Carpet Area,8.0,12.0,3.0,Furnished,Family,Contact Agent
LST100357,Mumbai,Chakala,Chakala,1,28000.0,400.0,Carpet Area,1.0,5.0,2.0,Furnished,Bachelors/Family,Contact Agent
LST104918,Mumbai,Mount Mary,Mount Mary,1,27500.0,415.0,Carpet Area,53.0,78.0,1.0,Furnished,Bachelors,Contact Owner
LST104497,Mumbai,Bhakti Park,Bhakti Park,3,100500.0,1220.0,Carpet Area,40.0,50.0,2.0,Furnished,Family,Contact Agent
LST104487,Mumbai,Goregaon East,"Romell Aether, Goregaon East",3,66000.0,970.0,Carpet Area,3.0,7.0,2.0,Unfurnished,Family,Contact Agent
LST103118,Mumbai,Worli Hill,"Lodha Kiara, Worli Hill",4,622500.0,3186.0,Super Area,16.0,30.0,4.0,Unfurnished,Family,Contact Owner
LST101385,Mumbai,Andheri West,"Laksharia Tower, Andheri West",3,116000.0,1598.0,Super Area,7.0,20.0,4.0,Unfurnished,Bachelors/Family,Contact Owner
LST100313,Mumbai,Film City Road,"Riddhi Garden, Film City Road",2,35000.0,650.0,Carpet Area,5.0,8.0,2.0,Semi-Furnished,Bachelors/Family,Contact Agent
LST100083,Mumbai,Agarkar Chowk,"Oberoi Splendor Grande, Agarkar Chowk",3,170000.0,1337.0,Carpet Area,28.0,30.0,3.0,Furnished,Bachelors/Family,Contact Agent
LST104656,Mumbai,Worli,"Avarsekar Heights, Worli",3,232000.0,1302.0,Carpet Area,18.0,45.0,3.0,Unfurnished,Bachelors/Family,Contact Owner
LST100549,Mumbai,Kanch Pada,"Auris Serenity, Kanch Pada",2,65000.0,805.0,Super Area,48.0,68.0,3.0,Semi-Furnished,Bachelors/Family,Contact Agent
LST100086,Mumbai,Prabhadevi,Prabhadevi,2,65000.0,760.0,Carpet Area,4.0,7.0,2.0,Semi-Furnished,Bachelors/Family,Contact Agent
LST100813,Mumbai,Ghatla,Ghatla,1,25000.0,450.0,Carpet Area,2.0,17.0,1.0,Furnished,Bachelors/Family,Contact Owner
LST104818,Mumbai,Malad East,"Raheja Heights, Malad East",1,5000.0,425.0,Super Area,1.0,8.0,2.0,Unfurnished,Family,Contact Agent
LST103453,Mumbai,Shantivan,"Saaga Mrunali CHS, Shantivan",3,72500.0,1219.5,Super Area,12.0,22.0,3.0,Furnished,Bachelors,Contact Owner
LST102173,Mumbai,Powai,"K Raheja Maple Leaf, Powai",3,169000.0,1458.0,Carpet Area,11.0,12.0,4.0,Unfurnished,Bachelors,Contact Owner
LST104954,Mumbai,orchid suburbia,orchid suburbia,3,118000.0,1033.0,Carpet Area,14.0,47.0,3.0,Unfurnished,Family,Contact Agent
LST100590,Mumbai,Poonam Gardens,"Swayam Apartment, Poonam Gardens",2,18500.0,650.0,Carpet Area,3.0,12.0,2.0,Unfurnished,Family,Contact Agent
LST103428,Mumbai,Chembur,"Godrej Serenity Mumbai, Chembur",2,75000.0,1111.0,Carpet Area,3.0,58.0,2.0,Semi-Furnished,Bachelors,Contact Owner
LST104367,Mumbai,Mira Road East,Mira Road East,1,74500.0,427.0,Carpet Area,6.0,18.0,2.0,Semi-Furnished,Bachelors,Contact Agent
LST102159,Mumbai,Lal Baug,"Royal Residency, Lal Baug",1,27000.0,341.0,Super Area,40.0,49.0,1.0,Furnished,Bachelors,Contact Owner
LST102876,Mumbai,Agarkar Chowk,"Oberoi Splendor, Agarkar Chowk",4,182000.0,1732.0,Super Area,10.0,23.0,4.0,Unfurnished,Bachelors/Family,Contact Owner
LST100074,Mumbai,Nalasopara,"Kailash Tower, Nalasopara",2,14000.0,570.0,Carpet Area,4.0,7.0,2.0,Furnished,Family,Contact Agent
LST102320,Mumbai,Worli,"Raheja Artesia, Worli",3,151500.0,1233.0,Super Area,7.0,19.0,3.0,Semi-Furnished,Bachelors,Contact Owner
LST102927,Mumbai,Chembur,"Sabari Palm View, Chembur",2,7000.0,745.0,Super Area,7.0,23.0,2.0,Furnished,Family,Contact Agent
LST102661,Mumbai,Ghatla,"vanamali chs ghatla, Ghatla",3,117500.0,1387.0,Carpet Area,12.0,25.0,2.0,Semi-Furnished,Bachelors/Family,Contact Owner
LST102078,Mumbai,Hiranandani Gardens,"Hiranandani Regent Hill, Hiranandani Gardens",3,91000.0,1613.0,Carpet Area,17.0,36.0,3.0,Unfurnished,Family,Contact Agent
LST101574,Mumbai,Waterfield Road,"Benchmark Solus, Waterfield Road",2,5000.0,755.0,Carpet Area,1.0,3.0,2.0,Semi-Furnished,Family,Contact Owner
LST102248,Mumbai,Lal Baug,"Royal Residency, Lal Baug",3,156500.0,1493.0,Carpet Area,17.0,40.0,3.0,Semi-Furnished,Family,Contact Agent
LST104061,Mumbai,in Byculla,in Byculla,1,8500.0,450.0,Carpet Area,11.0,11.0,1.0,Furnished,Bachelors,Contact Owner
LST100007,Mumbai,Worli,"Trump Tower, Worli",4,300000.0,1600.0,Carpet Area,43.0,78.0,5.0,Semi-Furnished,Bachelors/Family,Contact Agent
LST102870,Mumbai,Suram Park Society,Suram Park Society,1,8500.0,575.0,Carpet Area,6.0,13.0,1.0,Unfurnished,Family,Contact Agent
LST104323,Mumbai,Ashok Van,Ashok Van,1,36000.0,404.0,Super Area,11.0,23.0,1.0,Unfurnished,Bachelors/Family,Contact Owner
LST100586,Mumbai,Park Site Colony,"Mayfair Sonata Greens, Park Site Colony",1,35500.0,500.0,Carpet Area,8.0,13.0,2.0,Furnished,Bachelors/Family,Contact Agent
LST102766,Mumbai,Suram Park Society,Suram Park Society,1,47000.0,527.0,Carpet Area,18.0,27.0,2.0,Unfurnished,Bachelors,Contact Owner
LST100884,Mumbai,Powai,"K Raheja Maple Leaf, Powai",2,50000.0,600.0,Carpet Area,9.0,11.0,2.0,Semi-Furnished,Bachelors/Family,Contact Agent
LST102727,Mumbai,Marine Lines,"Marine Palace, Marine Lines",4,73500.0,1575.0,Carpet Area,5.0,15.0,4.0,Unfurnished,Family,Contact Owner
LST100383,Mumbai,Mira Road East,"Kanungos Garden City, Mira Road East",1,16500.0,470.0,Carpet Area,11.0,14.0,2.0,Semi-Furnished,Family,Contact Agent
LST103407,Mumbai,Sion,"Sion East, Sion",3,158000.0,1778.0,Super Area,13.0,16.0,2.0,Furnished,Bachelors/Family,Contact Owner
LST102879,Mumbai,Worli,"Sanghvi Evana, Worli",2,22000.0,562.0,Super Area,7.0,7.0,3.0,Unfurnished,Bachelors/Family,Contact Owner
LST102410,Mumbai,Parel,"Vikas Finalay Apartments, Parel",2,98500.0,1186.0,Super Area,4.0,58.0,2.0,Semi-Furnished,Bachelors,Contact Owner
LST100366,Mumbai,Kandivali East,"Thakur Village, Kandivali East",2,35000.0,650.0,Carpet Area,5.0,7.0,2.0,Semi-Furnished,Bachelors/Family,Contact Agent
LST100406,Mumbai,Wadala East,"Lodha New Cuffe Parade, Wadala East",3,110000.0,1076.0,Carpet Area,9.0,40.0,2.0,Semi-Furnished,Bachelors/Family,Contact Agent
LST101084,Mumbai,Chakala Cigarette Factory,Chakala Cigarette Factory,1,33000.0,514.0,Super Area,18.0,27.0,1.0,Semi-Furnished,Bachelors,Contact Agent
LST102246,Mumbai,Unknown,,2,33000.0,664.0,Super Area,17.0,60.0,2.0,Unfurnished,Bachelors,Contact Owner
LST104128,Mumbai,Malad West,"Auris Serenity, Malad West",2,108000.0,820.0,Carpet Area,9.0,11.0,2.0,Furnished,Bachelors/Family,Contact Agent
LST103026,Mumbai,parivar safalya chs,parivar safalya chs,2,65500.0,758.0,Super Area,18.0,30.0,2.0,Unfurnished,Bachelors,Contact Agent
LST102294,Mumbai,Vile Parle West,"Sai Palace Apartment, Vile Parle West",2,66000.0,796.0,Carpet Area,4.0,7.0,3.0,Unfurnished,Bachelors,Contact Owner
LST101809,Mumbai,buena vista,buena vista,1,67500.0,629.0,Super Area,15.0,21.0,2.0,Semi-Furnished,Family,Contact Agent
LST103881,Mumbai,Worli,Worli,2,32000.0,1108.0,Carpet Area,10.0,21.0,2.0,Semi-Furnished,Family,Contact Agent
LST103438,Mumbai,Worli,"Sanghvi Evana, Worli",2,7000.0,753.0,Carpet Area,2.0,20.0,2.0,Unfurnished,Bachelors,Contact Owner
LST101313,Mumbai,Wadala,"Antop Hill, Wadala",2,42000.0,650.0,Super Area,20.0,41.0,1.0,Semi-Furnished,Family,Contact Agent
LST104701,Mumbai,Kandivali East,"Techno Park I, Kandivali East",3,146000.0,1417.0,Super Area,18.0,32.0,3.0,Semi-Furnished,Bachelors,Contact Owner
LST101884,Mumbai,Mazgaon,Mazgaon,1,30500.0,524.0,Carpet Area,7.0,13.0,2.0,Semi-Furnished,Family,Contact Agent
LST100369,Mumbai,Prabhadevi,"Paschim Apartments, Prabhadevi",1,55000.0,550.0,Carpet Area,13.0,14.0,1.0,Semi-Furnished,Bachelors,Contact Agent
LST104825,Mumbai,Kandarpada,"Galassia, Kandarpada",1,19500.0,332.0,Super Area,45.0,60.0,1.0,Unfurnished,Bachelors/Family,Contact Owner
LST100061,Mumbai,Mira Road,Mira Road,2,13000.0,600.0,Carpet Area,2.0,4.0,2.0,Unfurnished,Bachelors/Family,Contact Owner
LST100439,Mumbai,Mulund East,Mulund East,2,33000.0,825.0,Super Area,12.0,13.0,2.0,Unfurnished,Bachelors/Family,Contact Owner
LST101974,Mumbai,Malabar Hill,Malabar Hill,3,80000.0,1714.0,Carpet Area,16.0,21.0,2.0,Furnished,Bachelors,Contact Agent
LST101380,Mumbai,Bhandup West,"Marathon Embryo, Bhandup West",1,21500.0,239.0,Super Area,10.0,22.0,1.0,Semi-Furnished,Bachelors/Family,Contact Agent
LST101885,Mumbai,Beverly Park,"Marigold-5, Beverly Park",2,20500.0,856.0,Carpet Area,2.0,13.0,3.0,Furnished,Family,Contact Owner
LST103320,Mumbai,Bhandup West,"Marathon Embryo, Bhandup West",2,62500.0,725.0,Super Area,17.0,29.0,2.0,Furnished,Family,Contact Agent
LST101564,Mumbai,Gokuldham,"DB Woods, Gokuldham",4,271000.0,2337.0,Carpet Area,8.0,44.0,4.0,Furnished,Bachelors,Contact Agent
LST100909,Mumbai,BANDRA WEST,BANDRA WEST,1,60000.0,430.0,Carpet Area,1.0,7.0,1.0,Furnished,Bachelors/Family,Contact Agent
LST101382,Mumbai,Goregaon East,"Royal Palms, Goregaon East",1,26500.0,382.0,Carpet Area,4.0,58.0,1.0,Furnished,Bachelors,Contact Owner
LST103522,Mumbai,Bhandup West,"Mahindra Splendour, Bhandup West",1,36000.0,533.0,Carpet Area,36.0,84.0,1.0,Unfurnished,Bachelors/Family,Contact Agent
LST103781,Mumbai,Prabhadevi,"Paschim Apartments, Prabhadevi",4,332500.0,2980.0,Super Area,12.0,19.0,5.0,Semi-Furnished,Bachelors/Family,Contact Agent
LST104939,Mumbai,Sakinaka Junction,"Crescent Solitaire, Sakinaka Junction",2,55000.0,965.0,Super Area,15.0,22.0,1.0,Unfurnished,Bachelors,Contact Owner
LST104147,Mumbai,Kandivali East,"The Windsor, Kandivali East",2,56500.0,818.0,Carpet Area,18.0,45.0,2.0,Semi-Furnished,Bachelors/Family,Contact Owner
LST104587,Mumbai,Irani Wada,"Sethia Kalpavruksh Heights, Irani Wada",2,37000.0,672.0,Super Area,18.0,20.0,2.0,Furnished,Family,Contact Owner
LST101590,Mumbai,4 Bunglows,"Adani Western Heights, 4 Bunglows",3,196000.0,1528.0,Super Area,-1.0,20.0,3.0,Furnished,Bachelors,Contact Owner
LST104866,Mumbai,Best Nagar Goregaon West,Best Nagar Goregaon West,1,33000.0,582.0,Carpet Area,1.0,6.0,1.0,Semi-Furnished,Bachelors,Contact Owner
LST103286,Mumbai,in Borivali East,in Borivali East,2,45000.0,864.0,Super Area,2.0,9.0,1.0,Semi-Furnished,Bachelors,Contact Agent
LST103406,Mumbai,Dadar TT Circle,"Island City Centre, Dadar TT Circle",1,67000.0,525.0,Carpet Area,3.0,58.0,1.0,Semi-Furnished,Family,Contact Agent
LST101234,Mumbai,Andheri West,"DLH Orchid, Andheri West",5,310000.0,2585.0,Super Area,18.0,30.0,5.0,Unfurnished,Family,Contact Owner
LST103669,Mumbai,Poonam Gardens,"Swayam Apartment, Poonam Gardens",1,27000.0,631.0,Super Area,18.0,29.0,1.0,Furnished,Bachelors,Contact Owner
LST104453,Mumbai,Sindhi Society Chembur,Sindhi Society Chembur,3,191000.0,1437.0,Carpet Area,21.0,22.0,2.0,Semi-Furnished,Bachelors,Contact Agent
LST900005,Mumbai,Malad East,"Raheja Heights, Malad East",2,45000.0,730.0,Carpet Area,5.0,17.0,2.0,Unfurnished,Family,Contact Agent
LST102591,Mumbai,Seven Bungalows,"Shimpla Vighnaharta CHS, Seven Bungalows",2,73500.0,922.0,Super Area,11.0,22.0,3.0,Semi-Furnished,Bachelors/Family,Contact Owner
LST103467,Mumbai,Kanjurmarg West,Kanjurmarg West,2,55500.0,782.0,Carpet Area,34.0,48.0,1.0,Semi-Furnished,Family,Contact Agent
LST100267,Mumbai,Powai,"Shiv Bhagtani Manor 3A, Powai",2,55000.0,700.0,Carpet Area,10.0,11.0,2.0,Furnished,Bachelors/Family,Contact Agent
LST103935,Mumbai,Bhandup West,"Mayuresh Srishti, Bhandup West",3,110000.0,1219.5,Carpet Area,4.0,4.0,4.0,Furnished,Bachelors,Contact Owner
LST100940,Mumbai,Goregaon East,Goregaon East,1,17000.0,340.0,Super Area,1.0,8.0,1.0,Semi-Furnished,Bachelors/Family,Contact Owner
LST104577,Mumbai,Dadar TT Circle,"Island City Centre, Dadar TT Circle",1,40500.0,576.0,Super Area,16.0,20.0,1.0,Furnished,Bachelors,Contact Agent
LST104833,Mumbai,Nerul sector-3,Nerul sector-3,3,74500.0,1317.0,Carpet Area,22.0,24.0,2.0,Semi-Furnished,Bachelors,Contact Agent
LST101726,Mumbai,Marine Lines,"Marine Palace, Marine Lines",5,283000.0,2631.0,Carpet Area,25.0,51.0,6.0,Semi-Furnished,Bachelors,Contact Agent
LST100277,Mumbai,Borivali West,Borivali West,1,35000.0,450.0,Carpet Area,6.0,10.0,2.0,Semi-Furnished,Bachelors,Contact Agent
LST102228,Mumbai,Vile Parle,Vile Parle,3,252500.0,1348.0,Super Area,10.0,31.0,3.0,Furnished,Family,Contact Owner
LST900044,Mumbai,Taloja Phase 2,Taloja Phase 2,2,36500.0,609.0,Super Area,30.0,37.0,3.0,Furnished,Bachelors/Family,Contact Agent
LST103155,Mumbai,Mukund Nagar,Mukund Nagar,3,137500.0,1245.0,Carpet Area,19.0,32.0,4.0,Unfurnished,Family,Contact Owner
LST101580,Mumbai,chakala,"mahindra vivante, chakala",3,225500.0,1996.0,Super Area,8.0,28.0,3.0,Unfurnished,Bachelors/Family,Contact Owner
LST104679,Mumbai,Bandra West,"Sunflower Apartment, Bandra West",3,68500.0,1002.0,Carpet Area,15.0,15.0,3.0,Furnished,Family,Contact Agent
LST102306,Mumbai,Chakala,"Rustomjee Central Park, Chakala",3,77500.0,954.0,Carpet Area,4.0,22.0,3.0,Furnished,Bachelors/Family,Contact Agent
LST104022,Mumbai,Goregaon East,"Romell Aether, Goregaon East",2,75000.0,773.0,Super Area,30.0,37.0,2.0,Furnished,Family,Contact Owner
LST104035,Mumbai,Govandi Station Road,Govandi Station Road,1,12500.0,336.0,Carpet Area,15.0,25.0,2.0,Unfurnished,Family,Contact Agent
LST104534,Mumbai,Link Road,"Auris Serenity, Link Road",1,23500.0,574.0,Super Area,11.0,15.0,1.0,Semi-Furnished,Bachelors/Family,Contact Agent
LST101526,Mumbai,Irani Wada,"Sethia Kalpavruksh Heights, Irani Wada",1,15500.0,296.0,Carpet Area,11.0,15.0,2.0,Semi-Furnished,Family,Contact Agent
LST102955,Mumbai,Andheri West,"Bharat Ark, Andheri West",1,11000.0,376.0,Carpet Area,-1.0,40.0,1.0,Furnished,Bachelors/Family,Contact Agent
LST102932,Mumbai,Akurli Nagar,"Oasis, Akurli Nagar",1,48000.0,489.0,Carpet Area,36.0,81.0,2.0,Furnished,Bachelors/Family,Contact Owner
LST102703,Mumbai,Oshiwara,Oshiwara,2,11500.0,533.0,Super Area,14.0,14.0,2.0,Furnished,Family,Contact Owner
LST101397,Mumbai,Datta Pada,Datta Pada,2,104500.0,796.0,Super Area,17.0,27.0,3.0,Furnished,Family,Contact Agent
LST104609,Mumbai,Kanjurmarg West,"Tulip at Runwal Forests, Kanjurmarg West",4,297000.0,2472.0,Carpet Area,3.0,62.0,5.0,Unfurnished,Family,Contact Agent
LST104552,Mumbai,Bhandup West,"Dreams Complex, Bhandup West",1,25000.0,424.0,Carpet Area,9.0,29.0,1.0,Unfurnished,Bachelors,Contact Owner
LST102914,Mumbai,Bhakti Park,"Ajmera Bhakti Park, Bhakti Park",3,109500.0,1545.0,Super Area,11.0,31.0,4.0,Semi-Furnished,Family,Contact Agent
LST104081,Mumbai,Lokhandwala Complex,Lokhandwala Complex,3,101000.0,1644.0,Carpet Area,3.0,7.0,3.0,Unfurnished,Bachelors/Family,Contact Agent
LST102405,Mumbai,Mazgaon,"Juveria Apartment, Mazgaon",1,102000.0,450.0,Super Area,18.0,40.0,2.0,Semi-Furnished,Family,Contact Owner
LST104684,Mumbai,Bandra West,"Queens Palace, Bandra West",3,290000.0,2582.0,Super Area,5.0,21.0,3.0,Furnished,Bachelors,Contact Agent
LST104644,Mumbai,Chembur,"Safal Saraswati, Chembur",1,40000.0,674.0,Carpet Area,43.0,78.0,2.0,Unfurnished,Bachelors,Contact Owner
LST103735,Mumbai,Lodha casa rio,Lodha casa rio,2,36500.0,688.0,Carpet Area,3.0,3.0,2.0,Furnished,Bachelors,Contact Agent
LST102279,Mumbai,Anushakti Nagar,Anushakti Nagar,2,78000.0,999.0,Carpet Area,10.0,21.0,1.0,Furnished,Bachelors/Family,Contact Owner
LST100925,Mumbai,Hiranandani Gardens,"Hiranandani Gardens Odyssey I, Hiranandani Gardens",4,230000.0,2100.0,Carpet Area,21.0,33.0,5.0,Furnished,Family,Contact Agent
LST100595,Mumbai,Chandivali,Chandivali,2,55000.0,750.0,Carpet Area,5.0,8.0,2.0,Furnished,Bachelors/Family,Contact Agent
LST103995,Mumbai,Worli,"Sanghvi Evana, Worli",3,180500.0,1443.0,Super Area,19.0,38.0,3.0,Unfurnished,Bachelors,Contact Owner
LST101488,Mumbai,Dina Bama Estate,Dina Bama Estate,1,21000.0,508.0,Carpet Area,60.0,66.0,1.0,Semi-Furnished,Family,Contact Owner
LST101258,Mumbai,Lokhandwala Complex,"Stellar Tower, Lokhandwala Complex",2,63500.0,617.0,Carpet Area,18.0,24.0,2.0,Semi-Furnished,Family,Contact Agent
LST104366,Mumbai,Kandivali East,Kandivali East,4,1043000.0,5247.0,Super Area,17.0,42.0,4.0,Unfurnished,Bachelors,Contact Agent
LST101452,Mumbai,Central Avenue Road,"Tridhaatu Bhaveshwar Vilas, Central Avenue Road",2,127500.0,1034.0,Super Area,46.0,76.0,2.0,Furnished,Family,Contact Agent
LST101678,Mumbai,Shantivan,"Saaga Mrunali CHS, Shantivan",2,142000.0,1140.0,Super Area,16.0,25.0,3.0,Unfurnished,Bachelors,Contact Owner
LST102644,Mumbai,Chakala,"Rustomjee Central Park, Chakala",3,96000.0,936.0,Carpet Area,12.0,18.0,2.0,Unfurnished,Bachelors,Contact Agent
LST101778,Mumbai,Worli,"Indiabulls Blu, Worli",2,80000.0,893.0,Super Area,2.0,12.0,1.0,Furnished,Family,Contact Agent
LST104111,Mumbai,Powai,"Lake Bloom, Powai",1,13000.0,273.0,Carpet Area,14.0,68.0,1.0,Furnished,Bachelors,Contact Owner
LST101171,Mumbai,4 Bunglows,"HDIL Metropolis, 4 Bunglows",2,51000.0,753.0,Carpet Area,16.0,24.0,2.0,Semi-Furnished,Bachelors,Contact Owner
LST102339,Mumbai,Lower Parel,"India Bulls Sky Forest, Lower Parel",3,74000.0,1393.0,Super Area,-1.0,30.0,2.0,Unfurnished,Family,Contact Owner
LST102082,Mumbai,Link Road,"Auris Serenity, Link Road",4,123000.0,1430.0,Super Area,8.0,14.0,5.0,Furnished,Family,Contact Owner
LST102617,Mumbai,Hiranandani Gardens,"Hiranandani Gardens Odyssey I, Hiranandani Gardens",2,44500.0,612.0,Carpet Area,6.0,15.0,2.0,Unfurnished,Bachelors/Family,Contact Agent
LST103763,Mumbai,sra,sra,1,18500.0,573.0,Carpet Area,3.0,23.0,1.0,Semi-Furnished,Bachelors/Family,Contact Owner
LST100756,Mumbai,Ghatkopar West,Ghatkopar West,3,55000.0,932.0,Super Area,3.0,8.0,3.0,Unfurnished,Bachelors/Family,Contact Owner
LST102094,Mumbai,Morya Nagar,"Manibhadra Avenue, Morya Nagar",3,254500.0,1457.0,Carpet Area,17.0,27.0,3.0,Unfurnished,Family,Contact Owner
LST101295,Mumbai,Nerul sector-3,Nerul sector-3,1,25500.0,475.0,Super Area,1.0,6.0,1.0,Furnished,Family,Contact Owner
LST103727,Mumbai,Naigaon East,"Unicorn Global Arena, Naigaon East",2,32500.0,766.0,Super Area,7.0,21.0,2.0,Unfurnished,Family,Contact Owner
LST102016,Mumbai,Kandivali East,"Ishwardas Bhuvan CHS, Kandivali East",1,14500.0,476.0,Super Area,18.0,25.0,1.0,Semi-Furnished,Family,Contact Agent
LST101793,Mumbai,Bhuleshwar,"Universal Neo Galaxy, Bhuleshwar",2,89000.0,915.0,Carpet Area,11.0,13.0,2.0,Semi-Furnished,Bachelors,Contact Agent
LST100784,Mumbai,Borivali East,"Rivali Park, Borivali East",2,51000.0,910.0,Carpet Area,10.0,19.0,2.0,Unfurnished,Bachelors,Contact Agent
LST103575,Mumbai,Lower Parel,Lower Parel,2,41500.0,738.0,Super Area,10.0,23.0,1.0,Furnished,Bachelors/Family,Contact Owner
LST100295,Mumbai,Mahim West,Mahim West,2,50000.0,650.0,Carpet Area,0.0,3.0,2.0,Furnished,Bachelors,Contact Agent
LST102775,Mumbai,Kandivali West,"Acme Avenue, Kandivali West",1,40000.0,541.0,Super Area,6.0,30.0,2.0,Unfurnished,Family,Contact Owner
LST102361,Mumbai,Gokuldham,"Valentine Apartments, Gokuldham",1,19000.0,241.0,Carpet Area,22.0,30.0,2.0,Unfurnished,Bachelors/Family,Contact Agent
LST103049,Mumbai,Sion Trombay Road,"Altavista, Sion Trombay Road",1,31500.0,655.0,Carpet Area,6.0,22.0,2.0,Furnished,Family,Contact Agent
LST103176,Mumbai,Shilphata,Shilphata,2,58500.0,752.0,Carpet Area,53.0,60.0,2.0,Unfurnished,Bachelors,Contact Owner
LST100008,Mumbai,Sion,Sion,1,22000.0,460.0,Super Area,2.0,8.0,1.0,Unfurnished,Bachelors/Family,Contact Owner
LST100405,Mumbai,Mulund Railway Station,Mulund Railway Station,1,30000.0,600.0,Carpet Area,5.0,5.0,1.0,Furnished,Bachelors/Family,Contact Owner
LST102084,Mumbai,shabri shan,shabri shan,3,77500.0,823.0,Carpet Area,2.0,6.0,3.0,Semi-Furnished,Family,Contact Owner
LST103074,Mumbai,Aarey Milk Colony,"Royal Palms Diamond Isle Phase II, Aarey Milk Colony",2,42000.0,603.0,Carpet Area,19.0,25.0,3.0,Furnished,Family,Contact Owner
LST900049,Mumbai,Kandivali West,"Sakhi, Kandivali West",1,19500.0,414.0,Carpet Area,14.0,33.0,1.0,Semi-Furnished,Bachelors/Family,Contact Agent
LST102929,Mumbai,Sunder Nagar,"Dheeraj Kiran CHS Walad West, Sunder Nagar",2,58500.0,762.0,Super Area,2.0,24.0,2.0,Furnished,Family,Contact Agent
LST100901,Mumbai,Worli Naka Acharaya Atre Chowk,"Indiabulls Blu, Worli Naka Acharaya Atre Chowk",3,350000.0,1663.0,Carpet Area,19.0,85.0,2.0,Semi-Furnished,Bachelors/Family,Contact Agent
LST100644,Mumbai,Kalina,Kalina,2,52000.0,550.0,Carpet Area,3.0,9.0,2.0,Furnished,Bachelors/Family,Contact Agent
LST101631,Mumbai,buena vista,buena vista,3,108000.0,1423.0,Carpet Area,2.0,5.0,4.0,Semi-Furnished,Bachelors/Family,Contact Agent
LST102693,Mumbai,Bhandup East,Bhandup East,1,35500.0,682.0,Carpet Area,10.0,21.0,1.0,Furnished,Family,Contact Agent
LST100686,Mumbai,Andheri East,"Manavsthal, Andheri East",1,40000.0,500.0,Super Area,13.0,14.0,2.0,Furnished,Bachelors/Family,Contact Owner
LST102973,Mumbai,Ashok Van,Ashok Van,3,41000.0,1178.0,Super Area,20.0,30.0,2.0,Furnished,Bachelors/Family,Contact Agent
LST100758,Mumbai,Powai,"Hiranandani Regent Hill, Powai",1,52000.0,379.0,Carpet Area,23.0,23.0,2.0,Semi-Furnished,Bachelors,Contact Agent
LST101697,Mumbai,Sion Hospital Colony,Sion Hospital Colony,4,102000.0,1328.0,Carpet Area,14.0,20.0,5.0,Furnished,Bachelors,Contact Owner
LST100235,Mumbai,Malad West,Malad West,2,35000.0,850.0,Super Area,3.0,6.0,2.0,Semi-Furnished,Family,Contact Owner
LST100232,Mumbai,Kings Circle,Kings Circle,2,42000.0,650.0,Carpet Area,8.0,15.0,2.0,Furnished,Bachelors,Contact Agent
LST101761,Mumbai,Union Park,Union Park,3,153500.0,1508.0,Super Area,15.0,59.0,4.0,Semi-Furnished,Family,Contact Owner
LST104737,Mumbai,Parel,"Vikas Finalay Apartments, Parel",3,129500.0,1032.0,Carpet Area,10.0,19.0,2.0,Semi-Furnished,Bachelors/Family,Contact Agent
LST103060,Mumbai,sunanda circal,sunanda circal,2,43000.0,616.0,Super Area,13.0,14.0,3.0,Unfurnished,Bachelors,Contact Owner
LST103612,Mumbai,Kandivali East,"Alpine Shapoorji Pallonji, Thakur Village, Kandivali East",1,21000.0,363.0,Carpet Area,15.0,60.0,2.0,Unfurnished,Bachelors,Contact Owner
LST104351,Mumbai,Irla,Irla,4,270000.0,1706.0,Carpet Area,8.0,58.0,3.0,Semi-Furnished,Bachelors,Contact Agent
LST102511,Mumbai,Lokhandwala Complex,"Kenmore Apartment, Lokhandwala Complex",2,66000.0,798.0,Carpet Area,20.0,22.0,2.0,Unfurnished,Bachelors,Contact Agent
LST101864,Mumbai,PARK SITE COLONY,"MAYFAIR SONATA GREENS, PARK SITE COLONY",2,51000.0,883.0,Super Area,9.0,20.0,3.0,Semi-Furnished,Bachelors,Contact Agent
LST100032,Mumbai,Dadar East,"Bombay Dyeing Two ICC, Dadar East",4,190000.0,2079.0,Carpet Area,4.0,58.0,5.0,Semi-Furnished,Bachelors/Family,Contact Agent
LST102493,Mumbai,Andheri East,"Bindra Complex , Andheri East",2,63500.0,775.0,Super Area,2.0,17.0,3.0,Unfurnished,Bachelors,Contact Owner
LST104373,Mumbai,Powai,"Lake Primrose, Powai",2,45500.0,642.0,Carpet Area,46.0,76.0,3.0,Furnished,Family,Contact Agent
LST104109,Mumbai,Marol,"Akruti Aneri, Marol",4,121000.0,1496.0,Super Area,18.0,19.0,3.0,Semi-Furnished,Bachelors/Family,Contact Owner
LST900004,Mumbai,Jankalyan Nagar,"Prasanna Vastu Chs, Jankalyan Nagar",1,31000.0,482.0,Super Area,18.0,45.0,2.0,Semi-Furnished,Bachelors,Contact Owner
LST102273,Mumbai,Unknown,,3,249500.0,1895.0,Carpet Area,2.0,22.0,4.0,Unfurnished,Bachelors,Contact Agent
LST103040,Mumbai,Kanjurmarg East,Kanjurmarg East,1,13000.0,252.0,Super Area,3.0,23.0,1.0,Unfurnished,Bachelors,Contact Agent
LST100990,Mumbai,Irani Wada,"Sethia Kalpavruksh Heights, Irani Wada",5,136000.0,1983.0,Super Area,53.0,60.0,5.0,Semi-Furnished,Family,Contact Agent
LST104981,Mumbai,Bhandup East,Bhandup East,2,59500.0,718.0,Super Area,9.0,23.0,1.0,Unfurnished,Family,Contact Owner
LST101607,Mumbai,Kalina,"Kabra Centroid, Kalina",1,27000.0,484.0,Super Area,10.0,25.0,2.0,Semi-Furnished,Bachelors,Contact Agent
LST103121,Mumbai,Lokhandwala Twp,"Spring Leaf, Lokhandwala Twp",1,33000.0,488.0,Carpet Area,10.0,33.0,1.0,Semi-Furnished,Family,Contact Owner
LST100510,Mumbai,Khar West,Khar West,2,130000.0,1000.0,Carpet Area,10.0,12.0,2.0,Furnished,Bachelors,Contact Agent
LST102794,Mumbai,Bandra Kurla Complex,"Kanakia Paris, Bandra Kurla Complex",3,172500.0,1207.0,Carpet Area,20.0,32.0,4.0,Furnished,Bachelors/Family,Contact Owner
LST102592,Mumbai,Kandivali West,"Sakhi, Kandivali West",1,69000.0,536.0,Carpet Area,4.0,27.0,1.0,Unfurnished,Bachelors/Family,Contact Agent
LST102804,Mumbai,Parel,"Lodha Azzuro , Parel",1,13500.0,448.0,Super Area,4.0,14.0,2.0,Furnished,Family,Contact Owner
LST102580,Mumbai,Akurli Nagar,"Kalpataru Towers, Akurli Nagar",1,9500.0,706.0,Carpet Area,15.0,17.0,1.0,Semi-Furnished,Family,Contact Agent
LST100720,Mumbai,Chembur East,"diamond garden, Chembur East",4,100000.0,1454.0,Carpet Area,5.0,7.0,4.0,Unfurnished,Bachelors/Family,Contact Agent
LST104186,Mumbai,Dadar TT Circle,"Island City Centre, Dadar TT Circle",2,31500.0,514.0,Carpet Area,9.0,18.0,2.0,Unfurnished,Bachelors/Family,Contact Owner
LST102600,Mumbai,Andheri East,"Eco Residency, Andheri East",1,39500.0,525.0,Super Area,9.0,11.0,1.0,Furnished,Family,Contact Owner
LST104481,Mumbai,Sakinaka Junction,"Dsk Madhuban, Sakinaka Junction",1,36500.0,495.0,Super Area,2.0,8.0,1.0,Unfurnished,Bachelors/Family,Contact Agent
LST104448,Mumbai,Film City Road,"Oberoi Exquisite II, Film City Road",3,71500.0,1196.0,Carpet Area,4.0,8.0,2.0,Semi-Furnished,Family,Contact Agent
LST104578,Mumbai,Vasai East,"Nicon Infinity, Vasai East",1,33000.0,397.0,Super Area,2.0,7.0,1.0,Furnished,Bachelors/Family,Contact Owner
LST100844,Mumbai,Malad West,Malad West,1,20000.0,310.0,Carpet Area,0.0,7.0,1.0,Unfurnished,Bachelors,Contact Agent
LST104163,Mumbai,Dadar East,Dadar East,2,34000.0,511.0,Super Area,18.0,27.0,1.0,Unfurnished,Bachelors/Family,Contact Agent
LST100976,Mumbai,Gokuldham,"Heena Gaurav Jewels, Gokuldham",1,17500.0,841.0,Super Area,3.0,21.0,1.0,Furnished,Family,Contact Agent
LST101116,Mumbai,Kandivali West,"Gemstar Symphony Apartment, Kandivali West",1,67000.0,517.0,Carpet Area,15.0,58.0,1.0,Unfurnished,Family,Contact Agent
LST100597,Mumbai,Santacruz East,Santacruz East,2,50000.0,800.0,Carpet Area,5.0,8.0,2.0,Semi-Furnished,Bachelors/Family,Contact Agent
LST104822,Mumbai,Borivali West,"Parinee Adney, Borivali West",2,93500.0,966.0,Super Area,25.0,50.0,1.0,Unfurnished,Family,Contact Agent
LST103819,Mumbai,Worli,"Lodha Marquise, Worli",2,55000.0,728.0,Carpet Area,14.0,24.0,2.0,Semi-Furnished,Family,Contact Owner
LST103328,Mumbai,Chembur,"diamond garden, Chembur",4,312500.0,1582.0,Super Area,13.0,23.0,4.0,Furnished,Bachelors,Contact Agent
LST104531,Mumbai,Hiranandani Gardens,"Raj Grandeur, Hiranandani Gardens",1,13500.0,473.0,Super Area,10.0,31.0,1.0,Furnished,Bachelors/Family,Contact Agent
LST104643,Mumbai,Bhandari Compound,"Sonal Apartment, Bhandari Compound",3,227500.0,1635.0,Carpet Area,65.0,74.0,3.0,Semi-Furnished,Bachelors,Contact Owner
LST101318,Mumbai,Andheri West,"Cosmopolis Tower, Andheri West",2,52000.0,725.0,Carpet Area,21.0,22.0,1.0,Unfurnished,Bachelors/Family,Contact Owner
LST104515,Mumbai,Bandra East,"Sethia Grandeur, Bandra East",1,19500.0,319.0,Super Area,35.0,55.0,1.0,Furnished,Bachelors,Contact Agent
LST102993,Mumbai,Kandivali East,"Thakur Village, Kandivali East",3,268000.0,1589.0,Carpet Area,12.0,15.0,3.0,Semi-Furnished,Bachelors,Contact Agent
LST101627,Mumbai,Vile Parle West,"Irla, Vile Parle West",2,70500.0,705.0,Super Area,15.0,58.0,1.0,Unfurnished,Family,Contact Agent
LST101735,Mumbai,Parel,"Lodha Azzuro , Parel",2,89500.0,695.0,Super Area,4.0,5.0,2.0,Furnished,Bachelors,Contact Owner
LST101636,Mumbai,Chakala,Chakala,3,194000.0,1719.0,Super Area,60.0,71.0,4.0,Semi-Furnished,Bachelors/Family,Contact Owner
LST102669,Mumbai,Bhandup West,Bhandup West,1,64500.0,421.0,Super Area,7.0,19.0,1.0,Semi-Furnished,Family,Contact Owner
LST101134,Mumbai,Andheri West,"Adani Western Heights, Andheri West",3,60500.0,822.0,Super Area,17.0,58.0,2.0,Furnished,Family,Contact Agent
LST100302,Mumbai,Kandivali West,"Sakhi, Kandivali West",3,55000.0,1100.0,Carpet Area,15.0,16.0,3.0,Unfurnished,Bachelors,Contact Agent
LST103187,Mumbai,Powai,"L&T Emerald Isle, Powai",1,27000.0,598.0,Carpet Area,22.0,24.0,1.0,Semi-Furnished,Family,Contact Agent
LST100492,Mumbai,Bhakti Park,"Ajmera Bhakti Park, Bhakti Park",2,44000.0,710.0,Carpet Area,13.0,18.0,2.0,Semi-Furnished,Bachelors/Family,Contact Agent
LST103174,Mumbai,Andheri West,"Platinum Prive, Andheri West",3,207000.0,1031.0,Super Area,25.0,42.0,3.0,Furnished,Bachelors/Family,Contact Agent
LST102707,Mumbai,Mindspace,"Ahimsa Marg, Mindspace",1,79000.0,450.0,Super Area,13.0,14.0,1.0,Unfurnished,Bachelors,Contact Owner
LST104388,Mumbai,Bandra Kurla Complex,"Insignia, Bandra Kurla Complex",3,253500.0,1614.0,Super Area,25.0,50.0,2.0,Semi-Furnished,Family,Contact Owner
LST100506,Mumbai,Bandra West,Bandra West,3,180000.0,1500.0,Carpet Area,7.0,12.0,3.0,Semi-Furnished,Bachelors,Contact Agent
LST102272,Mumbai,Matunga East,Matunga East,2,71000.0,865.0,Super Area,10.0,25.0,3.0,Furnished,Bachelors,Contact Agent
LST100993,Mumbai,Chembur,"Godrej Prime, Chembur",2,64500.0,753.0,Carpet Area,-1.0,14.0,3.0,Furnished,Family,Contact Agent
LST102628,Mumbai,Bhandup West,"Usha Nagar Society, Bhandup West",1,58500.0,483.0,Carpet Area,4.0,14.0,1.0,Semi-Furnished,Family,Contact Agent
LST103978,Mumbai,Collector Colony,Collector Colony,1,27500.0,471.0,Carpet Area,14.0,15.0,1.0,Semi-Furnished,Bachelors/Family,Contact Owner
LST104426,Mumbai,Worli,"lokhandwala residency, Worli",4,230500.0,2153.0,Super Area,11.0,28.0,5.0,Unfurnished,Bachelors,Contact Agent
LST103436,Mumbai,Bhandup East,"White Lily Apartment, Bhandup East",2,26000.0,423.0,Super Area,2.0,7.0,2.0,Unfurnished,Family,Contact Agent
LST103645,Mumbai,Mira Road East,"SK Imperial Heights, Mira Road East",3,90000.0,1301.0,Super Area,12.0,25.0,3.0,Unfurnished,Bachelors/Family,Contact Owner
LST104880,Mumbai,Kandivali East,"Thakur Village, Kandivali East",3,248000.0,1763.0,Super Area,14.0,24.0,3.0,Unfurnished,Bachelors,Contact Agent
LST100700,Mumbai,Naigaon East,"Unicorn Global Arena, Naigaon East",1,6500.0,325.0,Carpet Area,7.0,16.0,1.0,Unfurnished,Family,Contact Agent
LST101242,Mumbai,Unknown,,2,15500.0,765.0,Carpet Area,18.0,18.0,2.0,Furnished,Bachelors,Contact Owner
LST101871,Mumbai,Powai,"Lake Primrose, Powai",1,58000.0,503.0,Carpet Area,9.0,40.0,2.0,Semi-Furnished,Bachelors,Contact Agent
LST102867,Mumbai,Dadar TT Circle,"Bombay Dyeing Two ICC, Dadar TT Circle",2,33000.0,753.0,Super Area,17.0,42.0,1.0,Semi-Furnished,Bachelors,Contact Owner
LST102670,Mumbai,Chembur,"Ekta Legranz, Chembur",4,380000.0,1971.0,Super Area,28.0,30.0,4.0,Semi-Furnished,Family,Contact Owner
LST101860,Mumbai,Sion,Sion,2,81000.0,793.0,Carpet Area,3.0,19.0,3.0,Furnished,Bachelors,Contact Owner
LST102377,Mumbai,Kalina,Kalina,2,59500.0,758.0,Super Area,11.0,24.0,2.0,Furnished,Bachelors/Family,Contact Owner
LST100762,Mumbai,Lokhandwala Twp,"Godrej Tranquil, Lokhandwala Twp",1,21000.0,428.0,Carpet Area,12.0,21.0,1.0,Unfurnished,Bachelors/Family,Contact Agent
LST101105,Mumbai,Andheri West,"HDIL Metropolis, Andheri West",1,32000.0,559.0,Super Area,16.0,29.0,1.0,Furnished,Bachelors/Family,Contact Agent
LST103501,Mumbai,Lokhandwala Twp,"Godrej Tranquil, Lokhandwala Twp",4,223000.0,1298.0,Carpet Area,0.0,7.0,4.0,Unfurnished,Bachelors,Contact Owner
LST101674,Mumbai,Goregaon East,"Romell Aether, Goregaon East",1,29500.0,430.0,Carpet Area,21.0,22.0,1.0,Semi-Furnished,Bachelors/Family,Contact Agent
LST101629,Mumbai,Borivali East,Borivali East,3,173500.0,1120.0,Built Up Area,16.0,25.0,3.0,Furnished,Bachelors,Contact Agent
LST104372,Mumbai,Bhandup West,"Usha Nagar Society, Bhandup West",3,52500.0,1013.0,Carpet Area,3.0,21.0,3.0,Unfurnished,Bachelors,Contact Agent
LST100704,Mumbai,Unknown,,3,65000.0,1050.0,Carpet Area,13.0,21.0,3.0,Semi-Furnished,Bachelors,Contact Agent
LST104584,Mumbai,Sion East,Sion East,3,255000.0,1613.0,Super Area,53.0,81.0,4.0,Semi-Furnished,Bachelors,Contact Agent
LST104158,Mumbai,Unknown,,3,153000.0,1328.0,Carpet Area,19.0,33.0,2.0,Unfurnished,Bachelors,Contact Agent
LST104100,Mumbai,in Sion,in Sion,1,9000.0,585.0,Carpet Area,12.0,23.0,1.0,Semi-Furnished,Family,Contact Owner
LST900042,Mumbai,Powai,"Lake Homes, Powai",3,62000.0,1100.0,Carpet Area,15.0,22.0,3.0,Semi-Furnished,Family,Contact Agent
LST103364,Mumbai,Goregaon East,"Oberoi Esquire, Goregaon East",2,36500.0,637.0,Carpet Area,12.0,30.0,2.0,Semi-Furnished,Bachelors,Contact Owner
LST102581,Mumbai,Prabhadevi,"Aristo Pearl Residency, Prabhadevi",2,77000.0,798.0,Carpet Area,16.0,23.0,2.0,Furnished,Bachelors/Family,Contact Owner
LST103099,Mumbai,Mahatama Gandhi Road,Mahatama Gandhi Road,2,58500.0,901.0,Carpet Area,13.0,18.0,2.0,Unfurnished,Bachelors/Family,Contact Agent
LST101545,Mumbai,Chandivali,"Nahar Jonquille and Jamaica, Chandivali",1,26000.0,280.0,Super Area,12.0,31.0,2.0,Unfurnished,Bachelors,Contact Agent
LST103335,Mumbai,Kandivali West,"Gemstar Symphony Apartment, Kandivali West",3,94000.0,915.0,Carpet Area,8.0,58.0,2.0,Furnished,Bachelors/Family,Contact Agent
LST104682,Mumbai,Srinagarchs chembur west near sankralyammandir,Srinagarchs chembur west near sankralyammandir,1,30000.0,568.0,Super Area,4.0,13.0,1.0,Semi-Furnished,Bachelors,Contact Agent
LST104653,Mumbai,Kurla,Kurla,1,12000.0,397.0,Carpet Area,19.0,23.0,2.0,Semi-Furnished,Bachelors,Contact Agent
LST102997,Mumbai,Charkop,Charkop,2,39500.0,703.0,Super Area,19.0,20.0,3.0,Unfurnished,Bachelors/Family,Contact Agent
LST101920,Mumbai,in Matunga West,in Matunga West,1,25000.0,396.0,Super Area,12.0,22.0,1.0,Furnished,Bachelors/Family,Contact Agent
LST100625,Mumbai,Sion Koliwada,"Sion East, Sion Koliwada",1,32000.0,430.0,Carpet Area,2.0,3.0,1.0,Unfurnished,Family,Contact Agent
LST101694,Mumbai,Chakala,"Mahindra Vivante, Chakala",2,37000.0,778.0,Carpet Area,9.0,18.0,1.0,Semi-Furnished,Family,Contact Owner
LST103106,Mumbai,Vasai East,"Nicon Infinity, Vasai East",2,49000.0,884.0,Carpet Area,11.0,18.0,2.0,Unfurnished,Bachelors,Contact Owner
LST103293,Mumbai,Film City Road,"Omkar Ananta, Film City Road",3,179000.0,1342.0,Carpet Area,10.0,16.0,2.0,Semi-Furnished,Bachelors/Family,Contact Owner
LST100491,Mumbai,Mukund Nagar,Mukund Nagar,1,35000.0,490.0,Carpet Area,1.0,6.0,1.0,Furnished,Bachelors/Family,Contact Agent
LST103744,Mumbai,Lokhandwala Complex,"DLH Orchid, Lokhandwala Complex",3,50000.0,746.0,Carpet Area,9.0,16.0,3.0,Semi-Furnished,Family,Contact Owner
LST104604,Mumbai,Sakinaka Junction,"Crescent Solitaire, Sakinaka Junction",1,30000.0,495.0,Carpet Area,13.0,16.0,1.0,Semi-Furnished,Bachelors,Contact Owner
LST101475,Mumbai,Malad West,"Shiv Ganga Apartment, Malad West",2,67500.0,1031.0,Super Area,10.0,11.0,2.0,Furnished,Bachelors/Family,Contact Owner
LST101335,Mumbai,Bhakti Park,"Ajmera Bhakti Park, Bhakti Park",3,70500.0,1187.0,Carpet Area,3.0,36.0,4.0,Furnished,Bachelors/Family,Contact Owner
LST103312,Mumbai,Worli,"Lodha Marquise, Worli",2,66500.0,724.0,Super Area,16.0,29.0,2.0,Semi-Furnished,Bachelors/Family,Contact Owner
LST102790,Mumbai,Malad West,"Sheth Auris Serinity, Malad West",1,55000.0,506.0,Super Area,11.0,27.0,1.0,Unfurnished,Bachelors,Contact Owner
LST102692,Mumbai,Gokuldham,"Heena Gaurav Jewels, Gokuldham",3,160000.0,925.0,Carpet Area,-1.0,18.0,3.0,Semi-Furnished,Bachelors,Contact Agent
LST103177,Mumbai,Prabhadevi,"Aristo Pearl Residency, Prabhadevi",4,205000.0,2077.0,Super Area,8.0,12.0,4.0,Unfurnished,Bachelors,Contact Owner
LST101291,Mumbai,Central Avenue Road,Central Avenue Road,3,263500.0,1692.0,Super Area,48.0,54.0,4.0,Furnished,Bachelors/Family,Contact Agent
LST102404,Mumbai,Sion East,"Everard Nagar Co Operative Housing Society, Sion East",3,79000.0,1232.0,Super Area,9.0,28.0,2.0,Furnished,Bachelors,Contact Agent
LST100943,Mumbai,Seven Bungalows,"Kabra Metro One, Seven Bungalows",3,90000.0,1152.0,Carpet Area,12.0,21.0,2.0,Furnished,Bachelors/Family,Contact Agent
LST103611,Mumbai,Ghatkopar East,Ghatkopar East,1,25000.0,507.0,Super Area,10.0,23.0,1.0,Semi-Furnished,Bachelors/Family,Contact Agent
LST101298,Mumbai,Mahalakshmi,"Lodha Primero, Mahalakshmi",2,29000.0,1003.0,Carpet Area,8.0,15.0,2.0,Semi-Furnished,Bachelors/Family,Contact Owner
LST101771,Mumbai,Vikhroli East,"Godrej The Trees, Vikhroli East",2,45500.0,753.0,Super Area,32.0,41.0,3.0,Semi-Furnished,Family,Contact Owner
LST101056,Mumbai,Bhandup West,"Mayuresh Srishti, Bhandup West",3,126500.0,1121.0,Carpet Area,7.0,17.0,4.0,Unfurnished,Bachelors,Contact Agent
LST104850,Mumbai,Andheri East,"Runwal Elina, Andheri East",3,189000.0,2026.0,Super Area,9.0,17.0,3.0,Semi-Furnished,Bachelors,Contact Agent
LST102994,Mumbai,Evershine Nagar,"Gokul Apartment, Evershine Nagar",2,156000.0,1697.0,Carpet Area,5.0,15.0,3.0,Unfurnished,Bachelors/Family,Contact Agent
LST104647,Mumbai,Andheri East,"Green Woods Chkala, Andheri East",2,59000.0,832.0,Super Area,5.0,10.0,1.0,Unfurnished,Family,Contact Agent
LST103973,Mumbai,Parle Colony,Parle Colony,1,6500.0,203.0,Carpet Area,17.0,27.0,1.0,Unfurnished,Bachelors,Contact Owner
LST103507,Mumbai,Mindspace,"Ahimsa Marg, Mindspace",3,77000.0,1246.0,Carpet Area,41.0,41.0,2.0,Furnished,Bachelors/Family,Contact Agent
LST100395,Mumbai,Virar West,Virar West,1,8000.0,520.0,Super Area,6.0,8.0,2.0,Semi-Furnished,Bachelors/Family,Contact Owner
LST104516,Mumbai,Sakinaka Junction,"Crescent Solitaire, Sakinaka Junction",3,61000.0,1074.0,Carpet Area,18.0,43.0,4.0,Semi-Furnished,Family,Contact Agent
LST100539,Mumbai,Borivali West,"Parinee Adney, Borivali West",2,35000.0,680.0,Carpet Area,12.0,20.0,2.0,Unfurnished,Bachelors/Family,Contact Agent
LST102545,Mumbai,Worli,"Raheja Artesia, Worli",2,37000.0,785.0,Super Area,17.0,34.0,3.0,Furnished,Family,Contact Agent
LST100354,Mumbai,Mulund West,Mulund West,2,40000.0,650.0,Carpet Area,12.0,19.0,2.0,Furnished,Bachelors/Family,Contact Agent
LST104263,Mumbai,Bhandup West,"Hudco Living Point, Bhandup West",2,39500.0,630.0,Carpet Area,28.0,30.0,2.0,Furnished,Family,Contact Agent
LST102341,Mumbai,in Sion,in Sion,2,52500.0,719.0,Carpet Area,50.0,78.0,2.0,Unfurnished,Bachelors/Family,Contact Owner
LST103450,Mumbai,Unknown,,1,22000.0,539.0,Carpet Area,10.0,24.0,2.0,Unfurnished,Bachelors/Family,Contact Agent
LST102499,Mumbai,in Santacruz East,in Santacruz East,2,34000.0,590.0,Carpet Area,11.0,51.0,1.0,Semi-Furnished,Bachelors/Family,Contact Owner
LST102546,Mumbai,Bandra West,Bandra West,3,291000.0,1440.0,Super Area,8.0,16.0,3.0,Furnished,Bachelors,Contact Agent
LST104606,Mumbai,Chembur,"Sabari Palm View, Chembur",1,36500.0,405.0,Super Area,8.0,18.0,1.0,Furnished,Bachelors/Family,Contact Agent
LST101461,Mumbai,Bhakti Park,Bhakti Park,2,20500.0,828.0,Super Area,1.0,7.0,1.0,Furnished,Family,Contact Owner
LST101943,Mumbai,Worli,Worli,3,136000.0,1257.0,Carpet Area,35.0,67.0,2.0,Furnished,Bachelors/Family,Contact Owner
LST102622,Mumbai,Bhandup West,"Samarth Garden, Bhandup West",4,922500.0,3407.0,Super Area,14.0,20.0,3.0,Unfurnished,Bachelors,Contact Agent
LST101259,Mumbai,Mira Road,"Gaurav Excellency, Mira Road",1,37500.0,765.0,Carpet Area,9.0,30.0,1.0,Unfurnished,Family,Contact Owner
LST103281,Mumbai,Malad East,"Kanakia Levels, Malad East",2,6500.0,685.0,Super Area,14.0,19.0,1.0,Furnished,Family,Contact Agent
LST103504,Mumbai,Unknown,Navi Mumbai-Khargar-Panvel,3,73000.0,1021.0,Super Area,10.0,21.0,3.0,Unfurnished,Family,Contact Agent
LST103138,Mumbai,Malad East,Malad East,1,23000.0,250.0,Carpet Area,20.0,25.0,1.0,Unfurnished,Bachelors/Family,Contact Owner
LST104511,Mumbai,in Kandivali West,in Kandivali West,3,93500.0,1087.0,Carpet Area,12.0,24.0,3.0,Furnished,Bachelors,Contact Agent
LST104867,Mumbai,Poonam Gardens,"Swayam Apartment, Poonam Gardens",2,46500.0,735.0,Carpet Area,13.0,21.0,2.0,Furnished,Bachelors,Contact Agent
LST104192,Mumbai,Thakur Complex,"Gokul Accord, Thakur Complex",2,21500.0,668.0,Carpet Area,2.0,3.0,2.0,Unfurnished,Bachelors/Family,Contact Agent
LST103035,Mumbai,Mukund Nagar,Mukund Nagar,2,82000.0,952.0,Super Area,5.0,15.0,3.0,Unfurnished,Bachelors,Contact Owner
LST104362,Mumbai,Bhandup West,"Samarth Garden, Bhandup West",3,212500.0,1529.0,Carpet Area,-1.0,40.0,3.0,Furnished,Bachelors,Contact Owner
LST100071,Mumbai,Bandra West,Bandra West,2,210000.0,1000.0,Carpet Area,4.0,8.0,2.0,Unfurnished,Bachelors,Contact Agent
LST100548,Mumbai,Powai,"L&T Emerald Isle, Powai",2,58000.0,650.0,Carpet Area,15.0,24.0,2.0,Semi-Furnished,Family,Contact Agent
LST100179,Mumbai,Beverly Park,Beverly Park,2,21000.0,630.0,Carpet Area,8.0,12.0,2.0,Semi-Furnished,Family,Contact Agent
LST104654,Mumbai,Chembur,"Altavista, Chembur",1,19500.0,385.0,Carpet Area,12.0,16.0,1.0,Furnished,Bachelors,Contact Owner
LST100524,Mumbai,Bhandup West,"Marathon Embryo, Bhandup West",1,27000.0,450.0,Carpet Area,13.0,14.0,2.0,Semi-Furnished,Bachelors,Contact Owner
LST101068,Mumbai,Ghatkopar West,Ghatkopar West,4,90000.0,1313.0,Carpet Area,7.0,17.0,4.0,Semi-Furnished,Bachelors/Family,Contact Owner
LST104013,Mumbai,Chembur,"Kyraa Ariso Apartment, Chembur",1,17500.0,517.0,Carpet Area,2.0,2.0,1.0,Furnished,Bachelors/Family,Contact Agent
LST102746,Mumbai,Charkop,Charkop,3,86500.0,1078.0,Carpet Area,9.0,55.0,3.0,Unfurnished,Bachelors/Family,Contact Owner
LST103399,Mumbai,Best Nagar Goregaon West,Best Nagar Goregaon West,2,75500.0,967.0,Super Area,45.0,80.0,2.0,Semi-Furnished,Family,Contact Agent
LST101256,Mumbai,Serenity Complex,Serenity Complex,3,202500.0,1464.0,Super Area,20.0,35.0,3.0,Furnished,Bachelors,Contact Agent
LST103703,Mumbai,Sion East,Sion East,1,40500.0,438.0,Carpet Area,19.0,38.0,1.0,Unfurnished,Bachelors/Family,Contact Owner
LST104494,Mumbai,Kandivali West,"Gaurav Heights, Kandivali West",2,67000.0,669.0,Carpet Area,60.0,71.0,2.0,Semi-Furnished,Bachelors,Contact Agent
LST103817,Mumbai,Film City,Film City,1,15000.0,442.0,Carpet Area,17.0,59.0,1.0,Unfurnished,Family,Contact Agent
LST104625,Mumbai,Worli,"Lodha Marquise, Worli",2,77500.0,993.0,Super Area,2.0,13.0,2.0,Furnished,Bachelors/Family,Contact Agent
LST103778,Mumbai,Chembur,"Sindhi Society, Chembur",1,28500.0,546.0,Carpet Area,17.0,20.0,1.0,Unfurnished,Bachelors/Family,Contact Owner
LST101504,Mumbai,Yari Road,"Rajesh Raj Classic, Yari Road",1,51000.0,564.0,Super Area,34.0,46.0,1.0,Furnished,Bachelors,Contact Owner
LST101370,Mumbai,Chandivali,Chandivali,1,20500.0,218.0,Carpet Area,10.0,25.0,1.0,Semi-Furnished,Bachelors,Contact Owner
LST101309,Mumbai,Dhanukar Wadi,Dhanukar Wadi,4,312500.0,2513.0,Super Area,1.0,9.0,5.0,Semi-Furnished,Bachelors/Family,Contact Agent
LST103396,Mumbai,Agarkar Chowk,"Oberoi Prisma, Agarkar Chowk",3,82500.0,1191.0,Carpet Area,16.0,36.0,2.0,Semi-Furnished,Bachelors,Contact Owner
LST102638,Mumbai,Thakur Complex,Thakur Complex,2,19000.0,751.0,Carpet Area,10.0,14.0,2.0,Furnished,Family,Contact Owner
LST104354,Mumbai,Gulmohar Road,Gulmohar Road,3,54500.0,1160.0,Super Area,33.0,42.0,3.0,Semi-Furnished,Family,Contact Owner
LST103003,Mumbai,Lokhandwala Complex,"DLH Orchid, Lokhandwala Complex",1,39000.0,478.0,Super Area,9.0,31.0,1.0,Unfurnished,Bachelors/Family,Contact Agent
LST104427,Mumbai,Bhandup West,"Usha Nagar Society, Bhandup West",1,13500.0,244.0,Super Area,23.0,25.0,2.0,Furnished,Bachelors,Contact Agent
LST102409,Mumbai,Bhandup West,"Mayuresh Srishti, Bhandup West",2,42500.0,614.0,Super Area,12.0,23.0,1.0,Unfurnished,Family,Contact Agent
LST104667,Mumbai,Khar,Khar,2,57000.0,707.0,Super Area,12.0,44.0,1.0,Unfurnished,Bachelors,Contact Agent
LST104976,Mumbai,New Devchhaya Building,New Devchhaya Building,4,202500.0,1687.0,Super Area,10.0,19.0,4.0,Semi-Furnished,Bachelors/Family,Contact Owner
LST101839,Mumbai,Bandra West,"Vertical Bliss, Bandra West",2,42500.0,883.0,Carpet Area,39.0,60.0,1.0,Unfurnished,Family,Contact Owner
LST102496,Mumbai,Santacruz West,"Ekta Trinity, Santacruz West",1,69500.0,565.0,Super Area,2.0,9.0,1.0,Semi-Furnished,Family,Contact Agent
LST102434,Mumbai,Sion,Sion,2,62000.0,1152.0,Super Area,14.0,48.0,3.0,Semi-Furnished,Bachelors/Family,Contact Owner
LST100012,Mumbai,Sion,"Sion East, Sion",1,30000.0,490.0,Carpet Area,2.0,4.0,2.0,Semi-Furnished,Bachelors,Contact Agent
LST103460,Mumbai,Kemps Corner,"The Primordial House, Kemps Corner",3,119000.0,1312.0,Carpet Area,40.0,76.0,3.0,Semi-Furnished,Bachelors,Contact Agent
LST100845,Mumbai,Khar West,Khar West,3,350000.0,1800.0,Carpet Area,2.0,12.0,4.0,Furnished,Family,Contact Agent
LST104897,Mumbai,Andheri West,"Aditi Apartment, Andheri West",2,106500.0,864.0,Carpet Area,3.0,9.0,1.0,Semi-Furnished,Family,Contact Agent
LST100695,Mumbai,Kandivali East,"Aspire, Kandivali East",3,43000.0,850.0,Carpet Area,8.0,14.0,3.0,Unfurnished,Family,Contact Agent
LST102674,Mumbai,Andheri West,"Adani Western Heights, Andheri West",4,255500.0,1961.0,Carpet Area,13.0,21.0,4.0,Semi-Furnished,Bachelors,Contact Agent
LST101662,Mumbai,Jankalyan Nagar,"Prasanna Vastu Chs, Jankalyan Nagar",1,18500.0,396.0,Super Area,13.0,40.0,1.0,Furnished,Family,Contact Owner
LST101033,Mumbai,Thakur Complex,"Bhoomi Elegant, Thakur Complex",1,27500.0,565.0,Carpet Area,6.0,45.0,1.0,Furnished,Bachelors,Contact Agent
LST103009,Mumbai,Taloja Phase 2,Taloja Phase 2,2,53500.0,844.0,Super Area,1.0,4.0,2.0,Unfurnished,Family,Contact Owner
LST104012,Mumbai,Waterfield Road,Waterfield Road,2,23500.0,742.0,Carpet Area,19.0,21.0,1.0,Furnished,Bachelors/Family,Contact Agent
LST104539,Mumbai,Bhandup West,"Keshav Srishti, Bhandup West",1,16500.0,559.0,Carpet Area,3.0,3.0,1.0,Unfurnished,Bachelors,Contact Owner
LST101855,Mumbai,Pant Nagar,Pant Nagar,3,127500.0,9800.0,Carpet Area,2.0,17.0,4.0,Semi-Furnished,Bachelors/Family,Contact Agent
LST100725,Mumbai,Sindhi Society Chembur,"Hari Kunj II, Sindhi Society Chembur",3,72000.0,1219.5,Carpet Area,7.0,14.0,3.0,Unfurnished,Bachelors/Family,Contact Agent
LST102283,Mumbai,Kandivali East,"Techno Park I, Kandivali East",2,38000.0,692.0,Carpet Area,30.0,45.0,3.0,Unfurnished,Family,Contact Owner
LST101527,Mumbai,Bhandup East,Bhandup East,1,58000.0,563.0,Super Area,19.0,22.0,2.0,Furnished,Bachelors,Contact Owner
LST101368,Mumbai,Nahur Gaothan,Nahur Gaothan,2,21500.0,680.0,Super Area,18.0,23.0,3.0,Unfurnished,Bachelors/Family,Contact Agent
LST102792,Mumbai,Bandra West,"Mount Marry, Bandra West",3,154000.0,1241.0,Super Area,17.0,27.0,3.0,Unfurnished,Family,Contact Agent
LST101070,Mumbai,Unknown,Navi Mumbai-Khargar-Panvel,4,248000.0,1724.0,Super Area,0.0,5.0,5.0,Furnished,Bachelors/Family,Contact Agent
LST102961,Mumbai,Perry Rd,Perry Rd,2,36500.0,584.0,Super Area,34.0,40.0,3.0,Unfurnished,Bachelors/Family,Contact Owner
LST102421,Mumbai,Bhayandar East,"Indraprastha CHS, Bhayandar East",2,27500.0,1017.0,Super Area,15.0,43.0,3.0,Semi-Furnished,Family,Contact Owner
LST104418,Mumbai,Pirojshah Nagar,"Godrej The Trees, Pirojshah Nagar",3,44000.0,656.0,Carpet Area,20.0,31.0,2.0,Unfurnished,Family,Contact Owner
LST102151,Mumbai,Prabhadevi,"Kalpataru Antariksha, Prabhadevi",1,34000.0,334.0,Super Area,4.0,16.0,1.0,Furnished,Bachelors/Family,Contact Owner
LST104242,Mumbai,Worli,"Lady Ratan Tower, Worli",3,87000.0,1293.0,Carpet Area,15.0,18.0,3.0,Unfurnished,Bachelors/Family,Contact Agent
LST102754,Mumbai,Sakinaka Junction,"Crescent Solitaire, Sakinaka Junction",1,19500.0,569.0,Super Area,18.0,19.0,1.0,Unfurnished,Bachelors,Contact Agent
LST102533,Mumbai,Andheri East,"Bindra Complex , Andheri East",3,63500.0,1548.0,Carpet Area,25.0,47.0,3.0,Furnished,Bachelors,Contact Agent
LST104506,Mumbai,Chembur,"Altavista, Chembur",1,36000.0,450.0,Carpet Area,27.0,27.0,1.0,Furnished,Bachelors,Contact Agent
LST102400,Mumbai,Kalina,Kalina,3,44500.0,897.0,Super Area,9.0,9.0,4.0,Semi-Furnished,Family,Contact Agent
LST103624,Mumbai,Vikhroli,Vikhroli,4,275000.0,1836.0,Carpet Area,5.0,24.0,5.0,Furnished,Bachelors/Family,Contact Owner
LST104174,Mumbai,Khar West,Khar West,1,21000.0,427.0,Super Area,6.0,23.0,2.0,Furnished,Bachelors/Family,Contact Owner
LST102179,Mumbai,Pali Hill,Pali Hill,2,74000.0,781.0,Super Area,2.0,6.0,3.0,Furnished,Family,Contact Owner
LST100287,Mumbai,Bhandup West,"Hudco Living Point, Bhandup West",3,40000.0,1100.0,Super Area,21.0,22.0,2.0,Unfurnished,Family,Contact Owner
LST104199,Mumbai,Madh,"Raheja Exotica Sorento, Madh",3,76500.0,995.0,Super Area,2.0,5.0,3.0,Furnished,Family,Contact Owner
LST101781,Mumbai,Powai,"Raheja Vista, Powai",3,111000.0,1219.5,Super Area,7.0,20.0,3.0,Unfurnished,Family,Contact Agent
LST102080,Mumbai,Dahisar East,Dahisar East,3,63000.0,984.0,Super Area,14.0,20.0,2.0,Semi-Furnished,Bachelors,Contact Agent
LST103265,Mumbai,Unknown,,2,64500.0,1066.0,Carpet Area,65.0,76.0,2.0,Unfurnished,Family,Contact Agent
LST100047,Mumbai,Bhakti Park,"Ajmera Bhakti Park, Bhakti Park",2,45000.0,750.0,Carpet Area,12.0,18.0,2.0,Semi-Furnished,Bachelors/Family,Contact Agent
LST104859,Mumbai,Jacob Circle,Jacob Circle,2,62000.0,862.0,Carpet Area,16.0,23.0,2.0,Semi-Furnished,Bachelors/Family,Contact Owner
LST103926,Mumbai,Powai,"Raheja Vista, Powai",3,201000.0,1383.0,Super Area,20.0,39.0,2.0,Unfurnished,Bachelors,Contact Owner
LST104747,Mumbai,Lokhandwala Complex,"Kenmore Apartment, Lokhandwala Complex",3,141500.0,1860.0,Super Area,7.0,23.0,2.0,Unfurnished,Bachelors,Contact Agent
LST101924,Mumbai,Santacruz West,Santacruz West,2,41000.0,670.0,Super Area,10.0,37.0,1.0,Furnished,Bachelors/Family,Contact Owner
LST101529,Mumbai,Jankalyan Nagar,"Ratan Silicon Park, Jankalyan Nagar",1,29500.0,469.0,Super Area,15.0,31.0,2.0,Furnished,Bachelors/Family,Contact Owner
LST104049,Mumbai,Magathane,"Vasant Marvel, Magathane",2,24000.0,535.0,Super Area,9.0,29.0,1.0,Semi-Furnished,Bachelors,Contact Owner
LST100918,Mumbai,chandivali,"shapoorji pallonji vicinia, chandivali",3,66000.0,1100.0,Carpet Area,17.0,22.0,3.0,Semi-Furnished,Bachelors/Family,Contact Agent
LST101549,Mumbai,Chembur,"Sindhi Society, Chembur",3,68500.0,1118.0,Carpet Area,-1.0,9.0,2.0,Furnished,Bachelors/Family,Contact Owner
LST104070,Mumbai,Sion Trombay Road,Sion Trombay Road,2,62500.0,782.0,Carpet Area,2.0,2.0,1.0,Furnished,Bachelors,Contact Owner
LST101551,Mumbai,Sakinaka Junction,"Akruti Orchid Park, Sakinaka Junction",4,219000.0,1970.0,Carpet Area,9.0,21.0,5.0,Unfurnished,Bachelors,Contact Agent
LST100073,Mumbai,Akurli Nagar,"Kalpataru Towers, Akurli Nagar",2,47000.0,753.0,Carpet Area,3.0,30.0,2.0,Semi-Furnished,Family,Contact Agent
LST104797,Mumbai,Lokhandwala Twp,"Anita, Lokhandwala Twp",1,34000.0,462.0,Carpet Area,53.0,60.0,1.0,Semi-Furnished,Family,Contact Agent
LST103945,Mumbai,Kanjurmarg West,"Runwal Forests, Kanjurmarg West",2,87500.0,843.0,Carpet Area,7.0,11.0,2.0,Unfurnished,Bachelors,Contact Owner
LST101530,Mumbai,Andheri East,"Bindra Complex , Andheri East",1,40500.0,774.0,Carpet Area,4.0,6.0,2.0,Semi-Furnished,Family,Contact Owner
LST101239,Mumbai,Worli,"Lodha Marquise, Worli",2,40500.0,752.0,Carpet Area,15.0,18.0,2.0,Unfurnished,Bachelors,Contact Owner
LST100018,Mumbai,Bandra West,Bandra West,3,270000.0,1800.0,Carpet Area,3.0,7.0,4.0,Semi-Furnished,Bachelors/Family,Contact Agent
LST103454,Mumbai,buena vista,buena vista,2,33000.0,643.0,Carpet Area,4.0,10.0,2.0,Semi-Furnished,Family,Contact Agent
LST104075,Mumbai,Gokuldham,"DB Woods, Gokuldham",1,55000.0,372.0,Super Area,19.0,33.0,1.0,Semi-Furnished,Family,Contact Agent
LST101759,Mumbai,Dadar West,"Salvation CHS, Dadar West",2,62000.0,655.0,Carpet Area,10.0,13.0,2.0,Unfurnished,Bachelors/Family,Contact Owner
LST100084,Mumbai,Virar West,"Ekta Parksville, Virar West",3,20000.0,737.0,Carpet Area,13.0,15.0,3.0,Semi-Furnished,Bachelors,Contact Agent
LST103160,Mumbai,Hiranandani Gardens,"Hiranandani Atlantis, Hiranandani Gardens",4,344500.0,3218.0,Super Area,18.0,36.0,4.0,Semi-Furnished,Bachelors,Contact Owner
LST104435,Mumbai,Nalasopara,"Kailash Tower, Nalasopara",2,35500.0,851.0,Carpet Area,25.0,31.0,1.0,Unfurnished,Family,Contact Owner
LST100256,Mumbai,Worli,"Lodha Marquise, Worli",3,190000.0,1350.0,Carpet Area,65.0,76.0,4.0,Semi-Furnished,Family,Contact Agent
LST103864,Mumbai,Chembur East,"Swastik Pride, Chembur East",2,52000.0,704.0,Carpet Area,19.0,85.0,2.0,Semi-Furnished,Bachelors/Family,Contact Agent
LST102135,Mumbai,Lokhandwala Complex,"Kenmore Apartment, Lokhandwala Complex",3,99500.0,1217.0,Carpet Area,11.0,25.0,4.0,Furnished,Bachelors/Family,Contact Agent
LST100098,Mumbai,Malad East,Malad East,1,34000.0,365.0,Carpet Area,18.0,40.0,1.0,Furnished,Family,Contact Agent
LST103207,Mumbai,Goregaon East,"Oberoi Esquire, Goregaon East",1,27000.0,523.0,Super Area,12.0,17.0,1.0,Furnished,Bachelors,Contact Owner
LST101603,Mumbai,Sindhi Society Chembur,Sindhi Society Chembur,1,23500.0,388.0,Carpet Area,76.0,78.0,2.0,Furnished,Bachelors/Family,Contact Owner
LST103919,Mumbai,Andheri East,"Runwal Elina, Andheri East",3,118000.0,1033.0,Carpet Area,13.0,21.0,3.0,Unfurnished,Family,Contact Owner
LST101311,Mumbai,Nalasopara,"Kailash Tower, Nalasopara",1,34500.0,355.0,Carpet Area,4.0,8.0,2.0,Semi-Furnished,Bachelors,Contact Owner
LST102965,Mumbai,Mira Road,"holy complex ,Mira Road, Mumbai",4,1017000.0,3120.0,Super Area,25.0,33.0,4.0,Furnished,Family,Contact Owner
LST100742,Mumbai,Mahatama Gandhi Road,Mahatama Gandhi Road,2,27000.0,900.0,Super Area,0.0,4.0,3.0,Semi-Furnished,Bachelors/Family,Contact Owner
LST103489,Mumbai,Sion Koliwada,"Sion East, Sion Koliwada",1,99000.0,627.0,Super Area,2.0,17.0,1.0,Unfurnished,Family,Contact Agent
LST100563,Mumbai,Prabhadevi,"Aristo Pearl Residency, Prabhadevi",3,160000.0,1197.0,Carpet Area,18.0,26.0,3.0,Semi-Furnished,Bachelors/Family,Contact Agent
LST102614,Mumbai,Film City Road,"Omkar Ananta, Film City Road",2,27500.0,683.0,Super Area,5.0,10.0,1.0,Unfurnished,Bachelors/Family,Contact Owner
LST100255,Mumbai,Lower Parel,Lower Parel,1,25000.0,350.0,Carpet Area,10.0,24.0,2.0,Unfurnished,Bachelors,Contact Agent
LST100875,Mumbai,Malabar Hill,Malabar Hill,2,180000.0,1000.0,Carpet Area,6.0,10.0,2.0,Furnished,Bachelors/Family,Contact Agent
LST100753,Mumbai,Ghatkopar East,Ghatkopar East,3,85000.0,920.0,Carpet Area,4.0,13.0,3.0,Unfurnished,Family,Contact Agent
LST102130,Mumbai,Charkop,Charkop,3,188000.0,1247.0,Carpet Area,10.0,13.0,3.0,Furnished,Bachelors/Family,Contact Agent
LST900001,Mumbai,Pathanwadi,"Alta Monte, Pathanwadi",1,25500.0,450.0,Carpet Area,15.0,22.0,1.0,Semi-Furnished,Family,Contact Agent
LST102698,Mumbai,Prabhadevi,"Ivory Tower, Prabhadevi",2,90000.0,702.0,Super Area,4.0,13.0,1.0,Unfurnished,Family,Contact Owner
LST103041,Mumbai,Nandiadwala Colony,"Midas Enclave CHS , Nandiadwala Colony",3,49500.0,892.0,Carpet Area,13.0,17.0,4.0,Furnished,Bachelors/Family,Contact Owner
LST102315,Mumbai,Mira Road,"Bhairav Residency, Mira Road",3,116500.0,1074.0,Carpet Area,3.0,13.0,4.0,Furnished,Bachelors,Contact Agent
LST104690,Mumbai,Datta Pada,"Kaustubh Platinum, Datta Pada",1,37000.0,383.0,Carpet Area,22.0,30.0,1.0,Semi-Furnished,Family,Contact Owner
LST101772,Mumbai,Anand niwas,Anand niwas,1,38000.0,348.0,Super Area,30.0,45.0,1.0,Unfurnished,Bachelors/Family,Contact Agent
LST100556,Mumbai,Kanch Pada,"Auris Serenity, Kanch Pada",3,98000.0,1233.0,Carpet Area,35.0,68.0,4.0,Semi-Furnished,Bachelors/Family,Contact Agent
LST102021,Mumbai,Adarsh Nagar,"Auris Serenity, Adarsh Nagar",1,14500.0,310.0,Carpet Area,14.0,25.0,1.0,Unfurnished,Bachelors/Family,Contact Agent
LST103474,Mumbai,Chembur,"Sabari Palm View, Chembur",3,42000.0,1273.0,Super Area,2.0,10.0,4.0,Semi-Furnished,Bachelors,Contact Agent
LST103538,Mumbai,Powai,"Shiv Bhagtani Manor 3A, Powai",3,115000.0,1145.0,Super Area,14.0,21.0,2.0,Semi-Furnished,Bachelors/Family,Contact Agent
LST103047,Mumbai,Vile Parle,Vile Parle,1,27500.0,260.0,Super Area,10.0,12.0,1.0,Semi-Furnished,Family,Contact Agent
LST103317,Mumbai,Chembur,"Godrej Central, Chembur",1,57500.0,534.0,Carpet Area,14.0,68.0,1.0,Unfurnished,Bachelors/Family,Contact Owner
LST101739,Mumbai,Peddar Road,Peddar Road,3,91000.0,1336.0,Carpet Area,-1.0,10.0,2.0,Unfurnished,Family,Contact Owner
LST102679,Mumbai,Mindspace,"Rustomjee Elanza, Mindspace",1,15000.0,249.0,Super Area,28.0,30.0,1.0,Semi-Furnished,Family,Contact Owner
LST100214,Mumbai,Kandivali East,"Highway Park Apartment, Kandivali East",1,22000.0,433.0,Carpet Area,2.0,7.0,2.0,Unfurnished,Bachelors,Contact Agent
LST104290,Mumbai,Dadar East,"Island City Centre, Dadar East",1,35000.0,500.0,Super Area,10.0,16.0,2.0,Semi-Furnished,Bachelors/Family,Contact Agent
LST100876,Mumbai,Malad East,Malad East,1,30000.0,330.0,Carpet Area,13.0,40.0,1.0,Furnished,Family,Contact Agent
LST104916,Mumbai,7 Bungalows Andheri West,7 Bungalows Andheri West,1,24500.0,371.0,Super Area,26.0,42.0,2.0,Unfurnished,Bachelors,Contact Agent
LST101699,Mumbai,Ghatla,"vanamali chs ghatla, Ghatla",5,562000.0,3000.0,Super Area,15.0,15.0,5.0,Semi-Furnished,Bachelors/Family,Contact Owner
LST103344,Mumbai,Mira Road,Mira Road,1,49000.0,495.0,Super Area,12.0,13.0,1.0,Semi-Furnished,Family,Contact Owner
LST100613,Mumbai,Mazgaon,Mazgaon,1,36000.0,380.0,Carpet Area,12.0,20.0,2.0,Unfurnished,Bachelors/Family,Contact Agent
LST103139,Mumbai,Suram Park Society,Suram Park Society,1,36500.0,382.0,Super Area,15.0,58.0,2.0,Unfurnished,Family,Contact Owner
LST104543,Mumbai,Parel,"Crescent Bay Callisto, Parel",4,195500.0,1586.0,Carpet Area,33.0,44.0,4.0,Unfurnished,Bachelors,Contact Agent
LST104573,Mumbai,Prabhadevi,"MHADA Century Mill, Prabhadevi",2,43000.0,611.0,Super Area,48.0,68.0,2.0,Furnished,Bachelors,Contact Agent
LST104467,Mumbai,Powai,"Panch Complex, Powai",2,82500.0,753.0,Super Area,16.0,25.0,1.0,Unfurnished,Family,Contact Agent
LST100944,Mumbai,Borivali West,Borivali West,1,25000.0,641.0,Super Area,3.0,8.0,1.0,Unfurnished,Bachelors/Family,Contact Owner
LST102551,Mumbai,Hiranandani Gardens,"Hiranandani Gardens Torino, Hiranandani Gardens",3,82000.0,1029.0,Super Area,2.0,4.0,2.0,Unfurnished,Bachelors,Contact Agent
LST100266,Mumbai,Dadar TT Circle,"Island City Centre, Dadar TT Circle",3,180000.0,1600.0,Carpet Area,17.0,60.0,4.0,Furnished,Bachelors/Family,Contact Agent
LST103065,Mumbai,4 Bunglows,"Adani Western Heights, 4 Bunglows",4,157500.0,1552.0,Carpet Area,15.0,38.0,5.0,Furnished,Bachelors,Contact Owner
LST101509,Mumbai,Goregaon East,Goregaon East,4,178000.0,1913.0,Carpet Area,3.0,15.0,3.0,Semi-Furnished,Bachelors/Family,Contact Agent
LST104406,Mumbai,Chandivali,Chandivali,2,50500.0,802.0,Super Area,3.0,36.0,1.0,Unfurnished,Bachelors/Family,Contact Owner
LST101518,Mumbai,Andheri East,"Trans Residency, Andheri East",2,46000.0,604.0,Carpet Area,6.0,10.0,1.0,Semi-Furnished,Family,Contact Owner
LST103765,Mumbai,in Mahim West,in Mahim West,1,38000.0,424.0,Super Area,2.0,22.0,1.0,Unfurnished,Bachelors,Contact Owner
LST103707,Mumbai,Chakala MIDC,"Lodha Eternis, Chakala MIDC",3,242000.0,1255.0,Super Area,19.0,25.0,2.0,Unfurnished,Bachelors/Family,Contact Owner
LST104582,Mumbai,Perry Rd,Perry Rd,3,51500.0,837.0,Super Area,19.0,28.0,4.0,Unfurnished,Family,Contact Owner
LST102117,Mumbai,Seven Bungalows,"7 Bungalow, Seven Bungalows",3,77500.0,1744.0,Carpet Area,8.0,19.0,2.0,Furnished,Bachelors/Family,Contact Owner
LST100745,Mumbai,Malabar Hill,Malabar Hill,1,85000.0,650.0,Super Area,3.0,8.0,2.0,Furnished,Bachelors/Family,Contact Owner
LST104252,Mumbai,Chembur East,"Sufalam CHS, Chembur East",2,79500.0,717.0,Carpet Area,4.0,27.0,1.0,Unfurnished,Family,Contact Agent
LST104782,Mumbai,Bandra East,Bandra East,1,18500.0,434.0,Super Area,12.0,29.0,2.0,Semi-Furnished,Bachelors,Contact Owner
LST103544,Mumbai,Kandivali East,"Gokul Gagan, Thakur Village, Kandivali East",2,43000.0,689.0,Super Area,5.0,17.0,2.0,Furnished,Bachelors/Family,Contact Agent
LST102777,Mumbai,Dhanukar Wadi,Dhanukar Wadi,1,17000.0,312.0,Carpet Area,7.0,21.0,1.0,Unfurnished,Bachelors,Contact Owner
LST100380,Mumbai,Nalasopara,"Nakoda Heights, Nalasopara",2,8000.0,550.0,Carpet Area,3.0,9.0,2.0,Unfurnished,Family,Contact Agent
LST104496,Mumbai,Goregaon East,"Conwood Astoria, Goregaon East",2,35500.0,900.0,Carpet Area,41.0,41.0,2.0,Furnished,Bachelors/Family,Contact Agent
LST102688,Mumbai,Sakinaka Junction,"Dsk Madhuban, Sakinaka Junction",2,57500.0,852.0,Carpet Area,25.0,48.0,3.0,Semi-Furnished,Bachelors/Family,Contact Owner
LST104355,Mumbai,Gomant Nagar,"Rustomjee Regency, Gomant Nagar",1,39000.0,574.0,Super Area,7.0,9.0,1.0,Furnished,Family,Contact Owner
LST100587,Mumbai,Mulund West,Mulund West,1,24000.0,450.0,Carpet Area,2.0,4.0,1.0,Unfurnished,Bachelors,Contact Agent
LST104321,Mumbai,Goregaon East,Goregaon East,2,179000.0,798.0,Super Area,11.0,14.0,3.0,Furnished,Bachelors,Contact Agent
LST102902,Mumbai,Hiranandani Gardens,"Hiranandani Gardens Odyssey I, Hiranandani Gardens",1,10000.0,348.0,Carpet Area,-2.0,18.0,1.0,Semi-Furnished,Bachelors/Family,Contact Owner
LST101932,Mumbai,Bhoiwada,"Crescent Bay T3, Bhoiwada",2,660000.0,703.0,Carpet Area,5.0,13.0,2.0,Furnished,Bachelors,Contact Owner
LST100065,Mumbai,Lower Parel,"Lodha World Crest, Lower Parel",4,350000.0,1970.0,Carpet Area,39.0,60.0,5.0,Semi-Furnished,Bachelors/Family,Contact Agent
LST102101,Mumbai,Kandivali West,"Sakhi, Kandivali West",1,19500.0,414.0,Carpet Area,14.0,33.0,1.0,Semi-Furnished,Bachelors/Family,Contact Agent
LST101433,Mumbai,IRLA,IRLA,4,167500.0,1551.0,Carpet Area,10.0,37.0,4.0,Unfurnished,Bachelors/Family,Contact Agent
LST100253,Mumbai,Bandra West,Bandra West,3,150000.0,1250.0,Carpet Area,6.0,12.0,3.0,Semi-Furnished,Bachelors/Family,Contact Agent
LST100654,Mumbai,Kandivali East,"Aspire, Thakur Village, Kandivali East",2,35000.0,615.0,Carpet Area,6.0,14.0,2.0,Unfurnished,Family,Contact Owner
LST104062,Mumbai,Mulund West,"Wadhwa Atmosphere, Mulund West",2,39500.0,775.0,Super Area,17.0,28.0,2.0,Furnished,Bachelors/Family,Contact Agent
LST100861,Mumbai,Bhandup West,"Kalpataru Crest, Bhandup West",2,45000.0,771.0,Carpet Area,20.0,37.0,2.0,Unfurnished,Bachelors/Family,Contact Agent
LST103559,Mumbai,Hiranandani Gardens,Hiranandani Gardens,1,88000.0,626.0,Super Area,5.0,21.0,1.0,Semi-Furnished,Bachelors,Contact Owner
LST100484,Mumbai,Kanjurmarg East,Kanjurmarg East,1,15000.0,375.0,Super Area,13.0,16.0,1.0,Unfurnished,Bachelors/Family,Contact Owner
LST101050,Mumbai,Andheri West,"Cosmopolis Tower, Andheri West",2,129000.0,964.0,Carpet Area,3.0,30.0,3.0,Furnished,Family,Contact Agent
LST100385,Mumbai,Akurli Nagar,"Oasis, Akurli Nagar",2,34000.0,583.0,Carpet Area,10.0,23.0,2.0,Unfurnished,Family,Contact Agent
LST103168,Mumbai,Collector Colony,Collector Colony,1,21000.0,246.0,Carpet Area,5.0,14.0,1.0,Furnished,Bachelors/Family,Contact Owner
LST101573,Mumbai,Naigaon East,Naigaon East,4,274000.0,2283.0,Super Area,8.0,20.0,3.0,Furnished,Bachelors,Contact Owner
LST104266,Mumbai,Kandivali West,"RNA ROYALE PARK, Kandivali West",1,40000.0,427.0,Super Area,15.0,20.0,1.0,Semi-Furnished,Family,Contact Owner
LST104303,Mumbai,Parel,"Lodha Venezia, Parel",2,58000.0,786.0,Super Area,2.0,13.0,1.0,Furnished,Family,Contact Agent
LST101292,Mumbai,Andheri East,"Runwal Elina, Andheri East",3,102500.0,1197.0,Carpet Area,2.0,17.0,3.0,Furnished,Family,Contact Agent
LST101345,Mumbai,Byculla West,Byculla West,1,25000.0,297.0,Super Area,30.0,58.0,1.0,Unfurnished,Family,Contact Owner
LST103957,Mumbai,Goregaon East,"Velentine Tower, Goregaon East",1,27000.0,466.0,Super Area,18.0,20.0,1.0,Furnished,Family,Contact Owner
LST102064,Mumbai,Waterfield Road,Waterfield Road,1,21000.0,446.0,Carpet Area,5.0,23.0,1.0,Unfurnished,Family,Contact Agent
LST102067,Mumbai,Nalasopara,"Nakoda Heights, Nalasopara",4,494500.0,3043.0,Super Area,18.0,23.0,4.0,Furnished,Bachelors,Contact Agent
LST101837,Mumbai,Lokhandwala Twp,"Spring Leaf, Lokhandwala Twp",2,107000.0,753.0,Super Area,3.0,62.0,3.0,Unfurnished,Bachelors/Family,Contact Agent
LST103316,Mumbai,Sunder Nagar,"Dheeraj Kiran CHS Walad West, Sunder Nagar",3,87000.0,727.0,Carpet Area,15.0,24.0,2.0,Unfurnished,Bachelors/Family,Contact Agent
LST101386,Mumbai,Parmanand Wadi,Parmanand Wadi,1,7500.0,384.0,Super Area,4.0,11.0,1.0,Furnished,Bachelors/Family,Contact Owner
LST104750,Mumbai,Chembur,"MJ Shah Centrio, Chembur",2,36500.0,685.0,Carpet Area,6.0,7.0,2.0,Furnished,Bachelors,Contact Owner
LST100712,Mumbai,Link Road,"Orchid Residency, Link Road",3,55000.0,999.0,Carpet Area,14.0,23.0,2.0,Semi-Furnished,Family,Contact Agent
LST104451,Mumbai,Bhandup West,"Dreams Complex, Bhandup West",2,44500.0,598.0,Super Area,6.0,15.0,3.0,Semi-Furnished,Bachelors,Contact Owner
LST101867,Mumbai,Vile Parle West,"Irla, Vile Parle West",3,415000.0,1992.0,Carpet Area,7.0,17.0,4.0,Furnished,Family,Contact Agent
LST100697,Mumbai,Bandra West,Bandra West,2,130000.0,700.0,Carpet Area,7.0,10.0,2.0,Furnished,Bachelors/Family,Contact Agent
LST101578,Mumbai,Mahavir Nagar,"Anant Bhoomi, Mahavir Nagar",1,39500.0,425.0,Super Area,21.0,33.0,1.0,Furnished,Bachelors/Family,Contact Agent
LST100016,Mumbai,Powai,"Hiranandani Castle Rock, Powai",2,85000.0,753.0,Carpet Area,18.0,24.0,2.0,Semi-Furnished,Bachelors/Family,Contact Agent
LST103403,Mumbai,Powai,Powai,2,32000.0,650.0,Super Area,7.0,9.0,2.0,Furnished,Bachelors,Contact Agent
LST104660,Mumbai,Bandra West,"Sunflower Apartment, Bandra West",1,11000.0,638.0,Carpet Area,19.0,25.0,1.0,Semi-Furnished,Family,Contact Owner
LST103422,Mumbai,Amit Nagar,"Badrinath Tower, Amit Nagar",3,139500.0,1219.5,Carpet Area,25.0,28.0,2.0,Unfurnished,Family,Contact Agent
LST102748,Mumbai,Worli,"Indiabulls Blu, Worli",1,34000.0,450.0,Carpet Area,8.0,17.0,1.0,Furnished,Bachelors/Family,Contact Owner
LST101728,Mumbai,Jacob Circle,Jacob Circle,2,80500.0,839.0,Carpet Area,19.0,30.0,1.0,Furnished,Bachelors,Contact Owner
LST101195,Mumbai,Malad West,"Shiv Ganga Apartment, Malad West",2,105000.0,1270.0,Carpet Area,13.0,16.0,2.0,Unfurnished,Bachelors/Family,Contact Agent
LST100870,Mumbai,Srinagarchs chembur west near sankralyammandir,Srinagarchs chembur west near sankralyammandir,1,26000.0,650.0,Super Area,1.0,3.0,1.0,Semi-Furnished,Bachelors/Family,Contact Owner
LST102925,Mumbai,Shri Swami Samarth Nagar,Shri Swami Samarth Nagar,2,61000.0,618.0,Built Up Area,45.0,75.0,2.0,Semi-Furnished,Family,Contact Owner
LST101615,Mumbai,Kanjurmarg West,"Tulip at Runwal Forests, Kanjurmarg West",3,114000.0,1312.0,Carpet Area,10.0,12.0,4.0,Unfurnished,Bachelors,Contact Agent
LST103711,Mumbai,Oshiwara,Oshiwara,1,36000.0,477.0,Carpet Area,25.0,48.0,1.0,Semi-Furnished,Family,Contact Agent
LST102360,Mumbai,Yari Road,Yari Road,2,39500.0,737.0,Carpet Area,10.0,28.0,1.0,Semi-Furnished,Family,Contact Agent
LST103455,Mumbai,Sakinaka Junction,"Crescent Solitaire, Sakinaka Junction",1,32000.0,449.0,Super Area,9.0,55.0,1.0,Furnished,Bachelors/Family,Contact Owner
LST100708,Mumbai,Jacob Circle,Jacob Circle,2,62000.0,650.0,Carpet Area,11.0,25.0,2.0,Unfurnished,Family,Contact Agent
LST101918,Mumbai,Andheri West,"Oberoi Springs, Andheri West",1,10000.0,552.0,Carpet Area,12.0,29.0,2.0,Unfurnished,Family,Contact Owner
LST102666,Mumbai,Dina Bama Estate,Dina Bama Estate,1,15500.0,153.0,Super Area,5.0,17.0,1.0,Semi-Furnished,Bachelors,Contact Agent
LST101706,Mumbai,Mahim,Mahim,3,309500.0,1859.0,Super Area,19.0,37.0,3.0,Semi-Furnished,Bachelors/Family,Contact Owner
LST104749,Mumbai,Dadar West,Dadar West,3,63000.0,1221.0,Carpet Area,11.0,21.0,3.0,Unfurnished,Bachelors,Contact Agent
LST101758,Mumbai,shabri shan,shabri shan,3,82500.0,1335.0,Super Area,9.0,38.0,4.0,Furnished,Bachelors/Family,Contact Agent
LST103340,Mumbai,Yari Road,Yari Road,2,44000.0,685.0,Carpet Area,7.0,10.0,3.0,Unfurnished,Bachelors,Contact Owner
LST102807,Mumbai,Sion Trombay Road,"Altavista, Sion Trombay Road",3,120500.0,1460.0,Super Area,65.0,76.0,3.0,Semi-Furnished,Bachelors,Contact Owner
LST103701,Mumbai,Powai,"Shiv Bhagtani Manor 3A, Powai",1,11000.0,552.0,Super Area,19.0,34.0,1.0,Semi-Furnished,Family,Contact Owner
LST102559,Mumbai,Worli,"Raheja Imperia, Worli",2,85000.0,1247.0,Carpet Area,1.0,8.0,1.0,Unfurnished,Bachelors,Contact Owner
LST101003,Mumbai,Moti Nagar,"Montana Giona, Moti Nagar",2,46000.0,788.0,Super Area,5.0,5.0,2.0,Unfurnished,Bachelors/Family,Contact Owner
LST104360,Mumbai,Thakur Complex,Thakur Complex,2,39500.0,674.0,Carpet Area,18.0,32.0,2.0,Unfurnished,Family,Contact Agent
LST101489,Mumbai,shanti kutir tunga village powai,shanti kutir tunga village powai,3,65000.0,1208.0,Super Area,11.0,25.0,4.0,Unfurnished,Bachelors/Family,Contact Agent
LST104458,Mumbai,Kanch Pada,"Auris Serenity, Kanch Pada",3,148000.0,876.0,Super Area,7.0,16.0,3.0,Semi-Furnished,Family,Contact Owner
LST102005,Mumbai,90 ft road,90 ft road,1,49500.0,432.0,Super Area,6.0,30.0,1.0,Furnished,Bachelors,Contact Agent
LST103846,Mumbai,Dadar East,"Bombay Dyeing Two ICC, Dadar East",2,47500.0,471.0,Carpet Area,0.0,3.0,1.0,Semi-Furnished,Bachelors/Family,Contact Owner
LST101241,Mumbai,Goregaon East,"Balkrishna, Goregaon East",2,122500.0,927.0,Super Area,5.0,27.0,1.0,Furnished,Family,Contact Owner
LST101498,Mumbai,Nalasopara,"Deep Heights, Nalasopara",2,12000.0,605.0,Carpet Area,12.0,12.0,2.0,Semi-Furnished,Family,Contact Owner
LST103425,Mumbai,Lokhandwala Twp,"Oasis, Lokhandwala Twp",2,86500.0,730.0,Carpet Area,7.0,12.0,3.0,Furnished,Family,Contact Agent
LST102667,Mumbai,Vikhroli,Vikhroli,1,59500.0,622.0,Super Area,11.0,19.0,1.0,Semi-Furnished,Bachelors,Contact Owner
LST102864,Mumbai,buena vista,buena vista,3,75500.0,947.0,Carpet Area,9.0,22.0,4.0,Furnished,Bachelors,Contact Agent
LST103873,Mumbai,Ghatkopar,Ghatkopar,2,179500.0,897.0,Super Area,13.0,40.0,3.0,Furnished,Bachelors,Contact Owner
LST101858,Mumbai,Kandivali East,"Vishnu Shivam Tower, Thakur Village, Kandivali East",3,197000.0,1089.0,Carpet Area,10.0,20.0,2.0,Semi-Furnished,Bachelors,Contact Owner
LST104823,Mumbai,Yashodham,Yashodham,1,36500.0,450.0,Super Area,53.0,60.0,1.0,Unfurnished,Bachelors,Contact Owner
LST103482,Mumbai,Andheri East,"Bindra Complex , Andheri East",3,166000.0,1669.0,Super Area,20.0,30.0,3.0,Furnished,Family,Contact Agent
LST104046,Mumbai,Poonam Gardens,"Swayam Apartment, Poonam Gardens",1,22500.0,328.0,Super Area,11.0,51.0,1.0,Furnished,Family,Contact Agent
LST102002,Mumbai,Mulund West,"Sheth Montana, Mulund West",2,81000.0,982.0,Super Area,12.0,21.0,2.0,Semi-Furnished,Bachelors/Family,Contact Agent
LST103105,Mumbai,JL Tambe Nagar,JL Tambe Nagar,2,55500.0,778.0,Super Area,16.0,27.0,2.0,Unfurnished,Bachelors/Family,Contact Agent
LST103619,Mumbai,Evershine Nagar,"Gokul Apartment, Evershine Nagar",2,66000.0,926.0,Carpet Area,60.0,77.0,2.0,Unfurnished,Family,Contact Agent
LST102531,Mumbai,Marol,"Blue Monarch, Marol",1,29000.0,378.0,Super Area,41.0,41.0,1.0,Semi-Furnished,Family,Contact Owner
LST101450,Mumbai,new panvel,new panvel,3,212000.0,1281.0,Carpet Area,41.0,41.0,4.0,Unfurnished,Bachelors/Family,Contact Agent
LST104712,Mumbai,Wadala,"Antop Hill, Wadala",2,82000.0,1036.0,Carpet Area,15.0,58.0,2.0,Semi-Furnished,Bachelors/Family,Contact Agent
LST104594,Mumbai,Bhakti Park,Bhakti Park,3,188500.0,1185.0,Super Area,1.0,8.0,4.0,Unfurnished,Bachelors,Contact Agent
LST104771,Mumbai,sunanda circal,sunanda circal,1,32500.0,345.0,Super Area,11.0,52.0,1.0,Semi-Furnished,Family,Contact Owner
LST103517,Mumbai,Marol Maroshi Road,"Kanakia Sevens, Marol Maroshi Road",3,138000.0,2003.0,Super Area,1.0,6.0,3.0,Unfurnished,Family,Contact Owner
LST103923,Mumbai,Jankalyan Nagar,"Ratan Silicon Park, Jankalyan Nagar",4,217500.0,1340.0,Carpet Area,10.0,15.0,4.0,Furnished,Bachelors/Family,Contact Agent
LST103462,Mumbai,Dahisar East,Dahisar East,1,21500.0,309.0,Carpet Area,5.0,17.0,2.0,Unfurnished,Bachelors/Family,Contact Owner
LST100272,Mumbai,Lower Parel,Lower Parel,1,18500.0,225.0,Built Up Area,4.0,7.0,1.0,Semi-Furnished,Bachelors,Contact Agent
LST900014,Mumbai,Mount Mary,"Mount Marry, Mount Mary",3,69500.0,994.0,Super Area,5.0,23.0,2.0,Furnished,Bachelors,Contact Owner
LST103147,Mumbai,Bhandup West,"Mayuresh Srishti, Bhandup West",1,54500.0,504.0,Super Area,12.0,24.0,2.0,Unfurnished,Bachelors,Contact Agent
LST102318,Mumbai,Prabhadevi,Prabhadevi,2,65500.0,493.0,Carpet Area,3.0,62.0,2.0,Furnished,Family,Contact Owner
LST104733,Mumbai,Mira Road East,"SK Imperial Heights, Mira Road East",1,50500.0,554.0,Super Area,2.0,45.0,1.0,Unfurnished,Bachelors/Family,Contact Owner
LST102889,Mumbai,Dadar West,"Purushottam Towers, Dadar West",1,28500.0,499.0,Carpet Area,11.0,12.0,1.0,Unfurnished,Bachelors/Family,Contact Agent
LST103355,Mumbai,Cuffe Parade,Cuffe Parade,1,29500.0,723.0,Super Area,1.0,8.0,1.0,Unfurnished,Bachelors,Contact Agent
LST101503,Mumbai,Kandivali East,"Vishnu Shivam Tower, Thakur Village, Kandivali East",2,25000.0,689.0,Super Area,4.0,20.0,3.0,Furnished,Bachelors,Contact Agent
LST101036,Mumbai,Bhakti Park,"Odyssey Bhakti Park, Bhakti Park",2,116500.0,842.0,Super Area,29.0,34.0,1.0,Unfurnished,Family,Contact Agent
LST104861,Mumbai,Mira Road,"Bhairav Residency, Mira Road",1,28500.0,411.0,Super Area,14.0,48.0,2.0,Semi-Furnished,Family,Contact Agent
LST104562,Mumbai,Bhandup East,Bhandup East,3,69500.0,1073.0,Super Area,11.0,27.0,4.0,Unfurnished,Bachelors,Contact Agent
LST104446,Mumbai,Kanjurmarg East,Kanjurmarg East,3,164500.0,1470.0,Carpet Area,6.0,14.0,4.0,Unfurnished,Bachelors,Contact Owner
LST104353,Mumbai,Gomant Nagar,"Rustomjee Regency, Gomant Nagar",4,1136000.0,4518.0,Carpet Area,20.0,37.0,5.0,Furnished,Family,Contact Agent
LST103760,Mumbai,Kandivali West,"Acme Avenue, Kandivali West",2,217000.0,1400.0,Super Area,5.0,6.0,2.0,Unfurnished,Bachelors,Contact Owner
LST104634,Mumbai,Opera House,Opera House,3,66500.0,1157.0,Super Area,14.0,23.0,4.0,Semi-Furnished,Bachelors,Contact Owner
LST104421,Mumbai,Sion Koliwada,"Sion East, Sion Koliwada",2,60000.0,1077.0,Carpet Area,3.0,36.0,1.0,Unfurnished,Bachelors/Family,Contact Agent
LST102046,Mumbai,Gandhi Market,Gandhi Market,4,182000.0,1899.0,Super Area,7.0,14.0,4.0,Semi-Furnished,Family,Contact Agent
LST103082,Mumbai,Mira Road,"RNA Broadway Avenue, Mira Road",2,53500.0,697.0,Carpet Area,0.0,4.0,2.0,Semi-Furnished,Bachelors/Family,Contact Agent
LST100698,Mumbai,JVPD Scheme,JVPD Scheme,3,260000.0,1800.0,Carpet Area,10.0,11.0,4.0,Furnished,Family,Contact Agent
LST104599,Mumbai,Yari Road,"Rajesh Raj Classic, Yari Road",3,116500.0,894.0,Super Area,10.0,14.0,3.0,Semi-Furnished,Bachelors,Contact Agent
LST101414,Mumbai,Bhandup West,"Samarth Garden, Bhandup West",3,221500.0,1684.0,Carpet Area,6.0,16.0,4.0,Furnished,Family,Contact Agent
LST104869,Mumbai,Andheri West,"Flora Heights, Andheri West",2,53000.0,668.0,Carpet Area,9.0,16.0,3.0,Unfurnished,Family,Contact Agent
LST103408,Mumbai,Gomant Nagar,"Rustomjee Regency, Gomant Nagar",1,50000.0,564.0,Super Area,3.0,4.0,1.0,Furnished,Bachelors,Contact Owner
LST101371,Mumbai,Lokhandwala Complex,Lokhandwala Complex,2,34500.0,1106.0,Super Area,3.0,13.0,3.0,Unfurnished,Family,Contact Agent
LST102197,Mumbai,Malad West,"Lovedale Residences, Malad West",2,57500.0,811.0,Carpet Area,16.0,21.0,2.0,Semi-Furnished,Bachelors/Family,Contact Owner
LST103143,Mumbai,Kandivali East,"Gokul Gagan, Thakur Village, Kandivali East",3,127500.0,1469.0,Super Area,3.0,3.0,3.0,Semi-Furnished,Bachelors,Contact Owner
LST104921,Mumbai,Hindu Colony,Hindu Colony,1,20000.0,250.0,Carpet Area,12.0,25.0,2.0,Semi-Furnished,Bachelors,Contact Owner
LST104102,Mumbai,Andheri East,Andheri East,2,35500.0,667.0,Carpet Area,5.0,6.0,3.0,Unfurnished,Bachelors,Contact Agent
LST103081,Mumbai,Kandivali East,"Ishwardas Bhuvan CHS, Kandivali East",1,40000.0,372.0,Carpet Area,16.0,17.0,2.0,Unfurnished,Family,Contact Agent
LST104371,Mumbai,Bhandup,Bhandup,1,70500.0,505.0,Super Area,18.0,26.0,1.0,Unfurnished,Bachelors/Family,Contact Owner
LST104874,Mumbai,Walkeshwar,Walkeshwar,4,809000.0,1970.0,Super Area,15.0,25.0,4.0,Semi-Furnished,Bachelors,Contact Agent
LST102068,Mumbai,Thakur Complex,"Gokul Regency Apartment, Thakur Complex",3,126000.0,1230.0,Carpet Area,25.0,48.0,3.0,Semi-Furnished,Bachelors/Family,Contact Owner
LST101417,Mumbai,Marol,"Akruti Aneri, Marol",1,25000.0,440.0,Super Area,16.0,36.0,1.0,Unfurnished,Family,Contact Owner
LST101960,Mumbai,Dahisar East,Dahisar East,2,21000.0,563.0,Carpet Area,6.0,8.0,2.0,Unfurnished,Bachelors/Family,Contact Owner
LST104135,Mumbai,Bhandup West,"Samarth Garden, Bhandup West",1,16000.0,426.0,Super Area,7.0,22.0,1.0,Furnished,Bachelors,Contact Owner
LST102827,Mumbai,Yari Road,"Rajesh Raj Classic, Yari Road",3,138500.0,1403.0,Super Area,15.0,23.0,4.0,Unfurnished,Bachelors/Family,Contact Owner
LST101339,Mumbai,Powai,"Raj Grandeur, Powai",2,59000.0,806.0,Super Area,10.0,21.0,1.0,Semi-Furnished,Bachelors/Family,Contact Agent
LST103928,Mumbai,Andheri East,"Eco Residency, Andheri East",4,169000.0,1424.0,Super Area,6.0,45.0,4.0,Semi-Furnished,Bachelors,Contact Agent
LST100856,Mumbai,Worli,Worli,3,120000.0,1200.0,Carpet Area,14.0,35.0,3.0,Semi-Furnished,Bachelors/Family,Contact Agent
LST101358,Mumbai,Morya Nagar,"Shreenath nagar, Morya Nagar",1,21500.0,538.0,Super Area,13.0,15.0,2.0,Semi-Furnished,Bachelors,Contact Owner
LST104616,Mumbai,Gandhi Market,Gandhi Market,2,47000.0,718.0,Super Area,0.0,3.0,3.0,Semi-Furnished,Family,Contact Agent
LST100236,Mumbai,Kandivali West,Kandivali West,1,14000.0,305.0,Carpet Area,6.0,24.0,1.0,Unfurnished,Bachelors,Contact Agent
LST103120,Mumbai,Lokhandwala Twp,"Godrej Tranquil, Lokhandwala Twp",3,98000.0,1219.5,Carpet Area,6.0,32.0,4.0,Semi-Furnished,Family,Contact Agent
LST101576,Mumbai,Azad Nagar Colaba,Azad Nagar Colaba,2,60500.0,616.0,Carpet Area,20.0,27.0,2.0,Semi-Furnished,Bachelors/Family,Contact Agent
LST102368,Mumbai,Kemps Corner,"The Primordial House, Kemps Corner",3,97500.0,1092.0,Super Area,0.0,21.0,3.0,Furnished,Bachelors,Contact Agent
LST104257,Mumbai,Mulund West,"Sheth Montana, Mulund West",3,103000.0,1219.5,Carpet Area,27.0,48.0,3.0,Furnished,Family,Contact Owner
LST102018,Mumbai,Amar Nagar,Amar Nagar,2,78500.0,854.0,Carpet Area,32.0,46.0,3.0,Semi-Furnished,Bachelors,Contact Owner
LST100220,Mumbai,Bhandup East,Bhandup East,1,25000.0,490.0,Super Area,7.0,8.0,1.0,Semi-Furnished,Bachelors/Family,Contact Owner
LST100850,Mumbai,Film City,Film City,3,60000.0,1500.0,Carpet Area,10.0,23.0,3.0,Semi-Furnished,Bachelors/Family,Contact Agent
LST100118,Mumbai,Marol,"Kanakia Rainforest, Marol",3,68000.0,890.0,Super Area,11.0,19.0,2.0,Unfurnished,Bachelors/Family,Contact Agent
LST100278,Mumbai,Goregaon West,Goregaon West,2,45000.0,700.0,Carpet Area,5.0,17.0,2.0,Unfurnished,Bachelors,Contact Owner
LST101653,Mumbai,Powai,"L&T Emerald Isle, Powai",2,33000.0,753.0,Super Area,25.0,45.0,2.0,Semi-Furnished,Bachelors,Contact Agent
LST101284,Mumbai,Malad East,Malad East,2,342000.0,1396.0,Super Area,18.0,33.0,2.0,Unfurnished,Bachelors/Family,Contact Owner
LST102292,Mumbai,Mulund West,Mulund West,1,25000.0,768.0,Carpet Area,2.0,5.0,1.0,Unfurnished,Bachelors,Contact Agent
LST101438,Mumbai,Goregaon West,"Sunteck City Avenue 1, Goregaon West",3,94500.0,1069.0,Super Area,16.0,24.0,3.0,Furnished,Family,Contact Owner
LST104805,Mumbai,Mulund East,"Sai Aasha Daya, Mulund East",3,98000.0,1254.0,Super Area,22.0,24.0,2.0,Semi-Furnished,Family,Contact Agent
LST104988,Mumbai,Dadar West,Dadar West,2,91000.0,653.0,Super Area,8.0,15.0,3.0,Semi-Furnished,Bachelors,Contact Owner
LST101731,Mumbai,Srishti Complex,Srishti Complex,2,40500.0,672.0,Super Area,45.0,60.0,1.0,Furnished,Bachelors/Family,Contact Owner
LST102446,Mumbai,Bandra East,"Insignia, Bandra East",1,63500.0,584.0,Carpet Area,7.0,23.0,1.0,Furnished,Bachelors,Contact Owner
LST104753,Mumbai,Andheri West,"Rustomjee Elements, Andheri West",2,298500.0,1288.0,Carpet Area,9.0,20.0,1.0,Furnished,Family,Contact Agent
LST104229,Mumbai,Seven Bungalows,"Milap CHS, Seven Bungalows",1,17000.0,322.0,Carpet Area,3.0,3.0,2.0,Unfurnished,Bachelors,Contact Agent
LST100082,Mumbai,Bandra West,Bandra West,2,130000.0,715.0,Carpet Area,5.0,10.0,2.0,Furnished,Bachelors/Family,Contact Agent
LST100767,Mumbai,Kandivali East,"Gokul Gagan, Thakur Village, Kandivali East",2,30000.0,710.0,Carpet Area,12.0,21.0,2.0,Unfurnished,Family,Contact Agent
LST103090,Mumbai,Kemps Corner,"The Primordial House, Kemps Corner",2,51000.0,718.0,Super Area,18.0,28.0,2.0,Semi-Furnished,Bachelors/Family,Contact Owner
LST101146,Mumbai,Nalasopara West,Nalasopara West,3,75500.0,1813.0,Super Area,4.0,20.0,3.0,Furnished,Family,Contact Owner
LST104433,Mumbai,Dadar West,"Sugee Sadan, Dadar West",1,27500.0,318.0,Super Area,40.0,50.0,1.0,Semi-Furnished,Family,Contact Agent
LST101293,Mumbai,Worli,"World One Tower Mumbai, Worli",2,38000.0,487.0,Super Area,46.0,76.0,2.0,Furnished,Bachelors/Family,Contact Owner
LST102616,Mumbai,Azad Nagar Colaba,Azad Nagar Colaba,2,78000.0,991.0,Carpet Area,5.0,5.0,2.0,Semi-Furnished,Family,Contact Agent
LST101428,Mumbai,Morya Nagar,"Manibhadra Avenue, Morya Nagar",2,55000.0,739.0,Carpet Area,16.0,27.0,1.0,Unfurnished,Bachelors,Contact Owner
LST101362,Mumbai,Santacruz West,"Ekta Trinity, Santacruz West",1,28000.0,301.0,Super Area,18.0,30.0,1.0,Semi-Furnished,Family,Contact Owner
LST101219,Mumbai,Hiranandani Gardens,"Hiranandani Gardens Odyssey I, Hiranandani Gardens",2,75000.0,801.0,Carpet Area,7.0,21.0,2.0,Unfurnished,Bachelors/Family,Contact Owner
LST100124,Mumbai,Powai,"Lake Florence, Powai",2,53000.0,750.0,Carpet Area,12.0,19.0,2.0,Semi-Furnished,Bachelors/Family,Contact Agent
LST102714,Mumbai,CHEMBUR EAST,CHEMBUR EAST,1,62000.0,571.0,Carpet Area,12.0,25.0,1.0,Furnished,Family,Contact Agent
LST100621,Mumbai,Marol Maroshi Road,"Kanakia Sevens, Marol Maroshi Road",1,40000.0,508.0,Carpet Area,16.0,18.0,2.0,Semi-Furnished,Bachelors/Family,Contact Agent
LST103913,Mumbai,Juhu Tara,Juhu Tara,1,13500.0,388.0,Super Area,5.0,5.0,2.0,Semi-Furnished,Bachelors/Family,Contact Agent
LST103336,Mumbai,Prabhadevi,"Aristo Pearl Residency, Prabhadevi",2,46500.0,753.0,Carpet Area,15.0,19.0,3.0,Unfurnished,Bachelors/Family,Contact Agent
LST104611,Mumbai,Film City Road,"Riddhi Garden, Film City Road",1,38500.0,431.0,Super Area,14.0,58.0,2.0,Semi-Furnished,Bachelors/Family,Contact Owner
LST102427,Mumbai,Unknown,,3,118000.0,1023.0,Super Area,65.0,78.0,2.0,Furnished,Bachelors/Family,Contact Owner
LST100339,Mumbai,Andheri East,"Jumbo Darshan , Andheri East",1,30000.0,550.0,Super Area,2.0,4.0,1.0,Semi-Furnished,Bachelors/Family,Contact Owner
LST104414,Mumbai,Mira Road,"holy complex ,Mira Road, Mumbai",1,19500.0,303.0,Super Area,5.0,21.0,1.0,Furnished,Bachelors,Contact Owner
LST101854,Mumbai,Sion East,"Everard Nagar Co Operative Housing Society, Sion East",1,21000.0,463.0,Super Area,14.0,19.0,1.0,Unfurnished,Bachelors/Family,Contact Owner
LST100466,Mumbai,LBS Marg,"Nirmal Lifestyle, LBS Marg",2,41000.0,780.0,Carpet Area,14.0,18.0,2.0,Unfurnished,Bachelors/Family,Contact Agent
LST104662,Mumbai,Chembur,"Godrej Central, Chembur",3,58500.0,1143.0,Super Area,16.0,38.0,3.0,Unfurnished,Family,Contact Agent
LST102037,Mumbai,Datta Pada,"Kaustubh Platinum, Datta Pada",1,48000.0,521.0,Super Area,7.0,10.0,1.0,Unfurnished,Family,Contact Owner
LST104317,Mumbai,Borivali East,"Ambrosia Apartment, Borivali East",1,38500.0,491.0,Super Area,9.0,20.0,1.0,Semi-Furnished,Family,Contact Owner
LST101015,Mumbai,Malad West,Malad West,2,89000.0,820.0,Super Area,5.0,25.0,1.0,Furnished,Bachelors/Family,Contact Agent
LST103550,Mumbai,Thakur Complex,"Gokul Accord, Thakur Complex",3,74000.0,1219.5,Super Area,25.0,42.0,3.0,Unfurnished,Bachelors,Contact Agent
LST103445,Mumbai,Powai,"Shiv Bhagtani Manor 3A, Powai",1,37500.0,469.0,Super Area,53.0,79.0,1.0,Semi-Furnished,Bachelors,Contact Owner
LST104376,Mumbai,Mindspace,"Mindspace, Mindspace",1,23000.0,299.0,Super Area,17.0,22.0,1.0,Furnished,Bachelors,Contact Agent
LST103420,Mumbai,Lokhandwala Twp,"spring grove uno, Lokhandwala Twp",2,57000.0,738.0,Carpet Area,19.0,27.0,1.0,Furnished,Family,Contact Owner
LST102155,Mumbai,Lower Parel,Lower Parel,1,24000.0,483.0,Carpet Area,4.0,8.0,1.0,Furnished,Bachelors/Family,Contact Owner
LST104698,Mumbai,Dr Babasaheb Ambedkar Road,"Dr Babasaheb Ambedkar Road, Mumbai",3,63500.0,839.0,Super Area,7.0,9.0,3.0,Semi-Furnished,Family,Contact Owner
LST100140,Mumbai,D.N. Nagar,D.N. Nagar,2,50000.0,750.0,Carpet Area,5.0,7.0,2.0,Unfurnished,Bachelors/Family,Contact Agent
LST102108,Mumbai,Chakala,"Rustomjee Central Park, Chakala",2,34000.0,694.0,Super Area,7.0,13.0,3.0,Semi-Furnished,Family,Contact Agent
LST102501,Mumbai,Lokhandwala Complex,"DLH Orchid, Lokhandwala Complex",1,46000.0,450.0,Carpet Area,2.0,6.0,1.0,Unfurnished,Bachelors,Contact Agent
LST103342,Mumbai,Chakala,"Supreme Divine Light CHS, Chakala",2,77500.0,785.0,Carpet Area,16.0,36.0,1.0,Furnished,Bachelors/Family,Contact Owner
LST100049,Mumbai,Film City Road,Film City Road,1,27000.0,435.0,Carpet Area,3.0,7.0,2.0,Unfurnished,Bachelors/Family,Contact Agent
LST101535,Mumbai,Vile Parle West,"Sai Palace Apartment, Vile Parle West",2,86500.0,949.0,Carpet Area,17.0,36.0,1.0,Semi-Furnished,Bachelors/Family,Contact Agent
LST104636,Mumbai,Mazgaon,Mazgaon,1,47000.0,584.0,Carpet Area,18.0,30.0,1.0,Unfurnished,Family,Contact Agent
LST101194,Mumbai,Chembur,"Atur Park, Chembur",2,58000.0,727.0,Carpet Area,3.0,28.0,3.0,Unfurnished,Bachelors,Contact Owner
LST101058,Mumbai,Union Park,Union Park,2,163000.0,986.0,Super Area,18.0,22.0,2.0,Unfurnished,Family,Contact Owner
LST104958,Mumbai,Mindspace,"Mindspace, Mindspace",1,13000.0,388.0,Carpet Area,3.0,57.0,1.0,Furnished,Bachelors/Family,Contact Owner
LST100329,Mumbai,Chembur,Chembur,3,75000.0,1200.0,Carpet Area,5.0,12.0,3.0,Semi-Furnished,Bachelors/Family,Contact Agent
LST104536,Mumbai,Khar,Khar,4,262000.0,2288.0,Carpet Area,29.0,35.0,4.0,Unfurnished,Bachelors/Family,Contact Agent
LST103290,Mumbai,Lodha casa rio,Lodha casa rio,2,31500.0,481.0,Super Area,6.0,8.0,3.0,Semi-Furnished,Bachelors,Contact Agent
LST101189,Mumbai,Lodha Ajuro tower lalbag,Lodha Ajuro tower lalbag,3,93000.0,1588.0,Carpet Area,35.0,60.0,3.0,Furnished,Family,Contact Agent
LST102411,Mumbai,Goregaon West,"Imperial Heights, Goregaon West",3,64000.0,835.0,Super Area,3.0,3.0,2.0,Semi-Furnished,Bachelors/Family,Contact Agent
LST104569,Mumbai,Bhandup West,"Shree Sai Usha Complex, Bhandup West",2,37000.0,646.0,Super Area,8.0,27.0,2.0,Unfurnished,Family,Contact Owner
LST101577,Mumbai,Jankalyan Nagar,"Prasanna Vastu Chs, Jankalyan Nagar",3,215500.0,1521.0,Super Area,4.0,9.0,3.0,Semi-Furnished,Bachelors/Family,Contact Agent
LST100092,Mumbai,New Airport Colony,"Kolte Patil Jai Vijay, New Airport Colony",2,60000.0,760.0,Carpet Area,3.0,11.0,2.0,Unfurnished,Family,Contact Agent
LST102352,Mumbai,Andheri West,"Flora Heights, Andheri West",1,25500.0,575.0,Super Area,3.0,58.0,2.0,Semi-Furnished,Family,Contact Owner
LST101051,Mumbai,Chikuwadi,Chikuwadi,1,10000.0,450.0,Carpet Area,30.0,47.0,1.0,Furnished,Family,Contact Agent
LST103252,Mumbai,Unknown,Navi Mumbai-Khargar-Panvel,3,109500.0,1027.0,Super Area,11.0,20.0,3.0,Semi-Furnished,Family,Contact Agent
LST103325,Mumbai,in Kandivali West,in Kandivali West,2,125500.0,810.0,Carpet Area,8.0,16.0,1.0,Furnished,Bachelors,Contact Agent
LST100103,Mumbai,Bandra West,"Vertical Bliss, Bandra West",4,180000.0,2000.0,Carpet Area,4.0,14.0,5.0,Furnished,Bachelors/Family,Contact Agent
LST101202,Mumbai,Bhayandar East,Bhayandar East,2,37000.0,655.0,Carpet Area,41.0,41.0,2.0,Unfurnished,Bachelors,Contact Agent
LST101708,Mumbai,Mindspace,"Rustomjee Elanza, Mindspace",1,21500.0,617.0,Super Area,9.0,30.0,1.0,Semi-Furnished,Bachelors/Family,Contact Owner
LST100683,Mumbai,Devi Pada,Devi Pada,1,25000.0,407.0,Super Area,5.0,23.0,2.0,Unfurnished,Bachelors/Family,Contact Owner
LST102820,Mumbai,Marol Maroshi Road,"Kanakia Sevens, Marol Maroshi Road",5,384500.0,3834.0,Super Area,10.0,25.0,4.0,Furnished,Bachelors,Contact Owner
LST102143,Mumbai,Thakur Complex,"Benzer Tower, Thakur Complex",3,93500.0,1274.0,Carpet Area,10.0,28.0,3.0,Furnished,Bachelors/Family,Contact Agent
LST100801,Mumbai,Bhandup West,"Kalpataru Crest, Bhandup West",2,43000.0,771.0,Carpet Area,15.0,37.0,2.0,Unfurnished,Bachelors/Family,Contact Agent
LST101795,Mumbai,Bandra West,"Queens Palace, Bandra West",2,47000.0,754.0,Super Area,7.0,27.0,1.0,Furnished,Bachelors/Family,Contact Agent
LST103461,Mumbai,darshan ricco Tower,darshan ricco Tower,3,93500.0,1075.0,Carpet Area,19.0,25.0,2.0,Unfurnished,Bachelors,Contact Owner
LST104223,Mumbai,Goregaon East,"Shiv Dham Apartment, Goregaon East",1,38500.0,553.0,Carpet Area,10.0,32.0,1.0,Semi-Furnished,Family,Contact Owner
LST101841,Mumbai,Lower Parel,"Neumec Elegance, Lower Parel",2,98500.0,1064.0,Carpet Area,2.0,7.0,2.0,Unfurnished,Family,Contact Owner
LST104224,Mumbai,Bandra West,"Hill Road, Bandra West",1,64500.0,535.0,Carpet Area,8.0,30.0,1.0,Furnished,Family,Contact Owner
LST100445,Mumbai,Malad West,"Shiv Ganga Apartment, Malad West",2,32000.0,550.0,Carpet Area,4.0,7.0,2.0,Semi-Furnished,Bachelors/Family,Contact Agent
LST104033,Mumbai,Malad West,"Lovedale Residences, Malad West",1,21500.0,257.0,Carpet Area,12.0,22.0,1.0,Semi-Furnished,Bachelors/Family,Contact Owner
LST104955,Mumbai,Andheri West,"Rustomjee Elements, Andheri West",2,39500.0,669.0,Super Area,11.0,26.0,1.0,Unfurnished,Family,Contact Owner
LST103647,Mumbai,Goregaon East,"Velentine Tower, Goregaon East",3,148000.0,1599.0,Super Area,14.0,27.0,4.0,Unfurnished,Bachelors,Contact Agent
LST102152,Mumbai,in Borivali West,in Borivali West,3,91000.0,1281.0,Super Area,5.0,19.0,3.0,Semi-Furnished,Family,Contact Owner
LST103506,Mumbai,Prabhadevi,Prabhadevi,3,233500.0,1562.0,Carpet Area,4.0,10.0,4.0,Semi-Furnished,Bachelors,Contact Owner
LST103492,Mumbai,Powai,"Hiranandani Verona Co op Housing Society Ltd, Powai",2,73500.0,814.0,Super Area,2.0,12.0,3.0,Unfurnished,Bachelors,Contact Agent
LST100581,Mumbai,Turner Road,"L Nagpal Ruby, Turner Road",3,180000.0,1190.0,Carpet Area,5.0,12.0,3.0,Semi-Furnished,Bachelors/Family,Contact Agent
LST103357,Mumbai,Kandivali West,"Sakhi, Kandivali West",2,35500.0,699.0,Super Area,19.0,22.0,2.0,Semi-Furnished,Bachelors/Family,Contact Agent
LST104776,Mumbai,Bhandup West,"Srishti Elegance, Bhandup West",5,426500.0,3308.0,Carpet Area,-1.0,16.0,6.0,Semi-Furnished,Bachelors,Contact Agent
LST100618,Mumbai,Adarsh Nagar,"Auris Serenity, Adarsh Nagar",3,77000.0,1100.0,Carpet Area,16.0,21.0,4.0,Unfurnished,Bachelors/Family,Contact Agent
LST100317,Mumbai,Andheri West,"Aditi Apartment, Andheri West",2,45000.0,980.0,Carpet Area,0.0,5.0,2.0,Semi-Furnished,Bachelors/Family,Contact Owner
LST101422,Mumbai,Lokhandwala Twp,"spring grove uno, Lokhandwala Twp",3,105500.0,1475.0,Carpet Area,6.0,18.0,3.0,Furnished,Family,Contact Owner
LST103372,Mumbai,Kurla,Kurla,3,53500.0,947.0,Super Area,9.0,14.0,3.0,Semi-Furnished,Bachelors/Family,Contact Owner
LST103254,Mumbai,Mira Road,"Man Opus, Mira Road",3,187000.0,1692.0,Carpet Area,40.0,75.0,3.0,Furnished,Family,Contact Agent
LST100410,Mumbai,Santacruz West,Santacruz West,2,70000.0,700.0,Carpet Area,0.0,8.0,2.0,Semi-Furnished,Bachelors,Contact Agent
LST103291,Mumbai,Bandra East,Bandra East,1,20000.0,354.0,Super Area,5.0,22.0,1.0,Semi-Furnished,Bachelors/Family,Contact Agent
LST100013,Mumbai,Vile Parle West,"Sai Palace Apartment, Vile Parle West",1,49000.0,620.0,Super Area,2.0,3.0,1.0,Furnished,Bachelors/Family,Contact Owner
LST104079,Mumbai,in Mahim West,in Mahim West,2,44000.0,700.0,Super Area,7.0,12.0,2.0,Furnished,Bachelors,Contact Agent
LST102277,Mumbai,Bhoiwada,"Crescent Bay T3, Bhoiwada",3,99500.0,985.0,Carpet Area,35.0,63.0,3.0,Unfurnished,Family,Contact Agent
LST100364,Mumbai,Mira Road,"holy complex ,Mira Road, Mumbai",2,17000.0,1000.0,Super Area,3.0,7.0,2.0,Unfurnished,Bachelors/Family,Contact Owner
LST102076,Mumbai,Ghatla,"vanamali chs ghatla, Ghatla",1,29500.0,683.0,Carpet Area,7.0,13.0,1.0,Semi-Furnished,Bachelors,Contact Owner
LST103242,Mumbai,Chembur,"Vijaya Heritage, Chembur",3,33500.0,803.0,Carpet Area,3.0,18.0,3.0,Furnished,Family,Contact Agent
LST101379,Mumbai,Chandivali,"Nahar Amrit Shakti powai, Chandivali",1,22500.0,380.0,Super Area,7.0,8.0,1.0,Semi-Furnished,Bachelors,Contact Owner
LST102332,Mumbai,in Byculla,in Byculla,3,68500.0,886.0,Carpet Area,10.0,12.0,3.0,Furnished,Family,Contact Agent
LST103966,Mumbai,Turner Road,"L Nagpal Ruby, Turner Road",2,54000.0,734.0,Carpet Area,17.0,17.0,3.0,Furnished,Bachelors/Family,Contact Owner
LST101847,Mumbai,Lokhandwala Complex,"Transcon Triumph, Lokhandwala Complex",2,79000.0,862.0,Super Area,8.0,10.0,3.0,Furnished,Family,Contact Agent
LST103234,Mumbai,Bhandup West,"Dreams Complex, Bhandup West",3,74500.0,893.0,Carpet Area,17.0,60.0,2.0,Unfurnished,Bachelors,Contact Agent
LST102475,Mumbai,Andheri East,"Hillcrest, Andheri East",2,55000.0,693.0,Super Area,19.0,30.0,3.0,Furnished,Family,Contact Owner
LST104774,Mumbai,Sion Trombay Road,"Altavista, Sion Trombay Road",3,206500.0,1261.0,Carpet Area,9.0,10.0,4.0,Semi-Furnished,Bachelors,Contact Agent
LST101071,Mumbai,Mahavir Nagar,"Leo Ratnakar, Mahavir Nagar",3,104500.0,1485.0,Carpet Area,60.0,66.0,3.0,Semi-Furnished,Bachelors,Contact Owner
LST100166,Mumbai,Chandivali,"Sundew CHS, Chandivali",2,48000.0,700.0,Carpet Area,8.0,15.0,2.0,Semi-Furnished,Bachelors/Family,Contact Agent
LST100971,Mumbai,Powai,"L&T Emerald Isle, Powai",4,250000.0,2729.0,Carpet Area,20.0,27.0,5.0,Semi-Furnished,Bachelors,Contact Agent
LST102201,Mumbai,Hiranandani Gardens,Hiranandani Gardens,2,40500.0,738.0,Carpet Area,8.0,14.0,1.0,Semi-Furnished,Bachelors/Family,Contact Agent
LST100916,Mumbai,Perry Rd,Perry Rd,2,80000.0,730.0,Carpet Area,4.0,6.0,2.0,Semi-Furnished,Bachelors/Family,Contact Owner
LST102986,Mumbai,Mira Road,"Hubtown Gardenia, Mira Road",1,22000.0,352.0,Carpet Area,0.0,4.0,2.0,Furnished,Bachelors/Family,Contact Agent
LST100629,Mumbai,Goregaon West,"Sejal Tower, Goregaon West",3,65000.0,1100.0,Carpet Area,25.0,28.0,3.0,Unfurnished,Bachelors,Contact Agent
LST102490,Mumbai,Nandiadwala Colony,"Midas Enclave CHS , Nandiadwala Colony",1,34000.0,432.0,Carpet Area,21.0,22.0,1.0,Unfurnished,Family,Contact Owner
LST104520,Mumbai,Bandra West,"Violette Valley, Bandra West",2,53500.0,694.0,Carpet Area,7.0,41.0,3.0,Unfurnished,Bachelors/Family,Contact Owner
LST100204,Mumbai,Goregaon East,"Oberoi Esquire, Goregaon East",3,130000.0,1330.0,Carpet Area,11.0,51.0,4.0,Semi-Furnished,Bachelors/Family,Contact Agent
LST102439,Mumbai,Andheri West,"Windsor Grande Residences, Andheri West",4,541500.0,2177.0,Carpet Area,5.0,7.0,4.0,Semi-Furnished,Bachelors,Contact Agent
LST104297,Mumbai,Chinmay Gaurang Infrastructure Old Panvel,Chinmay Gaurang Infrastructure Old Panvel,1,91500.0,769.0,Carpet Area,11.0,24.0,1.0,Unfurnished,Bachelors/Family,Contact Owner
LST100770,Mumbai,Bhoiwada,"Crescent Bay T3, Bhoiwada",2,85000.0,1200.0,Carpet Area,36.0,45.0,3.0,Semi-Furnished,Bachelors/Family,Contact Agent
LST104115,Mumbai,Bhayandar East,"Indraprastha CHS, Bhayandar East",1,30000.0,376.0,Super Area,22.0,29.0,1.0,Semi-Furnished,Family,Contact Agent
LST102110,Mumbai,Gokuldham,"Sky Villa, Gokuldham",1,22500.0,469.0,Carpet Area,12.0,45.0,1.0,Unfurnished,Family,Contact Owner
LST100471,Mumbai,Hiranandani Gardens,"Raj Grandeur, Hiranandani Gardens",4,200000.0,2000.0,Carpet Area,17.0,29.0,5.0,Furnished,Bachelors/Family,Contact Agent
LST100114,Mumbai,Bhakti Park,"Bhakti Park, Bhakti Park",2,60000.0,710.0,Carpet Area,5.0,18.0,2.0,Semi-Furnished,Bachelors/Family,Contact Agent
LST104941,Mumbai,Ghatkopar East,Ghatkopar East,2,17000.0,617.0,Carpet Area,21.0,23.0,1.0,Furnished,Bachelors/Family,Contact Agent
LST102723,Mumbai,Powai,"Kailash Tower, Powai",1,46000.0,578.0,Carpet Area,13.0,14.0,1.0,Furnished,Family,Contact Agent
LST102735,Mumbai,Chandivali,"Sundew CHS, Chandivali",2,30500.0,668.0,Super Area,4.0,9.0,3.0,Semi-Furnished,Bachelors,Contact Owner
LST103362,Mumbai,in Borivali West,in Borivali West,3,82500.0,1477.0,Super Area,14.0,23.0,2.0,Unfurnished,Bachelors,Contact Owner
LST102850,Mumbai,Bhandup East,"White Lily Apartment, Bhandup East",1,30500.0,286.0,Super Area,11.0,28.0,1.0,Unfurnished,Family,Contact Owner
LST100632,Mumbai,Marol,"Akruti Aneri, Marol",2,45000.0,650.0,Carpet Area,3.0,7.0,2.0,Furnished,Bachelors/Family,Contact Agent
LST102458,Mumbai,Srishti Complex,Srishti Complex,2,58000.0,1081.0,Super Area,12.0,27.0,2.0,Semi-Furnished,Bachelors/Family,Contact Agent
LST104031,Mumbai,Pathanwadi,"Alta Monte, Pathanwadi",2,39000.0,720.0,Super Area,3.0,30.0,3.0,Furnished,Family,Contact Agent
LST103318,Mumbai,Bandra Kurla Complex,"Dheeraj Insignia Apartment, Bandra Kurla Complex",2,41500.0,564.0,Super Area,7.0,19.0,1.0,Semi-Furnished,Bachelors,Contact Agent
LST900017,Mumbai,Unknown,,3,75000.0,1000.0,Carpet Area,6.0,12.0,3.0,Furnished,Bachelors/Family,Contact Agent
LST102567,Mumbai,Lal Baug,"Royal Residency, Lal Baug",3,68000.0,1389.0,Carpet Area,12.0,17.0,4.0,Unfurnished,Family,Contact Agent
LST102296,Mumbai,Sindhi Society Chembur,Sindhi Society Chembur,4,186000.0,1722.0,Super Area,10.0,12.0,3.0,Furnished,Bachelors,Contact Owner
LST101981,Mumbai,Chembur East,Chembur East,1,17500.0,272.0,Carpet Area,16.0,22.0,1.0,Unfurnished,Family,Contact Agent
LST101961,Mumbai,Magathane,"Vasant Marvel, Magathane",2,87500.0,769.0,Carpet Area,15.0,31.0,2.0,Unfurnished,Bachelors/Family,Contact Owner
LST103828,Mumbai,Powai,"Panch Complex, Powai",3,76000.0,1179.0,Carpet Area,3.0,4.0,3.0,Furnished,Bachelors/Family,Contact Agent
LST104261,Mumbai,Seven Bungalows,"Milap CHS, Seven Bungalows",4,412000.0,3208.0,Carpet Area,19.0,27.0,4.0,Semi-Furnished,Bachelors/Family,Contact Agent
LST102070,Mumbai,Evershine Nagar,Evershine Nagar,3,55000.0,1001.0,Super Area,9.0,20.0,4.0,Furnished,Bachelors,Contact Agent
LST101027,Mumbai,Friends Colony,Friends Colony,1,30000.0,405.0,Super Area,18.0,29.0,1.0,Furnished,Bachelors,Contact Agent
LST102527,Mumbai,Kalina,Kalina,3,184500.0,1439.0,Super Area,18.0,35.0,4.0,Semi-Furnished,Family,Contact Owner
LST102184,Mumbai,Lokhandwala Complex,"DLH Orchid, Lokhandwala Complex",2,39000.0,806.0,Carpet Area,16.0,23.0,2.0,Furnished,Bachelors/Family,Contact Owner
LST104528,Mumbai,Carter Road,Carter Road,3,153500.0,1381.0,Super Area,7.0,19.0,3.0,Semi-Furnished,Family,Contact Agent
LST102900,Mumbai,Bhakti Park,"Lodha New Cuffe Parade, Bhakti Park",3,124500.0,1491.0,Carpet Area,18.0,40.0,4.0,Furnished,Bachelors,Contact Agent
LST100198,Mumbai,Wadala,"Lodha NCP Commercial , Wadala",2,100000.0,750.0,Carpet Area,-1.0,30.0,2.0,Unfurnished,Bachelors/Family,Contact Agent
LST101753,Mumbai,Central Avenue Road,"Tridhaatu Bhaveshwar Vilas, Central Avenue Road",1,29000.0,752.0,Carpet Area,9.0,17.0,1.0,Furnished,Family,Contact Agent
LST101190,Mumbai,Waterfield Road,"Benchmark Solus, Waterfield Road",2,190500.0,1431.0,Super Area,5.0,5.0,2.0,Furnished,Bachelors,Contact Owner
LST100939,Mumbai,Malad West,Malad West,3,60000.0,1000.0,Carpet Area,1.0,10.0,3.0,Semi-Furnished,Bachelors,Contact Agent
LST102606,Mumbai,BANDRA WEST,"MOUNT MARRY, BANDRA WEST",1,11500.0,558.0,Super Area,15.0,25.0,1.0,Unfurnished,Bachelors/Family,Contact Owner
LST100152,Mumbai,Reay road east,Reay road east,1,21000.0,600.0,Super Area,2.0,2.0,1.0,Semi-Furnished,Bachelors/Family,Contact Owner
LST104960,Mumbai,Lal Baug,"Royal Residency, Lal Baug",1,25000.0,380.0,Carpet Area,14.0,35.0,2.0,Semi-Furnished,Bachelors/Family,Contact Agent
LST103861,Mumbai,Mira Road East,"Man Opus, Mira Road East",3,90500.0,1131.0,Super Area,15.0,31.0,3.0,Furnished,Bachelors,Contact Agent
LST101133,Mumbai,Malad West,"Shiv Ganga Apartment, Malad West",1,26500.0,417.0,Carpet Area,46.0,78.0,2.0,Furnished,Bachelors/Family,Contact Agent
LST103295,Mumbai,Bhandup Industrial Estate,"Srishti Solitaire, Bhandup Industrial Estate",4,289500.0,2240.0,Carpet Area,15.0,36.0,4.0,Furnished,Bachelors,Contact Owner
LST101082,Mumbai,Bandra West,"Vintage Pearl Apartment, Bandra West",1,48500.0,615.0,Super Area,17.0,25.0,1.0,Unfurnished,Family,Contact Owner
LST101737,Mumbai,Lokhandwala Complex,"DLH Orchid, Lokhandwala Complex",2,58000.0,796.0,Super Area,2.0,3.0,2.0,Semi-Furnished,Bachelors/Family,Contact Owner
LST104724,Mumbai,Charkop Sector 6,Charkop Sector 6,3,32500.0,983.0,Carpet Area,7.0,16.0,3.0,Semi-Furnished,Bachelors,Contact Owner
LST100131,Mumbai,Mira Road,"Man Opus, Mira Road",2,18000.0,780.0,Carpet Area,17.0,22.0,2.0,Unfurnished,Family,Contact Agent
LST102990,Mumbai,Sion East,"Everard Nagar Co Operative Housing Society, Sion East",4,216000.0,1572.0,Super Area,18.0,30.0,5.0,Furnished,Bachelors,Contact Agent
LST100854,Mumbai,Andheri West,"Adani Western Heights, Andheri West",4,270000.0,1649.0,Carpet Area,18.0,29.0,3.0,Semi-Furnished,Family,Contact Agent
LST101922,Mumbai,Chakala,"Hubtown Sunmist, Chakala",1,32000.0,486.0,Super Area,34.0,45.0,1.0,Semi-Furnished,Family,Contact Owner
LST101441,Mumbai,Model Town,Model Town,2,37000.0,922.0,Super Area,15.0,36.0,1.0,Semi-Furnished,Bachelors,Contact Agent
LST103280,Mumbai,Thakur Complex,"Bhoomi Elegant, Thakur Complex",5,274500.0,1992.0,Super Area,4.0,16.0,5.0,Unfurnished,Bachelors/Family,Contact Owner
LST102194,Mumbai,Goregaon West,"Sejal Tower, Goregaon West",2,59500.0,761.0,Super Area,9.0,16.0,2.0,Furnished,Family,Contact Owner
LST100462,Mumbai,JVPD Scheme,JVPD Scheme,3,150000.0,1600.0,Carpet Area,6.0,7.0,3.0,Semi-Furnished,Bachelors/Family,Contact Agent
LST102613,Mumbai,Prabhadevi,"Beach Towers, Prabhadevi",2,14500.0,1007.0,Super Area,25.0,52.0,2.0,Furnished,Family,Contact Agent
LST103689,Mumbai,sra,sra,3,140000.0,1369.0,Carpet Area,4.0,20.0,4.0,Furnished,Bachelors/Family,Contact Agent
LST103115,Mumbai,Andheri West,"Platinum Prive, Andheri West",2,6500.0,846.0,Super Area,2.0,2.0,2.0,Furnished,Family,Contact Agent
LST103579,Mumbai,Central Area,Central Area,1,37500.0,541.0,Carpet Area,10.0,25.0,1.0,Furnished,Family,Contact Owner
LST100030,Mumbai,GOREGAON WEST,GOREGAON WEST,1,19411.0,400.0,Super Area,8.0,8.0,2.0,Furnished,Bachelors/Family,Contact Owner
LST101120,Mumbai,Bandra Kurla Complex,"Kanakia Paris, Bandra Kurla Complex",4,237500.0,1712.0,Super Area,3.0,9.0,4.0,Semi-Furnished,Bachelors,Contact Agent
LST102979,Mumbai,PMGP Colony,"Midas PMGP Mhada Colony, PMGP Colony",2,70000.0,632.0,Carpet Area,18.0,45.0,2.0,Furnished,Bachelors/Family,Contact Agent
LST103111,Mumbai,Chembur,"Safal Twins, Chembur",3,75500.0,1216.0,Super Area,18.0,38.0,4.0,Furnished,Bachelors/Family,Contact Agent
LST104058,Mumbai,Gandhi Market,Gandhi Market,2,23000.0,727.0,Super Area,8.0,8.0,2.0,Unfurnished,Bachelors,Contact Agent
LST102043,Mumbai,Sher E Punjab Society,Sher E Punjab Society,1,16500.0,385.0,Carpet Area,3.0,30.0,1.0,Semi-Furnished,Bachelors/Family,Contact Owner
LST102564,Mumbai,Mahalakshmi,"Lodha Bellissimo, Mahalakshmi",2,60000.0,633.0,Carpet Area,15.0,28.0,3.0,Unfurnished,Bachelors,Contact Owner
LST101348,Mumbai,Mira Road,"Hubtown Gardenia, Mira Road",2,50000.0,871.0,Carpet Area,5.0,19.0,3.0,Semi-Furnished,Bachelors,Contact Agent
LST104760,Mumbai,Mulund West,"Nem Vihar, Mulund West",1,32500.0,494.0,Super Area,8.0,29.0,1.0,Furnished,Bachelors,Contact Agent
LST100776,Mumbai,Vikhroli West,"Raj Legacy, Vikhroli West",2,55000.0,753.0,Carpet Area,10.0,20.0,2.0,Furnished,Bachelors/Family,Contact Agent
LST100386,Mumbai,Unknown,,2,32000.0,475.0,Carpet Area,8.0,12.0,2.0,Unfurnished,Bachelors,Contact Agent
LST102376,Mumbai,Yashodham,Yashodham,5,711000.0,3182.0,Carpet Area,18.0,30.0,5.0,Semi-Furnished,Bachelors,Contact Agent
LST100694,Mumbai,Bhandup Village,Bhandup Village,1,21000.0,450.0,Carpet Area,3.0,13.0,2.0,Unfurnished,Bachelors,Contact Agent
LST102429,Mumbai,Sindhi Society Chembur,"Hari Kunj II, Sindhi Society Chembur",1,25000.0,470.0,Super Area,22.0,24.0,1.0,Unfurnished,Bachelors,Contact Agent
LST100736,Mumbai,Malad West,"Auris Serenity, Malad West",3,100000.0,2000.0,Super Area,25.0,50.0,4.0,Semi-Furnished,Bachelors/Family,Contact Agent
LST101463,Mumbai,Bhayandar East,"Indraprastha CHS, Bhayandar East",2,81500.0,840.0,Carpet Area,15.0,22.0,2.0,Semi-Furnished,Bachelors,Contact Agent
LST103963,Mumbai,Mira Road East,"Man Opus, Mira Road East",2,42500.0,750.0,Super Area,9.0,19.0,3.0,Semi-Furnished,Bachelors/Family,Contact Owner
LST102875,Mumbai,Sakinaka Junction,Sakinaka Junction,1,4500.0,550.0,Super Area,25.0,42.0,1.0,Furnished,Bachelors,Contact Owner
LST100184,Mumbai,Malad West,"Auris Serenity, Malad West",2,60000.0,807.0,Carpet Area,14.0,58.0,2.0,Unfurnished,Bachelors,Contact Agent
LST103314,Mumbai,Kandivali East,"Vishnu Shivam Tower, Thakur Village, Kandivali East",2,64500.0,872.0,Super Area,5.0,24.0,2.0,Semi-Furnished,Bachelors,Contact Owner
LST103585,Mumbai,Unknown,,2,35000.0,662.0,Super Area,26.0,42.0,2.0,Furnished,Bachelors,Contact Agent
LST101287,Mumbai,Union Park,Union Park,3,83000.0,1102.0,Carpet Area,8.0,25.0,4.0,Furnished,Bachelors,Contact Owner
LST103845,Mumbai,Dhanukar Wadi,Dhanukar Wadi,3,48500.0,1194.0,Super Area,12.0,18.0,3.0,Unfurnished,Family,Contact Owner
LST103528,Mumbai,Serenity Complex,Serenity Complex,1,24500.0,538.0,Super Area,10.0,24.0,1.0,Unfurnished,Family,Contact Owner
LST102020,Mumbai,Mahatama Gandhi Road,Mahatama Gandhi Road,2,62500.0,900.0,Super Area,9.0,17.0,3.0,Semi-Furnished,Family,Contact Agent
LST104732,Mumbai,parivar safalya chs,parivar safalya chs,1,28500.0,504.0,Super Area,5.0,19.0,1.0,Furnished,Bachelors/Family,Contact Agent
LST103061,Mumbai,Chikhal Dongari,"Sumit Greendale, Chikhal Dongari",1,23000.0,553.0,Super Area,1.0,9.0,2.0,Unfurnished,Bachelors/Family,Contact Owner
LST102065,Mumbai,Gokuldham,"Heena Gaurav Jewels, Gokuldham",3,241000.0,1219.5,Carpet Area,16.0,20.0,4.0,Unfurnished,Bachelors,Contact Agent
LST101519,Mumbai,Bhandup West,"Hudco Living Point, Bhandup West",3,90500.0,1094.0,Super Area,39.0,62.0,2.0,Furnished,Family,Contact Agent
LST101094,Mumbai,Wadala,"Antop Hill, Wadala",1,24500.0,450.0,Carpet Area,49.0,55.0,1.0,Furnished,Bachelors,Contact Owner
LST100783,Mumbai,Vile Parle,Vile Parle,1,18500.0,229.0,Super Area,5.0,9.0,1.0,Semi-Furnished,Bachelors/Family,Contact Owner
LST103651,Mumbai,Thakur Complex,"Kanakia Sanskruti, Thakur Complex",1,14000.0,263.0,Carpet Area,25.0,42.0,1.0,Unfurnished,Bachelors,Contact Owner
LST102354,Mumbai,Prabhadevi,"Utkarsh CHS, Prabhadevi",2,68000.0,906.0,Carpet Area,0.0,8.0,3.0,Unfurnished,Bachelors/Family,Contact Agent
LST104101,Mumbai,Hiranandani Gardens,"Hiranandani Castle Rock, Hiranandani Gardens",3,90000.0,1008.0,Carpet Area,5.0,9.0,3.0,Semi-Furnished,Bachelors/Family,Contact Agent
LST900024,Mumbai,Bhakti Park,Bhakti Park,3,124500.0,1389.0,Carpet Area,2.0,2.0,2.0,Semi-Furnished,Bachelors,Contact Owner
LST100391,Mumbai,Bhandup West,Bhandup West,1,21000.0,650.0,Super Area,6.0,10.0,2.0,Semi-Furnished,Bachelors/Family,Contact Owner
LST100750,Mumbai,Chakala,"Hubtown Sunmist, Chakala",3,98000.0,1400.0,Carpet Area,4.0,15.0,2.0,Semi-Furnished,Family,Contact Agent
LST103902,Mumbai,Chandivali,"Shapoorji Pallonji Vicinia, Chandivali",2,63000.0,964.0,Super Area,14.0,15.0,2.0,Unfurnished,Bachelors/Family,Contact Agent
LST102684,Mumbai,Dadar West,"Purushottam Towers, Dadar West",5,158000.0,1808.0,Carpet Area,10.0,17.0,6.0,Unfurnished,Bachelors,Contact Agent
LST100989,Mumbai,Taloja Phase 2,Taloja Phase 2,1,30000.0,492.0,Super Area,8.0,20.0,2.0,Furnished,Family,Contact Owner
LST102588,Mumbai,Malad East,Malad East,1,25000.0,378.0,Super Area,8.0,45.0,1.0,Furnished,Bachelors,Contact Owner
LST104123,Mumbai,Dadar East,"Bombay Dyeing Two ICC, Dadar East",3,109500.0,1927.0,Carpet Area,9.0,9.0,4.0,Semi-Furnished,Bachelors/Family,Contact Owner
LST102575,Mumbai,Mahavir Nagar,"Anant Bhoomi, Mahavir Nagar",4,82500.0,1095.0,Super Area,34.0,48.0,5.0,Unfurnished,Family,Contact Owner
LST103730,Mumbai,Bhoiwada,"Crescent Bay T3, Bhoiwada",2,25000.0,611.0,Super Area,7.0,8.0,2.0,Semi-Furnished,Family,Contact Owner
LST104236,Mumbai,Dadar West,"Sugee Sadan, Dadar West",3,65000.0,1219.5,Super Area,1.0,8.0,3.0,Semi-Furnished,Family,Contact Owner
LST100412,Mumbai,Worli,"Omkar 1973, Worli",3,310000.0,2170.0,Carpet Area,44.0,75.0,4.0,Semi-Furnished,Bachelors/Family,Contact Agent
LST101025,Mumbai,Saki Vihar Road,Saki Vihar Road,3,103500.0,1502.0,Super Area,21.0,57.0,4.0,Unfurnished,Bachelors,Contact Owner
LST103186,Mumbai,ANDHERI WEST,"ADANI WESTERN HEIGHTS, ANDHERI WEST",2,64000.0,898.0,Carpet Area,19.0,85.0,1.0,Unfurnished,Bachelors,Contact Agent
LST100822,Mumbai,Kurla West,Kurla West,1,18000.0,300.0,Super Area,3.0,10.0,1.0,Unfurnished,Bachelors/Family,Contact Owner
LST103831,Mumbai,Prabhadevi,"Kalpataru Antariksha, Prabhadevi",1,98500.0,725.0,Carpet Area,11.0,16.0,2.0,Furnished,Family,Contact Owner
LST104444,Mumbai,Chakala,"Supreme Divine Light CHS, Chakala",1,60500.0,539.0,Carpet Area,12.0,14.0,1.0,Furnished,Bachelors/Family,Contact Owner
LST100615,Mumbai,Sakinaka Junction,Sakinaka Junction,1,40000.0,444.0,Carpet Area,8.0,11.0,2.0,Unfurnished,Bachelors,Contact Agent
LST104945,Mumbai,Mahavir Nagar,"Anant Bhoomi, Mahavir Nagar",3,70000.0,1177.0,Carpet Area,11.0,20.0,2.0,Semi-Furnished,Family,Contact Agent
LST100335,Mumbai,Film City Road,"Oberoi Exquisite II, Film City Road",3,160000.0,1355.0,Carpet Area,30.0,45.0,3.0,Furnished,Bachelors/Family,Contact Agent
LST103216,Mumbai,Irla,Irla,2,92000.0,956.0,Super Area,9.0,29.0,3.0,Semi-Furnished,Family,Contact Agent
LST102118,Mumbai,Powai,"L&T Emerald Isle, Powai",1,19000.0,297.0,Carpet Area,7.0,20.0,1.0,Unfurnished,Bachelors/Family,Contact Owner
LST103888,Mumbai,Goregaon East,"Balkrishna, Goregaon East",2,39000.0,835.0,Super Area,17.0,20.0,3.0,Semi-Furnished,Family,Contact Agent
LST104943,Mumbai,Goregaon East,"Raheja Ridgewood, Goregaon East",1,49000.0,416.0,Carpet Area,8.0,8.0,2.0,Unfurnished,Bachelors/Family,Contact Agent
LST102991,Mumbai,Mahatama Gandhi Road,Mahatama Gandhi Road,2,60000.0,721.0,Carpet Area,7.0,14.0,1.0,Semi-Furnished,Bachelors,Contact Agent
LST103365,Mumbai,Borivali East,"Ambrosia Apartment, Borivali East",2,42500.0,631.0,Carpet Area,9.0,38.0,2.0,Furnished,Family,Contact Owner
LST102290,Mumbai,Mahim West,Mahim West,1,37500.0,460.0,Carpet Area,11.0,12.0,2.0,Unfurnished,Bachelors,Contact Owner
LST103694,Mumbai,Chembur East,"diamond garden, Chembur East",2,84500.0,1799.0,Super Area,8.0,28.0,3.0,Semi-Furnished,Bachelors/Family,Contact Agent
LST103172,Mumbai,Suram Park Society,Suram Park Society,2,57500.0,723.0,Super Area,32.0,59.0,3.0,Furnished,Bachelors/Family,Contact Agent
LST101238,Mumbai,Powai,Powai,2,73000.0,1059.0,Super Area,16.0,18.0,1.0,Furnished,Bachelors/Family,Contact Agent
LST103736,Mumbai,Naigaon East,"Unicorn Global Arena, Naigaon East",3,125500.0,1437.0,Super Area,19.0,33.0,3.0,Semi-Furnished,Bachelors/Family,Contact Owner
LST100024,Mumbai,Chandivali,"Shapoorji Pallonji Vicinia, Chandivali",2,60000.0,888.0,Carpet Area,9.0,20.0,2.0,Semi-Furnished,Bachelors/Family,Contact Agent
LST103091,Mumbai,Mahavir Nagar,"Anant Bhoomi, Mahavir Nagar",3,208500.0,1553.0,Super Area,40.0,53.0,2.0,Semi-Furnished,Bachelors/Family,Contact Agent
LST104929,Mumbai,Powai,"Kailash Tower, Powai",1,34500.0,513.0,Super Area,7.0,29.0,2.0,Semi-Furnished,Bachelors,Contact Owner
LST103884,Mumbai,Worli,"Trump Tower, Worli",2,45000.0,643.0,Carpet Area,34.0,46.0,3.0,Semi-Furnished,Bachelors,Contact Owner
LST104670,Mumbai,Bandra East,"Rustomjee Seasons, Bandra East",3,577500.0,2048.0,Super Area,18.0,46.0,4.0,Semi-Furnished,Family,Contact Agent
LST100790,Mumbai,BMC Colony Malad East,"Raheja Heights, BMC Colony Malad East",2,50000.0,820.0,Carpet Area,7.0,28.0,2.0,Semi-Furnished,Bachelors/Family,Contact Agent
LST103947,Mumbai,Prabhadevi,"Suryodaya CHS, Prabhadevi",2,63000.0,928.0,Super Area,20.0,32.0,3.0,Semi-Furnished,Bachelors/Family,Contact Agent
LST103178,Mumbai,Chembur East,"Sabari Ashville, Chembur East",1,20000.0,450.0,Carpet Area,15.0,17.0,1.0,Unfurnished,Bachelors/Family,Contact Agent
LST101946,Mumbai,Prabhadevi,"Kalpataru Antariksha, Prabhadevi",2,52000.0,756.0,Super Area,32.0,59.0,1.0,Furnished,Family,Contact Agent
LST103229,Mumbai,Opera House,Opera House,3,41500.0,1060.0,Super Area,44.0,78.0,2.0,Unfurnished,Family,Contact Owner
LST104686,Mumbai,Charkop Sector 6,Charkop Sector 6,3,79500.0,1213.0,Carpet Area,34.0,58.0,3.0,Unfurnished,Family,Contact Owner
LST103535,Mumbai,Chembur,"Godrej Serenity Mumbai, Chembur",1,17500.0,449.0,Super Area,-2.0,18.0,1.0,Unfurnished,Bachelors,Contact Owner
LST102618,Mumbai,Shilphata,Shilphata,2,78000.0,1049.0,Super Area,30.0,44.0,2.0,Unfurnished,Bachelors,Contact Owner
LST100307,Mumbai,Bhandup West,Bhandup West,2,23000.0,670.0,Super Area,1.0,20.0,2.0,Semi-Furnished,Bachelors/Family,Contact Owner
LST100701,Mumbai,Sher E Punjab Society,Sher E Punjab Society,1,21000.0,600.0,Super Area,-1.0,21.0,1.0,Furnished,Bachelors/Family,Contact Owner
LST102189,Mumbai,Dadar TT Circle,"Bombay Dyeing Two ICC, Dadar TT Circle",3,58500.0,1219.5,Super Area,4.0,4.0,2.0,Unfurnished,Family,Contact Owner
LST103574,Mumbai,Parel,"Ruparel Ariana, Parel",1,31500.0,488.0,Carpet Area,15.0,25.0,2.0,Unfurnished,Family,Contact Owner
LST101158,Mumbai,Shilphata,Shilphata,2,41500.0,744.0,Carpet Area,9.0,19.0,2.0,Unfurnished,Bachelors,Contact Agent
LST100027,Mumbai,Kashimira,"Man Opus, Kashimira",2,20000.0,700.0,Carpet Area,3.0,21.0,2.0,Semi-Furnished,Family,Contact Agent
LST101814,Mumbai,Bandra West,"Hill Road, Bandra West",3,250500.0,1551.0,Super Area,10.0,13.0,4.0,Semi-Furnished,Bachelors/Family,Contact Owner
LST100486,Mumbai,Bandra West,Bandra West,3,190000.0,1500.0,Carpet Area,8.0,10.0,3.0,Semi-Furnished,Bachelors/Family,Contact Agent
LST104106,Mumbai,Hiranandani Gardens,"Hiranandani Castle Rock, Hiranandani Gardens",1,31000.0,329.0,Carpet Area,11.0,24.0,1.0,Furnished,Bachelors/Family,Contact Agent
LST101655,Mumbai,Srishti Complex,Srishti Complex,3,49000.0,1179.0,Carpet Area,25.0,42.0,2.0,Semi-Furnished,Bachelors,Contact Owner
LST104021,Mumbai,Borivali West,"Veena Signature, Borivali West",3,137000.0,938.0,Carpet Area,8.0,45.0,3.0,Semi-Furnished,Bachelors,Contact Agent
LST103466,Mumbai,Lokhandwala Twp,"Oasis, Lokhandwala Twp",3,63500.0,945.0,Super Area,17.0,18.0,3.0,Semi-Furnished,Family,Contact Agent
LST100602,Mumbai,Hindu Colony,Hindu Colony,2,80000.0,700.0,Carpet Area,10.0,21.0,2.0,Furnished,Family,Contact Agent
LST101196,Mumbai,Beverly Park,"Prathamesh Heritage, Beverly Park",1,9000.0,518.0,Super Area,30.0,39.0,2.0,Unfurnished,Family,Contact Owner
LST101717,Mumbai,Borivali West,"Veena Signature, Borivali West",2,64500.0,699.0,Super Area,40.0,75.0,2.0,Unfurnished,Bachelors,Contact Agent
LST104250,Mumbai,Andheri West,"Adani Western Heights, Andheri West",3,88000.0,1243.0,Super Area,5.0,22.0,4.0,Unfurnished,Bachelors,Contact Agent
LST102913,Mumbai,Ghatkopar,"Ambika Siddhi Apartment, Ghatkopar",2,26000.0,707.0,Carpet Area,3.0,10.0,2.0,Semi-Furnished,Bachelors,Contact Agent
LST104291,Mumbai,Unknown,,1,31500.0,508.0,Super Area,1.0,6.0,1.0,Furnished,Bachelors/Family,Contact Agent
LST100715,Mumbai,Deonar,"Satyam Springs, Deonar",3,100000.0,1256.0,Carpet Area,10.0,22.0,3.0,Furnished,Family,Contact Agent
LST104525,Mumbai,Bhakti Park,Bhakti Park,3,205000.0,2107.0,Super Area,23.0,25.0,4.0,Furnished,Family,Contact Owner
LST101464,Mumbai,anjali,anjali,4,111500.0,1340.0,Super Area,25.0,43.0,5.0,Semi-Furnished,Bachelors/Family,Contact Owner
LST101220,Mumbai,Jacob Circle,Jacob Circle,4,98500.0,1307.0,Carpet Area,47.0,89.0,3.0,Semi-Furnished,Bachelors,Contact Owner
LST101754,Mumbai,Wadala East,"Dosti Ambrosia, Wadala East",2,31000.0,761.0,Super Area,30.0,45.0,2.0,Semi-Furnished,Family,Contact Owner
LST103815,Mumbai,Bhatti Pada,Bhatti Pada,4,493000.0,3049.0,Super Area,14.0,33.0,4.0,Furnished,Bachelors,Contact Owner
LST101471,Mumbai,Kandivali East,"Ishwardas Bhuvan CHS, Kandivali East",1,36500.0,442.0,Carpet Area,11.0,12.0,1.0,Semi-Furnished,Bachelors/Family,Contact Agent
LST101962,Mumbai,shabri shan,shabri shan,2,23500.0,700.0,Carpet Area,15.0,32.0,1.0,Semi-Furnished,Family,Contact Owner
LST101673,Mumbai,Ghatkopar,Ghatkopar,1,13000.0,262.0,Carpet Area,17.0,27.0,1.0,Furnished,Bachelors,Contact Owner
LST103880,Mumbai,Mulund East,Mulund East,2,57500.0,753.0,Carpet Area,9.0,40.0,1.0,Unfurnished,Family,Contact Agent
LST100663,Mumbai,Dadar West,"Salvation CHS, Dadar West",3,100000.0,1200.0,Carpet Area,4.0,15.0,3.0,Furnished,Bachelors/Family,Contact Agent
LST100021,Mumbai,Cuffe Parade,Cuffe Parade,2,150000.0,753.0,Carpet Area,7.0,19.0,2.0,Unfurnished,Bachelors,Contact Owner
LST102710,Mumbai,Andheri East,Andheri East,1,38000.0,595.0,Carpet Area,5.0,14.0,1.0,Furnished,Bachelors/Family,Contact Owner
LST104258,Mumbai,Goregaon East,"Shiv Dham Apartment, Goregaon East",1,35000.0,357.0,Super Area,11.0,14.0,1.0,Unfurnished,Bachelors/Family,Contact Agent
LST103811,Mumbai,Worli,"Avarsekar Heights, Worli",2,41500.0,725.0,Carpet Area,7.0,8.0,2.0,Semi-Furnished,Bachelors/Family,Contact Agent
LST103490,Mumbai,CHEMBUR,"SINDHI SOCIETY, CHEMBUR",3,103500.0,1241.0,Carpet Area,13.0,16.0,3.0,Furnished,Bachelors/Family,Contact Owner
LST103417,Mumbai,Kalina,Kalina,2,33000.0,516.0,Super Area,0.0,7.0,3.0,Unfurnished,Bachelors,Contact Owner
LST104044,Mumbai,Borivali West,"Veena Signature, Borivali West",3,75000.0,1303.0,Carpet Area,9.0,15.0,3.0,Furnished,Bachelors,Contact Owner
LST103226,Mumbai,Pirojshah Nagar,"Godrej The Trees, Pirojshah Nagar",1,42000.0,367.0,Carpet Area,20.0,21.0,1.0,Semi-Furnished,Bachelors,Contact Owner
LST102594,Mumbai,Mira Road,"holy complex ,Mira Road, Mumbai",1,36500.0,481.0,Carpet Area,30.0,44.0,1.0,Furnished,Family,Contact Agent
LST102147,Mumbai,Chembur,"diamond garden, Chembur",1,26000.0,643.0,Super Area,8.0,11.0,1.0,Unfurnished,Bachelors,Contact Owner
LST103684,Mumbai,Collector Colony,Collector Colony,3,183500.0,1031.0,Super Area,13.0,40.0,2.0,Unfurnished,Bachelors/Family,Contact Agent
LST103826,Mumbai,Agarkar Chowk,"Oberoi Splendor Grande, Agarkar Chowk",2,75500.0,857.0,Carpet Area,15.0,36.0,1.0,Semi-Furnished,Family,Contact Owner
LST102171,Mumbai,Suram Park Society,Suram Park Society,2,57500.0,728.0,Super Area,17.0,60.0,2.0,Unfurnished,Bachelors,Contact Owner
LST102612,Mumbai,Parel,Parel,3,127000.0,1589.0,Super Area,19.0,22.0,3.0,Furnished,Family,Contact Owner
LST101764,Mumbai,Central Area,Central Area,2,52500.0,792.0,Super Area,5.0,5.0,1.0,Furnished,Bachelors,Contact Agent
LST101090,Mumbai,Lower Parel,"Ashford Casa Grande, Lower Parel",1,15000.0,547.0,Carpet Area,40.0,50.0,1.0,Semi-Furnished,Family,Contact Owner
LST102139,Mumbai,Sakinaka Junction,Sakinaka Junction,2,86000.0,832.0,Super Area,8.0,15.0,2.0,Semi-Furnished,Bachelors/Family,Contact Agent
LST102852,Mumbai,Dhanukar Wadi,Dhanukar Wadi,3,64000.0,951.0,Carpet Area,2.0,2.0,3.0,Semi-Furnished,Bachelors,Contact Agent
LST101198,Mumbai,Bhoiwada,Bhoiwada,2,58000.0,995.0,Carpet Area,5.0,7.0,3.0,Unfurnished,Bachelors/Family,Contact Agent
LST100496,Mumbai,Bandra West,Bandra West,1,65000.0,500.0,Carpet Area,0.0,5.0,1.0,Furnished,Bachelors/Family,Contact Agent
LST101953,Mumbai,Ghatkopar East,Ghatkopar East,1,23000.0,387.0,Carpet Area,5.0,14.0,1.0,Unfurnished,Bachelors,Contact Owner
LST103071,Mumbai,Bhuleshwar,"Universal Neo Galaxy, Bhuleshwar",2,36000.0,752.0,Super Area,9.0,55.0,1.0,Semi-Furnished,Bachelors/Family,Contact Owner
LST101336,Mumbai,Jankalyan Nagar,Jankalyan Nagar,1,52000.0,425.0,Carpet Area,16.0,29.0,1.0,Furnished,Bachelors,Contact Agent
LST103829,Mumbai,JL Tambe Nagar,JL Tambe Nagar,2,72000.0,714.0,Super Area,18.0,24.0,1.0,Unfurnished,Bachelors/Family,Contact Agent
LST102713,Mumbai,Dr Babasaheb Ambedkar Road,"Dr Babasaheb Ambedkar Road, Mumbai",2,49000.0,643.0,Carpet Area,34.0,48.0,3.0,Furnished,Bachelors,Contact Owner
LST101693,Mumbai,Film City Road,"Oberoi Exquisite II, Film City Road",4,341000.0,2288.0,Carpet Area,14.0,33.0,4.0,Furnished,Bachelors/Family,Contact Owner
LST101889,Mumbai,Kalina,Kalina,3,66000.0,1055.0,Super Area,29.0,35.0,3.0,Unfurnished,Bachelors,Contact Owner
LST103663,Mumbai,Sher E Punjab Society,Sher E Punjab Society,1,32000.0,503.0,Carpet Area,0.0,7.0,1.0,Furnished,Bachelors,Contact Agent
LST103102,Mumbai,Shantivan,"Saaga Mrunali CHS, Shantivan",3,423000.0,1686.0,Super Area,12.0,14.0,4.0,Unfurnished,Bachelors,Contact Agent
LST100404,Mumbai,Bandra East,"Sethia Grandeur, Bandra East",2,77500.0,724.0,Carpet Area,19.0,21.0,2.0,Semi-Furnished,Bachelors,Contact Agent
LST100116,Mumbai,Santacruz West,Santacruz West,3,100000.0,1080.0,Carpet Area,5.0,8.0,3.0,Unfurnished,Bachelors/Family,Contact Agent
LST101186,Mumbai,Altamount Road,Altamount Road,2,60500.0,750.0,Carpet Area,8.0,36.0,2.0,Semi-Furnished,Bachelors/Family,Contact Agent
LST100187,Mumbai,Nalasopara,"Deep Heights, Nalasopara",2,6500.0,790.0,Super Area,3.0,7.0,2.0,Unfurnished,Bachelors/Family,Contact Owner
LST104841,Mumbai,Friends Colony,Friends Colony,3,341000.0,1958.0,Carpet Area,15.0,19.0,2.0,Semi-Furnished,Bachelors,Contact Owner
LST103962,Mumbai,Mount Mary,Mount Mary,2,67500.0,701.0,Super Area,15.0,24.0,3.0,Furnished,Bachelors,Contact Agent
LST101401,Mumbai,Lokhandwala Complex,"Kenmore Apartment, Lokhandwala Complex",3,121000.0,1022.0,Super Area,11.0,51.0,4.0,Unfurnished,Bachelors/Family,Contact Owner
LST101945,Mumbai,Central Avenue Road,Central Avenue Road,2,59000.0,895.0,Super Area,15.0,21.0,1.0,Furnished,Family,Contact Agent
LST102886,Mumbai,Borivali East,"Ambrosia Apartment, Borivali East",1,27500.0,450.0,Carpet Area,7.0,14.0,1.0,Furnished,Bachelors,Contact Agent
LST101205,Mumbai,Chandivali,"Lake Primrose, Chandivali",2,33500.0,786.0,Super Area,12.0,68.0,2.0,Unfurnished,Bachelors/Family,Contact Owner
LST101384,Mumbai,Jankalyan Nagar,"Ratan Silicon Park, Jankalyan Nagar",2,23000.0,793.0,Carpet Area,65.0,78.0,2.0,Furnished,Bachelors/Family,Contact Agent
LST104689,Mumbai,Sion,"Sion East, Sion",2,34000.0,595.0,Carpet Area,18.0,24.0,2.0,Furnished,Family,Contact Owner
LST103610,Mumbai,Prabhadevi,Prabhadevi,3,398500.0,1326.0,Carpet Area,3.0,6.0,3.0,Semi-Furnished,Bachelors,Contact Agent
LST104162,Mumbai,Dadar East,"Bombay Dyeing Two ICC, Dadar East",2,42000.0,789.0,Carpet Area,0.0,7.0,2.0,Furnished,Bachelors,Contact Owner
LST104287,Mumbai,Nalasopara,"Nakoda Heights, Nalasopara",2,60500.0,753.0,Carpet Area,1.0,10.0,2.0,Unfurnished,Bachelors/Family,Contact Agent
LST103097,Mumbai,Kalina,"Sundar Nagar, Kalina",5,255500.0,2352.0,Carpet Area,15.0,19.0,4.0,Unfurnished,Family,Contact Owner
LST103558,Mumbai,Pali Hill,"Green Gate Apartment, Pali Hill",2,78500.0,1094.0,Super Area,-1.0,30.0,3.0,Furnished,Bachelors,Contact Agent
LST103965,Mumbai,Chembur East,"Swastik Pride, Chembur East",1,37500.0,509.0,Carpet Area,12.0,16.0,1.0,Unfurnished,Family,Contact Agent
LST104335,Mumbai,Deonar,"Satyam Springs, Deonar",2,72500.0,963.0,Carpet Area,12.0,19.0,3.0,Furnished,Family,Contact Agent
LST104824,Mumbai,Virar West,Virar West,1,22500.0,353.0,Carpet Area,9.0,12.0,1.0,Unfurnished,Bachelors,Contact Owner
LST103123,Mumbai,Hiranandani Gardens,"Hiranandani Regent Hill, Hiranandani Gardens",2,56000.0,1011.0,Super Area,2.0,8.0,2.0,Semi-Furnished,Bachelors,Contact Agent
LST100203,Mumbai,Parel,"Saraswati Sadan, Parel",3,150000.0,2000.0,Carpet Area,6.0,7.0,3.0,Furnished,Bachelors/Family,Contact Agent
LST101304,Mumbai,Kandivali West,"Gaurav Heights, Kandivali West",1,16500.0,450.0,Carpet Area,11.0,22.0,1.0,Semi-Furnished,Bachelors/Family,Contact Agent
LST104669,Mumbai,Dadar East,"Island City Centre, Dadar East",2,25500.0,510.0,Super Area,7.0,9.0,1.0,Unfurnished,Family,Contact Owner
LST100177,Mumbai,Lokhandwala Complex,"Stellar Tower, Lokhandwala Complex",3,120000.0,1200.0,Carpet Area,14.0,18.0,3.0,Furnished,Family,Contact Agent
LST102767,Mumbai,sra,sra,3,94500.0,1143.0,Carpet Area,32.0,42.0,3.0,Unfurnished,Bachelors,Contact Agent
LST102590,Mumbai,Kandivali West,"Gaurav Heights, Kandivali West",3,294500.0,1617.0,Super Area,40.0,75.0,3.0,Furnished,Family,Contact Owner
LST102678,Mumbai,Serenity Complex,Serenity Complex,1,20500.0,391.0,Super Area,5.0,23.0,1.0,Furnished,Bachelors,Contact Agent
LST102742,Mumbai,Lokhandwala Complex,"Magnum Tower CHS, Lokhandwala Complex",1,75500.0,529.0,Super Area,17.0,31.0,1.0,Unfurnished,Family,Contact Agent
LST104772,Mumbai,Dattani Park,Dattani Park,1,22000.0,449.0,Carpet Area,12.0,22.0,1.0,Furnished,Family,Contact Owner
LST104949,Mumbai,Powai,"L&T Emerald Isle, Powai",4,368500.0,2036.0,Carpet Area,0.0,21.0,4.0,Semi-Furnished,Bachelors,Contact Agent
LST102440,Mumbai,Lokhandwala Complex,"DLH Orchid, Lokhandwala Complex",4,243000.0,1646.0,Carpet Area,2.0,9.0,3.0,Furnished,Family,Contact Owner
LST900040,Mumbai,Agarkar Chowk,"Oberoi Splendor Grande, Agarkar Chowk",2,75500.0,857.0,Carpet Area,15.0,36.0,1.0,Semi-Furnished,Family,Contact Owner
LST100855,Mumbai,Chandivali,Chandivali,3,69000.0,1100.0,Carpet Area,12.0,24.0,3.0,Unfurnished,Bachelors/Family,Contact Agent
LST100475,Mumbai,Andheri East,"Takshila CHS, Andheri East",2,39000.0,750.0,Carpet Area,1.0,3.0,2.0,Semi-Furnished,Family,Contact Agent
LST101091,Mumbai,Worli,"Lodha The Park, Worli",3,143000.0,1433.0,Carpet Area,14.0,33.0,4.0,Unfurnished,Bachelors/Family,Contact Agent
LST102818,Mumbai,Worli,"Lodha Marquise, Worli",1,18500.0,285.0,Super Area,1.0,8.0,2.0,Furnished,Bachelors/Family,Contact Agent
LST102719,Mumbai,Thakur Complex,"Bhoomi Elegant, Thakur Complex",1,16000.0,300.0,Carpet Area,14.0,17.0,1.0,Unfurnished,Bachelors/Family,Contact Agent
LST103994,Mumbai,Unknown,,3,63500.0,1086.0,Super Area,17.0,43.0,2.0,Furnished,Bachelors,Contact Owner
LST102825,Mumbai,Sion Koliwada,"Sion East, Sion Koliwada",1,15500.0,432.0,Carpet Area,7.0,13.0,1.0,Furnished,Bachelors/Family,Contact Agent
LST102093,Mumbai,Wadala East,"Lodha Altia, Wadala East",2,33000.0,574.0,Carpet Area,7.0,20.0,3.0,Semi-Furnished,Bachelors/Family,Contact Agent
LST104834,Mumbai,Parel,"Crescent Bay Callisto, Parel",2,80500.0,784.0,Super Area,22.0,24.0,3.0,Furnished,Family,Contact Agent
LST103839,Mumbai,Sindhi Society Chembur,"Chembur Heights, Sindhi Society Chembur",2,157000.0,1205.0,Super Area,20.0,27.0,2.0,Semi-Furnished,Bachelors,Contact Owner
LST102998,Mumbai,Morya Nagar,"Shreenath nagar, Morya Nagar",2,67500.0,884.0,Carpet Area,7.0,28.0,2.0,Semi-Furnished,Family,Contact Agent
LST104517,Mumbai,in Byculla,in Byculla,3,135500.0,971.0,Carpet Area,6.0,7.0,3.0,Semi-Furnished,Bachelors,Contact Owner
LST103058,Mumbai,Ghatla,"vanamali chs ghatla, Ghatla",2,58500.0,748.0,Super Area,49.0,55.0,2.0,Semi-Furnished,Family,Contact Agent
LST102957,Mumbai,Mira Road East,"Hiral Greens, Mira Road East",2,35000.0,605.0,Super Area,1.0,6.0,3.0,Unfurnished,Bachelors/Family,Contact Owner
LST104500,Mumbai,Chandivali,"Lake Primrose, Chandivali",1,10000.0,440.0,Super Area,19.0,21.0,1.0,Semi-Furnished,Bachelors,Contact Agent
LST100228,Mumbai,Chakala,"Rustomjee Central Park, Chakala",3,92500.0,1000.0,Carpet Area,6.0,7.0,3.0,Furnished,Bachelors/Family,Contact Agent
LST100568,Mumbai,Bhandari Compound,"Sonal Apartment, Bhandari Compound",1,6000.0,450.0,Super Area,0.0,5.0,1.0,Unfurnished,Bachelors/Family,Contact Owner
LST103346,Mumbai,Magathane,"Vasant Marvel, Magathane",2,31000.0,736.0,Carpet Area,12.0,15.0,1.0,Unfurnished,Bachelors,Contact Owner
LST102210,Mumbai,Bandra East,"Rustomjee Seasons, Bandra East",1,25000.0,327.0,Carpet Area,5.0,6.0,2.0,Furnished,Bachelors,Contact Agent
LST103069,Mumbai,Poonam Gardens,"Swayam Apartment, Poonam Gardens",5,487500.0,2272.0,Super Area,15.0,36.0,6.0,Furnished,Bachelors/Family,Contact Agent
LST104755,Mumbai,Andheri East,"Manavsthal, Andheri East",3,165500.0,1236.0,Super Area,5.0,13.0,3.0,Semi-Furnished,Bachelors,Contact Owner
LST100452,Mumbai,Kanch Pada,"Auris Serenity, Kanch Pada",3,98000.0,1233.0,Carpet Area,14.0,68.0,4.0,Semi-Furnished,Bachelors/Family,Contact Agent
LST104089,Mumbai,Turner Road,"L Nagpal Ruby, Turner Road",1,15500.0,432.0,Super Area,7.0,14.0,1.0,Semi-Furnished,Bachelors,Contact Agent
LST103971,Mumbai,Powai,"Hiranandani Verona Co op Housing Society Ltd, Powai",4,309500.0,2233.0,Super Area,17.0,24.0,4.0,Semi-Furnished,Bachelors,Contact Agent
LST101956,Mumbai,Opera House,Opera House,5,590500.0,4101.0,Super Area,10.0,21.0,4.0,Furnished,Bachelors/Family,Contact Agent
LST101859,Mumbai,shivsagar,shivsagar,1,120500.0,451.0,Super Area,4.0,4.0,1.0,Unfurnished,Bachelors,Contact Owner
LST104179,Mumbai,Mamletdarwadi,Mamletdarwadi,1,17000.0,413.0,Super Area,9.0,10.0,1.0,Furnished,Family,Contact Owner
LST101581,Mumbai,Dadar West,"Salvation CHS, Dadar West",3,197000.0,1098.0,Carpet Area,9.0,21.0,2.0,Semi-Furnished,Family,Contact Owner
LST100031,Mumbai,Kandivali East,"Dheeraj Hill View Tower, Thakur Village, Kandivali East",1,23000.0,450.0,Carpet Area,6.0,12.0,1.0,Furnished,Bachelors/Family,Contact Agent
LST102589,Mumbai,Powai,"Hiranandani Castle Rock, Powai",5,260500.0,2393.0,Carpet Area,-1.0,18.0,6.0,Furnished,Bachelors,Contact Agent
LST101407,Mumbai,Mindspace,"Rustomjee Elanza, Mindspace",1,50000.0,436.0,Super Area,10.0,17.0,1.0,Furnished,Bachelors,Contact Owner
LST104087,Mumbai,Nalasopara West,Nalasopara West,2,91000.0,1163.0,Super Area,4.0,10.0,3.0,Unfurnished,Bachelors/Family,Contact Agent
LST101994,Mumbai,Wadala East,"Dosti Ambrosia, Wadala East",2,114500.0,777.0,Super Area,1.0,3.0,3.0,Semi-Furnished,Family,Contact Agent
LST102770,Mumbai,Chembur,Chembur,2,40000.0,590.0,Super Area,15.0,58.0,2.0,Unfurnished,Bachelors/Family,Contact Owner
LST102090,Mumbai,Yari Road,"Chanchal Kalyan Complex, Yari Road",2,31000.0,638.0,Carpet Area,19.0,20.0,3.0,Furnished,Bachelors/Family,Contact Owner
LST100869,Mumbai,Andheri West,"MidCity Shikhar, Andheri West",5,310000.0,2800.0,Carpet Area,19.0,33.0,5.0,Semi-Furnished,Bachelors/Family,Contact Agent
LST100263,Mumbai,MARINE LINES,"MARINE PALACE, MARINE LINES",2,75000.0,900.0,Carpet Area,7.0,9.0,2.0,Furnished,Bachelors/Family,Contact Agent
LST101806,Mumbai,Ghatkopar,"Ambika Siddhi Apartment, Ghatkopar",2,13500.0,541.0,Carpet Area,34.0,57.0,2.0,Semi-Furnished,Family,Contact Owner
LST103301,Mumbai,Link Road,"Orchid Residency, Link Road",1,19500.0,249.0,Super Area,76.0,78.0,2.0,Semi-Furnished,Bachelors/Family,Contact Owner
LST103903,Mumbai,Worli,"Avarsekar Heights, Worli",2,44000.0,631.0,Carpet Area,15.0,25.0,3.0,Unfurnished,Family,Contact Agent
LST101470,Mumbai,Chembur,"MJ Shah Centrio, Chembur",1,20000.0,644.0,Carpet Area,16.0,18.0,1.0,Unfurnished,Family,Contact Owner
LST101308,Mumbai,Powai,"Lake Primrose, Powai",2,149000.0,940.0,Carpet Area,18.0,31.0,3.0,Furnished,Family,Contact Agent
LST100729,Mumbai,Mira Road East,Mira Road East,1,13000.0,410.0,Carpet Area,2.0,7.0,1.0,Unfurnished,Family,Contact Agent
LST103827,Mumbai,Juhu Versova Link Road,Juhu Versova Link Road,3,90000.0,1236.0,Super Area,19.0,22.0,2.0,Semi-Furnished,Family,Contact Agent
LST101396,Mumbai,Napean Sea Road,"simla house at nepeasea road, Napean Sea Road",4,236000.0,1867.0,Carpet Area,14.0,27.0,5.0,Furnished,Family,Contact Owner
LST102495,Mumbai,Bandra East,"Sethia Grandeur, Bandra East",3,103000.0,1074.0,Carpet Area,30.0,37.0,2.0,Furnished,Bachelors/Family,Contact Owner
LST102865,Mumbai,Kandivali West,"RNA ROYALE PARK, Kandivali West",1,10500.0,735.0,Super Area,8.0,13.0,1.0,Furnished,Family,Contact Agent
LST100719,Mumbai,Indralok,"Aims Sea View, Indralok",1,13000.0,385.0,Carpet Area,6.0,20.0,1.0,Unfurnished,Family,Contact Agent
LST103596,Mumbai,Serenity Complex,Serenity Complex,1,20500.0,493.0,Super Area,8.0,8.0,2.0,Furnished,Bachelors,Contact Agent
LST101832,Mumbai,Sion Hospital Colony,Sion Hospital Colony,2,34000.0,1105.0,Super Area,5.0,11.0,2.0,Unfurnished,Family,Contact Owner
LST102903,Mumbai,Santacruz West,"Ekta Trinity, Santacruz West",2,30500.0,562.0,Carpet Area,9.0,10.0,2.0,Unfurnished,Bachelors/Family,Contact Owner
LST100987,Mumbai,Andheri West,"Adani Western Heights, Andheri West",2,25500.0,929.0,Carpet Area,8.0,17.0,2.0,Semi-Furnished,Bachelors/Family,Contact Owner
LST103724,Mumbai,Grant Road,Grant Road,3,76500.0,1230.0,Super Area,4.0,11.0,3.0,Unfurnished,Bachelors/Family,Contact Agent
LST100408,Mumbai,Seven Bungalows,Seven Bungalows,3,150000.0,1300.0,Carpet Area,6.0,7.0,3.0,Semi-Furnished,Bachelors/Family,Contact Agent
LST103434,Mumbai,Amit Nagar,"Badrinath Tower, Amit Nagar",2,54000.0,680.0,Carpet Area,2.0,13.0,2.0,Semi-Furnished,Family,Contact Agent
LST100797,Mumbai,Bhandup East,"White Lily Apartment, Bhandup East",2,55000.0,650.0,Carpet Area,8.0,18.0,2.0,Unfurnished,Bachelors/Family,Contact Agent
LST103658,Mumbai,Kalina,"Kabra Centroid, Kalina",1,32000.0,460.0,Super Area,26.0,46.0,1.0,Semi-Furnished,Family,Contact Owner
LST103437,Mumbai,Park Site Colony,"Mayfair Sonata Greens, Park Site Colony",1,35000.0,438.0,Super Area,36.0,81.0,2.0,Semi-Furnished,Bachelors/Family,Contact Agent
LST103607,Mumbai,Chakala,"Rustomjee Central Park, Chakala",3,200000.0,1052.0,Carpet Area,17.0,60.0,3.0,Semi-Furnished,Bachelors,Contact Agent
LST103573,Mumbai,Andheri East,"Manavsthal, Andheri East",2,41500.0,877.0,Carpet Area,12.0,27.0,2.0,Semi-Furnished,Family,Contact Agent
LST104672,Mumbai,Khar West,Khar West,3,150000.0,1193.0,Super Area,16.0,33.0,3.0,Semi-Furnished,Family,Contact Agent
LST101769,Mumbai,Dr Babasaheb Ambedkar Road,"Dr Babasaheb Ambedkar Road, Mumbai",3,113500.0,1308.0,Super Area,18.0,27.0,2.0,Unfurnished,Family,Contact Agent
LST102257,Mumbai,Bandra East,Bandra East,2,31500.0,674.0,Carpet Area,23.0,24.0,3.0,Semi-Furnished,Family,Contact Owner
LST100133,Mumbai,Jankalyan Nagar,"Prasanna Vastu Chs, Jankalyan Nagar",1,18000.0,375.0,Carpet Area,6.0,24.0,1.0,Unfurnished,Bachelors/Family,Contact Agent
LST101411,Mumbai,Mulund Railway Station,Mulund Railway Station,1,37500.0,473.0,Carpet Area,9.0,20.0,1.0,Semi-Furnished,Bachelors,Contact Owner
LST100136,Mumbai,Chembur,"Vijaya Heritage, Chembur",2,55000.0,790.0,Carpet Area,9.0,15.0,2.0,Unfurnished,Bachelors/Family,Contact Agent
LST103063,Mumbai,Chembur,"Godrej Serenity Mumbai, Chembur",2,38000.0,1028.0,Carpet Area,16.0,25.0,3.0,Semi-Furnished,Family,Contact Owner
LST104994,Mumbai,Prabhadevi,"Kalpataru Antariksha, Prabhadevi",1,8000.0,423.0,Super Area,0.0,5.0,1.0,Unfurnished,Bachelors,Contact Agent
LST100714,Mumbai,Seven Bungalows,Seven Bungalows,4,200000.0,2200.0,Carpet Area,11.0,20.0,5.0,Semi-Furnished,Bachelors/Family,Contact Agent
LST102467,Mumbai,Parel,"Saraswati Sadan, Parel",2,77000.0,1071.0,Super Area,10.0,16.0,2.0,Semi-Furnished,Family,Contact Owner
LST100710,Mumbai,Chembur,"Godrej Central, Chembur",3,80000.0,1100.0,Carpet Area,15.0,28.0,3.0,Unfurnished,Bachelors/Family,Contact Agent
LST102153,Mumbai,Balkrishna Dadu Karade Chowk,"Celestia Spaces, Balkrishna Dadu Karade Chowk",2,52500.0,774.0,Carpet Area,4.0,7.0,2.0,Semi-Furnished,Bachelors,Contact Agent
LST100476,Mumbai,Chandivali,Chandivali,3,70000.0,1100.0,Carpet Area,18.0,22.0,2.0,Semi-Furnished,Bachelors/Family,Contact Agent
LST103227,Mumbai,Azad Nagar Colaba,Azad Nagar Colaba,1,12000.0,253.0,Super Area,17.0,29.0,1.0,Semi-Furnished,Family,Contact Owner
LST103398,Mumbai,Grant Road,Grant Road,2,32500.0,648.0,Super Area,4.0,12.0,1.0,Unfurnished,Family,Contact Agent
LST104056,Mumbai,Datta Pada,"Kaustubh Platinum, Datta Pada",1,39500.0,512.0,Super Area,3.0,17.0,2.0,Furnished,Bachelors/Family,Contact Owner
LST103127,Mumbai,Chembur,"Sabari Palm View, Chembur",4,99000.0,1136.0,Super Area,20.0,27.0,4.0,Unfurnished,Family,Contact Agent
LST104010,Mumbai,Worli,"Trump Tower, Worli",3,127000.0,1526.0,Carpet Area,15.0,20.0,3.0,Unfurnished,Bachelors/Family,Contact Agent
LST100748,Mumbai,Dr Babasaheb Ambedkar Road,"Dr Babasaheb Ambedkar Road, Mumbai",2,65000.0,550.0,Super Area,1.0,7.0,2.0,Semi-Furnished,Bachelors/Family,Contact Owner
LST101351,Mumbai,Wadala,"Llyod Estate, Wadala",1,41000.0,489.0,Carpet Area,28.0,39.0,2.0,Semi-Furnished,Family,Contact Owner
LST103027,Mumbai,Kandivali East,"Godrej Tranquil, Kandivali East",3,209000.0,1181.0,Super Area,18.0,22.0,3.0,Semi-Furnished,Family,Contact Agent
LST100775,Mumbai,Aarey Milk Colony,"Royal Palms Diamond Isle Phase II, Aarey Milk Colony",1,17000.0,375.0,Carpet Area,9.0,20.0,1.0,Unfurnished,Bachelors/Family,Contact Agent
LST104142,Mumbai,Evershine Nagar,Evershine Nagar,1,23500.0,450.0,Super Area,-1.0,22.0,1.0,Unfurnished,Bachelors/Family,Contact Agent
LST100983,Mumbai,Goregaon East,"Velentine Tower, Goregaon East",1,95500.0,580.0,Super Area,4.0,7.0,1.0,Unfurnished,Bachelors/Family,Contact Agent
LST102381,Mumbai,Shri Swami Samarth Nagar,Shri Swami Samarth Nagar,2,44500.0,861.0,Super Area,18.0,32.0,1.0,Semi-Furnished,Family,Contact Owner
LST100744,Mumbai,Kanch Pada,"Auris Serenity, Kanch Pada",2,65000.0,805.0,Carpet Area,8.0,58.0,3.0,Semi-Furnished,Family,Contact Agent
LST100967,Mumbai,Wadala East,"Dosti Ambrosia, Wadala East",2,65000.0,960.0,Carpet Area,16.0,38.0,2.0,Semi-Furnished,Bachelors/Family,Contact Agent
LST100997,Mumbai,Gokuldham,"DB Woods, Gokuldham",1,26500.0,617.0,Super Area,13.0,15.0,2.0,Semi-Furnished,Family,Contact Owner
LST102172,Mumbai,Bhayandar East,Bhayandar East,3,91500.0,1248.0,Super Area,10.0,18.0,3.0,Furnished,Family,Contact Owner
LST102252,Mumbai,Chandivali,Chandivali,4,352500.0,1970.0,Super Area,27.0,45.0,3.0,Semi-Furnished,Bachelors/Family,Contact Owner
LST104628,Mumbai,Chakala,"Rustomjee Central Park, Chakala",3,191000.0,1347.0,Carpet Area,29.0,35.0,3.0,Semi-Furnished,Family,Contact Owner
LST103653,Mumbai,Shrikrupa Society,Shrikrupa Society,1,28000.0,437.0,Carpet Area,50.0,73.0,2.0,Furnished,Family,Contact Agent
LST101687,Mumbai,GREEN PARK,GREEN PARK,1,22500.0,501.0,Carpet Area,36.0,84.0,1.0,Semi-Furnished,Bachelors/Family,Contact Owner
LST104883,Mumbai,Andheri East,"Jumbo Darshan , Andheri East",2,43000.0,704.0,Super Area,3.0,30.0,1.0,Furnished,Bachelors/Family,Contact Owner
LST100759,Mumbai,Lodha casa rio,Lodha casa rio,2,13000.0,582.0,Carpet Area,5.0,8.0,2.0,Furnished,Family,Contact Owner
LST101446,Mumbai,Chakala,"Hubtown Sunmist, Chakala",3,174000.0,1625.0,Carpet Area,20.0,25.0,3.0,Unfurnished,Bachelors,Contact Agent
LST101099,Mumbai,Prabhadevi,"Chaitanya Towers, Prabhadevi",2,64500.0,1047.0,Super Area,7.0,24.0,3.0,Furnished,Family,Contact Agent
LST102469,Mumbai,Lower Parel,Lower Parel,2,43500.0,753.0,Carpet Area,17.0,25.0,2.0,Semi-Furnished,Bachelors/Family,Contact Agent
LST100211,Mumbai,CENTRAL AVENUE ROAD,CENTRAL AVENUE ROAD,4,140000.0,1454.0,Carpet Area,7.0,14.0,4.0,Unfurnished,Bachelors/Family,Contact Agent
LST101466,Mumbai,Bhandup West,"Kalpataru Crest, Bhandup West",2,209500.0,1384.0,Super Area,19.0,19.0,2.0,Semi-Furnished,Bachelors,Contact Agent
LST101746,Mumbai,Srinagarchs chembur west near sankralyammandir,Srinagarchs chembur west near sankralyammandir,2,58500.0,1291.0,Super Area,34.0,46.0,2.0,Unfurnished,Bachelors,Contact Owner
LST103949,Mumbai,Marol Maroshi Road,"Kanakia Sevens, Marol Maroshi Road",1,88000.0,529.0,Carpet Area,14.0,22.0,2.0,Unfurnished,Bachelors,Contact Agent
LST102689,Mumbai,Chakala MIDC,"Hillcrest, Chakala MIDC",2,47500.0,688.0,Carpet Area,7.0,22.0,2.0,Semi-Furnished,Family,Contact Owner
LST103922,Mumbai,Mehboob Studio,Mehboob Studio,2,179000.0,1309.0,Super Area,9.0,22.0,2.0,Semi-Furnished,Bachelors,Contact Agent
LST103259,Mumbai,Bhakti Park,"Ajmera Treon, Bhakti Park",3,91500.0,1409.0,Carpet Area,3.0,10.0,3.0,Semi-Furnished,Bachelors/Family,Contact Owner
LST101282,Mumbai,Powai,"L&T Emerald Isle, Powai",2,46000.0,1139.0,Carpet Area,1.0,6.0,2.0,Furnished,Family,Contact Agent
LST104663,Mumbai,Malad East,"Raheja Heights, Malad East",1,63500.0,486.0,Carpet Area,5.0,8.0,1.0,Furnished,Bachelors,Contact Agent
LST100217,Mumbai,Chakala,"Supreme Divine Light CHS, Chakala",1,33000.0,550.0,Carpet Area,0.0,4.0,1.0,Unfurnished,Bachelors/Family,Contact Agent
LST102740,Mumbai,Film City,Film City,1,12000.0,374.0,Super Area,12.0,20.0,1.0,Semi-Furnished,Family,Contact Agent
LST104055,Mumbai,Worli,"lokhandwala residency, Worli",3,92500.0,1338.0,Super Area,19.0,19.0,2.0,Semi-Furnished,Bachelors/Family,Contact Agent
LST104094,Mumbai,Dattani Park,Dattani Park,1,41000.0,460.0,Super Area,11.0,22.0,2.0,Furnished,Bachelors,Contact Agent
LST100551,Mumbai,Wadala East,"Lodha New Cuffe Parade, Wadala East",1,54500.0,515.0,Carpet Area,12.0,42.0,1.0,Unfurnished,Bachelors/Family,Contact Agent
LST103233,Mumbai,Vikhroli West,Vikhroli West,2,103500.0,1006.0,Carpet Area,46.0,76.0,2.0,Furnished,Bachelors/Family,Contact Agent
LST100773,Mumbai,Bhakti Park,"Odyssey Bhakti Park, Bhakti Park",1,36000.0,585.0,Super Area,10.0,14.0,2.0,Semi-Furnished,Bachelors/Family,Contact Agent
LST104309,Mumbai,Powai,"L&T Emerald Isle, Powai",2,58500.0,828.0,Super Area,65.0,78.0,2.0,Semi-Furnished,Bachelors/Family,Contact Owner
LST103990,Mumbai,Unknown,,3,112000.0,2012.0,Carpet Area,13.0,23.0,4.0,Unfurnished,Family,Contact Agent
LST100403,Mumbai,Andheri West,"Rustomjee Elements, Andheri West",4,400000.0,2424.0,Carpet Area,5.0,14.0,5.0,Semi-Furnished,Bachelors/Family,Contact Agent
LST104009,Mumbai,Marol,"Blue Monarch, Marol",2,42500.0,789.0,Carpet Area,18.0,28.0,3.0,Unfurnished,Bachelors/Family,Contact Owner
LST100241,Mumbai,Chinmay Gaurang Infrastructure Old Panvel,Chinmay Gaurang Infrastructure Old Panvel,1,7500.0,250.0,Super Area,1.0,7.0,1.0,Unfurnished,Bachelors/Family,Contact Owner
LST102103,Mumbai,Ghatkopar East,Ghatkopar East,1,23500.0,659.0,Super Area,46.0,74.0,2.0,Furnished,Bachelors/Family,Contact Agent
LST103446,Mumbai,Sai Nagar,"Kanakia Hollywood, Sai Nagar",3,59500.0,802.0,Super Area,35.0,61.0,3.0,Semi-Furnished,Bachelors,Contact Agent
LST104340,Mumbai,Goregaon East,"Romell Aether, Goregaon East",4,276500.0,2052.0,Carpet Area,8.0,20.0,4.0,Unfurnished,Bachelors,Contact Owner
LST100402,Mumbai,Andheri West,"Cosmopolis Tower, Andheri West",2,62000.0,750.0,Carpet Area,12.0,16.0,2.0,Unfurnished,Bachelors/Family,Contact Agent
LST101980,Mumbai,Anand niwas,Anand niwas,2,172500.0,958.0,Carpet Area,60.0,66.0,2.0,Unfurnished,Bachelors,Contact Owner
LST104398,Mumbai,4 Bunglows,"HDIL Metropolis, 4 Bunglows",1,68000.0,532.0,Super Area,20.0,22.0,1.0,Semi-Furnished,Bachelors/Family,Contact Owner
LST102813,Mumbai,Altamount Road,Altamount Road,3,20500.0,796.0,Carpet Area,-1.0,40.0,3.0,Semi-Furnished,Family,Contact Owner
LST100766,Mumbai,Sion Koliwada,"Sheth Beaumonte, Sion Koliwada",3,140000.0,937.0,Carpet Area,28.0,39.0,4.0,Unfurnished,Family,Contact Agent
LST103163,Mumbai,Parel,"TATA Falcon Crest, Parel",1,36000.0,433.0,Super Area,53.0,60.0,2.0,Semi-Furnished,Family,Contact Agent
LST103500,Mumbai,Altamount Road,Altamount Road,2,40500.0,732.0,Carpet Area,6.0,8.0,3.0,Furnished,Bachelors/Family,Contact Agent
LST100328,Mumbai,new panvel,new panvel,2,8000.0,890.0,Carpet Area,4.0,4.0,2.0,Unfurnished,Bachelors/Family,Contact Owner
LST103211,Mumbai,Gokuldham,"Heena Gaurav Jewels, Gokuldham",1,17500.0,340.0,Carpet Area,17.0,24.0,1.0,Semi-Furnished,Bachelors,Contact Owner
LST104477,Mumbai,Thane-Kalyan-Dombivli,Thane-Kalyan-Dombivli,2,21500.0,848.0,Super Area,8.0,27.0,2.0,Unfurnished,Bachelors,Contact Owner
LST102521,Mumbai,Irani Wada,"Sethia Kalpavruksh Heights, Irani Wada",1,22500.0,700.0,Super Area,6.0,21.0,1.0,Semi-Furnished,Bachelors/Family,Contact Agent
LST101415,Mumbai,Sion Koliwada,"Sheth Beaumonte, Sion Koliwada",2,77000.0,983.0,Super Area,28.0,28.0,1.0,Unfurnished,Bachelors,Contact Agent
LST102809,Mumbai,Lokhandwala Complex,"Ballerina Apartment, Lokhandwala Complex",1,24500.0,501.0,Super Area,2.0,22.0,1.0,Unfurnished,Bachelors/Family,Contact Agent
LST104237,Mumbai,Prabhadevi,"MHADA Century Mill, Prabhadevi",1,18000.0,310.0,Carpet Area,2.0,6.0,1.0,Furnished,Family,Contact Agent
LST900045,Mumbai,chakala andheri east,chakala andheri east,3,118500.0,1432.0,Super Area,16.0,20.0,4.0,Semi-Furnished,Bachelors/Family,Contact Agent
LST103376,Mumbai,Malad East,Malad East,1,29000.0,586.0,Carpet Area,14.0,18.0,2.0,Semi-Furnished,Bachelors/Family,Contact Owner
LST104817,Mumbai,Dadar West,"Purushottam Towers, Dadar West",1,45500.0,413.0,Super Area,48.0,54.0,1.0,Unfurnished,Bachelors/Family,Contact Agent
LST104659,Mumbai,Gandhi Market,Gandhi Market,3,100500.0,1403.0,Super Area,12.0,45.0,4.0,Unfurnished,Bachelors,Contact Owner
LST104909,Mumbai,Bander Pakhadi,"Orchid Suburbia, Bander Pakhadi",1,32500.0,321.0,Carpet Area,19.0,26.0,1.0,Semi-Furnished,Bachelors/Family,Contact Agent
LST104547,Mumbai,Bhoiwada,"Crescent Bay T3, Bhoiwada",1,38500.0,581.0,Super Area,32.0,46.0,1.0,Semi-Furnished,Family,Contact Owner
LST103674,Mumbai,Goregaon East,"Royal Palms, Goregaon East",2,31500.0,589.0,Carpet Area,10.0,31.0,2.0,Unfurnished,Bachelors,Contact Owner
LST103298,Mumbai,Andheri East,"Kanakia Rainforest, Andheri East",2,72000.0,666.0,Super Area,18.0,27.0,1.0,Unfurnished,Bachelors,Contact Agent
LST104725,Mumbai,Kurla,Kurla,2,12500.0,511.0,Super Area,1.0,20.0,2.0,Furnished,Family,Contact Owner
LST104465,Mumbai,Gokuldham,"GSA Grandeur, Gokuldham",3,62000.0,1001.0,Super Area,12.0,21.0,2.0,Unfurnished,Family,Contact Agent
LST100478,Mumbai,Kandivali West,Kandivali West,1,25000.0,596.0,Super Area,1.0,7.0,1.0,Semi-Furnished,Bachelors/Family,Contact Owner
LST104519,Mumbai,Parel,"Vikas Finalay Apartments, Parel",3,175000.0,1376.0,Carpet Area,3.0,18.0,3.0,Semi-Furnished,Family,Contact Agent
LST102880,Mumbai,Chandivali,"Shapoorji Pallonji Vicinia, Chandivali",2,83500.0,967.0,Super Area,9.0,30.0,1.0,Furnished,Bachelors,Contact Owner
LST102276,Mumbai,Ketki Pada,Ketki Pada,1,28000.0,637.0,Super Area,26.0,44.0,2.0,Unfurnished,Bachelors/Family,Contact Agent
LST101989,Mumbai,Worli,"Avarsekar Heights, Worli",4,53500.0,1121.0,Carpet Area,18.0,19.0,5.0,Semi-Furnished,Bachelors/Family,Contact Owner
LST104282,Mumbai,Datta Pada,"Kaustubh Platinum, Datta Pada",4,94000.0,1529.0,Super Area,18.0,45.0,4.0,Furnished,Bachelors,Contact Owner
LST103416,Mumbai,Bandra Kurla Complex,"Insignia, Bandra Kurla Complex",2,49000.0,620.0,Super Area,-1.0,22.0,3.0,Unfurnished,Family,Contact Owner
LST900032,Mumbai,Bhandup West,"Marathon Embryo, Bhandup West",1,21500.0,239.0,Super Area,10.0,22.0,1.0,Semi-Furnished,Bachelors/Family,Contact Agent
LST104471,Mumbai,Worli,"Lodha The Park, Worli",4,131500.0,1467.0,Carpet Area,15.0,31.0,4.0,Semi-Furnished,Family,Contact Agent
LST100275,Mumbai,Agripada,Agripada,2,150000.0,1500.0,Super Area,15.0,17.0,4.0,Furnished,Bachelors/Family,Contact Owner
LST100023,Mumbai,Prabhadevi,Prabhadevi,2,100000.0,850.0,Carpet Area,4.0,7.0,2.0,Semi-Furnished,Bachelors,Contact Agent
LST100985,Mumbai,Bandra West,"Vertical Bliss, Bandra West",5,951500.0,3405.0,Super Area,7.0,24.0,5.0,Unfurnished,Bachelors/Family,Contact Owner
LST103533,Mumbai,Prabhadevi,"MHADA Century Mill, Prabhadevi",2,47500.0,753.0,Carpet Area,17.0,36.0,2.0,Unfurnished,Bachelors/Family,Contact Owner
LST102323,Mumbai,Bhakti Park,"Lodha New Cuffe Parade, Bhakti Park",1,37000.0,492.0,Super Area,4.0,10.0,1.0,Furnished,Bachelors/Family,Contact Owner
LST104463,Mumbai,Powai,"Lake Homes, Powai",3,77000.0,1029.0,Super Area,11.0,19.0,4.0,Furnished,Bachelors/Family,Contact Owner
LST102274,Mumbai,Kalina,"Kabra Centroid, Kalina",1,10000.0,642.0,Carpet Area,25.0,41.0,2.0,Furnished,Bachelors,Contact Owner
LST100536,Mumbai,Santacruz East,Santacruz East,2,45000.0,650.0,Carpet Area,5.0,6.0,2.0,Semi-Furnished,Bachelors/Family,Contact Owner
LST100666,Mumbai,Napean Sea Road,"simla house at nepeasea road, Napean Sea Road",1,45000.0,225.0,Carpet Area,3.0,6.0,1.0,Unfurnished,Bachelors,Contact Owner
LST103771,Mumbai,Borivali West,"Parinee Adney, Borivali West",3,86500.0,1317.0,Carpet Area,14.0,68.0,2.0,Unfurnished,Bachelors,Contact Owner
LST103686,Mumbai,Nalasopara West,Nalasopara West,2,37000.0,578.0,Super Area,24.0,60.0,3.0,Unfurnished,Bachelors,Contact Agent
LST100711,Mumbai,Kurar Village,"Omkar Alta Monte, Kurar Village",3,80000.0,1110.0,Carpet Area,49.0,55.0,3.0,Semi-Furnished,Bachelors/Family,Contact Agent
LST103697,Mumbai,Lower Parel,"Neumec Elegance, Lower Parel",2,53000.0,608.0,Carpet Area,1.0,9.0,2.0,Unfurnished,Family,Contact Owner
LST100090,Mumbai,Kurla West,Kurla West,1,30000.0,450.0,Carpet Area,0.0,3.0,1.0,Unfurnished,Bachelors/Family,Contact Owner
LST102164,Mumbai,buena vista,buena vista,3,112000.0,1219.5,Super Area,21.0,23.0,2.0,Furnished,Bachelors,Contact Agent
LST101805,Mumbai,Mukund Nagar,Mukund Nagar,1,61000.0,479.0,Super Area,13.0,40.0,1.0,Unfurnished,Family,Contact Owner
LST102413,Mumbai,Lokhandwala Complex,"DLH Orchid, Lokhandwala Complex",3,195000.0,1636.0,Super Area,14.0,17.0,3.0,Semi-Furnished,Bachelors,Contact Owner
LST103914,Mumbai,Marol Maroshi Road,"Kanakia Sevens, Marol Maroshi Road",1,29500.0,709.0,Super Area,14.0,35.0,2.0,Unfurnished,Bachelors,Contact Owner
LST104027,Mumbai,Kanjurmarg East,Kanjurmarg East,2,35500.0,625.0,Carpet Area,6.0,46.0,2.0,Unfurnished,Family,Contact Agent
LST100814,Mumbai,Kandivali East,Kandivali East,1,25000.0,490.0,Super Area,3.0,7.0,2.0,Semi-Furnished,Bachelors/Family,Contact Owner
LST101970,Mumbai,lokhandwala complex,"stellar tower, lokhandwala complex",3,97500.0,1274.0,Super Area,9.0,29.0,3.0,Unfurnished,Family,Contact Agent
LST100684,Mumbai,Worli,"Lodha The Park, Worli",3,150000.0,1092.0,Carpet Area,60.0,77.0,3.0,Semi-Furnished,Family,Contact Agent
LST104434,Mumbai,Bhoiwada,Bhoiwada,3,57500.0,1009.0,Super Area,1.0,20.0,3.0,Furnished,Bachelors,Contact Agent
LST101798,Mumbai,Wadala East,"Dosti Ambrosia, Wadala East",1,8000.0,360.0,Carpet Area,34.0,58.0,1.0,Semi-Furnished,Bachelors,Contact Agent
LST103899,Mumbai,Goregaon West,"Sunteck City Avenue 1, Goregaon West",1,52500.0,601.0,Super Area,6.0,46.0,1.0,Unfurnished,Bachelors,Contact Owner
LST101700,Mumbai,Andheri West,"TATA Housing Merwanjee Cama Park, Andheri West",3,114500.0,1424.0,Super Area,15.0,24.0,4.0,Semi-Furnished,Family,Contact Agent
LST104693,Mumbai,Jankalyan Nagar,"Ratan Silicon Park, Jankalyan Nagar",2,46000.0,670.0,Carpet Area,22.0,52.0,1.0,Furnished,Bachelors/Family,Contact Owner
LST104454,Mumbai,Chakala,"Mahindra Vivante, Chakala",1,13000.0,297.0,Super Area,12.0,17.0,2.0,Semi-Furnished,Bachelors,Contact Agent
LST104483,Mumbai,Lokhandwala Twp,"spring grove uno, Lokhandwala Twp",2,56000.0,620.0,Carpet Area,6.0,14.0,1.0,Unfurnished,Family,Contact Owner
LST103430,Mumbai,Mira Road East,"Kanungos Garden City, Mira Road East",2,73500.0,1066.0,Super Area,13.0,18.0,2.0,Unfurnished,Family,Contact Agent
LST104792,Mumbai,Parel,"TATA Falcon Crest, Parel",2,22500.0,625.0,Super Area,13.0,23.0,2.0,Unfurnished,Bachelors,Contact Agent
LST102646,Mumbai,Mulund West,"Nem Vihar, Mulund West",3,68000.0,814.0,Super Area,15.0,15.0,2.0,Unfurnished,Bachelors/Family,Contact Owner
LST104141,Mumbai,Prabhadevi,"Utkarsh CHS, Prabhadevi",1,20500.0,383.0,Carpet Area,5.0,7.0,1.0,Furnished,Bachelors,Contact Owner
LST103311,Mumbai,Holly Cross Church Chowk,"Kohinoor City Phase II, Holly Cross Church Chowk",3,119000.0,1118.0,Super Area,8.0,14.0,3.0,Semi-Furnished,Family,Contact Agent
LST101949,Mumbai,Wadala East,"Lodha Altia, Wadala East",2,28500.0,558.0,Carpet Area,15.0,58.0,2.0,Furnished,Bachelors/Family,Contact Agent
LST104877,Mumbai,Mira Road,Mira Road,2,74000.0,795.0,Super Area,-1.0,10.0,3.0,Semi-Furnished,Bachelors,Contact Owner
LST103704,Mumbai,Kandivali East,"Techno Park I, Kandivali East",2,45500.0,692.0,Carpet Area,3.0,9.0,1.0,Unfurnished,Family,Contact Agent
LST104847,Mumbai,Prabhadevi,"Ivory Tower, Prabhadevi",1,37000.0,323.0,Carpet Area,18.0,23.0,2.0,Unfurnished,Family,Contact Agent
LST101002,Mumbai,D.N. Nagar,D.N. Nagar,3,161500.0,1115.0,Super Area,14.0,48.0,4.0,Unfurnished,Bachelors/Family,Contact Agent
LST102485,Mumbai,Mahalakshmi,"Lodha Primero, Mahalakshmi",2,49000.0,804.0,Super Area,18.0,19.0,3.0,Furnished,Bachelors,Contact Owner
LST100106,Mumbai,LBS Marg,"Nirmal Lifestyle, LBS Marg",2,38000.0,650.0,Carpet Area,10.0,16.0,2.0,Furnished,Family,Contact Agent
LST100979,Mumbai,Thakur Complex,"Kanakia Sanskruti, Thakur Complex",3,72000.0,983.0,Carpet Area,16.0,33.0,4.0,Furnished,Bachelors,Contact Agent
LST100873,Mumbai,Andheri East,"Green Woods Chkala, Andheri East",2,60000.0,950.0,Carpet Area,2.0,8.0,2.0,Furnished,Bachelors,Contact Agent
LST101030,Mumbai,Bhandup West,"Samarth Srishti, Bhandup West",1,16000.0,410.0,Carpet Area,25.0,42.0,1.0,Furnished,Bachelors/Family,Contact Agent
LST100181,Mumbai,Vikhroli West,Vikhroli West,2,40000.0,845.0,Super Area,7.0,8.0,2.0,Furnished,Bachelors/Family,Contact Owner
LST101686,Mumbai,Sion,Sion,3,70000.0,829.0,Carpet Area,8.0,18.0,4.0,Semi-Furnished,Family,Contact Owner
LST104872,Mumbai,Worli,"Lady Ratan Tower, Worli",1,29500.0,431.0,Carpet Area,8.0,13.0,2.0,Semi-Furnished,Bachelors/Family,Contact Agent
LST102069,Mumbai,Borivali West,"Veena Signature, Borivali West",2,31500.0,790.0,Carpet Area,32.0,47.0,2.0,Unfurnished,Bachelors,Contact Owner
LST101533,Mumbai,Goregaon East,"Yashodham Complex, Goregaon East",1,44500.0,523.0,Carpet Area,43.0,78.0,1.0,Unfurnished,Bachelors/Family,Contact Owner
LST102839,Mumbai,Khar West,Khar West,3,25000.0,995.0,Carpet Area,23.0,23.0,4.0,Unfurnished,Family,Contact Agent
LST101346,Mumbai,Thakur Complex,Thakur Complex,3,69000.0,1339.0,Super Area,14.0,61.0,2.0,Semi-Furnished,Family,Contact Owner
LST100589,Mumbai,JVPD Scheme,JVPD Scheme,3,180000.0,1100.0,Carpet Area,6.0,15.0,3.0,Furnished,Family,Contact Agent
LST101905,Mumbai,Seven Bungalows,"Kabra Metro One, Seven Bungalows",3,54500.0,1590.0,Super Area,8.0,18.0,3.0,Unfurnished,Bachelors,Contact Owner
LST104777,Mumbai,Goregaon East,"Royal Palms, Goregaon East",3,100000.0,1024.0,Super Area,4.0,11.0,2.0,Furnished,Family,Contact Agent
LST100757,Mumbai,chakala andheri east,chakala andheri east,1,15000.0,270.0,Carpet Area,15.0,15.0,2.0,Unfurnished,Bachelors,Contact Owner
LST104761,Mumbai,LBS Marg,"Nirmal Lifestyle, LBS Marg",2,59000.0,637.0,Super Area,12.0,29.0,2.0,Furnished,Bachelors,Contact Owner
LST102357,Mumbai,Wadala East,"Lodha Altia, Wadala East",2,169000.0,1165.0,Carpet Area,3.0,9.0,2.0,Furnished,Bachelors/Family,Contact Owner
LST104719,Mumbai,Magathane,"Vasant Marvel, Magathane",2,21000.0,753.0,Super Area,14.0,17.0,1.0,Semi-Furnished,Bachelors/Family,Contact Owner
LST100906,Mumbai,Chembur East,"117 Residency, Chembur East",2,47000.0,650.0,Carpet Area,5.0,7.0,2.0,Unfurnished,Bachelors/Family,Contact Agent
LST103588,Mumbai,in Mahim West,in Mahim West,3,114500.0,1479.0,Super Area,7.0,44.0,3.0,Furnished,Bachelors,Contact Owner
LST103590,Mumbai,Virar,Virar,3,53000.0,964.0,Carpet Area,1.0,7.0,4.0,Furnished,Bachelors,Contact Owner
LST101168,Mumbai,Borivali West,"Veena Signature, Borivali West",1,17000.0,584.0,Super Area,9.0,28.0,1.0,Semi-Furnished,Bachelors,Contact Agent
LST102762,Mumbai,Andheri East,"Greenfields CHS, Andheri East",2,43000.0,672.0,Carpet Area,11.0,26.0,1.0,Semi-Furnished,Family,Contact Agent
LST100468,Mumbai,Unknown,,3,150000.0,1350.0,Carpet Area,18.0,32.0,3.0,Semi-Furnished,Bachelors/Family,Contact Agent
LST104630,Mumbai,Ketki Pada,Ketki Pada,1,73000.0,637.0,Carpet Area,12.0,28.0,1.0,Unfurnished,Bachelors/Family,Contact Agent
LST101456,Mumbai,Raheja Vihar,"Adityavardhan Apartment, Raheja Vihar",2,37500.0,723.0,Super Area,3.0,58.0,1.0,Semi-Furnished,Bachelors/Family,Contact Owner
LST100858,Mumbai,Charkop,Charkop,2,24000.0,600.0,Carpet Area,5.0,7.0,2.0,Semi-Furnished,Bachelors,Contact Owner
LST100679,Mumbai,New Devchhaya Building,New Devchhaya Building,2,25000.0,500.0,Carpet Area,1.0,3.0,1.0,Furnished,Bachelors/Family,Contact Owner
LST104828,Mumbai,Mulund West,"Wadhwa Atmoshphere, Mulund West",3,80500.0,735.0,Carpet Area,14.0,22.0,4.0,Unfurnished,Bachelors/Family,Contact Agent
LST101698,Mumbai,Chembur,"Vijaya Heritage, Chembur",2,58500.0,771.0,Super Area,10.0,28.0,1.0,Unfurnished,Bachelors/Family,Contact Owner
LST101931,Mumbai,Bandra West,"Mount Marry, Bandra West",2,77500.0,766.0,Carpet Area,18.0,30.0,2.0,Semi-Furnished,Family,Contact Owner
LST100853,Mumbai,Thakur Complex,"Bhoomi Elegant, Thakur Complex",1,24000.0,430.0,Carpet Area,6.0,7.0,2.0,Furnished,Bachelors/Family,Contact Agent
LST103351,Mumbai,Bhandup West,"Hudco Living Point, Bhandup West",3,98000.0,1006.0,Super Area,9.0,12.0,3.0,Furnished,Bachelors/Family,Contact Agent
LST100606,Mumbai,Sakinaka Junction,"Akruti Orchid Park, Sakinaka Junction",2,43000.0,724.0,Carpet Area,6.0,11.0,2.0,Unfurnished,Bachelors/Family,Contact Agent
LST102236,Mumbai,Andheri East,"Trans Residency, Andheri East",1,28500.0,232.0,Super Area,0.0,8.0,1.0,Semi-Furnished,Bachelors/Family,Contact Owner
LST101449,Mumbai,Goregaon West,"Sunteck City Avenue 1, Goregaon West",1,24500.0,516.0,Carpet Area,10.0,14.0,2.0,Unfurnished,Bachelors,Contact Owner
LST102785,Mumbai,Kanjurmarg West,"Runwal Forests, Kanjurmarg West",2,103500.0,770.0,Super Area,10.0,20.0,3.0,Semi-Furnished,Bachelors/Family,Contact Owner
LST103059,Mumbai,Mira Road,"Gaurav Excellency, Mira Road",2,44000.0,589.0,Super Area,2.0,5.0,2.0,Semi-Furnished,Bachelors,Contact Owner
LST103832,Mumbai,Bandra East,Bandra East,1,54500.0,521.0,Super Area,14.0,23.0,2.0,Semi-Furnished,Bachelors,Contact Agent
LST101705,Mumbai,Mazgaon,Mazgaon,2,57000.0,857.0,Carpet Area,30.0,44.0,1.0,Semi-Furnished,Bachelors,Contact Agent
LST103924,Mumbai,Byculla West,Byculla West,1,36000.0,523.0,Super Area,16.0,25.0,1.0,Unfurnished,Bachelors/Family,Contact Owner
LST101347,Mumbai,Anushakti Nagar,Anushakti Nagar,2,30500.0,514.0,Super Area,27.0,58.0,2.0,Unfurnished,Bachelors,Contact Agent
LST102161,Mumbai,Jacob Circle,Jacob Circle,3,68500.0,1067.0,Carpet Area,8.0,27.0,2.0,Furnished,Bachelors,Contact Agent
LST102270,Mumbai,Carter Road,Carter Road,3,141500.0,991.0,Carpet Area,19.0,34.0,3.0,Semi-Furnished,Bachelors/Family,Contact Agent
LST100427,Mumbai,Bandra West,Bandra West,2,180000.0,1000.0,Carpet Area,6.0,10.0,3.0,Semi-Furnished,Bachelors,Contact Agent
LST100828,Mumbai,Lower Parel,"Marathon Next Gen Era, Lower Parel",2,140000.0,900.0,Carpet Area,8.0,36.0,2.0,Furnished,Family,Contact Agent
LST100672,Mumbai,Khar West,Khar West,2,250000.0,1300.0,Carpet Area,-1.0,10.0,2.0,Furnished,Bachelors/Family,Contact Agent
LST100330,Mumbai,Powai,"Raheja Vista, Powai",3,83000.0,1100.0,Carpet Area,9.0,20.0,3.0,Furnished,Bachelors,Contact Agent
LST103011,Mumbai,Powai,"Hiranandani Castle Rock, Powai",2,69500.0,1072.0,Super Area,16.0,37.0,1.0,Unfurnished,Bachelors,Contact Owner
LST103315,Mumbai,Andheri East,"Manavsthal, Andheri East",1,52000.0,471.0,Super Area,8.0,8.0,1.0,Semi-Furnished,Family,Contact Agent
LST103523,Mumbai,Nahur Gaothan,Nahur Gaothan,2,45000.0,615.0,Super Area,18.0,26.0,2.0,Semi-Furnished,Bachelors,Contact Agent
LST101262,Mumbai,LBS Marg,"Nirmal Lifestyle, LBS Marg",3,94500.0,1203.0,Carpet Area,15.0,32.0,3.0,Furnished,Bachelors/Family,Contact Agent
LST104752,Mumbai,Mira Road,"Bhairav Residency, Mira Road",2,59500.0,768.0,Carpet Area,13.0,18.0,3.0,Furnished,Bachelors,Contact Agent
LST102314,Mumbai,Raheja Vihar,"Adityavardhan Apartment, Raheja Vihar",3,57000.0,899.0,Super Area,12.0,17.0,4.0,Semi-Furnished,Family,Contact Agent
LST101354,Mumbai,Bandra Band Stand,"Band Stand, Bandra Band Stand",1,28500.0,513.0,Carpet Area,3.0,24.0,2.0,Unfurnished,Family,Contact Owner
LST101143,Mumbai,Goregaon West,"Sunteck City Avenue 1, Goregaon West",2,90500.0,880.0,Super Area,-1.0,40.0,3.0,Semi-Furnished,Bachelors,Contact Owner
LST102097,Mumbai,Lokhandwala Twp,"Godrej Tranquil, Lokhandwala Twp",1,26500.0,450.0,Carpet Area,18.0,30.0,1.0,Semi-Furnished,Family,Contact Agent
LST103142,Mumbai,Nandiadwala Colony,"Midas Enclave CHS , Nandiadwala Colony",4,218500.0,4083.0,Carpet Area,13.0,40.0,4.0,Unfurnished,Bachelors,Contact Owner
LST100567,Mumbai,VIKHROLI WEST,"RAJ LEGACY, VIKHROLI WEST",2,50000.0,751.0,Carpet Area,16.0,20.0,2.0,Semi-Furnished,Bachelors/Family,Contact Agent
LST103457,Mumbai,Old Khar,"Rose Queen, Old Khar",1,14500.0,219.0,Carpet Area,1.0,7.0,2.0,Furnished,Bachelors/Family,Contact Owner
LST103089,Mumbai,Hiranandani Gardens,"Hiranandani Castle Rock, Hiranandani Gardens",2,44000.0,767.0,Super Area,13.0,23.0,2.0,Furnished,Bachelors/Family,Contact Agent
LST100067,Mumbai,darshan ricco Tower,darshan ricco Tower,3,150000.0,1400.0,Carpet Area,16.0,21.0,3.0,Furnished,Bachelors,Contact Agent
LST101810,Mumbai,Chakala,"Mahindra Vivante, Chakala",3,74000.0,1704.0,Carpet Area,9.0,32.0,3.0,Furnished,Family,Contact Agent
LST102138,Mumbai,Marol,"Kanakia Rainforest, Marol",3,117500.0,1076.0,Super Area,5.0,10.0,3.0,Semi-Furnished,Bachelors/Family,Contact Owner
LST102773,Mumbai,darshan ricco Tower,darshan ricco Tower,1,33000.0,370.0,Carpet Area,12.0,27.0,1.0,Semi-Furnished,Bachelors,Contact Owner
LST103382,Mumbai,Kamla Nagar,Kamla Nagar,1,27000.0,342.0,Carpet Area,10.0,19.0,1.0,Semi-Furnished,Family,Contact Agent
LST102782,Mumbai,Akurli Nagar,"Kalpataru Towers, Akurli Nagar",3,75500.0,1219.5,Carpet Area,36.0,45.0,3.0,Unfurnished,Bachelors,Contact Agent
LST100843,Mumbai,Lokhandwala Twp,"Spring Leaf, Lokhandwala Twp",1,23000.0,420.0,Carpet Area,5.0,7.0,2.0,Semi-Furnished,Bachelors/Family,Contact Agent
LST102938,Mumbai,JL Tambe Nagar,JL Tambe Nagar,2,46000.0,765.0,Carpet Area,27.0,27.0,1.0,Furnished,Bachelors/Family,Contact Owner
LST101892,Mumbai,Shri Swami Samarth Nagar,Shri Swami Samarth Nagar,2,51000.0,786.0,Carpet Area,10.0,32.0,1.0,Semi-Furnished,Bachelors/Family,Contact Owner
LST104316,Mumbai,Breach Candy,Breach Candy,2,50500.0,704.0,Super Area,18.0,20.0,3.0,Semi-Furnished,Bachelors,Contact Agent
LST101704,Mumbai,Powai,"Raj Grandeur, Powai",2,37500.0,731.0,Carpet Area,7.0,22.0,2.0,Semi-Furnished,Family,Contact Owner
LST100464,Mumbai,Powai,"Raj Grandeur, Powai",4,150000.0,1937.0,Carpet Area,20.0,30.0,5.0,Semi-Furnished,Bachelors/Family,Contact Agent
LST104059,Mumbai,Goregaon East,"Conwood Astoria, Goregaon East",1,38500.0,451.0,Super Area,19.0,33.0,2.0,Furnished,Bachelors/Family,Contact Owner
LST101457,Mumbai,Bandra West,"Siddhivinayak, Bandra West",3,184000.0,1212.0,Carpet Area,14.0,68.0,2.0,Semi-Furnished,Bachelors/Family,Contact Agent
LST100227,Mumbai,Vasai East,"Nicon Infinity, Vasai East",1,10000.0,425.0,Carpet Area,9.0,14.0,2.0,Semi-Furnished,Bachelors,Contact Owner
LST104254,Mumbai,Unknown,,2,45500.0,656.0,Super Area,6.0,20.0,3.0,Semi-Furnished,Bachelors,Contact Agent
LST104251,Mumbai,Bandra East,"Rustomjee Seasons, Bandra East",2,109000.0,978.0,Carpet Area,22.0,53.0,3.0,Semi-Furnished,Bachelors,Contact Owner
LST100209,Mumbai,Lower Parel,Lower Parel,3,180000.0,1550.0,Carpet Area,22.0,24.0,3.0,Semi-Furnished,Bachelors/Family,Contact Agent
LST101315,Mumbai,Unknown,,2,42500.0,645.0,Super Area,53.0,78.0,3.0,Semi-Furnished,Family,Contact Agent
LST100565,Mumbai,Union Park,Union Park,2,200000.0,1000.0,Carpet Area,7.0,8.0,2.0,Furnished,Bachelors/Family,Contact Agent
LST102313,Mumbai,Deonar,"Satyam Springs, Deonar",1,41500.0,384.0,Super Area,3.0,5.0,1.0,Semi-Furnished,Family,Contact Owner
LST102091,Mumbai,Lokhandwala Complex,"Stellar Tower, Lokhandwala Complex",3,94500.0,1555.0,Carpet Area,20.0,32.0,2.0,Semi-Furnished,Family,Contact Owner
LST103885,Mumbai,Worli,"Avarsekar Heights, Worli",3,155000.0,1210.0,Super Area,10.0,22.0,2.0,Unfurnished,Bachelors/Family,Contact Owner
LST103021,Mumbai,Kandivali East,"Vasant Sagar, Thakur Village, Kandivali East",1,9500.0,260.0,Carpet Area,9.0,15.0,2.0,Furnished,Bachelors,Contact Agent
LST103423,Mumbai,Kandivali East,"Techno Park I, Kandivali East",1,40500.0,452.0,Super Area,7.0,7.0,1.0,Furnished,Bachelors,Contact Owner
LST103016,Mumbai,Mira Road East,"Kanungos Garden City, Mira Road East",2,41500.0,728.0,Super Area,11.0,53.0,2.0,Semi-Furnished,Bachelors,Contact Owner
LST103631,Mumbai,Wadala,"Antop Hill, Wadala",2,24000.0,675.0,Carpet Area,5.0,17.0,3.0,Semi-Furnished,Bachelors/Family,Contact Owner
LST102432,Mumbai,Suram Park Society,Suram Park Society,4,355500.0,2319.0,Carpet Area,10.0,21.0,3.0,Semi-Furnished,Bachelors/Family,Contact Agent
LST100432,Mumbai,Goregaon West,Goregaon West,2,40000.0,625.0,Super Area,6.0,10.0,2.0,Semi-Furnished,Bachelors/Family,Contact Owner
LST103555,Mumbai,Mulund East,"Sai Aasha Daya, Mulund East",2,234000.0,1213.0,Carpet Area,5.0,9.0,3.0,Furnished,Family,Contact Agent
LST100108,Mumbai,Chembur,Chembur,2,50000.0,680.0,Carpet Area,5.0,14.0,2.0,Unfurnished,Bachelors/Family,Contact Agent
LST104913,Mumbai,Suram Park Society,Suram Park Society,3,30500.0,1171.0,Super Area,36.0,81.0,3.0,Furnished,Family,Contact Agent
LST101511,Mumbai,Chembur,"Atur Park, Chembur",1,13500.0,389.0,Super Area,22.0,52.0,1.0,Unfurnished,Bachelors,Contact Agent
LST104671,Mumbai,Jankalyan Nagar,"Prasanna Vastu Chs, Jankalyan Nagar",1,14000.0,772.0,Super Area,10.0,12.0,1.0,Furnished,Bachelors,Contact Owner
LST102772,Mumbai,Pirojshah Nagar,"Godrej The Trees, Pirojshah Nagar",4,113500.0,1563.0,Carpet Area,0.0,8.0,4.0,Furnished,Bachelors/Family,Contact Owner
LST102185,Mumbai,Sakinaka Junction,Sakinaka Junction,2,59500.0,948.0,Super Area,3.0,12.0,2.0,Furnished,Bachelors,Contact Owner
LST102301,Mumbai,Goregaon East,"Omkar Ananta, Goregaon East",2,154000.0,1067.0,Carpet Area,3.0,8.0,2.0,Unfurnished,Family,Contact Agent
LST102619,Mumbai,Evershine Nagar,"Gokul Apartment, Evershine Nagar",1,35000.0,479.0,Super Area,5.0,5.0,1.0,Furnished,Bachelors/Family,Contact Agent
LST102547,Mumbai,Kandivali East,"Thakur Jewel, Thakur Village, Kandivali East",1,45500.0,519.0,Super Area,25.0,46.0,2.0,Unfurnished,Bachelors/Family,Contact Agent
LST101718,Mumbai,PMGP Colony,"Midas PMGP Mhada Colony, PMGP Colony",2,23000.0,957.0,Super Area,15.0,32.0,2.0,Furnished,Bachelors,Contact Owner
LST102869,Mumbai,Unknown,,1,6500.0,231.0,Carpet Area,8.0,58.0,2.0,Furnished,Bachelors/Family,Contact Agent
LST100469,Mumbai,Chembur,Chembur,2,53000.0,750.0,Carpet Area,5.0,18.0,2.0,Furnished,Bachelors/Family,Contact Agent
LST102014,Mumbai,Chembur,"Kyraa Ariso Apartment, Chembur",2,59000.0,815.0,Super Area,10.0,23.0,1.0,Furnished,Bachelors,Contact Agent
LST103572,Mumbai,Yari Road,"Rajesh Raj Classic, Yari Road",4,269000.0,2676.0,Carpet Area,20.0,20.0,5.0,Semi-Furnished,Family,Contact Agent
LST100498,Mumbai,Seven Bungalows,"7 Bungalow, Seven Bungalows",2,75000.0,1000.0,Super Area,3.0,15.0,2.0,Semi-Furnished,Bachelors/Family,Contact Agent
LST102919,Mumbai,Sion East,"Everard Nagar Co Operative Housing Society, Sion East",3,53500.0,1027.0,Carpet Area,18.0,45.0,3.0,Unfurnished,Family,Contact Owner
LST103483,Mumbai,Chandivali,"Lake Primrose, Chandivali",2,45500.0,664.0,Super Area,12.0,18.0,3.0,Furnished,Bachelors/Family,Contact Agent
LST104134,Mumbai,Powai,"Shiv Bhagtani Manor 3A, Powai",1,25500.0,492.0,Carpet Area,2.0,24.0,2.0,Furnished,Bachelors,Contact Owner
LST103249,Mumbai,Rambaug,Rambaug,2,48000.0,753.0,Super Area,39.0,60.0,1.0,Furnished,Bachelors,Contact Agent
LST100113,Mumbai,Kalina,Kalina,1,26000.0,450.0,Carpet Area,4.0,8.0,1.0,Semi-Furnished,Bachelors/Family,Contact Agent
LST101129,Mumbai,Parle Colony,Parle Colony,4,359500.0,2972.0,Carpet Area,3.0,8.0,4.0,Semi-Furnished,Family,Contact Owner
LST103255,Mumbai,Andheri West,"Windsor Grande Residences, Andheri West",2,23000.0,781.0,Super Area,1.0,5.0,2.0,Unfurnished,Bachelors/Family,Contact Owner
LST100849,Mumbai,Mahajan Wadi,Mahajan Wadi,2,22000.0,640.0,Carpet Area,21.0,21.0,2.0,Semi-Furnished,Family,Contact Agent
LST104836,Mumbai,Gandhi Market,Gandhi Market,1,19000.0,301.0,Super Area,41.0,41.0,1.0,Furnished,Bachelors,Contact Owner
LST104831,Mumbai,Amit Nagar,"Badrinath Tower, Amit Nagar",4,297000.0,1874.0,Super Area,10.0,22.0,5.0,Unfurnished,Bachelors/Family,Contact Agent
LST104431,Mumbai,Sakinaka Junction,"Akruti Orchid Park, Sakinaka Junction",1,38000.0,501.0,Carpet Area,11.0,21.0,1.0,Unfurnished,Bachelors/Family,Contact Agent
LST102657,Mumbai,sra,sra,2,60000.0,597.0,Super Area,-2.0,16.0,3.0,Semi-Furnished,Family,Contact Agent
LST104957,Mumbai,Goregaon West,"Sunteck City Avenue 1, Goregaon West",1,32000.0,477.0,Super Area,10.0,20.0,1.0,Furnished,Family,Contact Owner
LST102333,Mumbai,Kandivali East,"Alpine, Kandivali East",4,217500.0,1309.0,Carpet Area,15.0,24.0,4.0,Semi-Furnished,Family,Contact Owner
LST100397,Mumbai,Lower Parel,"Lodha World Crest, Lower Parel",3,230000.0,2750.0,Carpet Area,-1.0,21.0,3.0,Unfurnished,Bachelors/Family,Contact Agent
LST100709,Mumbai,Santacruz West,Santacruz West,3,1600000.0,1100.0,Carpet Area,8.0,10.0,3.0,Semi-Furnished,Bachelors/Family,Contact Agent
LST103152,Mumbai,Bandra East,Bandra East,2,46500.0,730.0,Super Area,10.0,18.0,2.0,Unfurnished,Bachelors/Family,Contact Agent
LST104837,Mumbai,Bhakti Park,"Odyssey Bhakti Park, Bhakti Park",2,28000.0,549.0,Carpet Area,9.0,55.0,1.0,Semi-Furnished,Bachelors,Contact Owner
LST100525,Mumbai,Bandra West,Bandra West,2,95000.0,1000.0,Carpet Area,10.0,13.0,2.0,Semi-Furnished,Bachelors/Family,Contact Agent
LST100599,Mumbai,Goregaon East,Goregaon East,3,90100.0,975.0,Carpet Area,29.0,35.0,2.0,Semi-Furnished,Bachelors/Family,Contact Agent
LST101112,Mumbai,Powai,"L&T Emerald Isle, Powai",2,58000.0,718.0,Super Area,22.0,52.0,2.0,Furnished,Family,Contact Owner
LST101048,Mumbai,Devi Pada,Devi Pada,2,47000.0,684.0,Super Area,16.0,22.0,2.0,Furnished,Bachelors,Contact Owner
LST100493,Mumbai,Sindhi Society Chembur,Sindhi Society Chembur,2,60000.0,720.0,Carpet Area,4.0,7.0,2.0,Unfurnished,Bachelors/Family,Contact Agent
LST102284,Mumbai,Chembur,"Safal Twins, Chembur",3,62000.0,933.0,Super Area,36.0,81.0,4.0,Unfurnished,Bachelors,Contact Owner
LST100037,Mumbai,Mulund West,"Sheth Montana, Mulund West",2,44000.0,722.0,Carpet Area,34.0,48.0,2.0,Semi-Furnished,Bachelors/Family,Contact Agent
LST103946,Mumbai,Sion Koliwada,"Sheth Beaumonte, Sion Koliwada",2,45500.0,679.0,Carpet Area,-1.0,7.0,1.0,Unfurnished,Bachelors/Family,Contact Agent
LST103427,Mumbai,Seven Bungalows,"7 Bungalow, Seven Bungalows",1,41500.0,567.0,Carpet Area,1.0,7.0,2.0,Semi-Furnished,Family,Contact Agent
LST101797,Mumbai,Vikhroli East,"Godrej Platinum, Vikhroli East",2,42500.0,646.0,Super Area,3.0,28.0,2.0,Furnished,Bachelors/Family,Contact Agent
LST101848,Mumbai,Goregaon East,"Oberoi Esquire, Goregaon East",3,153000.0,1418.0,Carpet Area,16.0,20.0,4.0,Unfurnished,Bachelors,Contact Owner
LST100130,Mumbai,Mira Road East,"Hiral Greens, Mira Road East",1,13500.0,432.0,Carpet Area,5.0,8.0,2.0,Unfurnished,Family,Contact Agent
LST104759,Mumbai,Mulund West,"Vasant Oscar, Mulund West",2,40500.0,719.0,Carpet Area,7.0,22.0,2.0,Furnished,Family,Contact Owner
LST104633,Mumbai,Collector Colony,Collector Colony,2,116000.0,753.0,Super Area,15.0,15.0,2.0,Semi-Furnished,Bachelors,Contact Agent
LST102452,Mumbai,Thakur Complex,"Benzer Tower, Thakur Complex",2,84500.0,709.0,Carpet Area,15.0,25.0,1.0,Semi-Furnished,Bachelors,Contact Agent
LST102206,Mumbai,Poonam Gardens,"Swayam Apartment, Poonam Gardens",3,242000.0,1702.0,Super Area,6.0,30.0,3.0,Furnished,Bachelors,Contact Owner
LST101914,Mumbai,Goregaon East,"Romell Aether, Goregaon East",1,19000.0,712.0,Carpet Area,5.0,7.0,2.0,Semi-Furnished,Bachelors,Contact Agent
LST102604,Mumbai,Kandivali East,"Alpine, Kandivali East",3,94500.0,1221.0,Carpet Area,8.0,10.0,3.0,Unfurnished,Bachelors/Family,Contact Agent
LST101303,Mumbai,Jankalyan Nagar,"Prasanna Vastu Chs, Jankalyan Nagar",1,42500.0,474.0,Super Area,18.0,28.0,1.0,Furnished,Bachelors/Family,Contact Owner
LST100137,Mumbai,Kanjurmarg West,"Runwal Forests, Kanjurmarg West",2,47000.0,661.0,Carpet Area,19.0,38.0,2.0,Semi-Furnished,Bachelors/Family,Contact Agent
LST101209,Mumbai,Thakur Complex,"Kanakia Sanskruti, Thakur Complex",3,136000.0,1425.0,Super Area,15.0,36.0,3.0,Furnished,Bachelors/Family,Contact Agent
LST101069,Mumbai,Goregaon East,"Royal Palms, Goregaon East",1,45000.0,532.0,Super Area,16.0,25.0,1.0,Furnished,Bachelors,Contact Owner
LST103750,Mumbai,Perry Rd,Perry Rd,1,25000.0,452.0,Carpet Area,10.0,28.0,1.0,Semi-Furnished,Bachelors,Contact Owner
LST104138,Mumbai,Gulmohar Road,Gulmohar Road,2,80500.0,665.0,Super Area,11.0,14.0,2.0,Furnished,Bachelors/Family,Contact Agent
LST104396,Mumbai,Poonam Gardens,"Swayam Apartment, Poonam Gardens",3,222000.0,1171.0,Carpet Area,35.0,60.0,4.0,Unfurnished,Family,Contact Agent
LST102053,Mumbai,Mulund West,"Runwal Greens, Mulund West",2,51000.0,697.0,Super Area,15.0,37.0,3.0,Furnished,Bachelors/Family,Contact Agent
LST100192,Mumbai,Mamletdarwadi,Mamletdarwadi,1,16000.0,410.0,Carpet Area,0.0,4.0,1.0,Unfurnished,Bachelors,Contact Owner
LST102915,Mumbai,Chikhal Dongari,"Sumit Greendale, Chikhal Dongari",1,38500.0,484.0,Carpet Area,27.0,28.0,1.0,Unfurnished,Bachelors,Contact Owner
LST102443,Mumbai,Chakala,"Rustomjee Central Park, Chakala",2,99000.0,827.0,Super Area,6.0,15.0,2.0,Furnished,Bachelors,Contact Agent
LST102642,Mumbai,Mulund West,"Runwal Greens, Mulund West",1,22000.0,656.0,Carpet Area,16.0,30.0,1.0,Unfurnished,Bachelors/Family,Contact Owner
LST103044,Mumbai,Bandra West,"Vertical Bliss, Bandra West",3,211500.0,1318.0,Carpet Area,8.0,13.0,3.0,Semi-Furnished,Bachelors,Contact Owner
LST102739,Mumbai,Bhandup West,"Keshav Srishti, Bhandup West",1,28000.0,617.0,Super Area,7.0,11.0,1.0,Unfurnished,Bachelors,Contact Agent
LST102856,Mumbai,andheri west,"flora heights, andheri west",2,34000.0,694.0,Super Area,-1.0,16.0,1.0,Semi-Furnished,Family,Contact Agent
LST104618,Mumbai,Goregaon East,"Conwood Astoria, Goregaon East",2,43500.0,839.0,Carpet Area,10.0,37.0,1.0,Unfurnished,Family,Contact Owner
LST102648,Mumbai,Mira Road East,Mira Road East,2,42500.0,743.0,Carpet Area,19.0,23.0,2.0,Unfurnished,Bachelors,Contact Owner
LST100154,Mumbai,Chembur East,Chembur East,2,55000.0,720.0,Carpet Area,8.0,20.0,2.0,Furnished,Bachelors/Family,Contact Agent
LST100334,Mumbai,Bandra West,"Sunflower Apartment, Bandra West",3,190000.0,1300.0,Carpet Area,1.0,7.0,3.0,Furnished,Bachelors,Contact Agent
LST102237,Mumbai,Mahalakshmi,"Lodha Bellissimo, Mahalakshmi",2,95500.0,761.0,Carpet Area,12.0,13.0,2.0,Semi-Furnished,Bachelors/Family,Contact Agent
LST101999,Mumbai,Gokuldham,Gokuldham,1,18500.0,263.0,Carpet Area,16.0,18.0,1.0,Semi-Furnished,Bachelors,Contact Owner
LST102291,Mumbai,Turner Road,"Almeida Park, Turner Road",3,93000.0,1219.5,Carpet Area,7.0,14.0,3.0,Unfurnished,Family,Contact Agent
LST103532,Mumbai,Amar Nagar,Amar Nagar,1,24000.0,543.0,Super Area,35.0,53.0,1.0,Furnished,Bachelors,Contact Agent
LST101684,Mumbai,Old Khar,"Rose Queen, Old Khar",3,84000.0,874.0,Super Area,2.0,8.0,3.0,Semi-Furnished,Bachelors,Contact Owner
LST101155,Mumbai,Thakur Complex,"MUKTA MAHEK, Thakur Complex",1,26000.0,721.0,Super Area,15.0,22.0,2.0,Furnished,Family,Contact Owner
LST101818,Mumbai,Agarkar Chowk,"Oberoi Prisma, Agarkar Chowk",1,85000.0,490.0,Super Area,8.0,12.0,1.0,Semi-Furnished,Bachelors/Family,Contact Agent
LST100388,Mumbai,Dattani Park,Dattani Park,1,24000.0,500.0,Carpet Area,3.0,7.0,1.0,Semi-Furnished,Bachelors/Family,Contact Owner
LST102884,Mumbai,Bandra West,"Vertical Bliss, Bandra West",2,38000.0,700.0,Carpet Area,26.0,40.0,2.0,Semi-Furnished,Family,Contact Agent
LST102552,Mumbai,Sewri,"Dosti Flamingo, Sewri",3,40000.0,1126.0,Super Area,7.0,7.0,3.0,Furnished,Bachelors,Contact Owner
LST101344,Mumbai,Bandra West,"Vertical Bliss, Bandra West",3,106500.0,1444.0,Carpet Area,-1.0,7.0,4.0,Semi-Furnished,Family,Contact Owner
LST100245,Mumbai,Andheri East,"Bindra Complex , Andheri East",2,45000.0,700.0,Carpet Area,4.0,7.0,2.0,Semi-Furnished,Bachelors/Family,Contact Agent
LST101046,Mumbai,Santacruz East,"Kabra Centroid, Santacruz East",2,108000.0,822.0,Carpet Area,3.0,28.0,3.0,Furnished,Bachelors,Contact Agent
LST102948,Mumbai,Sion Trombay Road,"Altavista, Sion Trombay Road",1,81000.0,560.0,Carpet Area,3.0,4.0,1.0,Furnished,Bachelors/Family,Contact Owner
LST104912,Mumbai,Dr Babasaheb Ambedkar Road,"Dr Babasaheb Ambedkar Road, Mumbai",2,58500.0,652.0,Super Area,65.0,80.0,3.0,Semi-Furnished,Bachelors,Contact Agent
LST101539,Mumbai,Ghatkopar,"Ambika Siddhi Apartment, Ghatkopar",3,93500.0,1169.0,Carpet Area,48.0,68.0,2.0,Furnished,Bachelors,Contact Owner
LST102941,Mumbai,Nandiadwala Colony,"Midas Enclave CHS , Nandiadwala Colony",2,89000.0,750.0,Carpet Area,17.0,30.0,2.0,Furnished,Family,Contact Owner
LST101467,Mumbai,Kandivali East,"Alpine, Kandivali East",2,35000.0,669.0,Super Area,34.0,58.0,1.0,Unfurnished,Bachelors/Family,Contact Agent
LST103630,Mumbai,Hiranandani Gardens,Hiranandani Gardens,2,58500.0,668.0,Carpet Area,3.0,6.0,2.0,Semi-Furnished,Bachelors,Contact Owner
LST900031,Mumbai,Lokhandwala Complex,Lokhandwala Complex,4,310000.0,2600.0,Carpet Area,-1.0,20.0,4.0,Unfurnished,Family,Contact Agent
LST102721,Mumbai,Hiranandani Gardens,"Raj Grandeur, Hiranandani Gardens",1,12000.0,212.0,Super Area,15.0,24.0,1.0,Semi-Furnished,Bachelors/Family,Contact Owner
LST104479,Mumbai,Wadala,"Lodha New Cuffe Parade, Wadala",1,23500.0,460.0,Super Area,60.0,77.0,2.0,Semi-Furnished,Bachelors,Contact Owner
LST102685,Mumbai,Mira Road,"holy complex ,Mira Road, Mumbai",3,110000.0,1613.0,Carpet Area,8.0,13.0,4.0,Semi-Furnished,Family,Contact Owner
LST104348,Mumbai,Chikhal Dongari,"Sumit Greendale, Chikhal Dongari",4,154000.0,1689.0,Carpet Area,65.0,78.0,3.0,Unfurnished,Bachelors/Family,Contact Owner
LST102463,Mumbai,Worli Hill,"Lodha Kiara, Worli Hill",1,24000.0,450.0,Super Area,5.0,19.0,2.0,Furnished,Bachelors/Family,Contact Owner
LST104716,Mumbai,Andheri East,"Eco Residency, Andheri East",2,38500.0,795.0,Super Area,26.0,42.0,2.0,Unfurnished,Bachelors,Contact Owner
LST100601,Mumbai,Andheri West,Andheri West,2,40000.0,700.0,Super Area,3.0,6.0,2.0,Semi-Furnished,Bachelors/Family,Contact Owner
LST102258,Mumbai,Bandra Kurla Complex,"Dheeraj Insignia Apartment, Bandra Kurla Complex",2,96000.0,1184.0,Super Area,12.0,29.0,2.0,Unfurnished,Bachelors,Contact Agent
LST102126,Mumbai,Gomant Nagar,"Rustomjee Regency, Gomant Nagar",1,30500.0,506.0,Super Area,14.0,40.0,1.0,Furnished,Bachelors/Family,Contact Agent
LST101273,Mumbai,Parel,"Lodha Azzuro , Parel",2,28500.0,706.0,Super Area,10.0,32.0,2.0,Semi-Furnished,Family,Contact Owner
LST103334,Mumbai,in Matunga West,in Matunga West,3,62000.0,1043.0,Carpet Area,5.0,21.0,4.0,Semi-Furnished,Bachelors,Contact Agent
LST103053,Mumbai,Poisar,Poisar,3,150000.0,1189.0,Carpet Area,7.0,19.0,3.0,Furnished,Bachelors,Contact Owner
LST102878,Mumbai,Bandra East,Bandra East,1,13500.0,487.0,Super Area,43.0,78.0,1.0,Semi-Furnished,Bachelors/Family,Contact Owner
LST104658,Mumbai,Bhandup East,"White Lily Apartment, Bhandup East",3,20000.0,729.0,Carpet Area,3.0,4.0,4.0,Unfurnished,Bachelors,Contact Owner
LST101992,Mumbai,Kandivali East,"Aspire, Kandivali East",2,53000.0,614.0,Carpet Area,5.0,7.0,1.0,Unfurnished,Family,Contact Agent
LST100271,Mumbai,JVPD Scheme,JVPD Scheme,3,150000.0,1050.0,Carpet Area,5.0,7.0,3.0,Furnished,Bachelors/Family,Contact Agent
LST101541,Mumbai,Mehboob Studio,Mehboob Studio,1,25000.0,563.0,Carpet Area,1.0,2.0,1.0,Furnished,Bachelors/Family,Contact Owner
LST102664,Mumbai,Kandivali East,Kandivali East,1,50500.0,519.0,Super Area,5.0,15.0,1.0,Furnished,Bachelors,Contact Owner
LST104862,Mumbai,Film City,Film City,2,61000.0,827.0,Super Area,6.0,15.0,2.0,Semi-Furnished,Bachelors/Family,Contact Owner
LST102437,Mumbai,Virar West,"Ekta Parksville, Virar West",1,53000.0,536.0,Carpet Area,6.0,21.0,1.0,Semi-Furnished,Bachelors,Contact Agent
LST104567,Mumbai,Bandra Kurla Complex,"Kanakia Paris, Bandra Kurla Complex",1,42500.0,419.0,Carpet Area,12.0,24.0,1.0,Unfurnished,Bachelors/Family,Contact Owner
LST101367,Mumbai,Mulund West,"Nem Vihar, Mulund West",1,11500.0,266.0,Carpet Area,3.0,5.0,1.0,Semi-Furnished,Family,Contact Agent
LST101035,Mumbai,Powai,"L&T Emerald Isle, Powai",2,124500.0,1002.0,Super Area,16.0,23.0,2.0,Unfurnished,Bachelors,Contact Owner
LST101114,Mumbai,Kandivali East,"Alpine, Kandivali East",2,89000.0,858.0,Super Area,20.0,44.0,2.0,Semi-Furnished,Bachelors,Contact Agent
LST101800,Mumbai,Gokuldham,Gokuldham,2,71000.0,831.0,Carpet Area,7.0,13.0,2.0,Semi-Furnished,Bachelors,Contact Agent
LST101329,Mumbai,Nerul sector-3,Nerul sector-3,1,34500.0,622.0,Super Area,22.0,30.0,2.0,Semi-Furnished,Bachelors,Contact Agent
LST101993,Mumbai,Kurla West,"HDIL Premier Residences, Kurla West",1,21000.0,300.0,Super Area,34.0,48.0,1.0,Unfurnished,Bachelors,Contact Agent
LST104422,Mumbai,PAREL,"RUPAREL ARIANA, PAREL",1,35500.0,508.0,Super Area,6.0,11.0,1.0,Semi-Furnished,Bachelors/Family,Contact Owner
LST102250,Mumbai,Datta Pada,"Kaustubh Platinum, Datta Pada",1,14500.0,325.0,Carpet Area,47.0,89.0,1.0,Unfurnished,Bachelors/Family,Contact Agent
LST101520,Mumbai,Wadala,"Lodha New Cuffe Parade, Wadala",2,53500.0,865.0,Carpet Area,10.0,11.0,2.0,Semi-Furnished,Bachelors/Family,Contact Agent
LST100681,Mumbai,Bandra West,Bandra West,3,120000.0,1130.0,Carpet Area,3.0,7.0,3.0,Semi-Furnished,Bachelors/Family,Contact Agent
LST103356,Mumbai,Kandivali East,"Vishnu Shivam Tower, Thakur Village, Kandivali East",3,61000.0,884.0,Carpet Area,2.0,24.0,4.0,Semi-Furnished,Bachelors,Contact Owner
LST104999,Mumbai,Chembur East,"Sufalam CHS, Chembur East",1,18000.0,213.0,Carpet Area,11.0,26.0,1.0,Semi-Furnished,Family,Contact Agent
LST100485,Mumbai,Model Town,Model Town,1,39000.0,500.0,Carpet Area,2.0,7.0,1.0,Furnished,Family,Contact Agent
LST102366,Mumbai,Govandi Station Road,Govandi Station Road,1,31500.0,415.0,Carpet Area,48.0,53.0,1.0,Semi-Furnished,Family,Contact Agent
LST101248,Mumbai,Andheri West,"Laksharia Tower, Andheri West",2,113000.0,905.0,Super Area,9.0,28.0,2.0,Unfurnished,Bachelors,Contact Agent
LST104072,Mumbai,Juhu Tara,Juhu Tara,3,185500.0,1506.0,Carpet Area,34.0,46.0,3.0,Furnished,Family,Contact Owner
LST103475,Mumbai,Malad West,"Lovedale Residences, Malad West",2,72000.0,847.0,Super Area,14.0,48.0,2.0,Semi-Furnished,Bachelors,Contact Agent
LST101310,Mumbai,Film City Road,"Conwood Astoria, Film City Road",1,41500.0,473.0,Super Area,5.0,15.0,2.0,Unfurnished,Bachelors,Contact Owner
LST104856,Mumbai,Mahim,Mahim,2,79500.0,869.0,Super Area,4.0,4.0,3.0,Furnished,Bachelors,Contact Agent
LST104168,Mumbai,Kanjurmarg East,"NG Royal Park, Kanjurmarg East",1,30500.0,422.0,Super Area,39.0,60.0,1.0,Unfurnished,Bachelors,Contact Owner
LST102626,Mumbai,Powai,"Lake Primrose, Powai",3,92500.0,1043.0,Super Area,34.0,48.0,2.0,Furnished,Bachelors/Family,Contact Owner
LST104980,Mumbai,Peddar Road,Peddar Road,1,22500.0,450.0,Carpet Area,11.0,11.0,2.0,Unfurnished,Bachelors/Family,Contact Owner
LST103808,Mumbai,Chakala MIDC,"Lodha Eternis, Chakala MIDC",3,187500.0,1315.0,Carpet Area,25.0,35.0,3.0,Semi-Furnished,Bachelors/Family,Contact Owner
LST100490,Mumbai,Kanjurmarg East,"NG Royal Park, Kanjurmarg East",2,42000.0,620.0,Carpet Area,6.0,11.0,2.0,Semi-Furnished,Family,Contact Agent
LST102062,Mumbai,Evershine Nagar,Evershine Nagar,1,7500.0,627.0,Carpet Area,12.0,20.0,1.0,Semi-Furnished,Bachelors/Family,Contact Agent
LST100809,Mumbai,Lal Baug,Lal Baug,1,16000.0,160.0,Carpet Area,2.0,3.0,1.0,Unfurnished,Bachelors/Family,Contact Owner
LST101897,Mumbai,Bhandup West,"Samarth Garden, Bhandup West",3,152000.0,1228.0,Carpet Area,15.0,31.0,4.0,Unfurnished,Family,Contact Agent
LST102504,Mumbai,Chembur,"Safal Saraswati, Chembur",3,164000.0,1280.0,Carpet Area,5.0,7.0,3.0,Semi-Furnished,Bachelors/Family,Contact Owner
LST104786,Mumbai,Sindhi Society Chembur,Sindhi Society Chembur,1,22000.0,434.0,Super Area,20.0,32.0,1.0,Semi-Furnished,Bachelors,Contact Owner
LST104217,Mumbai,Mira Road,"Man Opus, Mira Road",2,37500.0,596.0,Super Area,26.0,43.0,2.0,Furnished,Family,Contact Owner
LST101432,Mumbai,Tilak Nagar - Harbour Line,Tilak Nagar - Harbour Line,3,54000.0,1219.5,Carpet Area,5.0,5.0,3.0,Furnished,Family,Contact Agent
LST104286,Mumbai,Worli Sea Face,"Lodha Marquise, Worli Sea Face",3,124500.0,1277.0,Super Area,14.0,17.0,2.0,Unfurnished,Family,Contact Owner
LST101702,Mumbai,Dadar West,"Purushottam Towers, Dadar West",1,19500.0,273.0,Carpet Area,14.0,40.0,1.0,Unfurnished,Bachelors,Contact Agent
LST103825,Mumbai,Chandivali,"Sunglow, Chandivali",2,82000.0,892.0,Carpet Area,18.0,29.0,1.0,Unfurnished,Family,Contact Owner
LST102894,Mumbai,Chembur,"diamond garden, Chembur",1,29500.0,442.0,Super Area,3.0,7.0,1.0,Furnished,Bachelors,Contact Agent
LST100455,Mumbai,Chembur,Chembur,1,23000.0,500.0,Super Area,3.0,9.0,1.0,Unfurnished,Bachelors/Family,Contact Agent
LST102423,Mumbai,Bandra West,"Sunflower Apartment, Bandra West",1,41500.0,444.0,Carpet Area,14.0,15.0,1.0,Unfurnished,Bachelors/Family,Contact Owner
LST104221,Mumbai,Mira Road,"Gaurav Excellency, Mira Road",1,5000.0,450.0,Super Area,1.0,11.0,1.0,Furnished,Family,Contact Owner
LST102190,Mumbai,Worli,"Raheja Imperia, Worli",3,92500.0,1058.0,Carpet Area,3.0,8.0,2.0,Unfurnished,Family,Contact Owner
LST101725,Mumbai,Lokhandwala Complex,"Ballerina Apartment, Lokhandwala Complex",1,22500.0,580.0,Carpet Area,10.0,30.0,1.0,Furnished,Bachelors/Family,Contact Owner
LST103076,Mumbai,Borivali East,"Raj Hill, Borivali East",4,245000.0,1999.0,Carpet Area,18.0,27.0,5.0,Semi-Furnished,Family,Contact Agent
LST104495,Mumbai,sunanda circal,sunanda circal,4,96000.0,1733.0,Carpet Area,20.0,22.0,4.0,Unfurnished,Bachelors/Family,Contact Owner
LST103149,Mumbai,Bandra East,"Sethia Grandeur, Bandra East",2,72000.0,688.0,Super Area,11.0,22.0,2.0,Furnished,Bachelors,Contact Agent
LST103219,Mumbai,Wadala,Wadala,1,14500.0,393.0,Carpet Area,15.0,60.0,1.0,Furnished,Family,Contact Agent
LST103974,Mumbai,Prabhadevi,"Utkarsh CHS, Prabhadevi",2,96500.0,1034.0,Carpet Area,12.0,17.0,2.0,Unfurnished,Family,Contact Owner
LST103566,Mumbai,in Sion,in Sion,1,21000.0,252.0,Carpet Area,17.0,42.0,2.0,Semi-Furnished,Bachelors,Contact Owner
LST100051,Mumbai,Mindspace,"Evershine Grandeur, Mindspace",2,55000.0,800.0,Carpet Area,1.0,8.0,2.0,Furnished,Bachelors/Family,Contact Agent
LST101883,Mumbai,Mira Road East,"SK Imperial Heights, Mira Road East",2,73000.0,926.0,Carpet Area,10.0,18.0,3.0,Unfurnished,Bachelors,Contact Owner
LST102829,Mumbai,Chandivali,"L&T Emerald Isle, Chandivali",2,58000.0,691.0,Carpet Area,26.0,44.0,3.0,Furnished,Bachelors/Family,Contact Agent
LST103510,Mumbai,JVPD Scheme,JVPD Scheme,1,26000.0,379.0,Carpet Area,5.0,11.0,1.0,Semi-Furnished,Family,Contact Agent
LST100367,Mumbai,Thane-Kalyan-Dombivli,Thane-Kalyan-Dombivli,1,8500.0,500.0,Carpet Area,6.0,7.0,1.0,Unfurnished,Bachelors,Contact Owner
LST101948,Mumbai,Bhandup East,"White Lily Apartment, Bhandup East",3,116500.0,1596.0,Carpet Area,22.0,23.0,4.0,Unfurnished,Bachelors/Family,Contact Owner
LST101352,Mumbai,in Santacruz East,in Santacruz East,1,13500.0,490.0,Super Area,6.0,47.0,1.0,Semi-Furnished,Bachelors,Contact Owner
LST103925,Mumbai,Kurla West,Kurla West,2,56000.0,863.0,Carpet Area,9.0,18.0,3.0,Unfurnished,Bachelors/Family,Contact Owner
LST102109,Mumbai,JVPD Scheme,JVPD Scheme,1,20000.0,184.0,Super Area,12.0,27.0,1.0,Furnished,Bachelors/Family,Contact Owner
LST104042,Mumbai,Chakala MIDC,"Lodha Eternis, Chakala MIDC",3,176500.0,1407.0,Carpet Area,18.0,27.0,3.0,Furnished,Bachelors/Family,Contact Agent
LST100529,Mumbai,Evershine Nagar,"Gokul Apartment, Evershine Nagar",2,30000.0,600.0,Carpet Area,2.0,5.0,2.0,Unfurnished,Bachelors/Family,Contact Agent
LST104865,Mumbai,Shri Swami Samarth Nagar,Shri Swami Samarth Nagar,3,178000.0,1272.0,Carpet Area,27.0,27.0,3.0,Semi-Furnished,Family,Contact Owner
LST101886,Mumbai,Goregaon East,"Raheja Ridgewood, Goregaon East",3,60000.0,1150.0,Carpet Area,43.0,78.0,2.0,Furnished,Bachelors/Family,Contact Agent
LST101572,Mumbai,Mahajan Wadi,Mahajan Wadi,2,79000.0,724.0,Super Area,13.0,20.0,1.0,Furnished,Bachelors/Family,Contact Owner
LST100285,Mumbai,Dadar West,"Sugee Sadan, Dadar West",1,60000.0,455.0,Carpet Area,18.0,22.0,1.0,Unfurnished,Bachelors/Family,Contact Agent
LST102019,Mumbai,Andheri West,"TATA Housing Merwanjee Cama Park, Andheri West",1,64500.0,560.0,Super Area,26.0,42.0,1.0,Semi-Furnished,Bachelors,Contact Owner
LST101802,Mumbai,Worli,"Raheja Artesia, Worli",2,37000.0,710.0,Super Area,35.0,68.0,2.0,Furnished,Family,Contact Agent
LST103958,Mumbai,Anushakti Nagar,Anushakti Nagar,3,22500.0,691.0,Carpet Area,6.0,16.0,3.0,Furnished,Family,Contact Owner
LST101250,Mumbai,Hindu Colony,Hindu Colony,2,111000.0,831.0,Carpet Area,5.0,20.0,1.0,Unfurnished,Family,Contact Owner
LST104800,Mumbai,Kanjurmarg West,"Tulip at Runwal Forests, Kanjurmarg West",4,138500.0,1478.0,Super Area,0.0,7.0,4.0,Furnished,Bachelors/Family,Contact Owner
LST102607,Mumbai,Charkop Sector 6,Charkop Sector 6,1,19000.0,322.0,Super Area,3.0,7.0,2.0,Unfurnished,Bachelors,Contact Owner
LST100290,Mumbai,Andheri East,"Runwal Elina, Andheri East",2,45000.0,795.0,Carpet Area,7.0,13.0,2.0,Unfurnished,Bachelors/Family,Contact Agent
LST102555,Mumbai,Bandra West,"Sunflower Apartment, Bandra West",5,273500.0,3244.0,Super Area,8.0,8.0,5.0,Furnished,Family,Contact Owner
LST101830,Mumbai,Mira Road East,"Kanungos Garden City, Mira Road East",5,415500.0,1987.0,Carpet Area,24.0,53.0,4.0,Semi-Furnished,Bachelors,Contact Owner
LST103036,Mumbai,Vile Parle,Vile Parle,3,47000.0,808.0,Super Area,6.0,8.0,4.0,Furnished,Family,Contact Owner
LST101283,Mumbai,Raheja Vihar,"Adityavardhan Apartment, Raheja Vihar",4,244500.0,1565.0,Carpet Area,2.0,17.0,3.0,Unfurnished,Bachelors,Contact Agent
LST100372,Mumbai,Prabhadevi,"MHADA Century Mill, Prabhadevi",1,15500.0,250.0,Carpet Area,11.0,24.0,1.0,Unfurnished,Bachelors/Family,Contact Agent
LST101934,Mumbai,Dadar West,"Sugee Sadan, Dadar West",2,72000.0,743.0,Carpet Area,9.0,40.0,2.0,Semi-Furnished,Bachelors,Contact Agent
LST103339,Mumbai,Andheri East,"Kanakia Sevens, Andheri East",2,40500.0,451.0,Super Area,0.0,8.0,2.0,Semi-Furnished,Bachelors/Family,Contact Agent
LST102491,Mumbai,in Sion,in Sion,2,68500.0,956.0,Super Area,-1.0,21.0,2.0,Furnished,Bachelors,Contact Agent
LST102349,Mumbai,Andheri West,"Shaheen Apartment, Andheri West",5,560500.0,4283.0,Super Area,-1.0,20.0,4.0,Semi-Furnished,Family,Contact Agent
LST103539,Mumbai,Worli,"Lady Ratan Tower, Worli",2,72500.0,604.0,Carpet Area,8.0,27.0,3.0,Unfurnished,Bachelors,Contact Agent
LST102920,Mumbai,Bandra West,"Mount Marry, Bandra West",3,96500.0,1021.0,Super Area,8.0,20.0,3.0,Furnished,Bachelors,Contact Owner
LST103823,Mumbai,Mahatama Gandhi Road,Mahatama Gandhi Road,1,30000.0,434.0,Super Area,11.0,22.0,1.0,Unfurnished,Bachelors,Contact Agent
LST100924,Mumbai,in Mahim West,in Mahim West,1,36000.0,540.0,Super Area,2.0,3.0,2.0,Unfurnished,Bachelors/Family,Contact Owner
LST101782,Mumbai,Sindhi Society Chembur,Sindhi Society Chembur,5,412500.0,3300.0,Super Area,3.0,14.0,5.0,Unfurnished,Bachelors,Contact Owner
LST102023,Mumbai,Worli,"Avarsekar Heights, Worli",2,95500.0,1066.0,Super Area,4.0,14.0,1.0,Semi-Furnished,Family,Contact Agent
LST102871,Mumbai,Vikhroli,Vikhroli,1,32500.0,439.0,Super Area,39.0,63.0,1.0,Semi-Furnished,Family,Contact Agent
LST100401,Mumbai,Yari Road,Yari Road,1,43500.0,480.0,Carpet Area,6.0,7.0,2.0,Furnished,Bachelors/Family,Contact Agent
LST104629,Mumbai,Old Khar,"Rose Queen, Old Khar",1,82500.0,425.0,Carpet Area,25.0,40.0,1.0,Unfurnished,Bachelors/Family,Contact Owner
LST101064,Mumbai,Marol,"Akruti Aneri, Marol",1,15000.0,216.0,Super Area,2.0,5.0,1.0,Unfurnished,Family,Contact Agent
LST102125,Mumbai,Malad West,"Auris Serenity, Malad West",4,159000.0,1446.0,Super Area,9.0,11.0,4.0,Semi-Furnished,Bachelors/Family,Contact Owner
LST102030,Mumbai,Goregaon East,"Shiv Dham Apartment, Goregaon East",2,49500.0,674.0,Carpet Area,4.0,4.0,2.0,Furnished,Bachelors,Contact Agent
LST104621,Mumbai,Andheri East,"Manavsthal, Andheri East",2,53000.0,1039.0,Carpet Area,7.0,14.0,2.0,Semi-Furnished,Bachelors,Contact Owner
LST103863,Mumbai,Sindhi Society Chembur,"Chembur Heights, Sindhi Society Chembur",2,49000.0,768.0,Carpet Area,2.0,6.0,1.0,Semi-Furnished,Bachelors/Family,Contact Agent
LST100327,Mumbai,Parel,"Crescent Bay Callisto, Parel",3,190000.0,1850.0,Carpet Area,35.0,55.0,4.0,Semi-Furnished,Bachelors,Contact Agent
LST103374,Mumbai,Virar,Virar,5,847000.0,3095.0,Carpet Area,8.0,12.0,6.0,Unfurnished,Family,Contact Agent
LST100415,Mumbai,Kanjurmarg East,Kanjurmarg East,1,10000.0,225.0,Super Area,7.0,8.0,1.0,Unfurnished,Bachelors/Family,Contact Owner
LST100426,Mumbai,Oshiwara,Oshiwara,2,45000.0,700.0,Carpet Area,3.0,7.0,2.0,Unfurnished,Bachelors/Family,Contact Agent
LST104219,Mumbai,Lokhandwala Twp,"Lokhandwala Octacrest, Lokhandwala Twp",3,67000.0,1678.0,Super Area,17.0,20.0,3.0,Furnished,Bachelors,Contact Agent
LST100429,Mumbai,Tata Nagar,Tata Nagar,2,36000.0,650.0,Carpet Area,3.0,4.0,2.0,Unfurnished,Family,Contact Agent
LST104449,Mumbai,Khar West,Khar West,2,33500.0,705.0,Super Area,8.0,14.0,3.0,Unfurnished,Bachelors,Contact Owner
LST104730,Mumbai,Chembur East,"Alpine Apartments, Chembur East",2,127500.0,758.0,Super Area,9.0,35.0,2.0,Semi-Furnished,Family,Contact Owner
LST103243,Mumbai,Kalina,"Sundar Nagar, Kalina",3,285000.0,1626.0,Carpet Area,30.0,46.0,2.0,Semi-Furnished,Family,Contact Agent
LST103683,Mumbai,Indralok,"Aims Sea View, Indralok",2,60000.0,904.0,Super Area,11.0,25.0,2.0,Semi-Furnished,Bachelors/Family,Contact Owner
LST103842,Mumbai,Goregaon West,"Sejal Tower, Goregaon West",2,115500.0,1042.0,Carpet Area,9.0,31.0,2.0,Unfurnished,Family,Contact Agent
LST100252,Mumbai,Ghatkopar West,Ghatkopar West,2,36000.0,535.0,Carpet Area,12.0,16.0,2.0,Unfurnished,Bachelors/Family,Contact Agent
LST103650,Mumbai,Agarkar Chowk,"Oberoi Splendor Grande, Agarkar Chowk",3,51000.0,1249.0,Super Area,9.0,19.0,2.0,Unfurnished,Bachelors,Contact Owner
LST102136,Mumbai,Chembur East,"Swastik Pride, Chembur East",1,9500.0,450.0,Super Area,3.0,21.0,2.0,Semi-Furnished,Family,Contact Owner
LST103114,Mumbai,Bandra Band Stand,"Band Stand, Bandra Band Stand",1,9000.0,340.0,Carpet Area,6.0,12.0,1.0,Unfurnished,Bachelors/Family,Contact Agent
LST101175,Mumbai,Charkop,Charkop,2,22000.0,781.0,Carpet Area,8.0,11.0,1.0,Furnished,Bachelors/Family,Contact Owner
LST103014,Mumbai,Lokhandwala Complex,"Ballerina Apartment, Lokhandwala Complex",2,20500.0,593.0,Super Area,25.0,41.0,2.0,Semi-Furnished,Family,Contact Agent
LST100377,Mumbai,Borivali East,Borivali East,2,36000.0,700.0,Carpet Area,4.0,15.0,2.0,Unfurnished,Bachelors/Family,Contact Agent
LST102295,Mumbai,Agripada,Agripada,3,154500.0,1003.0,Carpet Area,17.0,60.0,3.0,Furnished,Family,Contact Owner
LST101958,Mumbai,Thakur Complex,"Benzer Tower, Thakur Complex",1,29500.0,505.0,Super Area,5.0,17.0,1.0,Unfurnished,Bachelors,Contact Agent
LST101026,Mumbai,Chembur East,"Alpine Apartments, Chembur East",3,112500.0,1014.0,Carpet Area,12.0,14.0,3.0,Furnished,Bachelors,Contact Owner
LST102234,Mumbai,Sion Koliwada,"Sion East, Sion Koliwada",3,86500.0,1098.0,Carpet Area,-1.0,9.0,3.0,Furnished,Family,Contact Owner
LST104855,Mumbai,Virar,Virar,1,33500.0,338.0,Carpet Area,46.0,76.0,1.0,Semi-Furnished,Bachelors/Family,Contact Owner
LST101016,Mumbai,in Mira Road,in Mira Road,2,57500.0,724.0,Carpet Area,45.0,60.0,2.0,Semi-Furnished,Bachelors,Contact Agent
LST103706,Mumbai,Amar Nagar,Amar Nagar,3,63500.0,1049.0,Carpet Area,34.0,40.0,3.0,Unfurnished,Bachelors/Family,Contact Owner
LST103308,Mumbai,Lokhandwala Complex,"Stellar Tower, Lokhandwala Complex",2,72000.0,717.0,Carpet Area,53.0,60.0,3.0,Furnished,Bachelors,Contact Owner
LST102403,Mumbai,Mulund West,"Runwal Greens, Mulund West",2,67000.0,644.0,Super Area,10.0,18.0,1.0,Semi-Furnished,Bachelors/Family,Contact Owner
LST101179,Mumbai,Bhandup West,"Samarth Garden, Bhandup West",1,21000.0,265.0,Super Area,10.0,21.0,2.0,Unfurnished,Bachelors,Contact Agent
LST100333,Mumbai,ANDHERI WEST,"ADANI WESTERN HEIGHTS, ANDHERI WEST",4,150000.0,1705.0,Carpet Area,16.0,29.0,3.0,Semi-Furnished,Family,Contact Agent
LST101559,Mumbai,Powai,"Lake Superior, Powai",4,220000.0,1747.0,Carpet Area,19.0,33.0,5.0,Furnished,Bachelors,Contact Agent
LST100100,Mumbai,Mindspace,"Mindspace, Mindspace",1,25000.0,400.0,Carpet Area,2.0,13.0,1.0,Unfurnished,Bachelors/Family,Contact Agent
LST102968,Mumbai,Kandivali East,"Aspire, Kandivali East",2,82000.0,713.0,Super Area,20.0,39.0,2.0,Semi-Furnished,Bachelors/Family,Contact Owner
LST103329,Mumbai,Agarkar Chowk,"Oberoi Splendor, Agarkar Chowk",3,68500.0,1287.0,Super Area,7.0,10.0,2.0,Unfurnished,Family,Contact Agent
LST103734,Mumbai,Thakur Complex,Thakur Complex,1,42000.0,414.0,Carpet Area,65.0,77.0,2.0,Unfurnished,Family,Contact Owner
LST101950,Mumbai,Beverly Park,"Marigold-5, Beverly Park",2,85000.0,893.0,Carpet Area,60.0,77.0,3.0,Semi-Furnished,Bachelors,Contact Agent
LST104139,Mumbai,Chikhal Dongari,"Sumit Greendale, Chikhal Dongari",1,55500.0,455.0,Carpet Area,8.0,14.0,1.0,Unfurnished,Family,Contact Agent
LST101076,Mumbai,Link Road,"Orchid Residency, Link Road",1,15000.0,216.0,Super Area,3.0,16.0,1.0,Semi-Furnished,Family,Contact Agent
LST104968,Mumbai,Marol,"Akruti Aneri, Marol",3,195000.0,2320.0,Carpet Area,16.0,28.0,3.0,Unfurnished,Bachelors/Family,Contact Agent
LST104928,Mumbai,Mira Road,"Man Opus, Mira Road",2,41000.0,535.0,Carpet Area,3.0,14.0,3.0,Furnished,Family,Contact Owner
LST100670,Mumbai,Ghatkopar West,"Promenade At The Address, Ghatkopar West",2,55000.0,649.0,Carpet Area,4.0,22.0,2.0,Semi-Furnished,Bachelors,Contact Agent
LST103541,Mumbai,Beverly Park,"Prathamesh Heritage, Beverly Park",1,29000.0,512.0,Carpet Area,3.0,4.0,1.0,Furnished,Bachelors/Family,Contact Agent
LST104083,Mumbai,Seven Bungalows,Seven Bungalows,4,399000.0,2811.0,Carpet Area,19.0,24.0,4.0,Semi-Furnished,Bachelors,Contact Agent
LST103397,Mumbai,Bandra West,"Smoky Hill Apartment, Bandra West",2,114500.0,1054.0,Carpet Area,1.0,9.0,2.0,Furnished,Bachelors,Contact Owner
LST101556,Mumbai,Raheja Vihar,"Adityavardhan Apartment, Raheja Vihar",1,31500.0,436.0,Super Area,14.0,14.0,1.0,Semi-Furnished,Bachelors,Contact Agent
LST101092,Mumbai,Dadar East,Dadar East,1,23500.0,243.0,Super Area,37.0,51.0,1.0,Furnished,Family,Contact Owner
LST102749,Mumbai,Parel,"Lodha Venezia, Parel",3,111000.0,2083.0,Carpet Area,9.0,9.0,3.0,Furnished,Bachelors/Family,Contact Owner
LST103875,Mumbai,Naigaon East,Naigaon East,1,50000.0,479.0,Carpet Area,30.0,58.0,1.0,Furnished,Family,Contact Agent
LST104339,Mumbai,Shantivan,"Saaga Mrunali CHS, Shantivan",2,46500.0,884.0,Carpet Area,14.0,58.0,2.0,Semi-Furnished,Family,Contact Agent
LST100502,Mumbai,Bhayandar East,Bhayandar East,1,9400.0,600.0,Super Area,4.0,6.0,1.0,Semi-Furnished,Family,Contact Owner
LST104413,Mumbai,Beverly Park,"Marigold-5, Beverly Park",1,24500.0,543.0,Super Area,27.0,45.0,1.0,Semi-Furnished,Bachelors,Contact Owner
LST102253,Mumbai,Sai Nagar,"Kanakia Hollywood, Sai Nagar",1,43000.0,403.0,Carpet Area,0.0,7.0,1.0,Furnished,Bachelors/Family,Contact Agent
LST102881,Mumbai,Parel,"Lodha Venezia, Parel",2,32500.0,827.0,Carpet Area,3.0,10.0,2.0,Unfurnished,Bachelors,Contact Owner
LST102854,Mumbai,Bhandup West,"Marathon Embryo, Bhandup West",3,163000.0,1457.0,Super Area,25.0,42.0,3.0,Semi-Furnished,Family,Contact Agent
LST104560,Mumbai,Bandra Band Stand,"Band Stand, Bandra Band Stand",2,32500.0,566.0,Carpet Area,1.0,20.0,2.0,Semi-Furnished,Bachelors/Family,Contact Owner
LST100394,Mumbai,Bhakti Park,"Ajmera Treon, Bhakti Park",2,90000.0,994.0,Carpet Area,2.0,2.0,2.0,Semi-Furnished,Bachelors/Family,Contact Agent
LST100903,Mumbai,Thakur Complex,"MUKTA MAHEK, Thakur Complex",2,32000.0,753.0,Carpet Area,0.0,7.0,2.0,Furnished,Bachelors/Family,Contact Agent
LST102264,Mumbai,Shri Swami Samarth Nagar,Shri Swami Samarth Nagar,1,35000.0,436.0,Super Area,10.0,19.0,1.0,Unfurnished,Bachelors/Family,Contact Owner
LST102620,Mumbai,Datta Pada,"Kaustubh Platinum, Datta Pada",1,55500.0,410.0,Super Area,24.0,60.0,1.0,Furnished,Family,Contact Agent
LST102286,Mumbai,Chembur East,"diamond garden, Chembur East",1,21500.0,276.0,Carpet Area,10.0,20.0,1.0,Unfurnished,Bachelors,Contact Owner
LST103996,Mumbai,Powai,"Hiranandani Verona Co op Housing Society Ltd, Powai",2,26500.0,674.0,Super Area,3.0,8.0,3.0,Furnished,Bachelors/Family,Contact Agent
LST103998,Mumbai,Naigaon East,"Unicorn Global Arena, Naigaon East",1,58500.0,500.0,Carpet Area,16.0,36.0,2.0,Semi-Furnished,Bachelors/Family,Contact Agent
LST104490,Mumbai,Chandivali,"Sundew CHS, Chandivali",4,848000.0,2832.0,Carpet Area,10.0,13.0,4.0,Semi-Furnished,Family,Contact Owner
LST100026,Mumbai,Worli,Worli,1,20000.0,275.0,Carpet Area,19.0,24.0,1.0,Unfurnished,Bachelors,Contact Agent
LST103267,Mumbai,Goregaon East,"Balkrishna, Goregaon East",1,32500.0,606.0,Super Area,15.0,60.0,1.0,Furnished,Bachelors/Family,Contact Agent
LST102939,Mumbai,in Mira Road,in Mira Road,4,117500.0,1248.0,Super Area,7.0,8.0,4.0,Furnished,Bachelors,Contact Owner
LST100668,Mumbai,Mira Road,"Hubtown Gardenia, Mira Road",1,12500.0,555.0,Super Area,6.0,7.0,1.0,Unfurnished,Bachelors,Contact Owner
LST102122,Mumbai,Ghatkopar East,Ghatkopar East,3,188500.0,1338.0,Carpet Area,4.0,20.0,4.0,Furnished,Family,Contact Agent
LST104227,Mumbai,Pali Hill,"Green Gate Apartment, Pali Hill",2,84000.0,960.0,Carpet Area,12.0,25.0,1.0,Semi-Furnished,Bachelors/Family,Contact Owner
LST102302,Mumbai,Powai,"Lake Primrose, Powai",1,22000.0,451.0,Super Area,18.0,32.0,1.0,Furnished,Bachelors,Contact Agent
LST103770,Mumbai,Bhandari Compound,"Sonal Apartment, Bhandari Compound",1,67000.0,548.0,Super Area,1.0,3.0,2.0,Unfurnished,Family,Contact Agent
LST101007,Mumbai,Vikhroli,Vikhroli,1,33500.0,650.0,Super Area,15.0,16.0,1.0,Semi-Furnished,Family,Contact Owner
LST101900,Mumbai,Chandivali,Chandivali,2,68000.0,716.0,Super Area,15.0,31.0,3.0,Unfurnished,Family,Contact Agent
LST104385,Mumbai,Bhandup West,"Shree Sai Usha Complex, Bhandup West",1,62500.0,512.0,Super Area,8.0,14.0,2.0,Unfurnished,Bachelors,Contact Agent
LST102747,Mumbai,sunanda circal,sunanda circal,4,150000.0,1486.0,Super Area,10.0,22.0,3.0,Unfurnished,Bachelors,Contact Agent
LST102371,Mumbai,Worli,"Sanghvi Evana, Worli",2,131500.0,1129.0,Super Area,10.0,18.0,3.0,Unfurnished,Bachelors,Contact Agent
LST100505,Mumbai,Bandra West,Bandra West,2,230000.0,753.0,Carpet Area,2.0,7.0,2.0,Furnished,Bachelors/Family,Contact Agent
LST104863,Mumbai,Kandivali East,"Vasant Sagar, Thakur Village, Kandivali East",2,64000.0,941.0,Carpet Area,53.0,60.0,1.0,Unfurnished,Bachelors,Contact Agent
LST103153,Mumbai,Kanjurmarg East,Kanjurmarg East,2,41500.0,732.0,Carpet Area,8.0,57.0,2.0,Semi-Furnished,Bachelors,Contact Agent
LST101126,Mumbai,Dadar West,"Purushottam Towers, Dadar West",4,338000.0,2361.0,Super Area,5.0,12.0,5.0,Unfurnished,Bachelors/Family,Contact Owner
LST102095,Mumbai,Anand niwas,Anand niwas,2,28000.0,670.0,Super Area,8.0,28.0,2.0,Semi-Furnished,Bachelors,Contact Agent
LST104400,Mumbai,Bandra West,Bandra West,2,111000.0,868.0,Carpet Area,6.0,10.0,3.0,Unfurnished,Family,Contact Owner
LST100440,Mumbai,Kandivali West,Kandivali West,2,27000.0,650.0,Carpet Area,2.0,7.0,2.0,Unfurnished,Bachelors,Contact Agent
LST102325,Mumbai,Wadala,"Antop Hill, Wadala",1,15500.0,332.0,Super Area,0.0,4.0,1.0,Semi-Furnished,Bachelors,Contact Agent
LST102447,Mumbai,Mahavir Nagar,"Anant Bhoomi, Mahavir Nagar",3,70000.0,1219.5,Carpet Area,10.0,20.0,2.0,Unfurnished,Bachelors/Family,Contact Owner
LST103806,Mumbai,Jogeshwari West,"Lodha Bel Air, Jogeshwari West",2,43000.0,677.0,Super Area,9.0,21.0,3.0,Unfurnished,Bachelors/Family,Contact Agent
LST102793,Mumbai,Chikuwadi,Chikuwadi,3,174000.0,1537.0,Super Area,8.0,45.0,2.0,Furnished,Family,Contact Agent
LST101302,Mumbai,Mindspace,"Ahimsa Marg, Mindspace",2,32500.0,753.0,Super Area,47.0,89.0,3.0,Furnished,Family,Contact Owner
LST102322,Mumbai,Unknown,,2,51500.0,687.0,Super Area,-1.0,10.0,1.0,Furnished,Bachelors,Contact Agent
LST100674,Mumbai,BANDRA KURLA COMPLEX,"KANAKIA PARIS, BANDRA KURLA COMPLEX",2,90000.0,854.0,Carpet Area,15.0,20.0,2.0,Semi-Furnished,Bachelors/Family,Contact Agent
LST103261,Mumbai,Waterfield Road,Waterfield Road,3,182000.0,1445.0,Carpet Area,44.0,75.0,3.0,Unfurnished,Bachelors/Family,Contact Owner
LST104284,Mumbai,Reay road east,Reay road east,2,104000.0,889.0,Super Area,1.0,8.0,2.0,Furnished,Bachelors,Contact Owner
LST102267,Mumbai,Dadar East,"Bombay Dyeing Two ICC, Dadar East",2,54000.0,687.0,Carpet Area,13.0,21.0,2.0,Semi-Furnished,Bachelors/Family,Contact Owner
LST104124,Mumbai,Bhandup East,"White Lily Apartment, Bhandup East",1,16500.0,474.0,Carpet Area,20.0,37.0,1.0,Furnished,Family,Contact Agent
LST102433,Mumbai,Andheri East,"Eco Residency, Andheri East",2,35000.0,748.0,Carpet Area,1.0,8.0,1.0,Furnished,Bachelors/Family,Contact Agent
LST104973,Mumbai,in Mira Road,in Mira Road,3,67000.0,959.0,Carpet Area,9.0,11.0,2.0,Semi-Furnished,Bachelors,Contact Agent
LST101103,Mumbai,Kandivali West,Kandivali West,2,91500.0,753.0,Super Area,21.0,21.0,2.0,Furnished,Family,Contact Owner
LST100938,Mumbai,Andheri West,Andheri West,1,27000.0,450.0,Super Area,2.0,3.0,1.0,Unfurnished,Family,Contact Agent
LST102373,Mumbai,7 Bungalows Andheri West,7 Bungalows Andheri West,2,26500.0,676.0,Carpet Area,7.0,19.0,1.0,Unfurnished,Family,Contact Agent
LST104345,Mumbai,Goregaon West,"Sejal Tower, Goregaon West",3,84500.0,1039.0,Carpet Area,12.0,24.0,4.0,Furnished,Bachelors,Contact Owner
LST102348,Mumbai,Sai Nagar,"Kanakia Hollywood, Sai Nagar",2,69500.0,753.0,Super Area,8.0,27.0,2.0,Semi-Furnished,Bachelors/Family,Contact Agent
LST100935,Mumbai,Worli,"Lady Ratan Tower, Worli",4,700000.0,3200.0,Carpet Area,24.0,24.0,4.0,Furnished,Bachelors/Family,Contact Agent
LST101000,Mumbai,Govandi Station Road,Govandi Station Road,1,28500.0,477.0,Carpet Area,11.0,50.0,1.0,Unfurnished,Family,Contact Agent
LST103260,Mumbai,Worli,"Raheja Imperia, Worli",1,29000.0,359.0,Super Area,16.0,32.0,2.0,Semi-Furnished,Bachelors,Contact Owner
LST101740,Mumbai,Datta Pada,"Kaustubh Platinum, Datta Pada",1,46500.0,457.0,Super Area,9.0,19.0,2.0,Furnished,Family,Contact Agent
LST100977,Mumbai,Carter Road,Carter Road,3,128500.0,1219.5,Super Area,7.0,15.0,3.0,Unfurnished,Bachelors,Contact Agent
LST103715,Mumbai,Shivaji Park,Shivaji Park,4,283000.0,2688.0,Super Area,21.0,21.0,4.0,Semi-Furnished,Family,Contact Agent
LST101188,Mumbai,Goregaon East,"Yashodham Complex, Goregaon East",3,42500.0,805.0,Super Area,25.0,42.0,4.0,Furnished,Bachelors/Family,Contact Agent
LST103473,Mumbai,shanti kutir tunga village powai,shanti kutir tunga village powai,4,463000.0,1970.0,Carpet Area,-1.0,40.0,5.0,Semi-Furnished,Bachelors/Family,Contact Owner
LST100804,Mumbai,Andheri East,"Greenfields CHS, Andheri East",1,26000.0,390.0,Carpet Area,-1.0,7.0,2.0,Semi-Furnished,Bachelors/Family,Contact Agent
LST100531,Mumbai,Worli,"Lodha The Park, Worli",2,130000.0,753.0,Carpet Area,45.0,77.0,2.0,Semi-Furnished,Family,Contact Agent
LST104793,Mumbai,Mira Road,"Hubtown Gardenia, Mira Road",3,148000.0,1939.0,Carpet Area,-1.0,40.0,2.0,Furnished,Family,Contact Agent
LST101803,Mumbai,KANDIVALI WEST,KANDIVALI WEST,3,161000.0,1374.0,Super Area,11.0,14.0,2.0,Unfurnished,Family,Contact Agent
LST103443,Mumbai,Malad East,Malad East,3,139000.0,1117.0,Super Area,18.0,33.0,4.0,Furnished,Family,Contact Agent
LST102509,Mumbai,Dadar East,"Island City Centre, Dadar East",1,9500.0,518.0,Super Area,11.0,25.0,1.0,Unfurnished,Bachelors/Family,Contact Agent
LST102757,Mumbai,Kurla West,Kurla West,4,260500.0,2203.0,Super Area,25.0,52.0,5.0,Furnished,Family,Contact Owner
LST101898,Mumbai,Yashodham,Yashodham,2,43500.0,676.0,Super Area,17.0,21.0,3.0,Unfurnished,Bachelors,Contact Agent
LST103725,Mumbai,Kamla Nagar,Kamla Nagar,2,52500.0,691.0,Carpet Area,30.0,58.0,2.0,Furnished,Bachelors,Contact Agent
LST101853,Mumbai,Goregaon East,"Romell Aether, Goregaon East",3,50500.0,1021.0,Carpet Area,8.0,48.0,3.0,Furnished,Family,Contact Agent
LST101638,Mumbai,Powai,"L&T Emerald Isle, Powai",1,42000.0,632.0,Carpet Area,3.0,8.0,2.0,Furnished,Bachelors/Family,Contact Owner
LST104510,Mumbai,Carter Road,Carter Road,2,28500.0,783.0,Carpet Area,18.0,40.0,2.0,Unfurnished,Bachelors,Contact Owner
LST103404,Mumbai,Anushakti Nagar,Anushakti Nagar,2,80000.0,839.0,Carpet Area,18.0,30.0,2.0,Semi-Furnished,Bachelors,Contact Agent
LST101270,Mumbai,Film City Road,"Omkar Ananta, Film City Road",1,85000.0,450.0,Carpet Area,2.0,5.0,1.0,Semi-Furnished,Family,Contact Owner
LST100661,Mumbai,GOREGAON WEST,"SUNTECK CITY AVENUE 1, GOREGAON WEST",2,55000.0,905.0,Carpet Area,10.0,37.0,2.0,Unfurnished,Bachelors,Contact Agent
LST103520,Mumbai,Pali Hill,"Green Gate Apartment, Pali Hill",3,422500.0,2847.0,Super Area,15.0,36.0,2.0,Furnished,Family,Contact Agent
LST104820,Mumbai,Kandivali East,"Aspire, Thakur Village, Kandivali East",2,95500.0,1381.0,Carpet Area,30.0,44.0,2.0,Semi-Furnished,Family,Contact Agent
LST102015,Mumbai,Marol,"Akruti Aneri, Marol",3,67000.0,967.0,Super Area,11.0,17.0,2.0,Semi-Furnished,Bachelors,Contact Agent
LST104876,Mumbai,Gulmohar Road,Gulmohar Road,3,148500.0,1150.0,Super Area,11.0,14.0,3.0,Unfurnished,Family,Contact Owner
LST100519,Mumbai,Bandra West,Bandra West,1,75000.0,550.0,Carpet Area,7.0,10.0,2.0,Furnished,Bachelors/Family,Contact Agent
LST100560,Mumbai,Bandra West,Bandra West,3,300000.0,1800.0,Carpet Area,8.0,12.0,3.0,Furnished,Bachelors,Contact Agent
LST104802,Mumbai,Pali Hill,"Dheeraj Swapna Apartment, Pali Hill",3,190500.0,1360.0,Carpet Area,1.0,8.0,2.0,Unfurnished,Bachelors/Family,Contact Agent
LST103276,Mumbai,Naigaon East,"Unicorn Global Arena, Naigaon East",1,35000.0,443.0,Carpet Area,10.0,22.0,1.0,Semi-Furnished,Bachelors,Contact Owner
LST102832,Mumbai,Sion,"Sion East, Sion",3,105500.0,932.0,Super Area,2.0,12.0,2.0,Unfurnished,Bachelors,Contact Owner
LST104393,Mumbai,Chakala,"Mahindra Vivante, Chakala",1,15500.0,562.0,Super Area,1.0,9.0,1.0,Furnished,Bachelors,Contact Agent
LST100889,Mumbai,Kurla,Kurla,3,69999.0,1100.0,Carpet Area,6.0,13.0,3.0,Furnished,Bachelors/Family,Contact Agent
LST101153,Mumbai,Balkrishna Dadu Karade Chowk,"Celestia Spaces, Balkrishna Dadu Karade Chowk",2,30500.0,701.0,Super Area,7.0,21.0,2.0,Unfurnished,Family,Contact Agent
LST102949,Mumbai,Unknown,,2,54000.0,860.0,Super Area,2.0,2.0,1.0,Furnished,Bachelors/Family,Contact Agent
LST104041,Mumbai,Hiranandani Gardens,"Hiranandani Gardens Torino, Hiranandani Gardens",3,119000.0,1342.0,Carpet Area,10.0,21.0,2.0,Unfurnished,Bachelors/Family,Contact Owner
LST103671,Mumbai,Indralok,"Aims Sea View, Indralok",3,80000.0,1247.0,Super Area,10.0,15.0,2.0,Unfurnished,Bachelors/Family,Contact Agent
LST100375,Mumbai,Sindhi Society Chembur,"Chembur Heights, Sindhi Society Chembur",2,51000.0,985.0,Carpet Area,7.0,15.0,2.0,Unfurnished,Bachelors/Family,Contact Agent
LST103900,Mumbai,buena vista,buena vista,2,93500.0,705.0,Super Area,6.0,23.0,3.0,Furnished,Bachelors,Contact Agent
LST104117,Mumbai,Central Area,Central Area,4,332500.0,2661.0,Carpet Area,3.0,3.0,5.0,Furnished,Family,Contact Owner
LST104011,Mumbai,Azad Nagar Colaba,Azad Nagar Colaba,2,45500.0,884.0,Super Area,3.0,11.0,1.0,Unfurnished,Family,Contact Agent
LST103479,Mumbai,Central Area,Central Area,2,42500.0,689.0,Super Area,21.0,21.0,3.0,Furnished,Bachelors/Family,Contact Agent
LST100441,Mumbai,Oshiwara,Oshiwara,2,52000.0,750.0,Carpet Area,2.0,9.0,2.0,Semi-Furnished,Bachelors/Family,Contact Agent
LST100638,Mumbai,Powai,"Kailash Tower, Powai",2,40000.0,625.0,Carpet Area,6.0,14.0,2.0,Semi-Furnished,Bachelors,Contact Agent
LST104170,Mumbai,Akurli Nagar,"Oasis, Akurli Nagar",2,23500.0,1130.0,Super Area,21.0,58.0,2.0,Unfurnished,Family,Contact Agent
LST101392,Mumbai,Gokuldham,"Heena Gaurav Jewels, Gokuldham",2,78500.0,829.0,Carpet Area,1.0,3.0,2.0,Semi-Furnished,Bachelors/Family,Contact Owner
LST103722,Mumbai,Bhandup West,"Hudco Living Point, Bhandup West",2,40000.0,663.0,Carpet Area,18.0,29.0,2.0,Unfurnished,Bachelors,Contact Agent
LST101235,Mumbai,Chandivali,Chandivali,2,55000.0,767.0,Super Area,5.0,24.0,1.0,Furnished,Family,Contact Agent
LST104411,Mumbai,Powai,"Lake Primrose, Powai",1,93500.0,894.0,Super Area,3.0,9.0,1.0,Semi-Furnished,Family,Contact Agent
LST103657,Mumbai,Mahavir Nagar,"Anant Bhoomi, Mahavir Nagar",3,89500.0,1058.0,Super Area,6.0,12.0,2.0,Furnished,Family,Contact Agent
LST104215,Mumbai,Lokhandwala Twp,"Godrej Tranquil, Lokhandwala Twp",4,201000.0,1878.0,Carpet Area,7.0,17.0,5.0,Semi-Furnished,Bachelors,Contact Agent
LST101766,Mumbai,Lokhandwala Twp,"Anita, Lokhandwala Twp",2,116000.0,862.0,Carpet Area,4.0,20.0,3.0,Unfurnished,Bachelors/Family,Contact Owner
LST103066,Mumbai,Chandivali,Chandivali,1,10000.0,589.0,Super Area,21.0,23.0,1.0,Unfurnished,Bachelors,Contact Agent
LST103447,Mumbai,Lokhandwala Complex,"Transcon Triumph, Lokhandwala Complex",2,44500.0,617.0,Carpet Area,8.0,12.0,2.0,Furnished,Bachelors/Family,Contact Agent
LST100003,Mumbai,Chembur,"Sabari Palm View, Chembur",3,75000.0,1100.0,Carpet Area,2.0,13.0,3.0,Unfurnished,Family,Contact Agent
LST100640,Mumbai,Lal Baug,"Royal Residency, Lal Baug",2,85000.0,870.0,Carpet Area,5.0,21.0,2.0,Furnished,Bachelors/Family,Contact Agent
LST102249,Mumbai,Kurar Village,"Omkar Alta Monte, Kurar Village",2,15000.0,602.0,Carpet Area,36.0,81.0,3.0,Furnished,Bachelors/Family,Contact Owner
LST101281,Mumbai,Mazgaon,"Juveria Apartment, Mazgaon",3,164000.0,1399.0,Carpet Area,0.0,4.0,3.0,Semi-Furnished,Bachelors,Contact Owner
LST100575,Mumbai,Dadar West,"Salvation CHS, Dadar West",3,110000.0,1200.0,Carpet Area,6.0,15.0,3.0,Furnished,Bachelors/Family,Contact Agent
LST100764,Mumbai,Chandivali,"Shapoorji Pallonji Vicinia, Chandivali",2,60000.0,888.0,Carpet Area,5.0,20.0,2.0,Semi-Furnished,Bachelors/Family,Contact Agent
LST100932,Mumbai,Taloja Phase 2,Taloja Phase 2,1,7000.0,480.0,Carpet Area,4.0,4.0,1.0,Unfurnished,Bachelors/Family,Contact Owner
LST104389,Mumbai,Chembur,"Ekta Legranz, Chembur",2,42000.0,746.0,Super Area,14.0,14.0,2.0,Furnished,Family,Contact Agent
LST101872,Mumbai,Agripada,Agripada,2,101500.0,875.0,Super Area,3.0,13.0,1.0,Unfurnished,Family,Contact Owner
LST102338,Mumbai,sra,sra,3,231000.0,1093.0,Carpet Area,3.0,58.0,3.0,Semi-Furnished,Bachelors/Family,Contact Owner
LST104145,Mumbai,Borivali East,"Rivali Park, Borivali East",3,151500.0,1589.0,Super Area,34.0,44.0,3.0,Semi-Furnished,Bachelors/Family,Contact Agent
LST100950,Mumbai,Ghatkopar,Ghatkopar,3,80000.0,1400.0,Carpet Area,1.0,2.0,3.0,Furnished,Bachelors/Family,Contact Owner
LST101157,Mumbai,Waterfield Road,Waterfield Road,2,27000.0,1022.0,Super Area,10.0,19.0,1.0,Unfurnished,Bachelors/Family,Contact Agent
LST101765,Mumbai,Film City Road,"Omkar Ananta, Film City Road",2,8000.0,559.0,Carpet Area,60.0,71.0,3.0,Furnished,Bachelors/Family,Contact Agent
LST102810,Mumbai,MAHAVIR NAGAR,MAHAVIR NAGAR,1,16500.0,309.0,Super Area,17.0,25.0,1.0,Semi-Furnished,Bachelors,Contact Owner
LST102224,Mumbai,Link Road,"Auris Serenity, Link Road",2,67000.0,672.0,Super Area,14.0,48.0,2.0,Unfurnished,Family,Contact Owner
LST100949,Mumbai,in Andheri West,in Andheri West,1,35000.0,420.0,Super Area,0.0,3.0,1.0,Semi-Furnished,Bachelors/Family,Contact Owner
LST103110,Mumbai,Kandivali East,"Thakur Village, Kandivali East",2,16000.0,517.0,Carpet Area,48.0,68.0,2.0,Semi-Furnished,Bachelors,Contact Owner
LST102700,Mumbai,Prabhadevi,"Kalpataru Antariksha, Prabhadevi",5,313000.0,1997.0,Super Area,15.0,16.0,5.0,Unfurnished,Bachelors,Contact Owner
LST101410,Mumbai,Hiranandani Gardens,Hiranandani Gardens,1,64000.0,498.0,Super Area,15.0,25.0,1.0,Unfurnished,Family,Contact Agent
LST101524,Mumbai,Marol,"Blue Monarch, Marol",4,250000.0,2069.0,Super Area,5.0,16.0,5.0,Unfurnished,Bachelors/Family,Contact Owner
LST103469,Mumbai,Datta Pada,Datta Pada,3,157500.0,1428.0,Super Area,17.0,43.0,4.0,Unfurnished,Bachelors,Contact Owner
LST104181,Mumbai,Borivali West,Borivali West,2,103500.0,960.0,Carpet Area,4.0,58.0,2.0,Furnished,Bachelors/Family,Contact Agent
LST103062,Mumbai,Dattani Park,Dattani Park,1,40500.0,804.0,Super Area,4.0,22.0,1.0,Semi-Furnished,Bachelors/Family,Contact Owner
LST104678,Mumbai,Mahim,Mahim,1,18500.0,343.0,Super Area,11.0,20.0,2.0,Semi-Furnished,Bachelors/Family,Contact Agent
LST104008,Mumbai,4 Bunglows,"Adani Western Heights, 4 Bunglows",1,42500.0,614.0,Super Area,36.0,82.0,1.0,Furnished,Family,Contact Owner
LST102909,Mumbai,Chembur East,"Sufalam CHS, Chembur East",3,211000.0,1096.0,Super Area,12.0,16.0,2.0,Furnished,Bachelors/Family,Contact Owner
LST103659,Mumbai,Bandra Band Stand,"Band Stand, Bandra Band Stand",2,69000.0,944.0,Carpet Area,17.0,25.0,3.0,Unfurnished,Family,Contact Agent
LST100319,Mumbai,Andheri West,Andheri West,2,55000.0,700.0,Carpet Area,4.0,6.0,3.0,Furnished,Bachelors,Contact Agent
LST104572,Mumbai,Mulund West,"Yogi Hills, Mulund West",1,29500.0,411.0,Super Area,12.0,34.0,2.0,Semi-Furnished,Bachelors,Contact Agent
LST100607,Mumbai,Andheri West,Andheri West,2,55000.0,650.0,Carpet Area,8.0,16.0,2.0,Furnished,Bachelors,Contact Agent
LST103911,Mumbai,Chandivali,Chandivali,2,80000.0,602.0,Super Area,33.0,41.0,2.0,Semi-Furnished,Family,Contact Agent
LST102203,Mumbai,parivar safalya chs,parivar safalya chs,1,45000.0,591.0,Super Area,4.0,7.0,1.0,Furnished,Bachelors,Contact Owner
LST104437,Mumbai,Virar West,"Ekta Parksville, Virar West",3,246000.0,1219.0,Carpet Area,32.0,46.0,3.0,Semi-Furnished,Bachelors,Contact Owner
LST100298,Mumbai,Chembur,Chembur,1,34000.0,656.0,Super Area,16.0,23.0,2.0,Semi-Furnished,Bachelors/Family,Contact Owner
LST104274,Mumbai,Unknown,,2,58500.0,802.0,Super Area,3.0,12.0,3.0,Semi-Furnished,Bachelors,Contact Agent
LST103092,Mumbai,Chembur East,"Swastik Pride, Chembur East",3,156000.0,1020.0,Super Area,18.0,22.0,3.0,Unfurnished,Family,Contact Agent
LST102896,Mumbai,Kanjurmarg East,Kanjurmarg East,2,57500.0,943.0,Super Area,3.0,58.0,3.0,Semi-Furnished,Bachelors,Contact Owner
LST102800,Mumbai,Goregaon East,"Royal Palms, Goregaon East",1,25000.0,481.0,Carpet Area,15.0,23.0,1.0,Furnished,Bachelors,Contact Owner
LST100017,Mumbai,Charkop,Charkop,2,35000.0,650.0,Carpet Area,6.0,7.0,2.0,Unfurnished,Family,Contact Agent
LST104742,Mumbai,Kandivali East,"Challenger Tower, Thakur Village, Kandivali East",2,79000.0,1128.0,Super Area,18.0,29.0,3.0,Semi-Furnished,Family,Contact Owner
LST104359,Mumbai,Mulund West,"Runwal Greens, Mulund West",2,45500.0,591.0,Carpet Area,10.0,13.0,1.0,Semi-Furnished,Family,Contact Owner
LST104927,Mumbai,Deonar,"Satyam Springs, Deonar",2,90000.0,753.0,Super Area,5.0,24.0,2.0,Furnished,Bachelors/Family,Contact Owner
LST103363,Mumbai,Dadar West,"Purushottam Towers, Dadar West",1,11500.0,455.0,Carpet Area,8.0,28.0,2.0,Furnished,Bachelors/Family,Contact Agent
LST900029,Mumbai,Bhandup West,"Hudco Living Point, Bhandup West",2,12000.0,580.0,Super Area,8.0,8.0,1.0,Furnished,Family,Contact Agent
LST103380,Mumbai,shanti kutir tunga village powai,shanti kutir tunga village powai,3,94500.0,1212.0,Carpet Area,39.0,61.0,4.0,Unfurnished,Bachelors/Family,Contact Owner
LST101074,Mumbai,Kandivali West,"Gaurav Heights, Kandivali West",1,47500.0,587.0,Super Area,9.0,28.0,1.0,Unfurnished,Family,Contact Owner
LST103603,Mumbai,Holly Cross Church Chowk,"Kohinoor City Phase II, Holly Cross Church Chowk",3,61000.0,1009.0,Super Area,19.0,30.0,3.0,Unfurnished,Bachelors/Family,Contact Owner
LST103814,Mumbai,Kandivali East,"The Windsor, Kandivali East",3,79500.0,977.0,Carpet Area,10.0,21.0,4.0,Furnished,Bachelors/Family,Contact Owner
LST103371,Mumbai,Lokhandwala Complex,"Magnum Tower CHS, Lokhandwala Complex",1,13000.0,219.0,Super Area,26.0,40.0,1.0,Furnished,Family,Contact Owner
LST103432,Mumbai,Mount Mary,Mount Mary,1,25500.0,358.0,Super Area,47.0,89.0,2.0,Unfurnished,Family,Contact Agent
LST103551,Mumbai,Unknown,,1,11000.0,362.0,Super Area,3.0,6.0,1.0,Unfurnished,Bachelors/Family,Contact Agent
LST103690,Mumbai,Hindu Colony,Hindu Colony,3,385000.0,1869.0,Super Area,4.0,6.0,4.0,Semi-Furnished,Bachelors/Family,Contact Agent
LST101494,Mumbai,LBS Marg,"Nirmal Lifestyle, LBS Marg",2,284000.0,1127.0,Super Area,12.0,20.0,2.0,Unfurnished,Bachelors,Contact Agent
LST102726,Mumbai,Mira Road,"Bhairav Residency, Mira Road",3,69000.0,857.0,Super Area,19.0,41.0,4.0,Furnished,Family,Contact Owner
LST104461,Mumbai,Bhatti Pada,Bhatti Pada,1,37000.0,452.0,Carpet Area,28.0,38.0,2.0,Semi-Furnished,Bachelors,Contact Agent
LST100494,Mumbai,Goregaon West,Goregaon West,2,45000.0,770.0,Carpet Area,2.0,12.0,2.0,Semi-Furnished,Bachelors,Contact Agent
LST100185,Mumbai,Mulund East,Mulund East,2,35000.0,1100.0,Super Area,0.0,3.0,2.0,Semi-Furnished,Bachelors/Family,Contact Owner
LST103326,Mumbai,Andheri West,"Oberoi Springs, Andheri West",1,37500.0,549.0,Super Area,23.0,25.0,1.0,Furnished,Bachelors/Family,Contact Owner
LST102227,Mumbai,Lodha Ajuro tower lalbag,Lodha Ajuro tower lalbag,1,17000.0,327.0,Super Area,2.0,24.0,1.0,Semi-Furnished,Bachelors/Family,Contact Owner
LST100481,Mumbai,Lokhandwala Complex,"Transcon Triumph, Lokhandwala Complex",3,140000.0,1350.0,Carpet Area,18.0,32.0,3.0,Semi-Furnished,Bachelors/Family,Contact Agent
LST101645,Mumbai,Dadar TT Circle,"Bombay Dyeing Two ICC, Dadar TT Circle",3,65000.0,953.0,Carpet Area,9.0,12.0,4.0,Unfurnished,Bachelors,Contact Agent
LST101141,Mumbai,Chembur,"diamond garden, Chembur",2,46000.0,753.0,Carpet Area,9.0,18.0,2.0,Furnished,Bachelors/Family,Contact Agent
LST100360,Mumbai,Carter Road,Carter Road,1,75000.0,550.0,Carpet Area,6.0,8.0,2.0,Furnished,Bachelors/Family,Contact Agent
LST103618,Mumbai,Unknown,,3,86000.0,1189.0,Super Area,17.0,43.0,4.0,Furnished,Bachelors/Family,Contact Agent
LST103931,Mumbai,Saki Vihar Road,Saki Vihar Road,3,53500.0,1026.0,Super Area,21.0,21.0,2.0,Furnished,Family,Contact Agent
LST104143,Mumbai,Poisar,Poisar,2,59500.0,693.0,Super Area,3.0,7.0,2.0,Semi-Furnished,Bachelors,Contact Agent
LST102481,Mumbai,Ghatla,Ghatla,2,47000.0,807.0,Super Area,4.0,15.0,2.0,Unfurnished,Bachelors/Family,Contact Agent
LST100792,Mumbai,Nandiadwala Colony,"Midas Enclave CHS , Nandiadwala Colony",1,23000.0,410.0,Carpet Area,4.0,7.0,1.0,Unfurnished,Bachelors/Family,Contact Agent
LST101405,Mumbai,Hiranandani Gardens,"Hiranandani Castle Rock, Hiranandani Gardens",1,20000.0,450.0,Super Area,12.0,21.0,2.0,Unfurnished,Bachelors,Contact Owner
LST103824,Mumbai,Bhandup West,"Shree Sai Usha Complex, Bhandup West",3,92500.0,1228.0,Super Area,15.0,22.0,4.0,Semi-Furnished,Bachelors/Family,Contact Owner
LST101125,Mumbai,Mahim,Mahim,2,156000.0,993.0,Super Area,18.0,20.0,2.0,Semi-Furnished,Bachelors/Family,Contact Owner
LST100457,Mumbai,IC Colony,IC Colony,3,45000.0,950.0,Carpet Area,15.0,17.0,3.0,Unfurnished,Bachelors/Family,Contact Agent
LST100655,Mumbai,Mulund West,"Wadhwa Atmosphere, Mulund West",2,43000.0,663.0,Carpet Area,25.0,43.0,2.0,Unfurnished,Bachelors/Family,Contact Agent
LST103681,Mumbai,Bhayandar East,"Indraprastha CHS, Bhayandar East",1,19500.0,475.0,Carpet Area,5.0,18.0,1.0,Furnished,Bachelors/Family,Contact Agent
LST102386,Mumbai,Film City Road,"Oberoi Exquisite II, Film City Road",5,612500.0,4039.0,Super Area,13.0,15.0,5.0,Unfurnished,Family,Contact Owner
LST104783,Mumbai,in Kandivali West,in Kandivali West,3,166000.0,1015.0,Super Area,19.0,27.0,3.0,Furnished,Bachelors,Contact Owner
LST104947,Mumbai,Borivali West,"Parinee Adney, Borivali West",1,13500.0,450.0,Super Area,10.0,20.0,1.0,Semi-Furnished,Bachelors/Family,Contact Owner
LST103072,Mumbai,Rock garden Chs,Rock garden Chs,4,146000.0,1834.0,Carpet Area,30.0,39.0,4.0,Furnished,Bachelors,Contact Agent
LST102498,Mumbai,Reay road east,Reay road east,3,73000.0,893.0,Carpet Area,41.0,41.0,3.0,Unfurnished,Bachelors/Family,Contact Owner
LST101669,Mumbai,Chandivali,"Sundew CHS, Chandivali",2,15500.0,558.0,Carpet Area,16.0,32.0,3.0,Furnished,Bachelors,Contact Agent
LST102050,Mumbai,Chembur,"Kyraa Ariso Apartment, Chembur",4,247000.0,2935.0,Super Area,8.0,11.0,4.0,Unfurnished,Family,Contact Owner
LST103221,Mumbai,Sher E Punjab Society,Sher E Punjab Society,3,61500.0,1423.0,Carpet Area,10.0,12.0,3.0,Furnished,Bachelors/Family,Contact Agent
LST100851,Mumbai,Goregaon East,"Lakshchandi Height, Goregaon East",2,49000.0,850.0,Carpet Area,10.0,23.0,2.0,Semi-Furnished,Bachelors/Family,Contact Agent
LST101138,Mumbai,Worli Naka Acharaya Atre Chowk,"Indiabulls Blu, Worli Naka Acharaya Atre Chowk",2,46500.0,753.0,Carpet Area,6.0,12.0,3.0,Unfurnished,Family,Contact Agent
LST101483,Mumbai,Napean Sea Road,"simla house at nepeasea road, Napean Sea Road",1,63000.0,515.0,Carpet Area,15.0,19.0,1.0,Unfurnished,Bachelors,Contact Owner
LST103773,Mumbai,Mira Road,"Gaurav Excellency, Mira Road",2,58000.0,695.0,Carpet Area,5.0,12.0,2.0,Furnished,Bachelors/Family,Contact Agent
LST101510,Mumbai,Ghatkopar East,Ghatkopar East,1,53000.0,343.0,Carpet Area,3.0,14.0,1.0,Furnished,Bachelors/Family,Contact Agent
LST104592,Mumbai,Unknown,,2,48000.0,786.0,Super Area,6.0,6.0,3.0,Semi-Furnished,Bachelors/Family,Contact Agent
LST102899,Mumbai,Chembur,"Sabari Palm View, Chembur",1,29500.0,464.0,Carpet Area,0.0,6.0,1.0,Unfurnished,Family,Contact Agent
LST104245,Mumbai,Holly Cross Church Chowk,"Kohinoor City Phase II, Holly Cross Church Chowk",4,260500.0,2390.0,Super Area,11.0,26.0,4.0,Semi-Furnished,Bachelors/Family,Contact Agent
LST100806,Mumbai,Kurla West,"HDIL Premier Residences, Kurla West",1,34999.0,450.0,Carpet Area,5.0,12.0,2.0,Furnished,Bachelors/Family,Contact Agent
LST100337,Mumbai,Chakala,"Mahindra Vivante, Chakala",3,90000.0,1350.0,Carpet Area,5.0,12.0,3.0,Unfurnished,Family,Contact Agent
LST100079,Mumbai,Turner Road,"Almeida Park, Turner Road",3,1500000.0,1500.0,Carpet Area,7.0,10.0,4.0,Semi-Furnished,Bachelors/Family,Contact Agent
LST100105,Mumbai,Oshiwara,Oshiwara,2,50000.0,900.0,Carpet Area,7.0,15.0,2.0,Semi-Furnished,Bachelors,Contact Agent
LST103883,Mumbai,Bhandup East,Bhandup East,3,152000.0,1763.0,Super Area,12.0,19.0,3.0,Semi-Furnished,Bachelors/Family,Contact Owner
LST102907,Mumbai,Gokuldham,"GSA Grandeur, Gokuldham",2,242000.0,1179.0,Super Area,5.0,21.0,2.0,Furnished,Bachelors/Family,Contact Owner
LST103547,Mumbai,Lokhandwala Twp,"Oasis, Lokhandwala Twp",2,38000.0,714.0,Super Area,19.0,85.0,3.0,Semi-Furnished,Bachelors/Family,Contact Agent
LST103904,Mumbai,Vile Parle,Vile Parle,2,46000.0,903.0,Carpet Area,30.0,58.0,1.0,Furnished,Bachelors,Contact Agent
LST101266,Mumbai,Pali Hill,"Pali Hill Apartment, Pali Hill",1,9000.0,590.0,Carpet Area,3.0,3.0,1.0,Unfurnished,Bachelors/Family,Contact Agent
LST103394,Mumbai,Kandivali East,"Vasant Sagar, Thakur Village, Kandivali East",3,167000.0,1646.0,Carpet Area,18.0,45.0,3.0,Unfurnished,Family,Contact Owner
LST100127,Mumbai,Worli,"Trump Tower, Worli",4,250000.0,1545.0,Carpet Area,65.0,78.0,5.0,Semi-Furnished,Family,Contact Agent
LST101107,Mumbai,Lal Baug,Lal Baug,2,53500.0,667.0,Carpet Area,37.0,51.0,1.0,Unfurnished,Family,Contact Owner
LST104280,Mumbai,Worli,"Raheja Artesia, Worli",2,52500.0,680.0,Carpet Area,15.0,17.0,3.0,Unfurnished,Family,Contact Owner
LST104208,Mumbai,anjali,anjali,1,23000.0,382.0,Super Area,6.0,12.0,1.0,Semi-Furnished,Bachelors/Family,Contact Agent
LST103369,Mumbai,Vile Parle East,Vile Parle East,2,63500.0,878.0,Super Area,45.0,77.0,2.0,Furnished,Bachelors/Family,Contact Owner
LST101522,Mumbai,Tilak Nagar - Harbour Line,Tilak Nagar - Harbour Line,3,80500.0,1219.0,Carpet Area,1.0,4.0,2.0,Furnished,Bachelors,Contact Agent
LST100812,Mumbai,Powai,"L&T Emerald Isle, Powai",3,100000.0,1300.0,Carpet Area,12.0,24.0,3.0,Semi-Furnished,Family,Contact Agent
LST104218,Mumbai,Andheri West,"DLH Orchid, Andheri West",1,21000.0,493.0,Super Area,8.0,45.0,1.0,Semi-Furnished,Family,Contact Agent
LST102293,Mumbai,Bhoiwada,Bhoiwada,1,28500.0,413.0,Super Area,5.0,14.0,2.0,Semi-Furnished,Bachelors/Family,Contact Owner
LST103070,Mumbai,Mahalakshmi,"Lodha Primero, Mahalakshmi",2,55500.0,814.0,Super Area,13.0,21.0,3.0,Unfurnished,Bachelors,Contact Agent
LST101228,Mumbai,Virar West,"Ekta Parksville, Virar West",1,29500.0,478.0,Super Area,8.0,14.0,1.0,Furnished,Family,Contact Owner
LST101957,Mumbai,Sai Nagar,"Kanakia Hollywood, Sai Nagar",1,53000.0,470.0,Super Area,16.0,18.0,1.0,Semi-Furnished,Family,Contact Agent
LST103131,Mumbai,Dadar West,Dadar West,2,30000.0,793.0,Carpet Area,3.0,6.0,2.0,Furnished,Bachelors,Contact Owner
LST100811,Mumbai,Yari Road,"Chanchal Kalyan Complex, Yari Road",1,39000.0,585.0,Super Area,3.0,7.0,2.0,Unfurnished,Family,Contact Agent
LST100584,Mumbai,Mulund West,Mulund West,2,37000.0,685.0,Carpet Area,10.0,18.0,2.0,Semi-Furnished,Bachelors,Contact Agent
LST103787,Mumbai,Malad East,Malad East,1,26500.0,422.0,Carpet Area,60.0,66.0,1.0,Unfurnished,Family,Contact Owner
LST104457,Mumbai,Bhayandar East,Bhayandar East,4,380500.0,1847.0,Carpet Area,8.0,45.0,3.0,Unfurnished,Bachelors/Family,Contact Agent
LST104583,Mumbai,Jankalyan Nagar,Jankalyan Nagar,2,55000.0,777.0,Carpet Area,28.0,39.0,2.0,Unfurnished,Bachelors,Contact Owner
LST104537,Mumbai,Andheri West,"Runwal Elegante, Andheri West",2,90500.0,753.0,Super Area,6.0,7.0,2.0,Furnished,Bachelors,Contact Owner
LST100865,Mumbai,Pirojshah Nagar,"Godrej The Trees, Pirojshah Nagar",4,190000.0,1750.0,Carpet Area,5.0,17.0,4.0,Semi-Furnished,Bachelors/Family,Contact Agent
LST101563,Mumbai,Bhandup West,"Marathon Embryo, Bhandup West",3,410500.0,1775.0,Carpet Area,6.0,14.0,3.0,Unfurnished,Bachelors,Contact Owner
LST101668,Mumbai,Mahavir Nagar,"Leo Ratnakar, Mahavir Nagar",4,235000.0,1599.0,Super Area,11.0,16.0,4.0,Unfurnished,Family,Contact Agent
LST103866,Mumbai,in Mira Road,in Mira Road,1,31500.0,450.0,Built Up Area,0.0,3.0,1.0,Furnished,Family,Contact Owner
LST100837,Mumbai,Gokuldham,"DB Woods, Gokuldham",3,75000.0,1121.0,Carpet Area,30.0,45.0,2.0,Furnished,Bachelors/Family,Contact Agent
LST103136,Mumbai,Kandivali East,"Ishwardas Bhuvan CHS, Kandivali East",4,137000.0,1526.0,Carpet Area,25.0,43.0,4.0,Semi-Furnished,Family,Contact Owner
LST103307,Mumbai,Sakinaka Junction,"Crescent Solitaire, Sakinaka Junction",1,22000.0,300.0,Super Area,7.0,21.0,1.0,Semi-Furnished,Family,Contact Owner
LST101799,Mumbai,Central Avenue Road,Central Avenue Road,1,29500.0,491.0,Carpet Area,14.0,46.0,1.0,Semi-Furnished,Family,Contact Agent
LST103804,Mumbai,Kandivali West,"RNA ROYALE PARK, Kandivali West",3,197000.0,1446.0,Carpet Area,3.0,9.0,2.0,Unfurnished,Family,Contact Agent
LST100399,Mumbai,Khar West,Khar West,4,260000.0,2500.0,Carpet Area,3.0,7.0,4.0,Semi-Furnished,Bachelors/Family,Contact Agent
LST104146,Mumbai,Andheri East,"Trans Residency, Andheri East",3,74500.0,1034.0,Super Area,9.0,20.0,4.0,Semi-Furnished,Bachelors,Contact Owner
LST100511,Mumbai,Pali Hill,Pali Hill,3,400000.0,1800.0,Carpet Area,7.0,14.0,4.0,Semi-Furnished,Bachelors,Contact Agent
LST100164,Mumbai,Mount Mary,Mount Mary,2,100000.0,1200.0,Super Area,6.0,11.0,2.0,Furnished,Bachelors/Family,Contact Agent
LST100438,Mumbai,Gokuldham,"DB Woods, Gokuldham",2,65000.0,950.0,Carpet Area,2.0,45.0,2.0,Semi-Furnished,Bachelors/Family,Contact Agent
LST103140,Mumbai,Thakur Complex,"Gokul Regency Apartment, Thakur Complex",1,13500.0,450.0,Super Area,9.0,11.0,2.0,Furnished,Bachelors,Contact Owner
LST104235,Mumbai,Central Avenue Road,"Tridhaatu Bhaveshwar Vilas, Central Avenue Road",3,155000.0,1579.0,Carpet Area,14.0,61.0,2.0,Semi-Furnished,Bachelors,Contact Agent
LST103022,Mumbai,Gokuldham,"Sky Villa, Gokuldham",2,40500.0,773.0,Carpet Area,9.0,28.0,1.0,Unfurnished,Bachelors/Family,Contact Agent
LST100687,Mumbai,Ghatla,"vanamali chs ghatla, Ghatla",2,52000.0,750.0,Carpet Area,4.0,20.0,2.0,Unfurnished,Bachelors/Family,Contact Agent
LST104202,Mumbai,Chembur,"Godrej Serenity Mumbai, Chembur",2,55500.0,685.0,Super Area,14.0,23.0,2.0,Unfurnished,Bachelors,Contact Owner
LST104464,Mumbai,Central Area,Central Area,2,104500.0,964.0,Super Area,2.0,8.0,2.0,Unfurnished,Family,Contact Owner
LST102980,Mumbai,Irla,Irla,3,110500.0,961.0,Super Area,20.0,22.0,3.0,Furnished,Bachelors/Family,Contact Agent
LST103270,Mumbai,Mira Road,"Gaurav Excellency, Mira Road",2,123000.0,893.0,Carpet Area,2.0,8.0,2.0,Semi-Furnished,Bachelors/Family,Contact Owner
LST104504,Mumbai,Bhandup West,"Mayuresh Srishti, Bhandup West",3,93000.0,1324.0,Super Area,36.0,81.0,4.0,Furnished,Bachelors,Contact Owner
LST104113,Mumbai,Film City Road,"Oberoi Exquisite II, Film City Road",4,834000.0,3149.0,Super Area,18.0,28.0,5.0,Furnished,Bachelors/Family,Contact Agent
LST101791,Mumbai,Bandra West,"Sunflower Apartment, Bandra West",2,30000.0,1117.0,Carpet Area,53.0,60.0,2.0,Unfurnished,Bachelors,Contact Agent
LST101939,Mumbai,Bandra East,"Sethia Grandeur, Bandra East",2,31000.0,677.0,Carpet Area,5.0,10.0,2.0,Semi-Furnished,Bachelors,Contact Owner
LST103088,Mumbai,Powai,"Lake Homes, Powai",3,83500.0,1172.0,Super Area,9.0,10.0,3.0,Unfurnished,Bachelors/Family,Contact Agent
LST103557,Mumbai,Mira Road,"RNA Broadway Avenue, Mira Road",1,26000.0,424.0,Carpet Area,24.0,59.0,2.0,Unfurnished,Bachelors,Contact Agent
LST102007,Mumbai,Mulund West,"Wadhwa Atmoshphere, Mulund West",3,186000.0,1267.0,Super Area,32.0,41.0,4.0,Furnished,Family,Contact Agent
LST100542,Mumbai,Shivaji Park,Shivaji Park,1,52000.0,475.0,Carpet Area,10.0,18.0,1.0,Unfurnished,Bachelors/Family,Contact Agent
LST102009,Mumbai,Mira Road,"holy complex ,Mira Road, Mumbai",3,52000.0,1085.0,Super Area,5.0,22.0,4.0,Furnished,Bachelors,Contact Owner
LST101568,Mumbai,Gokuldham,"Raheja Heights Phase 2, Gokuldham",1,18000.0,377.0,Super Area,5.0,10.0,1.0,Semi-Furnished,Bachelors/Family,Contact Agent
LST101322,Mumbai,Borivali East,"Ambrosia Apartment, Borivali East",4,263500.0,2427.0,Carpet Area,10.0,18.0,4.0,Furnished,Bachelors,Contact Owner
LST101268,Mumbai,Bhakti Park,"Odyssey Bhakti Park, Bhakti Park",2,83000.0,912.0,Carpet Area,0.0,6.0,1.0,Semi-Furnished,Family,Contact Owner
LST100175,Mumbai,Wadala East,"Lodha Altia, Wadala East",3,140000.0,1330.0,Carpet Area,17.0,43.0,4.0,Unfurnished,Bachelors,Contact Agent
LST102985,Mumbai,Beverly Park,Beverly Park,2,37500.0,691.0,Super Area,12.0,23.0,1.0,Furnished,Family,Contact Agent
LST100541,Mumbai,4 Bunglows,"Adani Western Heights, 4 Bunglows",3,130000.0,1250.0,Carpet Area,12.0,29.0,3.0,Semi-Furnished,Family,Contact Agent
LST101619,Mumbai,Lokhandwala Complex,"Stellar Tower, Lokhandwala Complex",2,41500.0,737.0,Carpet Area,13.0,18.0,3.0,Semi-Furnished,Bachelors/Family,Contact Agent
LST101468,Mumbai,Goregaon West,"Sejal Tower, Goregaon West",1,8500.0,746.0,Super Area,16.0,37.0,2.0,Unfurnished,Family,Contact Agent
LST103812,Mumbai,Mulund West,"Nem Vihar, Mulund West",1,12500.0,406.0,Carpet Area,2.0,2.0,2.0,Furnished,Bachelors,Contact Agent
LST101620,Mumbai,Goregaon East,"Velentine Tower, Goregaon East",3,122000.0,1394.0,Carpet Area,24.0,24.0,3.0,Unfurnished,Family,Contact Agent
LST101356,Mumbai,parivar safalya chs,parivar safalya chs,3,215000.0,1685.0,Super Area,1.0,6.0,3.0,Furnished,Bachelors/Family,Contact Owner
LST103246,Mumbai,Oshiwara,Oshiwara,1,76000.0,588.0,Super Area,8.0,17.0,1.0,Semi-Furnished,Family,Contact Owner
LST102105,Mumbai,Aarey Milk Colony,"Royal Palms Diamond Isle Phase II, Aarey Milk Colony",3,89000.0,973.0,Carpet Area,2.0,8.0,4.0,Unfurnished,Family,Contact Agent
LST104271,Mumbai,Chandivali,"Nahar Amrit Shakti powai, Chandivali",4,152500.0,1993.0,Super Area,4.0,10.0,3.0,Furnished,Family,Contact Agent
LST100872,Mumbai,Chembur,"Uttam Society, Chembur",1,26000.0,649.0,Super Area,3.0,3.0,1.0,Unfurnished,Bachelors/Family,Contact Owner
LST102214,Mumbai,Sai Nagar,"Kanakia Hollywood, Sai Nagar",1,17000.0,260.0,Super Area,5.0,17.0,1.0,Semi-Furnished,Family,Contact Owner
LST101971,Mumbai,Wadala East,"Dosti Ambrosia, Wadala East",3,217000.0,1346.0,Super Area,9.0,21.0,2.0,Semi-Furnished,Family,Contact Agent
LST103940,Mumbai,Film City Road,Film City Road,1,17500.0,323.0,Carpet Area,2.0,24.0,2.0,Furnished,Bachelors/Family,Contact Owner
LST101365,Mumbai,Goregaon East,"Oberoi Esquire, Goregaon East",2,50000.0,604.0,Carpet Area,10.0,15.0,2.0,Furnished,Bachelors/Family,Contact Owner
LST104946,Mumbai,Prabhadevi,"Suryodaya CHS, Prabhadevi",2,9000.0,924.0,Carpet Area,4.0,6.0,3.0,Furnished,Family,Contact Owner
LST102596,Mumbai,Goregaon East,"Oberoi Woods, Goregaon East",4,237500.0,1984.0,Carpet Area,76.0,78.0,5.0,Semi-Furnished,Bachelors/Family,Contact Agent
LST104972,Mumbai,Malad East,"Raheja Heights, Malad East",1,16500.0,450.0,Carpet Area,5.0,18.0,1.0,Semi-Furnished,Bachelors,Contact Owner
LST102282,Mumbai,Beverly Park,"Salasar Garden, Beverly Park",3,168500.0,1303.0,Carpet Area,25.0,50.0,4.0,Furnished,Family,Contact Owner
LST102971,Mumbai,Wadala East,"Lodha Altia, Wadala East",2,89500.0,899.0,Super Area,27.0,58.0,3.0,Furnished,Bachelors,Contact Agent
LST100830,Mumbai,Chembur,Chembur,1,21000.0,450.0,Super Area,4.0,7.0,1.0,Unfurnished,Bachelors/Family,Contact Owner
LST103414,Mumbai,Virar West,"Ekta Parksville, Virar West",3,149500.0,1491.0,Super Area,5.0,9.0,3.0,Furnished,Family,Contact Agent
LST103666,Mumbai,Worli,"World One Tower Mumbai, Worli",2,60500.0,886.0,Carpet Area,12.0,16.0,1.0,Furnished,Bachelors/Family,Contact Agent
LST104417,Mumbai,Saki Vihar Road,Saki Vihar Road,3,79500.0,808.0,Carpet Area,6.0,16.0,3.0,Furnished,Family,Contact Agent
LST101829,Mumbai,Datta Pada,Datta Pada,3,196500.0,1502.0,Carpet Area,45.0,77.0,4.0,Unfurnished,Family,Contact Owner
LST104381,Mumbai,Powai,"L&T Emerald Isle, Powai",2,123000.0,979.0,Super Area,10.0,23.0,2.0,Furnished,Family,Contact Owner
LST101713,Mumbai,Gokuldham,"Valentine Apartments, Gokuldham",1,6000.0,389.0,Carpet Area,13.0,24.0,1.0,Furnished,Bachelors,Contact Owner
LST100866,Mumbai,Ghatkopar East,Ghatkopar East,1,25000.0,475.0,Carpet Area,11.0,15.0,2.0,Unfurnished,Bachelors,Contact Agent
LST100507,Mumbai,Khar West,Khar West,2,180000.0,1200.0,Carpet Area,7.0,12.0,3.0,Furnished,Bachelors/Family,Contact Agent
LST100323,Mumbai,Bandra West,"Smoky Hill Apartment, Bandra West",2,150000.0,1000.0,Carpet Area,4.0,9.0,3.0,Semi-Furnished,Bachelors/Family,Contact Agent
LST102557,Mumbai,Seven Bungalows,"Milap CHS, Seven Bungalows",2,38500.0,642.0,Super Area,9.0,27.0,3.0,Semi-Furnished,Bachelors/Family,Contact Agent
LST101755,Mumbai,Bhayandar East,Bhayandar East,1,38000.0,480.0,Carpet Area,19.0,19.0,2.0,Unfurnished,Bachelors,Contact Agent
LST101601,Mumbai,Hiranandani Gardens,"Hiranandani Gardens Torino, Hiranandani Gardens",3,184000.0,1554.0,Super Area,15.0,23.0,3.0,Semi-Furnished,Bachelors/Family,Contact Agent
LST102074,Mumbai,Kanch Pada,"Auris Serenity, Kanch Pada",1,33500.0,698.0,Super Area,12.0,14.0,1.0,Semi-Furnished,Bachelors,Contact Agent
LST104175,Mumbai,Lokhandwala Twp,"Lokhandwala Octacrest, Lokhandwala Twp",2,120500.0,968.0,Carpet Area,9.0,55.0,3.0,Unfurnished,Bachelors/Family,Contact Agent
LST101828,Mumbai,Chembur,"Sabari Palm View, Chembur",2,40000.0,703.0,Super Area,8.0,13.0,2.0,Unfurnished,Bachelors,Contact Owner
LST101063,Mumbai,Sunder Nagar,"Dheeraj Kiran CHS Walad West, Sunder Nagar",1,33000.0,382.0,Super Area,7.0,19.0,1.0,Furnished,Family,Contact Owner
LST101834,Mumbai,Hindu Colony,Hindu Colony,2,61000.0,775.0,Super Area,5.0,13.0,2.0,Unfurnished,Bachelors,Contact Agent
LST102683,Mumbai,Hiranandani Gardens,"Hiranandani Gardens Torino, Hiranandani Gardens",2,44500.0,654.0,Carpet Area,2.0,9.0,2.0,Semi-Furnished,Bachelors/Family,Contact Owner
LST102682,Mumbai,Goregaon East,"Velentine Tower, Goregaon East",1,24000.0,406.0,Carpet Area,6.0,23.0,1.0,Semi-Furnished,Bachelors/Family,Contact Agent
LST102566,Mumbai,Chandivali,"Sunglow, Chandivali",3,256000.0,2111.0,Carpet Area,1.0,9.0,3.0,Furnished,Bachelors/Family,Contact Agent
LST102702,Mumbai,Goregaon East,"Shiv Dham Apartment, Goregaon East",2,56000.0,747.0,Super Area,11.0,20.0,3.0,Semi-Furnished,Family,Contact Agent
LST101045,Mumbai,Mira Road East,"Kanungos Garden City, Mira Road East",2,45500.0,615.0,Carpet Area,18.0,32.0,2.0,Unfurnished,Family,Contact Owner
LST100554,Mumbai,Powai,"Hiranandani Castle Rock, Powai",2,75000.0,777.0,Carpet Area,17.0,22.0,2.0,Furnished,Bachelors/Family,Contact Agent
LST103144,Mumbai,shivsagar,shivsagar,2,117000.0,1033.0,Super Area,14.0,27.0,2.0,Unfurnished,Family,Contact Owner
LST103198,Mumbai,Borivali West,"Veena Signature, Borivali West",3,125500.0,1083.0,Super Area,15.0,36.0,2.0,Semi-Furnished,Bachelors/Family,Contact Agent
LST102049,Mumbai,Chembur,"Safal Saraswati, Chembur",1,46500.0,336.0,Super Area,7.0,8.0,1.0,Furnished,Bachelors/Family,Contact Agent
LST100153,Mumbai,Mahavir Nagar,"Leo Ratnakar, Mahavir Nagar",1,20000.0,570.0,Super Area,6.0,7.0,2.0,Furnished,Bachelors/Family,Contact Owner
LST100966,Mumbai,Chembur,Chembur,2,45000.0,670.0,Carpet Area,17.0,22.0,2.0,Unfurnished,Bachelors/Family,Contact Agent
LST104105,Mumbai,orchid suburbia,orchid suburbia,1,34500.0,376.0,Carpet Area,48.0,67.0,1.0,Furnished,Bachelors/Family,Contact Agent
LST900011,Mumbai,Bhandup West,"Mayuresh Srishti, Bhandup West",1,54500.0,504.0,Super Area,12.0,24.0,2.0,Unfurnished,Bachelors,Contact Agent
LST104051,Mumbai,Bandra Band Stand,"Band Stand, Bandra Band Stand",1,24500.0,506.0,Carpet Area,3.0,15.0,2.0,Unfurnished,Bachelors/Family,Contact Owner
LST100877,Mumbai,Khar West,Khar West,3,100000.0,1200.0,Carpet Area,8.0,14.0,3.0,Furnished,Bachelors/Family,Contact Agent
LST101670,Mumbai,anjali,anjali,2,52500.0,1194.0,Carpet Area,9.0,55.0,1.0,Unfurnished,Bachelors/Family,Contact Agent
LST100101,Mumbai,Goregaon East,"Oberoi Esquire, Goregaon East",3,150000.0,1330.0,Carpet Area,12.0,45.0,4.0,Semi-Furnished,Bachelors/Family,Contact Agent
LST104728,Mumbai,Jogeshwari West,"Lodha Bel Air, Jogeshwari West",2,49000.0,753.0,Carpet Area,2.0,22.0,2.0,Unfurnished,Family,Contact Agent
LST101418,Mumbai,Vile Parle West,Vile Parle West,1,72500.0,498.0,Super Area,11.0,14.0,1.0,Unfurnished,Family,Contact Owner
LST101513,Mumbai,GREEN PARK,GREEN PARK,3,131500.0,1657.0,Carpet Area,3.0,28.0,3.0,Semi-Furnished,Family,Contact Agent
LST101865,Mumbai,Oshiwara,Oshiwara,1,43500.0,353.0,Carpet Area,4.0,12.0,1.0,Furnished,Bachelors/Family,Contact Agent
LST104685,Mumbai,Dadar East,"Bombay Dyeing Two ICC, Dadar East",1,25000.0,399.0,Super Area,13.0,16.0,1.0,Semi-Furnished,Family,Contact Owner
LST101437,Mumbai,Dina Bama Estate,Dina Bama Estate,4,371000.0,1759.0,Super Area,7.0,24.0,3.0,Semi-Furnished,Family,Contact Agent
LST100499,Mumbai,Altamount Road,Altamount Road,5,500000.0,3900.0,Carpet Area,4.0,6.0,5.0,Furnished,Bachelors/Family,Contact Agent
LST104535,Mumbai,Kandivali East,"The Windsor, Kandivali East",2,70500.0,682.0,Carpet Area,-1.0,20.0,1.0,Semi-Furnished,Bachelors,Contact Agent
LST101966,Mumbai,Gokuldham,Gokuldham,3,163500.0,1329.0,Carpet Area,6.0,11.0,2.0,Semi-Furnished,Family,Contact Agent
LST100160,Mumbai,Gokuldham,Gokuldham,2,47000.0,585.0,Carpet Area,7.0,8.0,2.0,Semi-Furnished,Bachelors/Family,Contact Agent
LST900019,Mumbai,Seven Bungalows,Seven Bungalows,3,150000.0,1300.0,Carpet Area,6.0,7.0,3.0,Semi-Furnished,Bachelors/Family,Contact Agent
LST100224,Mumbai,90 ft road,90 ft road,2,35000.0,550.0,Carpet Area,7.0,7.0,2.0,Semi-Furnished,Bachelors,Contact Agent
LST104589,Mumbai,Goregaon East,"Yashodham Complex, Goregaon East",3,84500.0,1050.0,Carpet Area,8.0,36.0,3.0,Semi-Furnished,Family,Contact Owner
LST102106,Mumbai,Bandra West,"Sunflower Apartment, Bandra West",2,28000.0,535.0,Carpet Area,-1.0,30.0,2.0,Unfurnished,Family,Contact Owner
LST102365,Mumbai,new panvel,new panvel,3,135000.0,1551.0,Super Area,43.0,78.0,3.0,Semi-Furnished,Bachelors/Family,Contact Agent
LST104114,Mumbai,Pali Hill,"Green Gate Apartment, Pali Hill",3,214000.0,1144.0,Carpet Area,10.0,24.0,3.0,Furnished,Bachelors,Contact Owner
LST103258,Mumbai,Bhandup West,"Marathon Embryo, Bhandup West",1,14500.0,514.0,Super Area,14.0,23.0,1.0,Semi-Furnished,Family,Contact Agent
LST100029,Mumbai,Malad East,Malad East,1,14000.0,424.0,Super Area,3.0,7.0,1.0,Semi-Furnished,Bachelors/Family,Contact Owner
LST100033,Mumbai,Sion East,"Everard Nagar Co Operative Housing Society, Sion East",2,32000.0,586.0,Super Area,0.0,4.0,1.0,Semi-Furnished,Bachelors/Family,Contact Owner
LST101014,Mumbai,Prabhadevi,"Ivory Tower, Prabhadevi",5,530500.0,4406.0,Carpet Area,41.0,41.0,4.0,Furnished,Family,Contact Owner
LST100799,Mumbai,Andheri East,"Eco Residency, Andheri East",2,45000.0,850.0,Carpet Area,9.0,12.0,2.0,Unfurnished,Bachelors/Family,Contact Agent
LST103444,Mumbai,in Kandivali West,in Kandivali West,3,80000.0,1095.0,Carpet Area,5.0,12.0,4.0,Semi-Furnished,Family,Contact Agent
LST102506,Mumbai,Bhakti Park,"Odyssey Bhakti Park, Bhakti Park",2,35000.0,1205.0,Super Area,5.0,9.0,3.0,Furnished,Family,Contact Agent
LST103338,Mumbai,Mehboob Studio,Mehboob Studio,2,32500.0,574.0,Carpet Area,3.0,36.0,2.0,Unfurnished,Bachelors/Family,Contact Agent
LST104320,Mumbai,Chandivali,Chandivali,3,270000.0,2149.0,Carpet Area,3.0,5.0,3.0,Unfurnished,Bachelors,Contact Agent
LST101598,Mumbai,Mira Bhayandar,Mira Bhayandar,4,114500.0,1514.0,Carpet Area,36.0,45.0,4.0,Semi-Furnished,Bachelors/Family,Contact Owner
LST101164,Mumbai,Chembur,"Ekta Legranz, Chembur",1,22500.0,438.0,Super Area,3.0,32.0,1.0,Semi-Furnished,Bachelors/Family,Contact Agent
LST104688,Mumbai,Sewri,"Dosti Flamingo, Sewri",3,245500.0,2284.0,Carpet Area,13.0,21.0,4.0,Semi-Furnished,Family,Contact Owner
LST102369,Mumbai,Poonam Gardens,"Swayam Apartment, Poonam Gardens",2,57500.0,692.0,Carpet Area,0.0,7.0,2.0,Unfurnished,Bachelors/Family,Contact Owner
LST102787,Mumbai,Cuffe Parade,Cuffe Parade,3,149500.0,1224.0,Carpet Area,18.0,26.0,2.0,Furnished,Family,Contact Owner
LST101676,Mumbai,Peddar Road,Peddar Road,1,23500.0,306.0,Super Area,33.0,41.0,1.0,Semi-Furnished,Bachelors/Family,Contact Owner
LST104568,Mumbai,Sunder Nagar,"Dheeraj Kiran CHS Walad West, Sunder Nagar",1,17000.0,351.0,Super Area,8.0,20.0,2.0,Unfurnished,Bachelors,Contact Owner
LST101888,Mumbai,Mira Road,"Gaurav Excellency, Mira Road",1,19000.0,288.0,Super Area,19.0,30.0,1.0,Unfurnished,Bachelors/Family,Contact Agent
LST100480,Mumbai,Chembur,"Godrej Serenity Mumbai, Chembur",4,190000.0,1950.0,Carpet Area,11.0,21.0,4.0,Unfurnished,Bachelors/Family,Contact Agent
LST101587,Mumbai,Andheri West,"Adani Western Heights, Andheri West",2,16000.0,1007.0,Carpet Area,9.0,31.0,2.0,Unfurnished,Bachelors/Family,Contact Owner
LST100340,Mumbai,Thakur Complex,"Gokul Accord, Thakur Complex",1,18500.0,430.0,Carpet Area,5.0,7.0,1.0,Unfurnished,Family,Contact Agent
LST100637,Mumbai,Santacruz West,"Ekta Trinity, Santacruz West",3,180000.0,1250.0,Carpet Area,11.0,13.0,3.0,Semi-Furnished,Family,Contact Agent
LST104098,Mumbai,Thakur Complex,"Bhoomi Elegant, Thakur Complex",2,66000.0,780.0,Carpet Area,15.0,25.0,3.0,Furnished,Bachelors/Family,Contact Owner
LST104631,Mumbai,Goregaon West,"Sejal Tower, Goregaon West",2,53000.0,753.0,Carpet Area,16.0,37.0,2.0,Furnished,Family,Contact Agent
LST103451,Mumbai,Anushakti Nagar,Anushakti Nagar,2,36000.0,764.0,Carpet Area,8.0,13.0,2.0,Semi-Furnished,Bachelors/Family,Contact Agent
LST103054,Mumbai,Prabhadevi,"Paschim Apartments, Prabhadevi",3,136000.0,1502.0,Carpet Area,10.0,11.0,2.0,Unfurnished,Family,Contact Owner
LST100045,Mumbai,Mira Bhayandar,Mira Bhayandar,1,16000.0,410.0,Carpet Area,9.0,22.0,2.0,Semi-Furnished,Family,Contact Agent
LST103167,Mumbai,Chakala,"Rustomjee Central Park, Chakala",4,154500.0,2140.0,Carpet Area,6.0,14.0,4.0,Furnished,Family,Contact Owner
LST101378,Mumbai,Kalina,Kalina,1,32500.0,574.0,Carpet Area,7.0,20.0,1.0,Semi-Furnished,Bachelors,Contact Owner
LST104177,Mumbai,Dadar East,Dadar East,3,139500.0,1217.0,Super Area,8.0,36.0,3.0,Furnished,Family,Contact Owner
LST100818,Mumbai,in Santacruz East,in Santacruz East,1,21000.0,385.0,Super Area,0.0,5.0,1.0,Unfurnished,Bachelors/Family,Contact Owner
LST100178,Mumbai,Juhu,Juhu,4,400000.0,2200.0,Carpet Area,6.0,10.0,4.0,Furnished,Bachelors/Family,Contact Agent
LST103238,Mumbai,Prabhadevi,"Utkarsh CHS, Prabhadevi",1,65000.0,486.0,Carpet Area,6.0,45.0,2.0,Semi-Furnished,Bachelors,Contact Owner
LST104443,Mumbai,Bhandup West,Bhandup West,2,85500.0,919.0,Carpet Area,15.0,37.0,2.0,Unfurnished,Family,Contact Owner
LST104675,Mumbai,Jankalyan Nagar,"Ratan Silicon Park, Jankalyan Nagar",2,36000.0,798.0,Super Area,12.0,25.0,2.0,Unfurnished,Bachelors,Contact Agent
LST101383,Mumbai,Sion,Sion,2,59500.0,844.0,Super Area,14.0,35.0,1.0,Furnished,Bachelors,Contact Owner
LST103637,Mumbai,Bandra Kurla Complex,"Kanakia Paris, Bandra Kurla Complex",2,51000.0,753.0,Carpet Area,21.0,21.0,3.0,Unfurnished,Family,Contact Agent
LST100662,Mumbai,Mira Road,"DB Ozone, Mira Road",2,18000.0,753.0,Super Area,10.0,22.0,2.0,Unfurnished,Bachelors/Family,Contact Agent
LST900015,Mumbai,Pali Hill,"Green Gate Apartment, Pali Hill",1,60000.0,500.0,Carpet Area,5.0,7.0,1.0,Furnished,Bachelors/Family,Contact Agent
LST104068,Mumbai,Mahatama Gandhi Road,Mahatama Gandhi Road,1,11000.0,387.0,Super Area,4.0,58.0,1.0,Furnished,Bachelors,Contact Agent
LST103183,Mumbai,Mahim,Mahim,1,5500.0,429.0,Carpet Area,8.0,8.0,1.0,Semi-Furnished,Bachelors/Family,Contact Owner
LST100145,Mumbai,Chembur,"Safal Saraswati, Chembur",2,50000.0,750.0,Carpet Area,8.0,16.0,2.0,Unfurnished,Bachelors/Family,Contact Agent
LST101366,Mumbai,Vikhroli West,"Raj Legacy, Vikhroli West",3,76500.0,1095.0,Carpet Area,25.0,28.0,2.0,Unfurnished,Family,Contact Owner
LST103203,Mumbai,Chembur,"Vijaya Heritage, Chembur",1,31000.0,529.0,Super Area,8.0,16.0,1.0,Semi-Furnished,Family,Contact Owner
LST103818,Mumbai,Borivali West,"Parinee Adney, Borivali West",3,164500.0,1641.0,Super Area,1.0,7.0,3.0,Semi-Furnished,Bachelors,Contact Owner
LST100430,Mumbai,Bhakti Park,"Lodha New Cuffe Parade, Bhakti Park",1,59000.0,450.0,Carpet Area,26.0,42.0,1.0,Semi-Furnished,Bachelors,Contact Agent
LST100305,Mumbai,Santacruz East,Santacruz East,3,130000.0,1450.0,Carpet Area,9.0,10.0,5.0,Semi-Furnished,Bachelors/Family,Contact Agent
LST103192,Mumbai,Mira Road East,"Hiral Greens, Mira Road East",1,26000.0,581.0,Super Area,25.0,43.0,2.0,Semi-Furnished,Bachelors,Contact Agent
LST103488,Mumbai,Borivali East,Borivali East,1,18500.0,246.0,Super Area,24.0,60.0,1.0,Semi-Furnished,Family,Contact Agent
LST102363,Mumbai,Sindhi Society Chembur,"Chembur Heights, Sindhi Society Chembur",3,108000.0,1858.0,Carpet Area,3.0,3.0,2.0,Semi-Furnished,Bachelors,Contact Agent
LST103421,Mumbai,Azad Nagar Colaba,Azad Nagar Colaba,2,94000.0,907.0,Super Area,30.0,45.0,2.0,Furnished,Family,Contact Owner
LST103700,Mumbai,4 Bunglows,"Adani Western Heights, 4 Bunglows",3,52500.0,891.0,Super Area,5.0,20.0,3.0,Unfurnished,Bachelors/Family,Contact Agent
LST104306,Mumbai,Lokhandwala Twp,"spring grove uno, Lokhandwala Twp",4,168000.0,1341.0,Super Area,16.0,20.0,4.0,Unfurnished,Bachelors,Contact Owner
LST101826,Mumbai,Bhandup East,"White Lily Apartment, Bhandup East",1,45500.0,450.0,Super Area,18.0,21.0,1.0,Unfurnished,Family,Contact Owner
LST102326,Mumbai,Bandra West,"Sunflower Apartment, Bandra West",1,26500.0,413.0,Super Area,15.0,19.0,1.0,Semi-Furnished,Family,Contact Owner
LST102598,Mumbai,Goregaon East,"Yashodham Complex, Goregaon East",2,52500.0,766.0,Carpet Area,5.0,14.0,1.0,Furnished,Bachelors,Contact Owner
LST100005,Mumbai,Bandra West,"Siddhivinayak, Bandra West",1,60000.0,650.0,Super Area,4.0,7.0,1.0,Unfurnished,Bachelors,Contact Agent
LST100907,Mumbai,Worli,"Indiabulls Blu, Worli",4,400000.0,2080.0,Carpet Area,34.0,46.0,5.0,Semi-Furnished,Bachelors/Family,Contact Agent
LST104270,Mumbai,Mulund West,Mulund West,2,39500.0,639.0,Super Area,25.0,42.0,2.0,Unfurnished,Family,Contact Agent
LST101152,Mumbai,Powai,"Lake Homes, Powai",2,111000.0,753.0,Super Area,8.0,17.0,3.0,Furnished,Bachelors,Contact Owner
LST104615,Mumbai,Powai,"Hiranandani Verona Co op Housing Society Ltd, Powai",2,41500.0,873.0,Super Area,19.0,85.0,2.0,Furnished,Family,Contact Owner
LST103212,Mumbai,Pali Hill,"Dheeraj Swapna Apartment, Pali Hill",1,32000.0,440.0,Carpet Area,10.0,22.0,1.0,Semi-Furnished,Bachelors/Family,Contact Agent
LST102623,Mumbai,Chakala,"Hubtown Sunmist, Chakala",2,97500.0,888.0,Super Area,12.0,13.0,3.0,Furnished,Bachelors/Family,Contact Agent
LST102954,Mumbai,Bander Pakhadi,"Orchid Suburbia, Bander Pakhadi",1,25000.0,379.0,Super Area,16.0,28.0,1.0,Semi-Furnished,Family,Contact Agent
LST100682,Mumbai,Andheri East,Andheri East,1,27000.0,495.0,Super Area,5.0,7.0,2.0,Furnished,Bachelors/Family,Contact Owner
LST102025,Mumbai,Sion Trombay Road,Sion Trombay Road,4,357000.0,2762.0,Carpet Area,8.0,11.0,4.0,Unfurnished,Bachelors,Contact Agent
LST104144,Mumbai,Mulund West,"Wadhwa Atmosphere, Mulund West",1,41000.0,435.0,Carpet Area,39.0,60.0,1.0,Unfurnished,Bachelors/Family,Contact Owner
LST103458,Mumbai,Vikhroli East,"Godrej Platinum, Vikhroli East",1,35500.0,560.0,Super Area,20.0,33.0,1.0,Unfurnished,Bachelors,Contact Agent
LST103368,Mumbai,Agripada,Agripada,1,23500.0,362.0,Carpet Area,15.0,28.0,1.0,Unfurnished,Family,Contact Owner
LST104302,Mumbai,Parel,"Crescent Bay Callisto, Parel",1,53500.0,464.0,Carpet Area,18.0,28.0,1.0,Furnished,Bachelors,Contact Agent
LST100425,Mumbai,Goregaon East,"Omkar Ananta, Goregaon East",2,40000.0,755.0,Carpet Area,12.0,31.0,2.0,Semi-Furnished,Bachelors,Contact Agent
LST103540,Mumbai,orchid suburbia,orchid suburbia,2,80000.0,879.0,Carpet Area,12.0,20.0,2.0,Unfurnished,Family,Contact Owner
LST104906,Mumbai,Bhandup West,"Shree Sai Usha Complex, Bhandup West",4,248000.0,2544.0,Carpet Area,26.0,42.0,4.0,Unfurnished,Family,Contact Owner
LST101935,Mumbai,Kandivali East,"Highway Park Apartment, Kandivali East",4,184000.0,1973.0,Carpet Area,3.0,5.0,3.0,Unfurnished,Bachelors/Family,Contact Owner
LST102583,Mumbai,Mira Road,"Hubtown Gardenia, Mira Road",2,41500.0,1034.0,Super Area,5.0,5.0,3.0,Furnished,Family,Contact Agent
LST101695,Mumbai,Thakur Complex,"MUKTA MAHEK, Thakur Complex",2,78000.0,648.0,Super Area,5.0,7.0,2.0,Semi-Furnished,Bachelors/Family,Contact Owner
LST101423,Mumbai,Kandivali East,"Ishwardas Bhuvan CHS, Kandivali East",2,41500.0,829.0,Super Area,25.0,47.0,2.0,Semi-Furnished,Family,Contact Owner
LST103822,Mumbai,Worli Naka Acharaya Atre Chowk,"Indiabulls Blu, Worli Naka Acharaya Atre Chowk",1,23000.0,438.0,Super Area,5.0,11.0,1.0,Semi-Furnished,Bachelors/Family,Contact Agent
LST103982,Mumbai,Taloja Phase 2,Taloja Phase 2,2,55500.0,671.0,Super Area,12.0,16.0,1.0,Furnished,Bachelors/Family,Contact Owner
LST103942,Mumbai,90 ft road,90 ft road,1,10000.0,217.0,Super Area,8.0,18.0,1.0,Furnished,Bachelors/Family,Contact Owner
LST104605,Mumbai,Dadar TT Circle,"Island City Centre, Dadar TT Circle",2,87000.0,1126.0,Carpet Area,9.0,11.0,1.0,Semi-Furnished,Family,Contact Agent
LST100660,Mumbai,Ghatkopar West,"Promenade At The Address, Ghatkopar West",2,56000.0,649.0,Carpet Area,5.0,22.0,2.0,Semi-Furnished,Bachelors,Contact Agent
LST103141,Mumbai,Santacruz East,Santacruz East,2,36000.0,565.0,Carpet Area,32.0,59.0,2.0,Unfurnished,Family,Contact Agent
LST100039,Mumbai,Ghatkopar West,Ghatkopar West,1,25000.0,500.0,Super Area,2.0,8.0,2.0,Semi-Furnished,Bachelors/Family,Contact Owner
LST102715,Mumbai,Kanjurmarg West,"Tulip at Runwal Forests, Kanjurmarg West",1,29500.0,393.0,Carpet Area,9.0,18.0,1.0,Semi-Furnished,Bachelors/Family,Contact Agent
LST103012,Mumbai,Goregaon East,"Lodha Fiorenza, Goregaon East",1,6000.0,531.0,Super Area,3.0,14.0,1.0,Semi-Furnished,Family,Contact Owner
LST100978,Mumbai,Mulund East,"Sai Aasha Daya, Mulund East",2,55000.0,697.0,Carpet Area,7.0,15.0,2.0,Semi-Furnished,Bachelors/Family,Contact Owner
LST101715,Mumbai,Collector Colony,Collector Colony,2,81500.0,1063.0,Carpet Area,11.0,12.0,2.0,Unfurnished,Bachelors/Family,Contact Agent
LST102086,Mumbai,Powai,"Lake Superior, Powai",2,58500.0,891.0,Carpet Area,34.0,58.0,2.0,Semi-Furnished,Bachelors/Family,Contact Owner
LST103241,Mumbai,Sion East,"Everard Nagar Co Operative Housing Society, Sion East",3,114000.0,1160.0,Carpet Area,7.0,12.0,3.0,Unfurnished,Bachelors/Family,Contact Agent
LST100808,Mumbai,Dadar East,Dadar East,1,50000.0,410.0,Carpet Area,6.0,12.0,1.0,Semi-Furnished,Bachelors/Family,Contact Agent
LST104612,Mumbai,Ghatkopar East,Ghatkopar East,3,208500.0,2018.0,Super Area,12.0,31.0,4.0,Unfurnished,Bachelors,Contact Agent
LST104093,Mumbai,Chandivali,"Nahar Jonquille and Jamaica, Chandivali",4,543000.0,2206.0,Super Area,20.0,31.0,4.0,Unfurnished,Bachelors/Family,Contact Owner
LST103116,Mumbai,Adarsh Nagar,"Auris Serenity, Adarsh Nagar",4,109000.0,1561.0,Carpet Area,7.0,9.0,4.0,Semi-Furnished,Bachelors,Contact Owner
LST104379,Mumbai,Chandivali,"Panch Ritu, Chandivali",2,49000.0,912.0,Carpet Area,14.0,21.0,3.0,Unfurnished,Bachelors,Contact Agent
LST101979,Mumbai,Kanjurmarg East,"NG Royal Park, Kanjurmarg East",1,40500.0,524.0,Carpet Area,15.0,43.0,1.0,Unfurnished,Family,Contact Owner
LST103876,Mumbai,Tilak Nagar - Harbour Line,Tilak Nagar - Harbour Line,5,439000.0,3289.0,Super Area,10.0,25.0,6.0,Unfurnished,Bachelors/Family,Contact Agent
LST100713,Mumbai,Santacruz West,Santacruz West,3,100000.0,1000.0,Carpet Area,2.0,4.0,3.0,Furnished,Bachelors/Family,Contact Agent
LST101163,Mumbai,Powai,"Kailash Tower, Powai",1,11500.0,393.0,Carpet Area,8.0,16.0,1.0,Furnished,Family,Contact Agent
LST101661,Mumbai,Parel,"Lodha Venezia, Parel",4,285500.0,2340.0,Super Area,10.0,28.0,3.0,Furnished,Family,Contact Agent
LST101927,Mumbai,Mahim West,Mahim West,2,47500.0,788.0,Carpet Area,4.0,10.0,3.0,Semi-Furnished,Bachelors,Contact Owner
LST101817,Mumbai,Mira Road East,"Hiral Greens, Mira Road East",2,53500.0,761.0,Built Up Area,19.0,38.0,3.0,Semi-Furnished,Bachelors,Contact Owner
LST100688,Mumbai,Worli,"lokhandwala residency, Worli",2,80000.0,750.0,Carpet Area,6.0,16.0,2.0,Furnished,Bachelors,Contact Agent
LST103606,Mumbai,Taloja Phase 2,Taloja Phase 2,2,36500.0,609.0,Super Area,30.0,37.0,3.0,Furnished,Bachelors/Family,Contact Agent
LST101990,Mumbai,Nalasopara,"Nakoda Heights, Nalasopara",2,20000.0,714.0,Super Area,25.0,50.0,3.0,Semi-Furnished,Bachelors,Contact Agent
LST100346,Mumbai,Saki Vihar Road,Saki Vihar Road,2,45000.0,710.0,Carpet Area,8.0,16.0,2.0,Unfurnished,Bachelors/Family,Contact Agent
LST101399,Mumbai,Chembur,"Godrej Prime, Chembur",2,47500.0,876.0,Super Area,13.0,26.0,3.0,Furnished,Bachelors/Family,Contact Agent
LST102022,Mumbai,in Santacruz East,in Santacruz East,3,87000.0,978.0,Super Area,12.0,22.0,3.0,Semi-Furnished,Family,Contact Owner
LST102059,Mumbai,Best Nagar Goregaon West,Best Nagar Goregaon West,1,27500.0,459.0,Carpet Area,37.0,51.0,1.0,Unfurnished,Bachelors/Family,Contact Agent
LST102788,Mumbai,Parel,"Lodha Venezia, Parel",3,130000.0,1308.0,Super Area,45.0,60.0,4.0,Unfurnished,Family,Contact Owner
LST104854,Mumbai,Parel,"Ashok tower, Parel",2,52000.0,826.0,Super Area,15.0,36.0,1.0,Unfurnished,Family,Contact Owner
LST101995,Mumbai,Jogeshwari West,"Lodha Bel Air, Jogeshwari West",2,41500.0,794.0,Super Area,14.0,21.0,3.0,Unfurnished,Bachelors,Contact Owner
LST103948,Mumbai,Hiranandani Gardens,"Hiranandani Gardens Odyssey I, Hiranandani Gardens",1,25000.0,450.0,Super Area,11.0,21.0,1.0,Unfurnished,Bachelors/Family,Contact Owner
LST102251,Mumbai,Parel,"Lodha Azzuro , Parel",2,191500.0,1181.0,Carpet Area,4.0,6.0,3.0,Unfurnished,Bachelors,Contact Owner
LST104697,Mumbai,Mira Road,"RNA Broadway Avenue, Mira Road",2,59500.0,814.0,Super Area,9.0,22.0,3.0,Unfurnished,Family,Contact Agent
LST102472,Mumbai,Vasai East,"Nicon Infinity, Vasai East",1,17500.0,599.0,Super Area,3.0,15.0,1.0,Furnished,Bachelors,Contact Agent
LST100451,Mumbai,Goregaon East,"Lodha Fiorenza, Goregaon East",2,85000.0,902.0,Carpet Area,41.0,41.0,2.0,Furnished,Bachelors/Family,Contact Agent
LST104377,Mumbai,Chembur East,"Sabari Ashville, Chembur East",1,24000.0,406.0,Carpet Area,46.0,77.0,1.0,Semi-Furnished,Family,Contact Agent
LST103354,Mumbai,Devi Pada,Devi Pada,2,114500.0,1020.0,Super Area,-2.0,18.0,1.0,Unfurnished,Bachelors,Contact Owner
LST103791,Mumbai,Vile Parle East,Vile Parle East,2,71000.0,919.0,Carpet Area,15.0,25.0,2.0,Semi-Furnished,Family,Contact Agent
LST100826,Mumbai,Gokuldham,"Sky Villa, Gokuldham",2,38000.0,700.0,Carpet Area,14.0,23.0,2.0,Unfurnished,Bachelors/Family,Contact Agent
LST100900,Mumbai,Prabhadevi,"Utkarsh CHS, Prabhadevi",2,75000.0,750.0,Carpet Area,4.0,13.0,2.0,Furnished,Bachelors/Family,Contact Agent
LST100948,Mumbai,Mira Road,"Man Opus, Mira Road",2,20000.0,700.0,Super Area,8.0,22.0,2.0,Unfurnished,Family,Contact Owner
LST103895,Mumbai,Andheri West,"Shaheen Apartment, Andheri West",1,28000.0,560.0,Carpet Area,27.0,45.0,1.0,Semi-Furnished,Family,Contact Owner
LST103943,Mumbai,Chakala MIDC,"Hillcrest, Chakala MIDC",2,35000.0,725.0,Carpet Area,5.0,15.0,2.0,Furnished,Bachelors/Family,Contact Agent
LST103057,Mumbai,Moti Nagar,"Montana Giona, Moti Nagar",1,9000.0,628.0,Carpet Area,0.0,6.0,2.0,Unfurnished,Bachelors,Contact Agent
LST101654,Mumbai,Link Road,"Orchid Residency, Link Road",2,17500.0,959.0,Carpet Area,19.0,21.0,2.0,Semi-Furnished,Family,Contact Owner
LST104129,Mumbai,Magathane,"Vasant Marvel, Magathane",3,87000.0,979.0,Carpet Area,7.0,26.0,2.0,Semi-Furnished,Bachelors/Family,Contact Agent
LST100893,Mumbai,4 Bunglows,"HDIL Metropolis, 4 Bunglows",3,85000.0,1350.0,Carpet Area,20.0,31.0,3.0,Furnished,Family,Contact Agent
LST103323,Mumbai,Seven Bungalows,"Milap CHS, Seven Bungalows",1,27500.0,356.0,Super Area,0.0,8.0,2.0,Furnished,Bachelors,Contact Agent
LST102946,Mumbai,Borivali East,"Ekta Meadows, Borivali East",2,54500.0,805.0,Carpet Area,12.0,45.0,2.0,Unfurnished,Bachelors,Contact Owner
LST104349,Mumbai,JL Tambe Nagar,JL Tambe Nagar,1,10000.0,340.0,Carpet Area,29.0,35.0,1.0,Semi-Furnished,Family,Contact Agent
LST102916,Mumbai,sunanda circal,sunanda circal,1,29500.0,432.0,Carpet Area,4.0,22.0,1.0,Semi-Furnished,Family,Contact Owner
LST101582,Mumbai,in Mira Road,in Mira Road,2,34000.0,601.0,Carpet Area,12.0,23.0,3.0,Unfurnished,Bachelors,Contact Owner
LST900041,Mumbai,Morya Nagar,"Shreenath nagar, Morya Nagar",1,21500.0,538.0,Super Area,13.0,15.0,2.0,Semi-Furnished,Bachelors,Contact Owner
LST101167,Mumbai,Powai,"Lake Homes, Powai",3,131500.0,1378.0,Carpet Area,6.0,13.0,3.0,Unfurnished,Bachelors,Contact Agent
LST900036,Mumbai,Unknown,,2,54000.0,860.0,Super Area,2.0,2.0,1.0,Furnished,Bachelors/Family,Contact Agent
LST103776,Mumbai,Andheri East,"Hillcrest, Andheri East",1,28500.0,572.0,Super Area,3.0,30.0,2.0,Unfurnished,Family,Contact Owner
LST102395,Mumbai,Model Town,Model Town,1,31000.0,541.0,Super Area,14.0,33.0,1.0,Semi-Furnished,Bachelors/Family,Contact Agent
LST101909,Mumbai,Mira Road,"Hubtown Gardenia, Mira Road",1,32000.0,587.0,Super Area,10.0,18.0,1.0,Semi-Furnished,Bachelors,Contact Agent
LST104726,Mumbai,Bandra Band Stand,"Band Stand, Bandra Band Stand",1,13500.0,454.0,Super Area,8.0,23.0,2.0,Furnished,Bachelors,Contact Owner
LST100768,Mumbai,Kanch Pada,"Auris Serenity, Kanch Pada",4,130000.0,1617.0,Carpet Area,15.0,58.0,5.0,Semi-Furnished,Bachelors/Family,Contact Agent
LST103179,Mumbai,Borivali East,Borivali East,2,68500.0,1054.0,Carpet Area,5.0,18.0,2.0,Furnished,Bachelors/Family,Contact Owner
LST100052,Mumbai,Vile Parle East,Vile Parle East,1,40000.0,540.0,Carpet Area,2.0,4.0,2.0,Semi-Furnished,Family,Contact Agent
LST103961,Mumbai,Bhandup West,"Marathon Embryo, Bhandup West",2,16500.0,1011.0,Carpet Area,30.0,37.0,3.0,Unfurnished,Bachelors/Family,Contact Owner
LST103723,Mumbai,Kandivali East,"Thakur Jewel, Thakur Village, Kandivali East",1,24500.0,491.0,Carpet Area,10.0,21.0,1.0,Unfurnished,Bachelors,Contact Owner
LST104455,Mumbai,Kings Circle,Kings Circle,3,66500.0,950.0,Super Area,18.0,32.0,3.0,Unfurnished,Bachelors/Family,Contact Owner
LST104770,Mumbai,Marol,"Akruti Aneri, Marol",1,30500.0,544.0,Carpet Area,34.0,46.0,2.0,Furnished,Family,Contact Agent
LST101720,Mumbai,Lower Parel,"Ashford Casa Grande, Lower Parel",2,40000.0,832.0,Carpet Area,4.0,4.0,2.0,Unfurnished,Bachelors/Family,Contact Agent
LST102010,Mumbai,Dadar TT Circle,"Island City Centre, Dadar TT Circle",2,98000.0,659.0,Super Area,37.0,51.0,3.0,Unfurnished,Bachelors,Contact Agent
LST103271,Mumbai,parivar safalya chs,parivar safalya chs,2,24000.0,655.0,Carpet Area,25.0,43.0,2.0,Furnished,Bachelors,Contact Agent
LST104370,Mumbai,new panvel,new panvel,1,7500.0,566.0,Super Area,8.0,11.0,1.0,Semi-Furnished,Bachelors,Contact Agent
LST101187,Mumbai,Kanjurmarg West,"Tulip at Runwal Forests, Kanjurmarg West",1,29500.0,363.0,Carpet Area,15.0,17.0,2.0,Unfurnished,Family,Contact Agent
LST100069,Mumbai,Khar West,Khar West,3,170000.0,1400.0,Carpet Area,4.0,8.0,3.0,Unfurnished,Bachelors/Family,Contact Agent
LST103304,Mumbai,Andheri West,"Laksharia Tower, Andheri West",3,52500.0,1097.0,Super Area,3.0,60.0,3.0,Unfurnished,Family,Contact Agent
LST103405,Mumbai,Bhandup East,Bhandup East,1,37500.0,529.0,Carpet Area,3.0,36.0,1.0,Furnished,Bachelors,Contact Owner
LST101660,Mumbai,Beverly Park,"Marigold-5, Beverly Park",2,49000.0,871.0,Super Area,3.0,23.0,1.0,Unfurnished,Bachelors/Family,Contact Agent
LST100362,Mumbai,Ghatkopar West,Ghatkopar West,1,35000.0,500.0,Super Area,1.0,8.0,2.0,Semi-Furnished,Bachelors/Family,Contact Owner
LST101906,Mumbai,Bhandup West,"Mayuresh Srishti, Bhandup West",3,152000.0,1401.0,Super Area,13.0,15.0,3.0,Furnished,Bachelors,Contact Owner
LST103843,Mumbai,LBS Marg,"Nirmal Lifestyle, LBS Marg",1,31500.0,544.0,Carpet Area,13.0,20.0,1.0,Semi-Furnished,Bachelors/Family,Contact Agent
LST102462,Mumbai,New Devchhaya Building,New Devchhaya Building,3,123000.0,1591.0,Carpet Area,6.0,28.0,3.0,Furnished,Bachelors/Family,Contact Owner
LST100941,Mumbai,Chembur,"Sindhi Society, Chembur",1,30000.0,430.0,Carpet Area,14.0,23.0,2.0,Semi-Furnished,Bachelors/Family,Contact Agent
LST102121,Mumbai,New Airport Colony,"Kolte Patil Jai Vijay, New Airport Colony",1,9000.0,336.0,Super Area,5.0,13.0,2.0,Unfurnished,Bachelors/Family,Contact Owner
LST102595,Mumbai,Bhakti Park,"Lodha New Cuffe Parade, Bhakti Park",5,612000.0,3921.0,Super Area,3.0,3.0,6.0,Semi-Furnished,Bachelors,Contact Agent
LST101537,Mumbai,Bhandup West,"Samarth Srishti, Bhandup West",1,12500.0,458.0,Super Area,15.0,18.0,2.0,Unfurnished,Bachelors/Family,Contact Agent
LST104513,Mumbai,Juhu,Juhu,2,40000.0,665.0,Super Area,4.0,4.0,2.0,Furnished,Bachelors,Contact Agent
LST103894,Mumbai,Jankalyan Nagar,"Ratan Silicon Park, Jankalyan Nagar",3,79000.0,1050.0,Carpet Area,6.0,11.0,3.0,Unfurnished,Bachelors,Contact Agent
LST101604,Mumbai,Thakur Complex,"Gokul Accord, Thakur Complex",3,53000.0,1368.0,Carpet Area,14.0,33.0,2.0,Unfurnished,Bachelors/Family,Contact Agent
LST104997,Mumbai,Juhu,Juhu,1,18500.0,230.0,Carpet Area,1.0,2.0,2.0,Semi-Furnished,Bachelors,Contact Agent
LST101236,Mumbai,Chembur,"Safal Saraswati, Chembur",1,25000.0,369.0,Super Area,12.0,43.0,1.0,Semi-Furnished,Bachelors/Family,Contact Owner
LST100680,Mumbai,Goregaon West,Goregaon West,1,35000.0,450.0,Super Area,2.0,7.0,1.0,Unfurnished,Bachelors/Family,Contact Owner
LST104327,Mumbai,Hiranandani Gardens,"Hiranandani Castle Rock, Hiranandani Gardens",2,86000.0,730.0,Carpet Area,17.0,36.0,2.0,Semi-Furnished,Bachelors,Contact Owner
LST104721,Mumbai,Nalasopara West,Nalasopara West,2,78500.0,753.0,Carpet Area,7.0,20.0,3.0,Unfurnished,Bachelors,Contact Agent
LST102535,Mumbai,Wadala,Wadala,2,53000.0,750.0,Carpet Area,10.0,23.0,1.0,Unfurnished,Family,Contact Agent
LST104460,Mumbai,Amar Nagar,Amar Nagar,3,71500.0,1319.0,Carpet Area,17.0,27.0,2.0,Furnished,Bachelors/Family,Contact Agent
LST101066,Mumbai,Mulund West,"Yogi Hills, Mulund West",1,27000.0,450.0,Super Area,15.0,25.0,2.0,Furnished,Family,Contact Agent
LST100723,Mumbai,Bandra West,Bandra West,3,180000.0,1600.0,Carpet Area,9.0,16.0,3.0,Furnished,Bachelors/Family,Contact Agent
LST102947,Mumbai,Hiranandani Gardens,"Hiranandani Regent Hill, Hiranandani Gardens",1,24000.0,515.0,Super Area,5.0,22.0,1.0,Semi-Furnished,Bachelors/Family,Contact Owner
LST103985,Mumbai,4 Bunglows,"Adani Western Heights, 4 Bunglows",1,22500.0,429.0,Carpet Area,30.0,44.0,1.0,Unfurnished,Bachelors/Family,Contact Owner
LST101756,Mumbai,Parel,"Lodha Azzuro , Parel",1,8000.0,392.0,Carpet Area,5.0,22.0,2.0,Semi-Furnished,Bachelors,Contact Owner
LST101425,Mumbai,JB Nagar,JB Nagar,5,281500.0,1844.0,Super Area,7.0,23.0,5.0,Unfurnished,Bachelors/Family,Contact Agent
LST103001,Mumbai,Taloja Phase 2,Taloja Phase 2,4,285000.0,2135.0,Super Area,16.0,22.0,3.0,Semi-Furnished,Family,Contact Agent
LST102893,Mumbai,Chakala,"Supreme Divine Light CHS, Chakala",4,538000.0,1970.0,Super Area,10.0,21.0,4.0,Unfurnished,Bachelors,Contact Agent
LST104220,Mumbai,Santacruz West,"Ekta Trinity, Santacruz West",2,39500.0,550.0,Carpet Area,3.0,14.0,1.0,Unfurnished,Family,Contact Agent
LST103944,Mumbai,Unknown,,1,61000.0,569.0,Super Area,17.0,25.0,1.0,Semi-Furnished,Bachelors,Contact Owner
LST102092,Mumbai,Parel,"Crescent Bay Callisto, Parel",3,157000.0,1219.5,Carpet Area,14.0,68.0,2.0,Furnished,Bachelors,Contact Agent
LST101159,Mumbai,Juhu Tara,Juhu Tara,2,98000.0,718.0,Carpet Area,16.0,40.0,2.0,Semi-Furnished,Bachelors,Contact Owner
LST102890,Mumbai,Mulund Railway Station,Mulund Railway Station,4,262500.0,2089.0,Super Area,9.0,12.0,4.0,Unfurnished,Bachelors/Family,Contact Agent
LST103377,Mumbai,Hiranandani Gardens,"Hiranandani Regent Hill, Hiranandani Gardens",3,109000.0,1378.0,Carpet Area,26.0,44.0,3.0,Unfurnished,Family,Contact Agent
LST900048,Mumbai,Dadar West,"Sugee Sadan, Dadar West",1,27500.0,318.0,Super Area,40.0,50.0,1.0,Semi-Furnished,Family,Contact Agent
LST102708,Mumbai,Hiranandani Gardens,"Hiranandani Gardens Odyssey I, Hiranandani Gardens",3,132000.0,1117.0,Super Area,18.0,23.0,3.0,Semi-Furnished,Bachelors,Contact Agent
LST104232,Mumbai,shanti kutir tunga village powai,shanti kutir tunga village powai,4,86000.0,1309.0,Carpet Area,40.0,75.0,4.0,Furnished,Bachelors/Family,Contact Owner
LST103920,Mumbai,Andheri West,"TATA Housing Merwanjee Cama Park, Andheri West",2,45000.0,665.0,Super Area,11.0,14.0,3.0,Unfurnished,Bachelors/Family,Contact Owner
LST104905,Mumbai,Andheri West,"Runwal Elegante, Andheri West",2,42000.0,604.0,Carpet Area,50.0,74.0,2.0,Semi-Furnished,Family,Contact Agent
LST100233,Mumbai,buena vista,buena vista,3,330000.0,1650.0,Carpet Area,8.0,27.0,4.0,Furnished,Bachelors,Contact Agent
LST101984,Mumbai,Prabhadevi,"Chaitanya Towers, Prabhadevi",2,49500.0,538.0,Super Area,-1.0,25.0,3.0,Semi-Furnished,Bachelors/Family,Contact Agent
LST104821,Mumbai,Mount Mary,"Mount Marry, Mount Mary",3,69500.0,994.0,Super Area,5.0,23.0,2.0,Furnished,Bachelors,Contact Owner
LST103693,Mumbai,Kandivali East,"Alpine, Kandivali East",2,102000.0,645.0,Carpet Area,16.0,31.0,3.0,Furnished,Bachelors/Family,Contact Owner
LST101018,Mumbai,Mindspace,"Ahimsa Marg, Mindspace",1,76500.0,522.0,Super Area,6.0,14.0,1.0,Furnished,Family,Contact Agent
LST102891,Mumbai,Nandiadwala Colony,"Midas Enclave CHS , Nandiadwala Colony",1,31500.0,322.0,Super Area,14.0,40.0,2.0,Furnished,Bachelors,Contact Agent
LST103132,Mumbai,Powai,"Hiranandani Regent Hill, Powai",2,15500.0,719.0,Super Area,4.0,14.0,2.0,Semi-Furnished,Bachelors/Family,Contact Owner
LST100418,Mumbai,Datta Pada,Datta Pada,2,36000.0,620.0,Carpet Area,3.0,14.0,2.0,Semi-Furnished,Family,Contact Agent
LST101218,Mumbai,Kandivali West,"Gaurav Heights, Kandivali West",3,105500.0,1047.0,Carpet Area,3.0,23.0,2.0,Semi-Furnished,Family,Contact Owner
LST100038,Mumbai,Thakur Complex,"Gokul Regency Apartment, Thakur Complex",1,20000.0,450.0,Carpet Area,5.0,8.0,1.0,Unfurnished,Bachelors/Family,Contact Agent
LST100368,Mumbai,Agarkar Chowk,"Oberoi Splendor, Agarkar Chowk",3,80000.0,850.0,Carpet Area,19.0,30.0,2.0,Semi-Furnished,Bachelors/Family,Contact Agent
LST100648,Mumbai,Chembur,Chembur,3,65000.0,1000.0,Carpet Area,5.0,10.0,3.0,Semi-Furnished,Bachelors/Family,Contact Agent
LST103746,Mumbai,Mira Road,"Hubtown Gardenia, Mira Road",1,52000.0,520.0,Super Area,18.0,23.0,1.0,Semi-Furnished,Family,Contact Owner
LST103084,Mumbai,Thakur Complex,Thakur Complex,1,31500.0,444.0,Super Area,8.0,22.0,1.0,Unfurnished,Bachelors/Family,Contact Owner
LST101476,Mumbai,Ashok Van,Ashok Van,2,9500.0,664.0,Carpet Area,18.0,28.0,1.0,Furnished,Bachelors/Family,Contact Agent
LST102851,Mumbai,Andheri East,"Runwal Elina, Andheri East",1,17500.0,230.0,Super Area,12.0,21.0,2.0,Furnished,Family,Contact Agent
LST104424,Mumbai,Pali Hill,"Pali Hill Apartment, Pali Hill",1,20000.0,455.0,Super Area,45.0,78.0,1.0,Unfurnished,Bachelors,Contact Owner
LST103858,Mumbai,Mulund West,"Runwal Greens, Mulund West",1,14500.0,233.0,Super Area,18.0,29.0,1.0,Furnished,Bachelors,Contact Owner
LST104132,Mumbai,Bhandup West,"Usha Nagar Society, Bhandup West",2,74500.0,919.0,Super Area,8.0,27.0,2.0,Furnished,Bachelors/Family,Contact Owner
LST100769,Mumbai,Parel,"TATA Falcon Crest, Parel",2,80000.0,836.0,Carpet Area,6.0,23.0,2.0,Unfurnished,Bachelors/Family,Contact Agent
LST101373,Mumbai,Hindu Colony,Hindu Colony,2,11000.0,522.0,Super Area,22.0,24.0,1.0,Unfurnished,Bachelors/Family,Contact Owner
LST101391,Mumbai,Hindu Colony,Hindu Colony,3,148500.0,1230.0,Carpet Area,7.0,9.0,3.0,Furnished,Bachelors,Contact Agent
LST103869,Mumbai,Bhandup West,"Srishti Elegance, Bhandup West",1,42500.0,426.0,Super Area,6.0,8.0,1.0,Semi-Furnished,Family,Contact Agent
LST103122,Mumbai,Kurla West,"HDIL Premier Residences, Kurla West",3,246500.0,1459.0,Super Area,1.0,10.0,4.0,Unfurnished,Family,Contact Agent
LST102389,Mumbai,Grant Road,Grant Road,2,48000.0,644.0,Carpet Area,25.0,51.0,2.0,Furnished,Bachelors/Family,Contact Agent
LST101049,Mumbai,Andheri West,"Aditi Apartment, Andheri West",4,229500.0,2194.0,Carpet Area,14.0,35.0,5.0,Unfurnished,Bachelors/Family,Contact Agent
LST103313,Mumbai,Chembur,"Sabari Palm View, Chembur",1,20000.0,450.0,Carpet Area,5.0,8.0,1.0,Unfurnished,Bachelors/Family,Contact Owner
LST104472,Mumbai,Malabar Hill,Malabar Hill,1,75500.0,595.0,Carpet Area,33.0,42.0,2.0,Semi-Furnished,Bachelors/Family,Contact Owner
LST103848,Mumbai,Parel,"Vikas Finalay Apartments, Parel",1,22000.0,687.0,Super Area,1.0,3.0,1.0,Furnished,Bachelors/Family,Contact Owner
LST100807,Mumbai,Powai,Powai,1,35000.0,500.0,Super Area,7.0,23.0,2.0,Semi-Furnished,Bachelors/Family,Contact Owner
LST103337,Mumbai,Andheri West,"Windsor Grande Residences, Andheri West",2,23000.0,669.0,Super Area,23.0,25.0,3.0,Unfurnished,Bachelors,Contact Agent
LST103218,Mumbai,Borivali East,"Rivali Park, Borivali East",3,62000.0,906.0,Super Area,16.0,32.0,3.0,Semi-Furnished,Bachelors/Family,Contact Agent
LST103459,Mumbai,Govandi Station Road,Govandi Station Road,2,183000.0,838.0,Super Area,13.0,16.0,3.0,Unfurnished,Bachelors,Contact Owner
LST101964,Mumbai,Dadar East,"Island City Centre, Dadar East",2,89500.0,772.0,Carpet Area,14.0,48.0,1.0,Unfurnished,Family,Contact Owner
LST101760,Mumbai,Nahur Gaothan,Nahur Gaothan,3,94500.0,844.0,Super Area,17.0,41.0,3.0,Semi-Furnished,Family,Contact Owner
LST100509,Mumbai,Century Bazaar,Century Bazaar,1,20000.0,280.0,Carpet Area,11.0,24.0,1.0,Semi-Furnished,Bachelors/Family,Contact Agent
LST101442,Mumbai,Gulmohar Road,Gulmohar Road,3,76500.0,1080.0,Carpet Area,22.0,29.0,3.0,Semi-Furnished,Bachelors,Contact Owner
LST104127,Mumbai,Unknown,Navi Mumbai-Khargar-Panvel,2,33500.0,590.0,Carpet Area,6.0,16.0,1.0,Unfurnished,Bachelors/Family,Contact Owner
LST100928,Mumbai,Serenity Complex,Serenity Complex,1,34000.0,560.0,Super Area,3.0,7.0,2.0,Semi-Furnished,Bachelors,Contact Owner
LST104768,Mumbai,Seven Bungalows,"Kabra Metro One, Seven Bungalows",2,77500.0,788.0,Super Area,30.0,37.0,2.0,Semi-Furnished,Family,Contact Agent
LST101887,Mumbai,Ghatkopar,"Ambika Siddhi Apartment, Ghatkopar",2,117000.0,1126.0,Carpet Area,17.0,22.0,3.0,Semi-Furnished,Bachelors,Contact Agent
LST102647,Mumbai,Vile Parle West,"Sai Palace Apartment, Vile Parle West",3,76500.0,1283.0,Super Area,19.0,22.0,3.0,Semi-Furnished,Family,Contact Agent
LST104963,Mumbai,Kalina,"Kabra Centroid, Kalina",4,154000.0,1879.0,Carpet Area,36.0,81.0,5.0,Furnished,Bachelors/Family,Contact Owner
LST101605,Mumbai,Poonam Gardens,"Swayam Apartment, Poonam Gardens",2,40000.0,635.0,Carpet Area,24.0,55.0,1.0,Furnished,Family,Contact Owner
LST103660,Mumbai,Shri Swami Samarth Nagar,Shri Swami Samarth Nagar,1,21000.0,630.0,Super Area,20.0,33.0,1.0,Furnished,Family,Contact Owner
LST104255,Mumbai,Chembur,"Ekta Legranz, Chembur",2,69000.0,655.0,Super Area,15.0,37.0,1.0,Unfurnished,Bachelors,Contact Agent
LST103742,Mumbai,Worli Sea Face,Worli Sea Face,2,39000.0,706.0,Super Area,11.0,12.0,2.0,Furnished,Bachelors,Contact Agent
LST102149,Mumbai,Seven Bungalows,Seven Bungalows,1,43500.0,469.0,Carpet Area,8.0,8.0,1.0,Furnished,Family,Contact Agent
LST102901,Mumbai,Wadala,"Lodha NCP Commercial , Wadala",2,25000.0,993.0,Super Area,9.0,56.0,2.0,Furnished,Bachelors/Family,Contact Owner
LST101413,Mumbai,Kings Circle,Kings Circle,1,19500.0,402.0,Carpet Area,2.0,7.0,2.0,Unfurnished,Bachelors/Family,Contact Agent
LST103767,Mumbai,Naigaon East,"Unicorn Global Arena, Naigaon East",2,44000.0,679.0,Carpet Area,10.0,11.0,3.0,Semi-Furnished,Family,Contact Owner
LST100696,Mumbai,Link Road,"Auris Serenity, Link Road",2,58000.0,805.0,Carpet Area,30.0,58.0,3.0,Semi-Furnished,Bachelors/Family,Contact Agent
LST100579,Mumbai,Goregaon West,Goregaon West,1,26000.0,450.0,Carpet Area,6.0,10.0,2.0,Unfurnished,Bachelors,Contact Agent
LST101023,Mumbai,Lal Baug,"Royal Residency, Lal Baug",2,96500.0,936.0,Super Area,24.0,60.0,2.0,Furnished,Bachelors/Family,Contact Owner
LST100488,Mumbai,Pathanwadi,"Alta Monte, Pathanwadi",3,68000.0,1219.5,Carpet Area,27.0,58.0,3.0,Unfurnished,Family,Contact Agent
LST103628,Mumbai,Film City Road,"Conwood Astoria, Film City Road",3,103000.0,1500.0,Carpet Area,11.0,22.0,4.0,Furnished,Family,Contact Owner
LST101426,Mumbai,Seven Bungalows,"Kabra Metro One, Seven Bungalows",3,124000.0,1705.0,Super Area,1.0,6.0,3.0,Unfurnished,Bachelors,Contact Agent
LST103670,Mumbai,Lodha casa rio,Lodha casa rio,2,64000.0,957.0,Carpet Area,2.0,12.0,2.0,Furnished,Bachelors/Family,Contact Agent
LST101240,Mumbai,new panvel,new panvel,2,42500.0,1098.0,Carpet Area,40.0,75.0,3.0,Semi-Furnished,Bachelors/Family,Contact Agent
LST103582,Mumbai,Bhandup West,"Marathon Embryo, Bhandup West",1,29500.0,778.0,Super Area,7.0,17.0,1.0,Furnished,Family,Contact Owner
LST101393,Mumbai,Goregaon East,"Oberoi Esquire, Goregaon East",1,27000.0,468.0,Super Area,14.0,16.0,2.0,Semi-Furnished,Bachelors,Contact Agent
LST103747,Mumbai,Wadala East,"Dosti Ambrosia, Wadala East",2,222500.0,1133.0,Super Area,20.0,30.0,2.0,Unfurnished,Bachelors,Contact Owner
LST101682,Mumbai,Akurli Nagar,"Oasis, Akurli Nagar",2,50500.0,725.0,Super Area,14.0,34.0,3.0,Unfurnished,Bachelors,Contact Agent
LST103448,Mumbai,Sion East,"Everard Nagar Co Operative Housing Society, Sion East",2,37500.0,1239.0,Super Area,19.0,23.0,2.0,Semi-Furnished,Family,Contact Agent
LST101565,Mumbai,Lokhandwala Twp,"Godrej Tranquil, Lokhandwala Twp",3,24000.0,819.0,Super Area,14.0,14.0,3.0,Semi-Furnished,Bachelors/Family,Contact Owner
LST102945,Mumbai,Goregaon East,"Conwood Astoria, Goregaon East",2,72500.0,964.0,Super Area,24.0,61.0,1.0,Furnished,Bachelors/Family,Contact Agent
LST100517,Mumbai,Sion,Sion,1,30000.0,500.0,Super Area,3.0,4.0,1.0,Furnished,Bachelors/Family,Contact Owner
LST100143,Mumbai,Borivali East,"Ekta Meadows, Borivali East",3,55000.0,1350.0,Carpet Area,11.0,28.0,3.0,Furnished,Bachelors/Family,Contact Agent
LST103043,Mumbai,Goregaon West,"Imperial Heights, Goregaon West",2,505000.0,818.0,Carpet Area,19.0,21.0,2.0,Semi-Furnished,Bachelors,Contact Owner
LST103289,Mumbai,Andheri West,"Oberoi Springs, Andheri West",2,81000.0,941.0,Super Area,15.0,17.0,3.0,Semi-Furnished,Bachelors,Contact Owner
LST103193,Mumbai,Chandivali,"Sunglow, Chandivali",1,61500.0,569.0,Super Area,40.0,75.0,2.0,Unfurnished,Family,Contact Agent
LST101517,Mumbai,Thakur Complex,"Gokul Regency Apartment, Thakur Complex",2,54500.0,613.0,Carpet Area,21.0,33.0,2.0,Unfurnished,Bachelors/Family,Contact Agent
LST104708,Mumbai,Dr Babasaheb Ambedkar Road,"Dr Babasaheb Ambedkar Road, Mumbai",2,39000.0,811.0,Super Area,0.0,2.0,2.0,Semi-Furnished,Bachelors,Contact Agent
LST104871,Mumbai,Pathanwadi,"Alta Monte, Pathanwadi",1,25500.0,450.0,Carpet Area,15.0,22.0,1.0,Semi-Furnished,Family,Contact Agent
LST104896,Mumbai,Wadala,"Llyod Estate, Wadala",3,100000.0,1303.0,Carpet Area,32.0,41.0,3.0,Furnished,Bachelors/Family,Contact Agent
LST102111,Mumbai,Poisar,Poisar,2,33000.0,675.0,Carpet Area,3.0,8.0,3.0,Furnished,Family,Contact Agent
LST101340,Mumbai,Gokuldham,"GSA Grandeur, Gokuldham",3,80500.0,1219.5,Super Area,7.0,11.0,3.0,Furnished,Bachelors,Contact Owner
LST103708,Mumbai,Waterfield Road,"Benchmark Solus, Waterfield Road",3,84500.0,1144.0,Carpet Area,1.0,18.0,2.0,Semi-Furnished,Bachelors,Contact Owner
LST100825,Mumbai,JVLR-Jogeshwari Vikhroli Link Road,"Oberoi Splendor, JVLR-Jogeshwari Vikhroli Link Road",3,90000.0,890.0,Carpet Area,20.0,27.0,2.0,Furnished,Family,Contact Agent
LST103892,Mumbai,Parel,"Lodha Venezia, Parel",3,184000.0,938.0,Carpet Area,17.0,45.0,2.0,Furnished,Family,Contact Owner
LST101037,Mumbai,Worli,"Indiabulls Blu, Worli",3,381000.0,1843.0,Super Area,15.0,18.0,3.0,Furnished,Family,Contact Owner
LST103794,Mumbai,Bhayandar East,"Indraprastha CHS, Bhayandar East",3,121500.0,1165.0,Super Area,3.0,15.0,3.0,Unfurnished,Bachelors,Contact Owner
LST104680,Mumbai,Powai,"L&T Emerald Isle, Powai",2,50500.0,781.0,Carpet Area,10.0,20.0,1.0,Unfurnished,Bachelors/Family,Contact Owner
LST101913,Mumbai,Marine Lines,"Marine Palace, Marine Lines",2,37000.0,866.0,Super Area,18.0,45.0,1.0,Furnished,Bachelors/Family,Contact Owner
LST102641,Mumbai,Kandivali East,"Godrej Tranquil, Kandivali East",3,63000.0,1045.0,Carpet Area,10.0,20.0,4.0,Unfurnished,Family,Contact Agent
LST103600,Mumbai,Unknown,Mumbai Central,2,91500.0,653.0,Super Area,4.0,7.0,1.0,Semi-Furnished,Family,Contact Agent
LST104554,Mumbai,Agripada,Agripada,3,61500.0,1018.0,Carpet Area,12.0,14.0,3.0,Unfurnished,Bachelors/Family,Contact Owner
LST104442,Mumbai,Sakinaka Junction,"Crescent Solitaire, Sakinaka Junction",1,38000.0,557.0,Carpet Area,16.0,37.0,1.0,Furnished,Family,Contact Agent
LST103646,Mumbai,Kurla West,Kurla West,2,71000.0,885.0,Super Area,15.0,20.0,2.0,Unfurnished,Bachelors/Family,Contact Owner
LST103028,Mumbai,Gokuldham,"GSA Grandeur, Gokuldham",2,134000.0,932.0,Super Area,14.0,48.0,2.0,Semi-Furnished,Bachelors,Contact Agent
LST103661,Mumbai,Andheri East,"Runwal Elina, Andheri East",3,57000.0,1567.0,Super Area,27.0,58.0,4.0,Unfurnished,Family,Contact Owner
LST103341,Mumbai,Lokhandwala Complex,"DLH Orchid, Lokhandwala Complex",3,160000.0,1588.0,Super Area,1.0,10.0,3.0,Furnished,Bachelors/Family,Contact Agent
LST104065,Mumbai,Mamletdarwadi,Mamletdarwadi,3,72000.0,1219.5,Super Area,5.0,13.0,2.0,Semi-Furnished,Bachelors,Contact Owner
LST103272,Mumbai,Powai,Powai,3,42500.0,941.0,Super Area,5.0,8.0,3.0,Semi-Furnished,Bachelors,Contact Owner
LST102930,Mumbai,Malad West,"Sheth Auris Serinity, Malad West",3,53000.0,955.0,Carpet Area,7.0,23.0,3.0,Furnished,Family,Contact Owner
LST100053,Mumbai,Wadala East,"Lodha New Cuffe Parade, Wadala East",2,95000.0,1050.0,Carpet Area,25.0,42.0,2.0,Unfurnished,Bachelors/Family,Contact Agent
LST102795,Mumbai,Amit Nagar,"Badrinath Tower, Amit Nagar",3,143000.0,1377.0,Carpet Area,17.0,27.0,4.0,Furnished,Family,Contact Owner
LST100186,Mumbai,Prabhadevi,"Chaitanya Towers, Prabhadevi",3,300000.0,1600.0,Super Area,18.0,23.0,5.0,Semi-Furnished,Bachelors/Family,Contact Owner
LST101555,Mumbai,Yari Road,"Chanchal Kalyan Complex, Yari Road",2,89000.0,823.0,Carpet Area,6.0,24.0,3.0,Furnished,Bachelors/Family,Contact Agent
LST102978,Mumbai,Mahalakshmi,"Lodha Bellissimo, Mahalakshmi",2,43000.0,732.0,Super Area,19.0,27.0,2.0,Semi-Furnished,Bachelors/Family,Contact Agent
LST101710,Mumbai,Akurli Nagar,"Oasis, Akurli Nagar",1,33000.0,379.0,Carpet Area,9.0,15.0,1.0,Semi-Furnished,Bachelors,Contact Owner
LST103909,Mumbai,Taloja Phase 2,Taloja Phase 2,2,66000.0,754.0,Carpet Area,1.0,3.0,2.0,Furnished,Family,Contact Owner
LST100112,Mumbai,Powai,"Lake Bloom, Powai",1,32000.0,565.0,Super Area,1.0,8.0,2.0,Unfurnished,Bachelors/Family,Contact Owner
LST100532,Mumbai,Borivali East,Borivali East,1,14000.0,421.0,Carpet Area,3.0,4.0,1.0,Unfurnished,Bachelors/Family,Contact Agent
LST104043,Mumbai,Powai,"Lake Bloom, Powai",1,35000.0,401.0,Super Area,35.0,59.0,1.0,Unfurnished,Family,Contact Agent
LST104715,Mumbai,Poisar,Poisar,4,96000.0,1701.0,Carpet Area,5.0,20.0,4.0,Furnished,Bachelors,Contact Owner
LST103640,Mumbai,Mahavir Nagar,Mahavir Nagar,3,60000.0,1219.5,Super Area,17.0,36.0,4.0,Unfurnished,Family,Contact Owner
LST101536,Mumbai,Deonar,"Satyam Springs, Deonar",2,38500.0,715.0,Super Area,2.0,8.0,1.0,Furnished,Family,Contact Owner
LST103886,Mumbai,Chembur,"Ekta Legranz, Chembur",1,23000.0,508.0,Carpet Area,6.0,8.0,1.0,Unfurnished,Bachelors,Contact Owner
LST102375,Mumbai,Sewri,"Dosti Flamingo, Sewri",4,238500.0,2293.0,Carpet Area,13.0,21.0,4.0,Furnished,Bachelors/Family,Contact Owner
LST100062,Mumbai,Irani Wada,"Sethia Kalpavruksh Heights, Irani Wada",1,24000.0,424.0,Carpet Area,16.0,23.0,2.0,Unfurnished,Bachelors/Family,Contact Agent
LST104809,Mumbai,Kandivali East,"Evershine Millenium Paradise, Thakur Village, Kandivali East",2,79500.0,901.0,Carpet Area,6.0,45.0,2.0,Furnished,Family,Contact Owner
LST103000,Mumbai,Sakinaka Junction,Sakinaka Junction,1,47500.0,470.0,Super Area,15.0,37.0,1.0,Furnished,Bachelors,Contact Agent
LST103639,Mumbai,Chembur,"Ekta Legranz, Chembur",2,63500.0,818.0,Super Area,14.0,27.0,2.0,Semi-Furnished,Family,Contact Owner
LST103287,Mumbai,Bandra Band Stand,"Band Stand, Bandra Band Stand",2,20000.0,544.0,Super Area,8.0,17.0,3.0,Semi-Furnished,Family,Contact Owner
LST103862,Mumbai,Mulund West,"Vasant Oscar, Mulund West",3,58500.0,864.0,Carpet Area,21.0,22.0,3.0,Unfurnished,Family,Contact Owner
LST104325,Mumbai,Bhakti Park,"Bhakti Park, Bhakti Park",2,11000.0,824.0,Carpet Area,14.0,20.0,1.0,Furnished,Bachelors/Family,Contact Agent
LST103251,Mumbai,Aarey Milk Colony,"Royal Palms Diamond Isle Phase II, Aarey Milk Colony",3,279000.0,1299.0,Carpet Area,6.0,18.0,3.0,Furnished,Bachelors,Contact Agent
LST104357,Mumbai,Lokhandwala Complex,"Ballerina Apartment, Lokhandwala Complex",3,112500.0,1145.0,Super Area,0.0,7.0,4.0,Semi-Furnished,Bachelors/Family,Contact Owner
LST104526,Mumbai,Chikhal Dongari,"Sumit Greendale, Chikhal Dongari",2,26000.0,963.0,Carpet Area,35.0,55.0,2.0,Furnished,Family,Contact Agent
LST101975,Mumbai,Chandivali,"Sundew CHS, Chandivali",2,48500.0,781.0,Carpet Area,20.0,30.0,3.0,Unfurnished,Family,Contact Owner
LST104066,Mumbai,Nahur Gaothan,Nahur Gaothan,1,16000.0,609.0,Super Area,25.0,42.0,1.0,Semi-Furnished,Bachelors/Family,Contact Agent
LST104602,Mumbai,Bandra Kurla Complex,"Dheeraj Insignia Apartment, Bandra Kurla Complex",4,166000.0,2306.0,Carpet Area,18.0,23.0,4.0,Furnished,Bachelors/Family,Contact Agent
LST103783,Mumbai,Hiranandani Gardens,"Hiranandani Gardens Torino, Hiranandani Gardens",3,61500.0,1287.0,Super Area,17.0,36.0,3.0,Unfurnished,Bachelors/Family,Contact Owner
LST103214,Mumbai,Prabhadevi,"Beach Towers, Prabhadevi",1,26000.0,437.0,Super Area,7.0,10.0,1.0,Furnished,Family,Contact Agent
LST104319,Mumbai,Bandra West,"Queens Palace, Bandra West",4,87500.0,1587.0,Carpet Area,2.0,5.0,3.0,Semi-Furnished,Family,Contact Owner
LST100577,Mumbai,Bhandup West,"Mahindra Splendour, Bhandup West",3,53000.0,1000.0,Carpet Area,16.0,32.0,2.0,Semi-Furnished,Bachelors/Family,Contact Agent
LST103577,Mumbai,Worli,"lokhandwala residency, Worli",3,54000.0,886.0,Carpet Area,11.0,28.0,4.0,Unfurnished,Family,Contact Agent
LST102970,Mumbai,Magathane,"Vasant Marvel, Magathane",1,36500.0,417.0,Super Area,4.0,7.0,1.0,Furnished,Bachelors/Family,Contact Owner
LST101376,Mumbai,Bhandup Industrial Estate,"Srishti Solitaire, Bhandup Industrial Estate",3,166500.0,1220.0,Carpet Area,12.0,25.0,3.0,Furnished,Bachelors,Contact Agent
LST104311,Mumbai,Andheri East,"Eco Residency, Andheri East",2,25000.0,702.0,Carpet Area,18.0,33.0,1.0,Furnished,Bachelors,Contact Agent
LST101233,Mumbai,Chakala,"Supreme Divine Light CHS, Chakala",3,218000.0,1354.0,Super Area,4.0,12.0,2.0,Unfurnished,Bachelors/Family,Contact Owner
LST101794,Mumbai,Jacob Circle,Jacob Circle,5,203500.0,1985.0,Carpet Area,16.0,29.0,5.0,Unfurnished,Family,Contact Owner
LST104832,Mumbai,Goregaon East,"Lodha Fiorenza, Goregaon East",4,304500.0,1477.0,Carpet Area,6.0,12.0,3.0,Semi-Furnished,Bachelors,Contact Owner
LST101610,Mumbai,Aarey Milk Colony,"Garden View Apartment, Aarey Milk Colony",1,36000.0,612.0,Carpet Area,17.0,60.0,2.0,Furnished,Bachelors/Family,Contact Owner
LST100473,Mumbai,Gulmohar Road,Gulmohar Road,1,48000.0,500.0,Carpet Area,4.0,9.0,1.0,Furnished,Bachelors,Contact Agent
LST101696,Mumbai,Chembur East,"Sabari Ashville, Chembur East",4,299000.0,1821.0,Super Area,5.0,11.0,3.0,Unfurnished,Bachelors/Family,Contact Owner
LST101454,Mumbai,Bandra West,"Vertical Bliss, Bandra West",1,15000.0,400.0,Carpet Area,2.0,6.0,1.0,Unfurnished,Bachelors,Contact Owner
LST100779,Mumbai,Goregaon East,"Oberoi Esquire, Goregaon East",4,260000.0,2046.0,Carpet Area,22.0,52.0,5.0,Semi-Furnished,Bachelors/Family,Contact Agent
LST102660,Mumbai,Andheri West,"Oberoi Springs, Andheri West",2,52500.0,724.0,Super Area,6.0,7.0,2.0,Semi-Furnished,Family,Contact Agent
LST101244,Mumbai,Andheri East,"Green Woods Chkala, Andheri East",3,83000.0,1252.0,Super Area,7.0,20.0,4.0,Semi-Furnished,Bachelors/Family,Contact Owner
LST104788,Mumbai,Mazgaon,"Juveria Apartment, Mazgaon",2,335000.0,1422.0,Carpet Area,19.0,22.0,2.0,Furnished,Bachelors/Family,Contact Agent
LST104262,Mumbai,Bhandup Industrial Estate,"Srishti Solitaire, Bhandup Industrial Estate",3,98500.0,1379.0,Super Area,11.0,30.0,3.0,Semi-Furnished,Bachelors,Contact Agent
LST104182,Mumbai,Mulund West,"Nem Vihar, Mulund West",3,186000.0,1703.0,Carpet Area,28.0,39.0,4.0,Unfurnished,Bachelors/Family,Contact Agent
LST100992,Mumbai,Powai,"Hiranandani Castle Rock, Powai",3,84000.0,1048.0,Super Area,8.0,8.0,2.0,Semi-Furnished,Family,Contact Agent
LST104256,Mumbai,New Airport Colony,"Kolte Patil Jai Vijay, New Airport Colony",1,12500.0,439.0,Carpet Area,47.0,89.0,1.0,Furnished,Bachelors,Contact Agent
LST101416,Mumbai,Virar West,"Ekta Parksville, Virar West",3,71500.0,1072.0,Super Area,8.0,8.0,3.0,Unfurnished,Family,Contact Owner
LST101288,Mumbai,Goregaon West,"Imperial Heights, Goregaon West",3,68500.0,1182.0,Carpet Area,22.0,24.0,3.0,Semi-Furnished,Bachelors/Family,Contact Owner
LST102456,Mumbai,Bhuleshwar,"Universal Neo Galaxy, Bhuleshwar",2,74000.0,1146.0,Carpet Area,9.0,12.0,3.0,Furnished,Bachelors/Family,Contact Owner
LST103400,Mumbai,Borivali East,"Ambrosia Apartment, Borivali East",2,28500.0,753.0,Carpet Area,5.0,23.0,2.0,Semi-Furnished,Family,Contact Agent
LST102637,Mumbai,Chembur,"Uttam Society, Chembur",4,237000.0,2333.0,Carpet Area,8.0,22.0,4.0,Semi-Furnished,Family,Contact Owner
LST100343,Mumbai,Bandra East,"Insignia, Bandra East",4,150000.0,1460.0,Carpet Area,11.0,13.0,4.0,Semi-Furnished,Bachelors/Family,Contact Agent
LST104691,Mumbai,buena vista,buena vista,1,22500.0,520.0,Carpet Area,12.0,21.0,1.0,Furnished,Bachelors/Family,Contact Owner
LST100454,Mumbai,Andheri West,"Platinum Prive, Andheri West",2,65000.0,600.0,Carpet Area,14.0,17.0,2.0,Unfurnished,Bachelors,Contact Agent
LST101880,Mumbai,BMC Colony Malad East,"Raheja Heights, BMC Colony Malad East",2,20000.0,450.0,Carpet Area,45.0,77.0,2.0,Furnished,Family,Contact Agent
LST102278,Mumbai,Worli,"Lodha The Park, Worli",1,18500.0,255.0,Carpet Area,18.0,33.0,1.0,Semi-Furnished,Bachelors,Contact Owner
LST102548,Mumbai,Mira Road,"Gaurav Excellency, Mira Road",1,17000.0,650.0,Super Area,19.0,19.0,2.0,Furnished,Bachelors,Contact Owner
LST100657,Mumbai,Powai,"Panch Complex, Powai",2,57000.0,625.0,Carpet Area,9.0,18.0,2.0,Furnished,Bachelors,Contact Agent
LST103879,Mumbai,shivsagar,shivsagar,1,26000.0,435.0,Carpet Area,3.0,12.0,1.0,Furnished,Bachelors/Family,Contact Agent
LST101815,Mumbai,Mulund West,"Wadhwa Atmosphere, Mulund West",2,66000.0,761.0,Super Area,3.0,13.0,1.0,Furnished,Family,Contact Agent
LST100765,Mumbai,Bhandup East,Bhandup East,1,19000.0,490.0,Carpet Area,0.0,8.0,1.0,Unfurnished,Bachelors/Family,Contact Owner
LST104211,Mumbai,Worli,"Indiabulls Blu, Worli",1,43000.0,487.0,Super Area,14.0,24.0,2.0,Semi-Furnished,Bachelors,Contact Agent
LST104900,Mumbai,Parel,"TATA Falcon Crest, Parel",2,74000.0,785.0,Super Area,46.0,76.0,2.0,Furnished,Bachelors/Family,Contact Agent
LST104276,Mumbai,Andheri West,"Oberoi Springs, Andheri West",2,24500.0,670.0,Super Area,26.0,42.0,3.0,Furnished,Bachelors/Family,Contact Agent
LST102144,Mumbai,Powai,"Lake Primrose, Powai",1,36000.0,462.0,Carpet Area,23.0,25.0,2.0,Semi-Furnished,Family,Contact Agent
LST100246,Mumbai,Prabhadevi,"Ivory Tower, Prabhadevi",2,110000.0,1150.0,Carpet Area,11.0,26.0,2.0,Unfurnished,Bachelors/Family,Contact Agent
LST104879,Mumbai,Bhandup West,"Marathon Embryo, Bhandup West",1,69000.0,445.0,Carpet Area,2.0,11.0,1.0,Furnished,Family,Contact Agent
LST100824,Mumbai,Bandra Kurla Complex,"Kanakia Paris, Bandra Kurla Complex",2,88000.0,800.0,Carpet Area,5.0,20.0,2.0,Semi-Furnished,Bachelors/Family,Contact Agent
LST102367,Mumbai,Chembur,"Sabari Palm View, Chembur",2,38000.0,579.0,Super Area,11.0,14.0,1.0,Furnished,Bachelors/Family,Contact Owner
LST102817,Mumbai,Lokhandwala Complex,"Transcon Triumph, Lokhandwala Complex",1,19000.0,487.0,Super Area,15.0,33.0,2.0,Semi-Furnished,Bachelors/Family,Contact Owner
LST100384,Mumbai,Nalasopara West,Nalasopara West,1,4500.0,475.0,Super Area,3.0,4.0,1.0,Unfurnished,Bachelors/Family,Contact Owner
LST103584,Mumbai,Bhuleshwar,"Universal Neo Galaxy, Bhuleshwar",1,41500.0,540.0,Super Area,3.0,11.0,2.0,Furnished,Bachelors/Family,Contact Owner
LST101403,Mumbai,Thakur Complex,Thakur Complex,2,77000.0,771.0,Super Area,2.0,22.0,3.0,Semi-Furnished,Family,Contact Agent
LST101586,Mumbai,Bhatti Pada,Bhatti Pada,3,108000.0,1346.0,Super Area,10.0,13.0,3.0,Unfurnished,Family,Contact Agent
LST103464,Mumbai,Chembur,"Ekta Legranz, Chembur",2,82000.0,680.0,Super Area,7.0,11.0,1.0,Furnished,Bachelors/Family,Contact Owner
LST102908,Mumbai,Nalasopara West,Nalasopara West,1,67500.0,701.0,Super Area,2.0,5.0,1.0,Semi-Furnished,Bachelors/Family,Contact Owner
LST104524,Mumbai,Mira Road East,"Kanungos Garden City, Mira Road East",2,18500.0,403.0,Super Area,21.0,21.0,1.0,Unfurnished,Bachelors,Contact Agent
LST101822,Mumbai,Mount Mary,Mount Mary,2,17500.0,824.0,Carpet Area,21.0,60.0,1.0,Unfurnished,Bachelors,Contact Agent
LST103882,Mumbai,Pant Nagar,Pant Nagar,1,22500.0,562.0,Carpet Area,6.0,25.0,1.0,Unfurnished,Family,Contact Owner
LST101484,Mumbai,Kandivali East,"Gokul Gagan, Thakur Village, Kandivali East",3,86000.0,1156.0,Carpet Area,35.0,60.0,2.0,Furnished,Bachelors,Contact Owner
LST104278,Mumbai,Worli,"Lodha Marquise, Worli",3,73000.0,974.0,Carpet Area,5.0,8.0,3.0,Furnished,Family,Contact Owner
LST103197,Mumbai,Andheri West,"Bharat Ark, Andheri West",4,237000.0,1455.0,Super Area,17.0,27.0,4.0,Semi-Furnished,Family,Contact Agent
LST104692,Mumbai,Parel,"Lodha Venezia, Parel",1,36000.0,483.0,Super Area,25.0,52.0,1.0,Furnished,Family,Contact Agent
LST103527,Mumbai,Tata Nagar,Tata Nagar,1,39500.0,624.0,Carpet Area,11.0,53.0,1.0,Unfurnished,Bachelors/Family,Contact Agent
LST100355,Mumbai,Goregaon East,"Velentine Tower, Goregaon East",2,48000.0,670.0,Carpet Area,4.0,16.0,2.0,Semi-Furnished,Family,Contact Owner
LST102529,Mumbai,Sion East,"Everard Nagar Co Operative Housing Society, Sion East",3,64000.0,911.0,Carpet Area,10.0,17.0,4.0,Furnished,Bachelors,Contact Agent
LST101820,Mumbai,Goregaon East,"Yashodham Complex, Goregaon East",2,81000.0,758.0,Super Area,30.0,37.0,2.0,Semi-Furnished,Bachelors/Family,Contact Owner
LST104566,Mumbai,Lokhandwala Twp,"Lokhandwala Octacrest, Lokhandwala Twp",1,26500.0,427.0,Carpet Area,24.0,24.0,2.0,Unfurnished,Family,Contact Owner
LST103165,Mumbai,Powai,"L&T Emerald Isle, Powai",2,48500.0,876.0,Carpet Area,34.0,48.0,2.0,Semi-Furnished,Family,Contact Owner
LST100772,Mumbai,Goregaon East,"Conwood Astoria, Goregaon East",1,33000.0,460.0,Carpet Area,10.0,25.0,2.0,Semi-Furnished,Bachelors,Contact Agent
LST104253,Mumbai,Borivali East,"Raj Hill, Borivali East",2,50500.0,762.0,Carpet Area,9.0,21.0,2.0,Semi-Furnished,Family,Contact Agent
LST103854,Mumbai,Chembur East,"diamond garden, Chembur East",2,32000.0,1160.0,Carpet Area,3.0,39.0,2.0,Semi-Furnished,Family,Contact Agent
LST104509,Mumbai,Mazgaon,"Juveria Apartment, Mazgaon",1,21500.0,355.0,Super Area,12.0,31.0,1.0,Semi-Furnished,Bachelors,Contact Agent
LST101183,Mumbai,Powai,"Raj Grandeur, Powai",2,60500.0,852.0,Super Area,1.0,8.0,2.0,Unfurnished,Bachelors/Family,Contact Owner
LST100374,Mumbai,Andheri West,Andheri West,4,180000.0,1750.0,Carpet Area,9.0,31.0,4.0,Semi-Furnished,Bachelors,Contact Agent
LST100072,Mumbai,Malad East,"Kanakia Levels, Malad East",3,75000.0,1150.0,Carpet Area,32.0,41.0,3.0,Unfurnished,Bachelors/Family,Contact Agent
LST101402,Mumbai,anjali,anjali,4,202500.0,2556.0,Super Area,16.0,32.0,4.0,Furnished,Bachelors/Family,Contact Agent
LST101136,Mumbai,Bhandup West,"Usha Nagar Society, Bhandup West",3,202000.0,1489.0,Carpet Area,1.0,5.0,4.0,Semi-Furnished,Bachelors/Family,Contact Agent
LST103728,Mumbai,Seven Bungalows,"Milap CHS, Seven Bungalows",3,65000.0,1311.0,Carpet Area,7.0,7.0,3.0,Unfurnished,Bachelors,Contact Owner
LST100975,Mumbai,Kalina,"Sundar Nagar, Kalina",3,97000.0,1396.0,Carpet Area,19.0,24.0,3.0,Unfurnished,Bachelors,Contact Agent
LST104650,Mumbai,Chakala,Chakala,4,320000.0,1970.0,Super Area,2.0,46.0,4.0,Furnished,Bachelors/Family,Contact Agent
LST101621,Mumbai,Nalasopara,"Deep Heights, Nalasopara",1,68500.0,731.0,Carpet Area,19.0,27.0,1.0,Semi-Furnished,Bachelors/Family,Contact Owner
LST102928,Mumbai,Chembur East,"Sufalam CHS, Chembur East",4,379000.0,2280.0,Super Area,3.0,15.0,4.0,Furnished,Family,Contact Owner
LST102244,Mumbai,Indralok,"Aims Sea View, Indralok",2,40500.0,753.0,Carpet Area,9.0,55.0,2.0,Semi-Furnished,Family,Contact Agent
LST101123,Mumbai,Bhakti Park,"Odyssey Bhakti Park, Bhakti Park",1,17500.0,436.0,Super Area,8.0,20.0,2.0,Semi-Furnished,Family,Contact Owner
LST100722,Mumbai,Hiranandani Gardens,"Hiranandani Castle Rock, Hiranandani Gardens",2,72000.0,660.0,Carpet Area,12.0,22.0,2.0,Semi-Furnished,Bachelors/Family,Contact Agent
LST100734,Mumbai,Wadala,"Antop Hill, Wadala",1,30000.0,360.0,Carpet Area,4.0,20.0,1.0,Unfurnished,Bachelors/Family,Contact Agent
LST101469,Mumbai,Poisar,Poisar,4,225000.0,2214.0,Super Area,15.0,19.0,3.0,Furnished,Bachelors/Family,Contact Agent
LST102444,Mumbai,Yari Road,Yari Road,3,77000.0,1178.0,Super Area,18.0,30.0,3.0,Semi-Furnished,Bachelors/Family,Contact Agent
LST103593,Mumbai,Powai,"Lake Primrose, Powai",3,79000.0,1131.0,Carpet Area,18.0,22.0,3.0,Unfurnished,Family,Contact Owner
LST100699,Mumbai,Kanjurmarg West,"Tulip at Runwal Forests, Kanjurmarg West",2,46000.0,669.0,Carpet Area,15.0,43.0,2.0,Unfurnished,Bachelors,Contact Agent
LST104936,Mumbai,Worli,"Lodha The Park, Worli",4,255500.0,2384.0,Carpet Area,6.0,45.0,4.0,Unfurnished,Bachelors/Family,Contact Agent
LST102615,Mumbai,Kandivali East,"Thakur Village, Kandivali East",2,209000.0,941.0,Carpet Area,26.0,42.0,1.0,Semi-Furnished,Bachelors,Contact Owner
LST102926,Mumbai,Parel,"Ruparel Ariana, Parel",3,141500.0,1063.0,Carpet Area,2.0,2.0,3.0,Furnished,Bachelors,Contact Owner
LST102732,Mumbai,Kandivali East,"Thakur Jewel, Thakur Village, Kandivali East",2,8000.0,652.0,Super Area,2.0,8.0,2.0,Semi-Furnished,Bachelors,Contact Agent
LST101785,Mumbai,Vikhroli West,"Raj Legacy, Vikhroli West",1,32000.0,351.0,Super Area,9.0,30.0,2.0,Furnished,Bachelors,Contact Agent
LST102287,Mumbai,Naigaon East,"Unicorn Global Arena, Naigaon East",1,13500.0,433.0,Super Area,14.0,35.0,1.0,Semi-Furnished,Family,Contact Agent
LST104161,Mumbai,Ketki Pada,Ketki Pada,1,26000.0,536.0,Super Area,16.0,36.0,1.0,Unfurnished,Bachelors,Contact Agent
LST104014,Mumbai,Ghatkopar West,Ghatkopar West,1,44000.0,340.0,Carpet Area,47.0,89.0,1.0,Furnished,Bachelors/Family,Contact Owner
LST102476,Mumbai,Goregaon East,"Royal Palms, Goregaon East",1,42000.0,431.0,Super Area,43.0,78.0,1.0,Semi-Furnished,Bachelors/Family,Contact Agent
LST103733,Mumbai,Azad Nagar Colaba,Azad Nagar Colaba,2,48500.0,726.0,Super Area,34.0,40.0,3.0,Unfurnished,Bachelors/Family,Contact Owner
LST104324,Mumbai,Lokhandwala Twp,"Oasis, Lokhandwala Twp",3,250500.0,1827.0,Carpet Area,14.0,35.0,3.0,Semi-Furnished,Bachelors,Contact Agent
LST102044,Mumbai,Cuffe Parade,Cuffe Parade,3,57000.0,1042.0,Super Area,65.0,78.0,2.0,Semi-Furnished,Bachelors,Contact Agent
LST103860,Mumbai,Lokhandwala Complex,"DLH Orchid, Lokhandwala Complex",1,25500.0,357.0,Super Area,76.0,78.0,1.0,Unfurnished,Bachelors,Contact Owner
LST102448,Mumbai,Worli,"Lady Ratan Tower, Worli",1,7000.0,441.0,Carpet Area,19.0,19.0,2.0,Unfurnished,Bachelors,Contact Agent
LST104570,Mumbai,Chandivali,"Shapoorji Pallonji Vicinia, Chandivali",2,37000.0,802.0,Super Area,2.0,7.0,2.0,Unfurnished,Family,Contact Owner
LST101213,Mumbai,Oshiwara,Oshiwara,1,66500.0,448.0,Super Area,17.0,31.0,1.0,Semi-Furnished,Bachelors/Family,Contact Agent
LST100161,Mumbai,Chembur,"Ekta Legranz, Chembur",4,150000.0,1755.0,Carpet Area,9.0,19.0,4.0,Unfurnished,Family,Contact Agent
LST104938,Mumbai,Prabhadevi,"Suryodaya CHS, Prabhadevi",1,9000.0,225.0,Carpet Area,5.0,13.0,1.0,Furnished,Bachelors,Contact Agent
LST104037,Mumbai,Mazgaon,"Juveria Apartment, Mazgaon",4,1144500.0,1970.0,Carpet Area,15.0,23.0,4.0,Unfurnished,Bachelors/Family,Contact Owner
LST101439,Mumbai,Andheri West,"Adani Western Heights, Andheri West",2,83000.0,944.0,Carpet Area,3.0,36.0,3.0,Furnished,Family,Contact Agent
LST103749,Mumbai,Unknown,Mumbai Central,4,228500.0,2321.0,Super Area,0.0,4.0,3.0,Unfurnished,Family,Contact Agent
LST104885,Mumbai,Mira Road East,Mira Road East,3,98000.0,1175.0,Carpet Area,60.0,66.0,3.0,Unfurnished,Family,Contact Owner
LST101642,Mumbai,Azad Nagar Colaba,Azad Nagar Colaba,4,323500.0,4258.0,Super Area,8.0,14.0,5.0,Furnished,Family,Contact Agent
LST100838,Mumbai,Chembur East,"Swastik Pride, Chembur East",2,45000.0,650.0,Carpet Area,2.0,12.0,2.0,Unfurnished,Bachelors/Family,Contact Agent
LST101144,Mumbai,Govandi Station Road,Govandi Station Road,2,38000.0,837.0,Carpet Area,10.0,24.0,3.0,Unfurnished,Bachelors,Contact Owner
LST101714,Mumbai,Central Area,Central Area,1,26500.0,443.0,Carpet Area,12.0,31.0,1.0,Furnished,Family,Contact Agent
LST100789,Mumbai,Dahisar East,Dahisar East,1,15000.0,450.0,Super Area,2.0,4.0,1.0,Unfurnished,Family,Contact Owner
LST102012,Mumbai,Worli,"Raheja Artesia, Worli",4,303000.0,2948.0,Super Area,12.0,45.0,4.0,Furnished,Family,Contact Agent
LST101166,Mumbai,Andheri East,"Kanakia Rainforest, Andheri East",4,140500.0,1615.0,Super Area,14.0,16.0,3.0,Semi-Furnished,Bachelors,Contact Owner
LST104207,Mumbai,Mira Road,Mira Road,2,75500.0,1129.0,Super Area,5.0,5.0,3.0,Semi-Furnished,Bachelors,Contact Agent
LST104468,Mumbai,Powai,"Raj Grandeur, Powai",4,329500.0,2594.0,Carpet Area,5.0,5.0,4.0,Semi-Furnished,Bachelors/Family,Contact Agent
LST101324,Mumbai,Mukund Nagar,Mukund Nagar,3,294000.0,1579.0,Super Area,15.0,34.0,3.0,Unfurnished,Bachelors,Contact Owner
LST102943,Mumbai,Malad East,Malad East,2,48000.0,719.0,Carpet Area,44.0,75.0,2.0,Semi-Furnished,Bachelors/Family,Contact Agent
LST101560,Mumbai,Lal Baug,Lal Baug,2,42000.0,458.0,Super Area,25.0,43.0,2.0,Furnished,Family,Contact Agent
LST103813,Mumbai,Film City Road,"Omkar Ananta, Film City Road",2,83000.0,796.0,Super Area,21.0,22.0,3.0,Furnished,Family,Contact Owner
LST104166,Mumbai,buena vista,buena vista,4,128000.0,1941.0,Carpet Area,15.0,17.0,3.0,Furnished,Bachelors,Contact Agent
LST103196,Mumbai,Dadar West,"Vaibhav Apartments, Dadar West",2,33000.0,625.0,Super Area,16.0,23.0,1.0,Semi-Furnished,Bachelors/Family,Contact Owner
LST102822,Mumbai,Kalina,"Sundar Nagar, Kalina",4,178500.0,2366.0,Carpet Area,25.0,41.0,5.0,Unfurnished,Bachelors/Family,Contact Agent
LST101507,Mumbai,Dadar West,"Purushottam Towers, Dadar West",2,9000.0,703.0,Super Area,10.0,32.0,2.0,Unfurnished,Family,Contact Agent
LST101965,Mumbai,Dahisar West,Dahisar West,1,9000.0,372.0,Super Area,18.0,46.0,1.0,Semi-Furnished,Family,Contact Owner
LST101968,Mumbai,Bhatti Pada,Bhatti Pada,4,180500.0,1720.0,Carpet Area,9.0,19.0,4.0,Unfurnished,Bachelors/Family,Contact Agent
LST103253,Mumbai,Malabar Hill,Malabar Hill,1,26000.0,380.0,Carpet Area,7.0,21.0,1.0,Semi-Furnished,Bachelors,Contact Owner
LST102691,Mumbai,Chembur,"Godrej Central, Chembur",1,39000.0,543.0,Super Area,17.0,36.0,1.0,Semi-Furnished,Bachelors,Contact Owner
LST101215,Mumbai,in Santacruz East,in Santacruz East,2,134500.0,830.0,Super Area,9.0,14.0,2.0,Semi-Furnished,Family,Contact Owner
LST102823,Mumbai,Bhandari Compound,"Sonal Apartment, Bhandari Compound",2,73500.0,865.0,Carpet Area,8.0,16.0,3.0,Furnished,Family,Contact Owner
LST102384,Mumbai,KANDIVALI EAST,"THAKUR VILLAGE, KANDIVALI EAST",3,155000.0,1090.0,Super Area,20.0,32.0,4.0,Unfurnished,Family,Contact Agent
LST100960,Mumbai,Khar West,Khar West,4,680000.0,1962.0,Carpet Area,18.0,20.0,5.0,Semi-Furnished,Bachelors/Family,Contact Agent
LST103125,Mumbai,Chinmay Gaurang Infrastructure Old Panvel,Chinmay Gaurang Infrastructure Old Panvel,1,9500.0,525.0,Super Area,4.0,20.0,1.0,Semi-Furnished,Bachelors/Family,Contact Owner
LST101675,Mumbai,Waterfield Road,"Benchmark Solus, Waterfield Road",2,67000.0,1031.0,Super Area,17.0,40.0,2.0,Unfurnished,Family,Contact Owner
LST103732,Mumbai,Worli,"Avarsekar Heights, Worli",1,65000.0,450.0,Carpet Area,16.0,25.0,1.0,Furnished,Bachelors/Family,Contact Owner
LST101703,Mumbai,Unknown,,1,36500.0,586.0,Super Area,15.0,24.0,2.0,Unfurnished,Bachelors/Family,Contact Owner
LST100176,Mumbai,Bandra East,"Rustomjee Seasons, Bandra East",3,140000.0,1064.0,Carpet Area,7.0,22.0,3.0,Unfurnished,Bachelors/Family,Contact Agent
LST100123,Mumbai,Vile Parle East,Vile Parle East,2,80000.0,500.0,Carpet Area,1.0,5.0,2.0,Furnished,Bachelors/Family,Contact Owner
LST104226,Mumbai,Film City Road,"Oberoi Exquisite II, Film City Road",3,129500.0,1138.0,Carpet Area,15.0,18.0,4.0,Furnished,Bachelors,Contact Agent
LST100608,Mumbai,Nahur Gaothan,Nahur Gaothan,2,35000.0,650.0,Carpet Area,5.0,7.0,2.0,Unfurnished,Family,Contact Agent
LST104961,Mumbai,Kalina,"Kabra Centroid, Kalina",3,59500.0,1097.0,Super Area,6.0,7.0,4.0,Semi-Furnished,Bachelors,Contact Owner
LST104364,Mumbai,Lokhandwala Twp,"spring grove uno, Lokhandwala Twp",1,29000.0,492.0,Super Area,9.0,10.0,1.0,Semi-Furnished,Bachelors/Family,Contact Owner
LST104544,Mumbai,Santacruz West,"Ekta Trinity, Santacruz West",2,35000.0,670.0,Carpet Area,8.0,14.0,2.0,Unfurnished,Bachelors,Contact Owner
LST104992,Mumbai,Bhayandar East,Bhayandar East,2,195500.0,949.0,Super Area,5.0,17.0,1.0,Furnished,Bachelors,Contact Owner
LST103665,Mumbai,Lal Baug,Lal Baug,2,57500.0,1035.0,Super Area,23.0,23.0,2.0,Furnished,Bachelors/Family,Contact Owner
LST103107,Mumbai,Andheri West,"HDIL Metropolis, Andheri West",1,17500.0,410.0,Carpet Area,11.0,12.0,1.0,Unfurnished,Bachelors,Contact Agent
LST102554,Mumbai,Chembur East,"117 Residency, Chembur East",1,60500.0,532.0,Super Area,3.0,11.0,2.0,Furnished,Family,Contact Owner
LST101115,Mumbai,Tata Nagar,Tata Nagar,1,24500.0,601.0,Carpet Area,15.0,31.0,1.0,Furnished,Bachelors/Family,Contact Owner
LST100310,Mumbai,Best Nagar Goregaon West,Best Nagar Goregaon West,4,80000.0,1450.0,Carpet Area,30.0,44.0,4.0,Unfurnished,Bachelors/Family,Contact Agent
LST101899,Mumbai,Bandra Kurla Complex,"Insignia, Bandra Kurla Complex",2,51500.0,755.0,Carpet Area,20.0,31.0,2.0,Furnished,Bachelors,Contact Owner
LST100878,Mumbai,Parel,"Lodha Azzuro , Parel",3,140000.0,1270.0,Carpet Area,15.0,60.0,3.0,Semi-Furnished,Bachelors,Contact Agent
LST102081,Mumbai,Borivali West,"Parinee Adney, Borivali West",3,173500.0,1805.0,Carpet Area,1.0,12.0,3.0,Semi-Furnished,Bachelors,Contact Agent
LST101034,Mumbai,Gokuldham,"DB Woods, Gokuldham",1,7000.0,461.0,Super Area,-1.0,9.0,1.0,Semi-Furnished,Bachelors/Family,Contact Agent
LST104574,Mumbai,Kamla Nagar,Kamla Nagar,4,148000.0,1481.0,Super Area,53.0,60.0,5.0,Semi-Furnished,Family,Contact Owner
LST104130,Mumbai,Suram Park Society,Suram Park Society,2,54000.0,979.0,Super Area,2.0,45.0,1.0,Unfurnished,Bachelors,Contact Agent
LST103615,Mumbai,Tata Nagar,Tata Nagar,3,227000.0,1555.0,Carpet Area,2.0,4.0,3.0,Semi-Furnished,Bachelors,Contact Agent
LST102175,Mumbai,Prabhadevi,"Suryodaya CHS, Prabhadevi",2,48500.0,994.0,Carpet Area,13.0,24.0,2.0,Semi-Furnished,Bachelors,Contact Agent
LST101111,Mumbai,Beverly Park,Beverly Park,2,85000.0,1115.0,Super Area,14.0,27.0,1.0,Unfurnished,Family,Contact Owner
LST102418,Mumbai,Model Town,Model Town,1,18000.0,293.0,Carpet Area,9.0,27.0,1.0,Unfurnished,Bachelors/Family,Contact Agent
LST104597,Mumbai,Sai Nagar,"Kanakia Hollywood, Sai Nagar",1,32000.0,472.0,Carpet Area,11.0,18.0,1.0,Unfurnished,Bachelors,Contact Agent
LST101916,Mumbai,Mahavir Nagar,Mahavir Nagar,1,21000.0,343.0,Super Area,20.0,27.0,1.0,Unfurnished,Bachelors/Family,Contact Owner
LST102836,Mumbai,Thakur Complex,"Kanakia Sanskruti, Thakur Complex",3,163500.0,1236.0,Super Area,2.0,10.0,3.0,Unfurnished,Family,Contact Owner
LST102195,Mumbai,Kandivali East,"Aspire, Kandivali East",2,42000.0,896.0,Super Area,-1.0,9.0,3.0,Semi-Furnished,Bachelors,Contact Owner
LST103292,Mumbai,Perry Rd,Perry Rd,2,87000.0,1016.0,Super Area,4.0,6.0,3.0,Furnished,Family,Contact Owner
LST103953,Mumbai,Mulund West,"Nem Vihar, Mulund West",2,36000.0,643.0,Super Area,3.0,21.0,2.0,Unfurnished,Family,Contact Owner
LST104067,Mumbai,Vikhroli West,Vikhroli West,2,48000.0,1016.0,Carpet Area,3.0,3.0,2.0,Furnished,Family,Contact Owner
LST102200,Mumbai,Worli,"Lodha Marquise, Worli",2,62500.0,744.0,Super Area,14.0,58.0,2.0,Furnished,Family,Contact Owner
LST103124,Mumbai,Film City Road,Film City Road,3,230500.0,1219.5,Super Area,8.0,28.0,3.0,Furnished,Bachelors,Contact Owner
LST101870,Mumbai,Khar West,"Ganpat Niketan Apartment, Khar West",1,37000.0,407.0,Carpet Area,5.0,8.0,2.0,Semi-Furnished,Bachelors/Family,Contact Owner
LST102004,Mumbai,Bandra East,Bandra East,3,125500.0,1481.0,Super Area,4.0,10.0,3.0,Furnished,Bachelors,Contact Agent
LST103889,Mumbai,Powai,"Lake Homes, Powai",1,39500.0,328.0,Super Area,46.0,76.0,1.0,Unfurnished,Bachelors/Family,Contact Agent
LST102163,Mumbai,Lokhandwala Complex,"Transcon Triumph, Lokhandwala Complex",2,84500.0,837.0,Super Area,5.0,18.0,2.0,Furnished,Family,Contact Owner
LST100428,Mumbai,Andheri West,"Flora Heights, Andheri West",3,160000.0,2000.0,Carpet Area,-1.0,30.0,3.0,Furnished,Family,Contact Agent
LST900002,Mumbai,Park Site Colony,"Mayfair Sonata Greens, Park Site Colony",2,70000.0,827.0,Carpet Area,49.0,55.0,3.0,Semi-Furnished,Family,Contact Agent
LST100085,Mumbai,Kandivali West,"RNA ROYALE PARK, Kandivali West",2,41000.0,750.0,Carpet Area,6.0,21.0,2.0,Unfurnished,Bachelors,Contact Agent
LST102944,Mumbai,Dadar TT Circle,"Island City Centre, Dadar TT Circle",2,30500.0,858.0,Super Area,18.0,33.0,3.0,Semi-Furnished,Bachelors,Contact Owner
LST104706,Mumbai,Malad West,"Shiv Ganga Apartment, Malad West",1,8000.0,328.0,Carpet Area,7.0,14.0,1.0,Furnished,Family,Contact Agent
LST100269,Mumbai,Antop Hill,Antop Hill,1,18000.0,330.0,Super Area,20.0,22.0,1.0,Unfurnished,Bachelors/Family,Contact Owner
LST100221,Mumbai,Mount Mary,"Mount Marry, Mount Mary",3,300000.0,1225.0,Carpet Area,5.0,13.0,3.0,Furnished,Bachelors/Family,Contact Agent
LST103759,Mumbai,Beverly Park,Beverly Park,2,51500.0,811.0,Super Area,25.0,28.0,3.0,Semi-Furnished,Bachelors,Contact Agent
LST104558,Mumbai,Altamount Road,Altamount Road,2,36500.0,649.0,Super Area,18.0,32.0,3.0,Unfurnished,Family,Contact Owner
LST102045,Mumbai,Chinmay Gaurang Infrastructure Old Panvel,Chinmay Gaurang Infrastructure Old Panvel,2,94000.0,467.0,Super Area,17.0,27.0,2.0,Furnished,Bachelors/Family,Contact Agent
LST102706,Mumbai,Shrikrupa Society,Shrikrupa Society,5,252500.0,2464.0,Carpet Area,10.0,19.0,6.0,Furnished,Family,Contact Owner
LST104613,Mumbai,Bhandup West,"Keshav Srishti, Bhandup West",3,71000.0,1219.5,Super Area,9.0,18.0,4.0,Unfurnished,Bachelors/Family,Contact Owner
LST103992,Mumbai,Mahalakshmi,"Lodha Primero, Mahalakshmi",2,67500.0,1107.0,Carpet Area,18.0,23.0,3.0,Semi-Furnished,Family,Contact Agent
LST104870,Mumbai,Adarsh Nagar,"Auris Serenity, Adarsh Nagar",3,73000.0,1210.0,Super Area,8.0,46.0,2.0,Semi-Furnished,Bachelors,Contact Agent
LST102905,Mumbai,Chirag Nagar,Chirag Nagar,4,255500.0,1852.0,Carpet Area,5.0,13.0,4.0,Semi-Furnished,Bachelors,Contact Owner
LST100707,Mumbai,Kurar Village,"Omkar Alta Monte, Kurar Village",3,90000.0,1219.5,Carpet Area,9.0,55.0,3.0,Furnished,Bachelors/Family,Contact Agent
LST100574,Mumbai,shanti kutir tunga village powai,shanti kutir tunga village powai,1,25000.0,400.0,Carpet Area,-1.0,7.0,1.0,Unfurnished,Bachelors/Family,Contact Owner
LST101005,Mumbai,Bandra West,"Sunflower Apartment, Bandra West",1,12500.0,230.0,Super Area,9.0,31.0,1.0,Furnished,Bachelors/Family,Contact Agent
LST101767,Mumbai,Unknown,,3,79000.0,945.0,Carpet Area,7.0,20.0,3.0,Unfurnished,Family,Contact Owner
LST103999,Mumbai,Worli,"Mahalaxmi CHS, Worli",3,65500.0,1036.0,Carpet Area,0.0,5.0,4.0,Furnished,Bachelors,Contact Owner
LST104416,Mumbai,Nalasopara,"Nakoda Heights, Nalasopara",2,29000.0,539.0,Super Area,15.0,60.0,2.0,Unfurnished,Family,Contact Agent
LST100148,Mumbai,Chakala MIDC,"Hillcrest, Chakala MIDC",3,65000.0,1105.0,Carpet Area,15.0,19.0,3.0,Unfurnished,Bachelors/Family,Contact Agent
LST102718,Mumbai,Gokuldham,"Heena Gaurav Jewels, Gokuldham",2,41000.0,618.0,Super Area,15.0,22.0,2.0,Semi-Furnished,Family,Contact Agent
LST100908,Mumbai,Mulund East,"Sai Aasha Daya, Mulund East",2,31000.0,700.0,Super Area,2.0,8.0,2.0,Semi-Furnished,Bachelors/Family,Contact Owner
LST103309,Mumbai,Unknown,,3,244500.0,1605.0,Super Area,21.0,56.0,4.0,Semi-Furnished,Bachelors,Contact Agent
LST100902,Mumbai,Azad Nagar Colaba,Azad Nagar Colaba,2,70000.0,660.0,Carpet Area,0.0,6.0,2.0,Semi-Furnished,Bachelors/Family,Contact Agent
LST103654,Mumbai,Kandivali East,"Thakur Village, Kandivali East",1,59000.0,450.0,Carpet Area,14.0,68.0,1.0,Unfurnished,Family,Contact Owner
LST102297,Mumbai,Dadar West,Dadar West,3,56500.0,1097.0,Carpet Area,11.0,25.0,3.0,Furnished,Bachelors/Family,Contact Agent
LST104890,Mumbai,Kandivali East,"Alpine Shapoorji Pallonji, Thakur Village, Kandivali East",1,40500.0,452.0,Carpet Area,11.0,31.0,2.0,Unfurnished,Bachelors/Family,Contact Agent
LST101149,Mumbai,anjali,anjali,1,28500.0,551.0,Carpet Area,8.0,8.0,1.0,Furnished,Bachelors,Contact Agent
LST102466,Mumbai,Holly Cross Church Chowk,"Kohinoor City Phase II, Holly Cross Church Chowk",1,31500.0,675.0,Carpet Area,0.0,21.0,1.0,Semi-Furnished,Family,Contact Owner
LST101779,Mumbai,Parle Colony,Parle Colony,3,32500.0,973.0,Super Area,9.0,14.0,3.0,Semi-Furnished,Family,Contact Agent
LST102370,Mumbai,Kemps Corner,"The Primordial House, Kemps Corner",2,37000.0,680.0,Carpet Area,10.0,12.0,2.0,Semi-Furnished,Family,Contact Agent
LST103268,Mumbai,Kandivali East,"Evershine Millenium Paradise, Thakur Village, Kandivali East",2,56000.0,753.0,Super Area,15.0,17.0,2.0,Furnished,Bachelors/Family,Contact Owner
LST101514,Mumbai,Andheri East,"Kanakia Sevens, Andheri East",2,84500.0,1023.0,Super Area,29.0,36.0,2.0,Unfurnished,Bachelors,Contact Agent
LST104374,Mumbai,Unknown,,1,17500.0,297.0,Carpet Area,15.0,43.0,1.0,Unfurnished,Family,Contact Owner
LST100495,Mumbai,Prabhadevi,"Chaitanya Towers, Prabhadevi",3,250000.0,1600.0,Super Area,19.0,25.0,3.0,Semi-Furnished,Bachelors/Family,Contact Agent
LST104001,Mumbai,Bhoiwada,"Crescent Bay T3, Bhoiwada",1,39500.0,490.0,Super Area,4.0,58.0,1.0,Unfurnished,Bachelors/Family,Contact Agent
LST102987,Mumbai,Unknown,,3,71000.0,973.0,Super Area,46.0,76.0,3.0,Furnished,Bachelors,Contact Owner
LST100288,Mumbai,Sion,"Sion East, Sion",1,40000.0,430.0,Carpet Area,4.0,8.0,2.0,Unfurnished,Bachelors/Family,Contact Agent
LST100930,Mumbai,Kandivali West,Kandivali West,1,14000.0,305.0,Carpet Area,2.0,24.0,1.0,Unfurnished,Bachelors/Family,Contact Agent
LST102510,Mumbai,Nalasopara,"Nakoda Heights, Nalasopara",2,91500.0,783.0,Carpet Area,10.0,22.0,2.0,Furnished,Bachelors,Contact Owner
LST104811,Mumbai,Thakur Complex,Thakur Complex,1,18000.0,345.0,Carpet Area,9.0,22.0,1.0,Semi-Furnished,Bachelors,Contact Owner
LST104489,Mumbai,Goregaon East,"Velentine Tower, Goregaon East",3,173000.0,1291.0,Super Area,8.0,27.0,2.0,Unfurnished,Bachelors/Family,Contact Owner
LST103859,Mumbai,Kandivali East,"Gokul Gagan, Thakur Village, Kandivali East",1,31500.0,452.0,Super Area,53.0,63.0,1.0,Semi-Furnished,Bachelors/Family,Contact Agent
LST104440,Mumbai,Bhandup West,"Samarth Garden, Bhandup West",3,177000.0,1286.0,Super Area,10.0,25.0,2.0,Semi-Furnished,Bachelors/Family,Contact Owner
LST102486,Mumbai,buena vista,buena vista,4,270500.0,1387.0,Super Area,2.0,17.0,4.0,Furnished,Bachelors/Family,Contact Agent
LST103841,Mumbai,Bandra West,"Queens Palace, Bandra West",1,25000.0,364.0,Super Area,40.0,75.0,2.0,Unfurnished,Bachelors/Family,Contact Owner
LST101047,Mumbai,Sakinaka Junction,Sakinaka Junction,3,117500.0,838.0,Super Area,10.0,28.0,2.0,Unfurnished,Bachelors,Contact Agent
LST103045,Mumbai,Lokhandwala Complex,"Transcon Triumph, Lokhandwala Complex",1,6500.0,184.0,Super Area,9.0,18.0,2.0,Unfurnished,Bachelors,Contact Agent
LST102862,Mumbai,Lokhandwala Complex,"Transcon Triumph, Lokhandwala Complex",1,31500.0,440.0,Super Area,3.0,8.0,1.0,Semi-Furnished,Bachelors,Contact Owner
LST101624,Mumbai,Worli,"World One Tower Mumbai, Worli",1,47500.0,450.0,Super Area,8.0,11.0,1.0,Unfurnished,Bachelors,Contact Owner
LST900026,Mumbai,Cuffe Parade,Cuffe Parade,2,19000.0,594.0,Carpet Area,16.0,20.0,2.0,Unfurnished,Bachelors,Contact Owner
LST102882,Mumbai,Mindspace,"Mindspace, Mindspace",1,104000.0,656.0,Carpet Area,1.0,7.0,1.0,Furnished,Family,Contact Agent
LST102969,Mumbai,Chinmay Gaurang Infrastructure Old Panvel,Chinmay Gaurang Infrastructure Old Panvel,3,163000.0,1346.0,Super Area,65.0,76.0,3.0,Semi-Furnished,Family,Contact Owner
LST103910,Mumbai,Worli,"lokhandwala residency, Worli",1,18000.0,355.0,Carpet Area,18.0,22.0,1.0,Semi-Furnished,Bachelors/Family,Contact Owner
LST101751,Mumbai,Goregaon East,"Oberoi Esquire, Goregaon East",3,51500.0,878.0,Carpet Area,2.0,4.0,4.0,Unfurnished,Bachelors,Contact Owner
LST101997,Mumbai,Worli,"Lodha The Park, Worli",2,44000.0,647.0,Carpet Area,17.0,25.0,2.0,Semi-Furnished,Bachelors/Family,Contact Owner
LST102872,Mumbai,Goregaon West,"Sejal Tower, Goregaon West",2,51000.0,843.0,Carpet Area,34.0,46.0,2.0,Unfurnished,Bachelors,Contact Agent
LST100146,Mumbai,Chembur,"MJ Shah Centrio, Chembur",2,65000.0,925.0,Carpet Area,10.0,22.0,3.0,Furnished,Bachelors/Family,Contact Agent
LST102351,Mumbai,Bandra West,"Mount Marry, Bandra West",2,72000.0,768.0,Carpet Area,0.0,6.0,1.0,Furnished,Bachelors,Contact Agent
LST103960,Mumbai,Wadala,"Lodha New Cuffe Parade, Wadala",3,68500.0,1448.0,Carpet Area,30.0,58.0,4.0,Semi-Furnished,Family,Contact Agent
LST101390,Mumbai,Lokhandwala Complex,"DLH Orchid, Lokhandwala Complex",2,56000.0,753.0,Carpet Area,-1.0,20.0,2.0,Semi-Furnished,Bachelors/Family,Contact Owner
LST104023,Mumbai,Worli Sea Face,"Lodha Marquise, Worli Sea Face",2,77500.0,803.0,Carpet Area,40.0,50.0,1.0,Unfurnished,Bachelors,Contact Agent
LST100796,Mumbai,Waterfield Road,Waterfield Road,1,80000.0,560.0,Carpet Area,1.0,7.0,1.0,Furnished,Bachelors/Family,Contact Agent
LST101377,Mumbai,Bhandup West,"Hudco Living Point, Bhandup West",2,12000.0,580.0,Super Area,8.0,8.0,1.0,Furnished,Family,Contact Agent
LST101844,Mumbai,Virar West,Virar West,2,82000.0,995.0,Super Area,9.0,15.0,3.0,Furnished,Family,Contact Agent
LST103594,Mumbai,PMGP COLONY,"MIDAS PMGP MHADA COLONY, PMGP COLONY",2,61500.0,781.0,Carpet Area,30.0,44.0,3.0,Semi-Furnished,Bachelors,Contact Owner
LST104341,Mumbai,Goregaon West,"Imperial Heights, Goregaon West",4,311000.0,1426.0,Super Area,60.0,66.0,3.0,Unfurnished,Bachelors/Family,Contact Agent
LST101360,Mumbai,Lodha casa rio,Lodha casa rio,3,72000.0,1182.0,Carpet Area,2.0,45.0,3.0,Unfurnished,Bachelors/Family,Contact Owner
LST103969,Mumbai,Opera House,Opera House,4,283500.0,3822.0,Carpet Area,4.0,7.0,4.0,Unfurnished,Bachelors/Family,Contact Owner
LST100421,Mumbai,Thane-Kalyan-Dombivli,Thane-Kalyan-Dombivli,3,15000.0,1219.5,Carpet Area,5.0,17.0,2.0,Unfurnished,Bachelors/Family,Contact Owner
LST102516,Mumbai,Andheri West,"Bharat Ark, Andheri West",1,17000.0,429.0,Carpet Area,29.0,35.0,1.0,Unfurnished,Bachelors/Family,Contact Owner
LST104989,Mumbai,Mahalakshmi,"Lodha Bellissimo, Mahalakshmi",2,220000.0,1141.0,Carpet Area,20.0,39.0,1.0,Furnished,Family,Contact Owner
LST101290,Mumbai,Gokuldham,"Valentine Apartments, Gokuldham",3,17500.0,634.0,Carpet Area,-1.0,22.0,2.0,Unfurnished,Bachelors,Contact Owner
LST100634,Mumbai,Unknown,,2,38000.0,700.0,Carpet Area,-1.0,22.0,2.0,Unfurnished,Bachelors/Family,Contact Agent
LST101804,Mumbai,Chikuwadi,Chikuwadi,1,37000.0,555.0,Super Area,5.0,22.0,1.0,Furnished,Bachelors/Family,Contact Owner
LST101089,Mumbai,Poisar,Poisar,1,32500.0,378.0,Super Area,16.0,20.0,1.0,Furnished,Bachelors/Family,Contact Agent
LST100791,Mumbai,Central Avenue Road,"Tridhaatu Bhaveshwar Vilas, Central Avenue Road",2,60000.0,750.0,Carpet Area,10.0,20.0,2.0,Unfurnished,Bachelors/Family,Contact Agent
LST104542,Mumbai,Carter Road,Carter Road,2,82000.0,869.0,Carpet Area,9.0,38.0,2.0,Unfurnished,Bachelors,Contact Agent
LST101204,Mumbai,Gokuldham,"GSA Grandeur, Gokuldham",1,16000.0,249.0,Super Area,15.0,28.0,1.0,Unfurnished,Bachelors,Contact Agent
LST104275,Mumbai,Bandra Kurla Complex,"Insignia, Bandra Kurla Complex",3,158500.0,1245.0,Super Area,19.0,24.0,2.0,Furnished,Bachelors,Contact Agent
LST104045,Mumbai,Adarsh Nagar,"Auris Serenity, Adarsh Nagar",2,46000.0,657.0,Carpet Area,24.0,60.0,2.0,Unfurnished,Bachelors/Family,Contact Agent
LST100842,Mumbai,Agarkar Chowk,"Oberoi Splendor Grande, Agarkar Chowk",3,170000.0,1337.0,Carpet Area,28.0,30.0,3.0,Semi-Furnished,Bachelors/Family,Contact Agent
LST101843,Mumbai,Goregaon East,"Oberoi Woods, Goregaon East",3,69000.0,890.0,Super Area,3.0,30.0,3.0,Semi-Furnished,Family,Contact Agent
LST100460,Mumbai,Worli Sea Face,"Lodha Marquise, Worli Sea Face",4,250000.0,2120.0,Carpet Area,46.0,76.0,5.0,Furnished,Bachelors/Family,Contact Agent
LST100956,Mumbai,Bhoiwada,Bhoiwada,1,22000.0,400.0,Super Area,8.0,22.0,1.0,Unfurnished,Bachelors/Family,Contact Owner
LST103927,Mumbai,Andheri East,"Greenfields CHS, Andheri East",1,67000.0,559.0,Super Area,5.0,11.0,1.0,Semi-Furnished,Family,Contact Owner
LST101038,Mumbai,Bandra West,"Vertical Bliss, Bandra West",2,39000.0,617.0,Super Area,14.0,24.0,1.0,Unfurnished,Family,Contact Owner
LST100619,Mumbai,Waterfield Road,"Benchmark Solus, Waterfield Road",4,290000.0,1500.0,Carpet Area,5.0,15.0,3.0,Furnished,Bachelors/Family,Contact Agent
LST102034,Mumbai,Mira Road East,"Kanungos Garden City, Mira Road East",2,65500.0,495.0,Carpet Area,-1.0,20.0,2.0,Unfurnished,Family,Contact Agent
LST104450,Mumbai,Mindspace,"Rustomjee Elanza, Mindspace",3,78500.0,1299.0,Super Area,5.0,14.0,3.0,Semi-Furnished,Family,Contact Agent
LST101078,Mumbai,Andheri East,"Hillcrest, Andheri East",3,130000.0,1165.0,Carpet Area,16.0,29.0,3.0,Semi-Furnished,Bachelors,Contact Owner
LST100717,Mumbai,JVLR-Jogeshwari Vikhroli Link Road,"Oberoi Splendor, JVLR-Jogeshwari Vikhroli Link Road",3,84500.0,889.0,Carpet Area,7.0,27.0,2.0,Semi-Furnished,Bachelors/Family,Contact Agent
LST102771,Mumbai,Kandivali East,"Highway Park Apartment, Kandivali East",1,27000.0,380.0,Carpet Area,11.0,19.0,1.0,Unfurnished,Family,Contact Owner
LST102157,Mumbai,Sai Nagar,"Kanakia Hollywood, Sai Nagar",2,94000.0,699.0,Super Area,3.0,58.0,2.0,Unfurnished,Family,Contact Owner
LST104917,Mumbai,KANDIVALI EAST,"EVERSHINE MILLENIUM PARADISE, THAKUR VILLAGE, KANDIVALI EAST",2,91000.0,1021.0,Super Area,4.0,13.0,1.0,Furnished,Bachelors/Family,Contact Owner
LST102321,Mumbai,Nalasopara West,Nalasopara West,2,39000.0,707.0,Super Area,17.0,35.0,2.0,Semi-Furnished,Family,Contact Agent
LST104878,Mumbai,Thakur Complex,"Gokul Regency Apartment, Thakur Complex",3,118500.0,1467.0,Carpet Area,14.0,21.0,4.0,Semi-Furnished,Family,Contact Owner
LST101505,Mumbai,Raheja Vihar,"Adityavardhan Apartment, Raheja Vihar",1,38500.0,479.0,Carpet Area,14.0,14.0,1.0,Furnished,Bachelors/Family,Contact Owner
LST103093,Mumbai,Gokuldham,Gokuldham,2,30000.0,762.0,Super Area,15.0,23.0,1.0,Furnished,Family,Contact Agent
LST100200,Mumbai,Andheri West,"HDIL Metropolis, Andheri West",3,80000.0,1050.0,Carpet Area,16.0,31.0,3.0,Furnished,Family,Contact Agent
LST101473,Mumbai,Gokuldham,"Sky Villa, Gokuldham",2,42000.0,788.0,Super Area,10.0,21.0,2.0,Semi-Furnished,Bachelors,Contact Owner
LST103976,Mumbai,Yari Road,"Rajesh Raj Classic, Yari Road",4,193000.0,2091.0,Carpet Area,11.0,19.0,5.0,Furnished,Bachelors,Contact Owner
LST103137,Mumbai,Bandra West,Bandra West,1,19000.0,346.0,Carpet Area,9.0,29.0,2.0,Semi-Furnished,Bachelors/Family,Contact Owner
LST104812,Mumbai,Powai,"Lake Homes, Powai",1,11000.0,562.0,Carpet Area,5.0,11.0,2.0,Furnished,Bachelors,Contact Owner
LST101156,Mumbai,Kandivali East,"Ishwardas Bhuvan CHS, Kandivali East",2,39000.0,853.0,Super Area,26.0,42.0,2.0,Furnished,Bachelors,Contact Agent
LST101664,Mumbai,Bandra Kurla Complex,"Insignia, Bandra Kurla Complex",2,34000.0,682.0,Carpet Area,-1.0,30.0,3.0,Unfurnished,Family,Contact Owner
LST103850,Mumbai,Sunder Nagar,"Dheeraj Kiran CHS Walad West, Sunder Nagar",2,137000.0,1574.0,Super Area,25.0,42.0,1.0,Semi-Furnished,Bachelors,Contact Agent
LST103269,Mumbai,Sakinaka Junction,"Akruti Orchid Park, Sakinaka Junction",1,39500.0,337.0,Carpet Area,4.0,6.0,2.0,Unfurnished,Bachelors/Family,Contact Agent
LST101436,Mumbai,Bandra East,"Rustomjee Seasons, Bandra East",2,9000.0,821.0,Super Area,14.0,15.0,2.0,Furnished,Bachelors,Contact Owner
LST103699,Mumbai,Bhandup,Bhandup,2,55000.0,894.0,Super Area,44.0,75.0,1.0,Unfurnished,Family,Contact Agent
LST102146,Mumbai,Andheri East,"Runwal Elina, Andheri East",2,43000.0,773.0,Super Area,18.0,21.0,1.0,Unfurnished,Bachelors,Contact Agent
LST103967,Mumbai,Goregaon East,"Dheeraj Valley Tower, Goregaon East",2,45500.0,822.0,Super Area,35.0,55.0,3.0,Semi-Furnished,Bachelors,Contact Owner
LST100540,Mumbai,Bandra West,Bandra West,2,100000.0,800.0,Carpet Area,1.0,5.0,2.0,Furnished,Bachelors/Family,Contact Agent
LST100761,Mumbai,Bhandup Industrial Estate,"Srishti Solitaire, Bhandup Industrial Estate",1,25000.0,444.0,Carpet Area,7.0,17.0,2.0,Unfurnished,Bachelors/Family,Contact Agent
LST103975,Mumbai,Bandra East,Bandra East,1,49500.0,589.0,Carpet Area,2.0,10.0,2.0,Semi-Furnished,Bachelors,Contact Agent
LST103752,Mumbai,Ghatkopar,Ghatkopar,3,281500.0,1461.0,Carpet Area,3.0,9.0,3.0,Furnished,Family,Contact Owner
LST100592,Mumbai,Chembur,"Godrej Prime, Chembur",2,70000.0,1050.0,Carpet Area,14.0,15.0,2.0,Furnished,Bachelors/Family,Contact Agent
LST102814,Mumbai,Turner Road,"Almeida Park, Turner Road",1,33500.0,510.0,Super Area,19.0,25.0,1.0,Unfurnished,Bachelors,Contact Owner
LST102379,Mumbai,Amar Nagar,Amar Nagar,4,231000.0,1970.0,Carpet Area,18.0,20.0,3.0,Semi-Furnished,Family,Contact Owner
LST104741,Mumbai,Parel,"Crescent Bay Callisto, Parel",2,37500.0,643.0,Super Area,16.0,32.0,2.0,Semi-Furnished,Family,Contact Owner
LST102840,Mumbai,Jankalyan Nagar,Jankalyan Nagar,3,131000.0,1336.0,Super Area,22.0,55.0,4.0,Unfurnished,Family,Contact Owner
LST100122,Mumbai,Lokhandwala Complex,Lokhandwala Complex,3,65000.0,825.0,Carpet Area,20.0,22.0,3.0,Furnished,Family,Contact Agent
LST102166,Mumbai,Kalina,Kalina,1,23000.0,612.0,Carpet Area,9.0,38.0,1.0,Furnished,Bachelors/Family,Contact Agent
LST100020,Mumbai,Kandivali East,"Godrej Tranquil, Kandivali East",1,21000.0,425.0,Carpet Area,11.0,21.0,2.0,Unfurnished,Bachelors/Family,Contact Agent
LST101272,Mumbai,Park Site Colony,"Mayfair Sonata Greens, Park Site Colony",1,19000.0,450.0,Carpet Area,60.0,71.0,2.0,Unfurnished,Bachelors,Contact Agent
LST104160,Mumbai,Jacob Circle,Jacob Circle,2,56000.0,686.0,Super Area,16.0,20.0,1.0,Semi-Furnished,Family,Contact Agent
LST102981,Mumbai,LOWER PAREL,"ASHFORD CASA GRANDE, LOWER PAREL",1,11000.0,351.0,Carpet Area,10.0,35.0,1.0,Semi-Furnished,Bachelors/Family,Contact Agent
LST101626,Mumbai,Andheri East,"Hillcrest, Andheri East",3,105000.0,973.0,Carpet Area,18.0,27.0,3.0,Unfurnished,Bachelors,Contact Owner
LST100413,Mumbai,Worli,Worli,1,18000.0,225.0,Carpet Area,18.0,24.0,2.0,Unfurnished,Bachelors,Contact Agent
LST101938,Mumbai,Lal Baug,"Royal Residency, Lal Baug",3,161000.0,1247.0,Super Area,15.0,22.0,4.0,Unfurnished,Family,Contact Owner
LST104522,Mumbai,Jankalyan Nagar,"Ratan Silicon Park, Jankalyan Nagar",1,30500.0,399.0,Super Area,17.0,46.0,1.0,Semi-Furnished,Bachelors,Contact Owner
LST100158,Mumbai,Bandra West,Bandra West,3,150000.0,1400.0,Carpet Area,6.0,12.0,3.0,Semi-Furnished,Bachelors/Family,Contact Agent
LST103080,Mumbai,GREEN PARK,GREEN PARK,2,158000.0,1168.0,Super Area,2.0,18.0,2.0,Furnished,Family,Contact Owner
LST102055,Mumbai,Altamount Road,Altamount Road,5,499000.0,2194.0,Super Area,2.0,5.0,4.0,Furnished,Bachelors/Family,Contact Owner
LST102470,Mumbai,Dina Bama Estate,Dina Bama Estate,3,210500.0,990.0,Super Area,3.0,4.0,2.0,Unfurnished,Family,Contact Owner
LST101459,Mumbai,Worli,"Omkar 1973, Worli",3,118000.0,942.0,Super Area,10.0,12.0,2.0,Semi-Furnished,Bachelors/Family,Contact Agent
LST101787,Mumbai,Mindspace,"Rustomjee Elanza, Mindspace",3,77500.0,1067.0,Super Area,9.0,19.0,2.0,Semi-Furnished,Family,Contact Owner
LST102212,Mumbai,Sakinaka Junction,"Crescent Solitaire, Sakinaka Junction",5,367000.0,1769.0,Super Area,11.0,51.0,5.0,Semi-Furnished,Family,Contact Agent
LST104745,Mumbai,Suram Park Society,Suram Park Society,2,44000.0,700.0,Super Area,60.0,66.0,2.0,Furnished,Bachelors,Contact Owner
LST103779,Mumbai,Srinagarchs chembur west near sankralyammandir,Srinagarchs chembur west near sankralyammandir,1,23000.0,305.0,Carpet Area,18.0,32.0,1.0,Furnished,Bachelors/Family,Contact Agent
LST100325,Mumbai,Grant Road,Grant Road,1,50000.0,413.0,Carpet Area,5.0,6.0,1.0,Furnished,Bachelors/Family,Contact Owner
LST104077,Mumbai,Dattani Park,Dattani Park,4,143500.0,1574.0,Carpet Area,4.0,10.0,3.0,Semi-Furnished,Family,Contact Agent
LST101224,Mumbai,Dadar West,"Salvation CHS, Dadar West",1,10000.0,391.0,Super Area,10.0,24.0,1.0,Unfurnished,Bachelors,Contact Owner
LST103358,Mumbai,GREEN PARK,GREEN PARK,2,51000.0,1440.0,Super Area,17.0,27.0,1.0,Semi-Furnished,Bachelors/Family,Contact Agent
LST104894,Mumbai,Kandivali East,Kandivali East,1,56000.0,510.0,Super Area,6.0,14.0,2.0,Semi-Furnished,Family,Contact Owner
LST101531,Mumbai,Powai,"K Raheja Maple Leaf, Powai",1,18000.0,369.0,Super Area,8.0,17.0,1.0,Furnished,Bachelors,Contact Owner
LST103751,Mumbai,Kashimira,"Man Opus, Kashimira",1,40000.0,413.0,Super Area,25.0,35.0,1.0,Furnished,Bachelors,Contact Owner
LST101589,Mumbai,Chembur,"Godrej Prime, Chembur",2,73500.0,773.0,Super Area,32.0,59.0,3.0,Furnished,Bachelors/Family,Contact Owner
LST102549,Mumbai,Lokhandwala Complex,Lokhandwala Complex,1,15500.0,450.0,Carpet Area,7.0,20.0,1.0,Furnished,Family,Contact Owner
LST103743,Mumbai,Lokhandwala Complex,"Stellar Tower, Lokhandwala Complex",1,25500.0,450.0,Carpet Area,6.0,8.0,1.0,Unfurnished,Bachelors/Family,Contact Owner
LST100156,Mumbai,Bandra East,"Insignia, Bandra East",4,150000.0,1460.0,Carpet Area,11.0,13.0,4.0,Semi-Furnished,Bachelors/Family,Contact Agent
LST100986,Mumbai,Bandra Kurla Complex,"Insignia, Bandra Kurla Complex",2,30500.0,721.0,Super Area,-1.0,30.0,2.0,Unfurnished,Family,Contact Agent
LST102811,Mumbai,Mulund West,"Vasant Oscar, Mulund West",2,59500.0,770.0,Super Area,2.0,5.0,2.0,Unfurnished,Family,Contact Agent
LST101342,Mumbai,Dadar East,"Bombay Dyeing Two ICC, Dadar East",2,87000.0,1049.0,Super Area,8.0,45.0,2.0,Semi-Furnished,Bachelors,Contact Agent
LST102675,Mumbai,Santacruz West,"Ekta Trinity, Santacruz West",1,13500.0,380.0,Super Area,22.0,22.0,1.0,Furnished,Family,Contact Agent
LST100631,Mumbai,Kandivali East,"Vasant Sagar, Thakur Village, Kandivali East",1,26500.0,450.0,Carpet Area,5.0,8.0,2.0,Furnished,Family,Contact Agent
LST100477,Mumbai,Juhu,Juhu,4,1200000.0,5000.0,Carpet Area,4.0,15.0,4.0,Semi-Furnished,Bachelors/Family,Contact Agent
LST104412,Mumbai,Nahur Gaothan,Nahur Gaothan,2,81000.0,790.0,Carpet Area,41.0,41.0,1.0,Unfurnished,Family,Contact Owner
LST103412,Mumbai,Chembur East,"Alpine Apartments, Chembur East",3,120000.0,1344.0,Carpet Area,22.0,30.0,3.0,Furnished,Family,Contact Owner
LST102317,Mumbai,Bandra West,"Sunflower Apartment, Bandra West",3,145500.0,1442.0,Super Area,15.0,19.0,4.0,Furnished,Bachelors,Contact Agent
LST100449,Mumbai,Lokhandwala Complex,Lokhandwala Complex,3,130000.0,1800.0,Super Area,10.0,16.0,3.0,Unfurnished,Bachelors/Family,Contact Agent
LST103247,Mumbai,Bandra West,"Siddhivinayak, Bandra West",2,33000.0,748.0,Super Area,16.0,29.0,3.0,Furnished,Bachelors/Family,Contact Owner
LST100755,Mumbai,in Kandivali West,in Kandivali West,1,23000.0,440.0,Carpet Area,0.0,4.0,1.0,Semi-Furnished,Bachelors,Contact Agent
LST102744,Mumbai,Kandivali West,"Sakhi, Kandivali West",4,211000.0,1707.0,Carpet Area,9.0,30.0,3.0,Semi-Furnished,Bachelors/Family,Contact Owner
LST102099,Mumbai,Balkrishna Dadu Karade Chowk,"Celestia Spaces, Balkrishna Dadu Karade Chowk",2,76000.0,738.0,Super Area,24.0,24.0,1.0,Furnished,Bachelors,Contact Owner
LST103210,Mumbai,Worli,"Avarsekar Heights, Worli",1,39000.0,486.0,Super Area,9.0,17.0,1.0,Unfurnished,Family,Contact Owner
LST103755,Mumbai,Dina Bama Estate,Dina Bama Estate,3,148000.0,1293.0,Super Area,22.0,30.0,3.0,Semi-Furnished,Bachelors,Contact Agent
LST102482,Mumbai,New Devchhaya Building,New Devchhaya Building,1,21500.0,446.0,Super Area,1.0,10.0,2.0,Semi-Furnished,Bachelors,Contact Agent
LST103849,Mumbai,Chembur,"Godrej Serenity Mumbai, Chembur",3,152000.0,1255.0,Carpet Area,14.0,27.0,3.0,Unfurnished,Family,Contact Agent
LST100833,Mumbai,Goregaon East,"Shiv Dham Apartment, Goregaon East",2,34000.0,600.0,Carpet Area,4.0,7.0,2.0,Unfurnished,Bachelors,Contact Agent
LST104078,Mumbai,Malad East,"Kanakia Levels, Malad East",1,30000.0,392.0,Super Area,15.0,23.0,1.0,Furnished,Bachelors,Contact Owner
LST102289,Mumbai,Ghatla,"vanamali chs ghatla, Ghatla",1,20000.0,550.0,Super Area,10.0,21.0,1.0,Semi-Furnished,Bachelors/Family,Contact Owner
LST100182,Mumbai,Parel,"Ashok tower, Parel",3,230000.0,1915.0,Super Area,3.0,18.0,3.0,Semi-Furnished,Bachelors/Family,Contact Agent
LST103836,Mumbai,Bhakti Park,"Ajmera Bhakti Park, Bhakti Park",4,256000.0,1793.0,Carpet Area,25.0,52.0,3.0,Semi-Furnished,Family,Contact Owner
LST104159,Mumbai,Chandivali,Chandivali,2,46500.0,853.0,Carpet Area,4.0,27.0,3.0,Furnished,Bachelors,Contact Owner
LST101611,Mumbai,Taloja Phase 2,Taloja Phase 2,1,16000.0,446.0,Super Area,0.0,6.0,1.0,Unfurnished,Bachelors,Contact Owner
LST102419,Mumbai,Yari Road,"Chanchal Kalyan Complex, Yari Road",1,71500.0,584.0,Carpet Area,4.0,11.0,1.0,Furnished,Bachelors,Contact Owner
LST101516,Mumbai,Mira Bhayandar,Mira Bhayandar,1,40000.0,371.0,Super Area,2.0,6.0,2.0,Unfurnished,Bachelors,Contact Agent
LST103554,Mumbai,Thakur Complex,"Gokul Accord, Thakur Complex",1,28000.0,452.0,Super Area,7.0,10.0,2.0,Unfurnished,Bachelors,Contact Agent
LST103675,Mumbai,Chembur,"Atur Park, Chembur",1,7000.0,333.0,Super Area,5.0,23.0,1.0,Furnished,Bachelors/Family,Contact Owner
LST102235,Mumbai,Santacruz West,"Ekta Trinity, Santacruz West",1,72500.0,581.0,Super Area,17.0,39.0,2.0,Furnished,Family,Contact Owner
LST103239,Mumbai,Santacruz East,"Kabra Centroid, Santacruz East",2,28000.0,679.0,Carpet Area,13.0,16.0,2.0,Furnished,Family,Contact Agent
LST103514,Mumbai,Deonar,Deonar,3,77500.0,1028.0,Carpet Area,12.0,25.0,3.0,Semi-Furnished,Family,Contact Agent
LST104295,Mumbai,Opera House,Opera House,5,685500.0,3996.0,Carpet Area,2.0,17.0,5.0,Unfurnished,Bachelors,Contact Agent
LST100803,Mumbai,Beverly Park,"Marigold-5, Beverly Park",2,20000.0,600.0,Carpet Area,7.0,7.0,2.0,Furnished,Family,Contact Agent
LST103526,Mumbai,Bandra West,"Vertical Bliss, Bandra West",4,176000.0,1606.0,Super Area,24.0,55.0,4.0,Semi-Furnished,Bachelors/Family,Contact Owner
LST104156,Mumbai,Kurar Village,"Omkar Alta Monte, Kurar Village",1,18500.0,281.0,Super Area,16.0,32.0,1.0,Semi-Furnished,Bachelors,Contact Agent
LST104607,Mumbai,Dadar TT Circle,"Bombay Dyeing Two ICC, Dadar TT Circle",2,34000.0,699.0,Super Area,7.0,15.0,3.0,Furnished,Family,Contact Owner
LST104409,Mumbai,Dadar East,"Bombay Dyeing Two ICC, Dadar East",3,47500.0,1236.0,Carpet Area,10.0,19.0,3.0,Furnished,Bachelors/Family,Contact Agent
LST101100,Mumbai,Chembur,"Ekta Legranz, Chembur",3,225000.0,1897.0,Super Area,15.0,28.0,3.0,Unfurnished,Bachelors,Contact Agent
LST104849,Mumbai,Kandivali East,"Alpine, Kandivali East",3,77500.0,1062.0,Super Area,24.0,55.0,2.0,Semi-Furnished,Bachelors,Contact Owner
LST102922,Mumbai,new panvel,new panvel,3,92000.0,1598.0,Carpet Area,5.0,8.0,3.0,Unfurnished,Bachelors,Contact Owner
LST103199,Mumbai,Devi Pada,Devi Pada,2,54500.0,633.0,Carpet Area,9.0,18.0,2.0,Unfurnished,Family,Contact Owner
LST102906,Mumbai,Goregaon East,"Balkrishna, Goregaon East",3,82500.0,1158.0,Carpet Area,7.0,10.0,4.0,Unfurnished,Bachelors,Contact Owner
LST103857,Mumbai,Turner Road,"Almeida Park, Turner Road",2,43500.0,753.0,Carpet Area,4.0,8.0,1.0,Semi-Furnished,Family,Contact Agent
LST101482,Mumbai,Goregaon West,"Sejal Tower, Goregaon West",1,40000.0,493.0,Super Area,9.0,30.0,1.0,Unfurnished,Bachelors/Family,Contact Agent
LST104120,Mumbai,Mount Mary,"Mount Marry, Mount Mary",2,93500.0,817.0,Carpet Area,13.0,13.0,3.0,Unfurnished,Bachelors/Family,Contact Owner
LST104840,Mumbai,Bandra Kurla Complex,"Kanakia Paris, Bandra Kurla Complex",1,54500.0,492.0,Carpet Area,18.0,23.0,1.0,Unfurnished,Family,Contact Owner
LST101306,Mumbai,Seven Bungalows,Seven Bungalows,2,67500.0,1063.0,Super Area,13.0,14.0,1.0,Semi-Furnished,Bachelors/Family,Contact Owner
LST104314,Mumbai,Worli,"Avarsekar Heights, Worli",1,32000.0,483.0,Carpet Area,5.0,13.0,1.0,Semi-Furnished,Bachelors/Family,Contact Agent
LST104873,Mumbai,Lokhandwala Complex,"Magnum Tower CHS, Lokhandwala Complex",2,48000.0,753.0,Carpet Area,19.0,24.0,2.0,Semi-Furnished,Bachelors/Family,Contact Owner
LST100349,Mumbai,Andheri West,"DLH Orchid, Andheri West",3,85000.0,1000.0,Carpet Area,16.0,25.0,4.0,Semi-Furnished,Bachelors/Family,Contact Agent
LST102653,Mumbai,Thane-Kalyan-Dombivli,Thane-Kalyan-Dombivli,2,53000.0,786.0,Super Area,4.0,10.0,1.0,Semi-Furnished,Bachelors/Family,Contact Agent
LST101502,Mumbai,Gokuldham,"DB Woods, Gokuldham",1,16000.0,383.0,Super Area,14.0,15.0,2.0,Semi-Furnished,Bachelors,Contact Agent
LST100561,Mumbai,Matunga East,Matunga East,2,80000.0,670.0,Carpet Area,5.0,17.0,2.0,Unfurnished,Bachelors,Contact Agent
LST102465,Mumbai,Bhandup West,"Mayuresh Srishti, Bhandup West",1,38500.0,432.0,Super Area,1.0,4.0,1.0,Semi-Furnished,Bachelors/Family,Contact Agent
LST104060,Mumbai,Andheri East,"Eco Residency, Andheri East",4,1000000.0,4419.0,Super Area,2.0,7.0,3.0,Unfurnished,Family,Contact Owner
LST100213,Mumbai,Andheri East,"Trans Residency, Andheri East",2,46000.0,680.0,Carpet Area,4.0,7.0,2.0,Semi-Furnished,Bachelors/Family,Contact Agent
LST100315,Mumbai,Bandra West,Bandra West,5,450000.0,3400.0,Carpet Area,2.0,5.0,5.0,Semi-Furnished,Bachelors/Family,Contact Agent
LST102625,Mumbai,Bhatti Pada,Bhatti Pada,3,194500.0,1524.0,Super Area,4.0,10.0,3.0,Unfurnished,Bachelors,Contact Owner
LST104694,Mumbai,parel,"saraswati sadan, parel",3,80500.0,1196.0,Super Area,12.0,25.0,4.0,Furnished,Bachelors,Contact Agent
LST100546,Mumbai,Kandivali West,"Gemstar Symphony Apartment, Kandivali West",3,45000.0,985.0,Carpet Area,-2.0,18.0,3.0,Unfurnished,Family,Contact Agent
LST104657,Mumbai,Ghatkopar East,Ghatkopar East,2,43500.0,802.0,Carpet Area,9.0,29.0,2.0,Furnished,Bachelors/Family,Contact Agent
LST100503,Mumbai,Santacruz West,Santacruz West,2,100000.0,753.0,Carpet Area,2.0,12.0,2.0,Furnished,Bachelors/Family,Contact Agent
LST103208,Mumbai,Lower Parel,"Ashford Casa Grande, Lower Parel",1,31500.0,572.0,Super Area,14.0,22.0,1.0,Furnished,Bachelors,Contact Owner
LST104756,Mumbai,Shri Swami Samarth Nagar,Shri Swami Samarth Nagar,5,281000.0,3239.0,Carpet Area,35.0,62.0,5.0,Semi-Furnished,Bachelors/Family,Contact Agent
LST103503,Mumbai,Borivali East,Borivali East,2,36000.0,889.0,Carpet Area,9.0,16.0,2.0,Unfurnished,Bachelors/Family,Contact Owner
LST103576,Mumbai,Bandra East,Bandra East,1,23500.0,349.0,Super Area,15.0,28.0,1.0,Unfurnished,Family,Contact Agent
LST102340,Mumbai,Wadala,"Antop Hill, Wadala",3,89000.0,1422.0,Carpet Area,30.0,58.0,3.0,Unfurnished,Bachelors,Contact Agent
LST100151,Mumbai,Chembur,Chembur,1,32000.0,460.0,Carpet Area,7.0,12.0,2.0,Unfurnished,Bachelors/Family,Contact Agent
LST100169,Mumbai,Film City,Film City,2,50000.0,850.0,Carpet Area,10.0,23.0,2.0,Semi-Furnished,Bachelors/Family,Contact Agent
LST101748,Mumbai,Sion East,Sion East,3,42500.0,751.0,Super Area,10.0,21.0,3.0,Furnished,Bachelors,Contact Agent
LST102455,Mumbai,Evershine Nagar,"Gokul Apartment, Evershine Nagar",1,16000.0,350.0,Super Area,21.0,21.0,2.0,Furnished,Bachelors,Contact Agent
LST104167,Mumbai,Mulund West,"Sheth Montana, Mulund West",1,30000.0,530.0,Carpet Area,7.0,28.0,1.0,Furnished,Family,Contact Owner
LST101009,Mumbai,Dadar West,"Vaibhav Apartments, Dadar West",3,188000.0,1052.0,Super Area,10.0,21.0,4.0,Unfurnished,Family,Contact Agent
LST100264,Mumbai,Khar West,Khar West,3,200000.0,1208.0,Carpet Area,5.0,14.0,3.0,Unfurnished,Bachelors,Contact Agent
LST101743,Mumbai,anjali,anjali,1,63000.0,621.0,Super Area,45.0,77.0,1.0,Furnished,Bachelors/Family,Contact Agent
LST103217,Mumbai,Ghatkopar,"Ambika Siddhi Apartment, Ghatkopar",1,16000.0,347.0,Carpet Area,19.0,33.0,1.0,Unfurnished,Bachelors/Family,Contact Agent
LST100379,Mumbai,Unknown,,3,75000.0,1000.0,Carpet Area,6.0,12.0,3.0,Furnished,Bachelors/Family,Contact Agent
LST100970,Mumbai,Gokuldham,"DB Woods, Gokuldham",3,90000.0,1120.0,Carpet Area,8.0,45.0,2.0,Furnished,Bachelors/Family,Contact Agent
LST102520,Mumbai,Dhanukar Wadi,Dhanukar Wadi,1,17500.0,405.0,Carpet Area,36.0,81.0,2.0,Semi-Furnished,Bachelors,Contact Owner
LST100215,Mumbai,Chandivali,"Shapoorji Pallonji Vicinia, Chandivali",2,55100.0,710.0,Carpet Area,10.0,22.0,2.0,Semi-Furnished,Bachelors/Family,Contact Agent
LST102178,Mumbai,Chakala,"Rustomjee Central Park, Chakala",1,26500.0,299.0,Carpet Area,18.0,29.0,2.0,Semi-Furnished,Bachelors,Contact Agent
LST101478,Mumbai,Raheja Vihar,"Adityavardhan Apartment, Raheja Vihar",1,13500.0,272.0,Carpet Area,15.0,22.0,1.0,Furnished,Bachelors/Family,Contact Owner
LST104462,Mumbai,Bandra Kurla Complex,"Kanakia Paris, Bandra Kurla Complex",2,88000.0,826.0,Super Area,5.0,12.0,2.0,Semi-Furnished,Bachelors/Family,Contact Owner
LST103634,Mumbai,Thakur Complex,"Gokul Regency Apartment, Thakur Complex",2,47000.0,705.0,Super Area,17.0,20.0,2.0,Unfurnished,Family,Contact Agent
LST103456,Mumbai,Vikhroli East,"Godrej The Trees, Vikhroli East",1,19000.0,370.0,Super Area,6.0,19.0,1.0,Semi-Furnished,Family,Contact Agent
LST104738,Mumbai,Dadar West,"Sugee Sadan, Dadar West",1,21000.0,450.0,Carpet Area,21.0,22.0,1.0,Furnished,Family,Contact Owner
LST102883,Mumbai,in Sion,in Sion,2,39000.0,587.0,Super Area,1.0,4.0,1.0,Semi-Furnished,Family,Contact Owner
LST103979,Mumbai,Mazgaon,Mazgaon,2,52000.0,1055.0,Super Area,15.0,37.0,1.0,Semi-Furnished,Bachelors/Family,Contact Owner
LST100424,Mumbai,Mira Road East,Mira Road East,1,11000.0,390.0,Carpet Area,0.0,4.0,1.0,Semi-Furnished,Bachelors/Family,Contact Agent
LST101750,Mumbai,Dadar East,"Island City Centre, Dadar East",2,38500.0,668.0,Carpet Area,12.0,18.0,3.0,Furnished,Bachelors,Contact Agent
LST101741,Mumbai,Vile Parle West,"Irla, Vile Parle West",1,21000.0,228.0,Super Area,18.0,20.0,1.0,Unfurnished,Family,Contact Agent
LST100259,Mumbai,Mulund East,Mulund East,3,42000.0,950.0,Carpet Area,5.0,7.0,3.0,Unfurnished,Bachelors/Family,Contact Agent
LST102681,Mumbai,Pali Hill,"Dheeraj Swapna Apartment, Pali Hill",2,49000.0,1000.0,Carpet Area,24.0,55.0,1.0,Semi-Furnished,Bachelors,Contact Owner
LST101919,Mumbai,Bhandup West,"Shree Sai Usha Complex, Bhandup West",3,76500.0,1030.0,Super Area,11.0,19.0,4.0,Unfurnished,Bachelors/Family,Contact Owner
LST103191,Mumbai,Waterfield Road,"Benchmark Solus, Waterfield Road",1,68500.0,509.0,Carpet Area,3.0,5.0,1.0,Unfurnished,Bachelors/Family,Contact Owner
LST102912,Mumbai,Bhandup West,"Srishti Elegance, Bhandup West",2,39000.0,760.0,Super Area,24.0,25.0,3.0,Unfurnished,Family,Contact Owner
LST101833,Mumbai,Worli,"World One Tower Mumbai, Worli",2,35500.0,648.0,Carpet Area,-1.0,7.0,1.0,Unfurnished,Family,Contact Owner
LST101128,Mumbai,Dadar TT Circle,"Bombay Dyeing Two ICC, Dadar TT Circle",1,19500.0,306.0,Super Area,5.0,10.0,1.0,Furnished,Bachelors,Contact Owner
LST104063,Mumbai,Bhandup Industrial Estate,"Srishti Solitaire, Bhandup Industrial Estate",3,145000.0,2083.0,Carpet Area,19.0,24.0,3.0,Semi-Furnished,Bachelors/Family,Contact Owner
LST104888,Mumbai,Santacruz East,Santacruz East,1,22500.0,368.0,Super Area,13.0,20.0,1.0,Unfurnished,Bachelors/Family,Contact Agent
LST100669,Mumbai,Andheri East,Andheri East,1,35000.0,415.0,Super Area,2.0,7.0,1.0,Unfurnished,Bachelors/Family,Contact Owner
LST101928,Mumbai,Powai,"Panch Complex, Powai",3,119000.0,1448.0,Super Area,8.0,12.0,2.0,Semi-Furnished,Family,Contact Owner
LST100545,Mumbai,Bhatti Pada,Bhatti Pada,1,30000.0,400.0,Super Area,3.0,6.0,1.0,Unfurnished,Bachelors,Contact Owner
LST102383,Mumbai,Rambaug,Rambaug,1,65000.0,542.0,Carpet Area,25.0,43.0,1.0,Semi-Furnished,Bachelors,Contact Agent
LST103277,Mumbai,Dadar TT Circle,"Island City Centre, Dadar TT Circle",3,71000.0,1002.0,Carpet Area,9.0,21.0,4.0,Unfurnished,Bachelors,Contact Agent
LST102699,Mumbai,Sher E Punjab Society,Sher E Punjab Society,2,90500.0,661.0,Super Area,7.0,8.0,1.0,Semi-Furnished,Bachelors/Family,Contact Owner
LST102935,Mumbai,Seven Bungalows,Seven Bungalows,2,41500.0,847.0,Carpet Area,12.0,26.0,2.0,Unfurnished,Family,Contact Agent
LST104585,Mumbai,Wadala,"Llyod Estate, Wadala",5,442000.0,2171.0,Super Area,3.0,28.0,6.0,Unfurnished,Family,Contact Owner
LST103222,Mumbai,Chandivali,"Shapoorji Pallonji Vicinia, Chandivali",3,145000.0,1367.0,Super Area,7.0,11.0,2.0,Furnished,Bachelors,Contact Agent
LST104661,Mumbai,Unknown,,3,217000.0,1840.0,Carpet Area,7.0,41.0,4.0,Unfurnished,Family,Contact Owner
LST103201,Mumbai,Andheri East,"Eco Residency, Andheri East",3,64500.0,963.0,Super Area,11.0,13.0,2.0,Unfurnished,Bachelors/Family,Contact Owner
LST104541,Mumbai,Pant Nagar,Pant Nagar,2,45500.0,659.0,Super Area,5.0,5.0,2.0,Semi-Furnished,Bachelors,Contact Agent
LST100931,Mumbai,Sion East,"Paras Building, Sion East",3,75000.0,970.0,Carpet Area,1.0,3.0,2.0,Furnished,Bachelors/Family,Contact Owner
LST100984,Mumbai,Thakur Complex,"Bhoomi Elegant, Thakur Complex",2,56000.0,724.0,Carpet Area,18.0,40.0,2.0,Furnished,Bachelors/Family,Contact Owner
LST100390,Mumbai,Bandra West,"Violette Valley, Bandra West",1,100000.0,400.0,Carpet Area,9.0,10.0,1.0,Furnished,Bachelors/Family,Contact Agent
LST104304,Mumbai,Goregaon East,"Lakshchandi Height, Goregaon East",3,61500.0,757.0,Super Area,60.0,71.0,3.0,Unfurnished,Family,Contact Owner
LST104308,Mumbai,Chandivali,"Lake Primrose, Chandivali",2,40000.0,685.0,Super Area,2.0,3.0,1.0,Unfurnished,Bachelors/Family,Contact Owner
LST101490,Mumbai,Sion,"Sion East, Sion",5,62500.0,1387.0,Super Area,22.0,33.0,5.0,Semi-Furnished,Bachelors,Contact Agent
LST101474,Mumbai,Oshiwara,Oshiwara,1,24500.0,346.0,Super Area,7.0,10.0,1.0,Semi-Furnished,Bachelors,Contact Agent
LST102910,Mumbai,Akurli Nagar,"Kalpataru Towers, Akurli Nagar",2,35500.0,1012.0,Super Area,4.0,58.0,3.0,Semi-Furnished,Bachelors,Contact Agent
LST103564,Mumbai,Vasai East,"Nicon Infinity, Vasai East",2,43500.0,829.0,Carpet Area,0.0,8.0,1.0,Semi-Furnished,Bachelors/Family,Contact Owner
LST104082,Mumbai,Wadala East,"Dosti Ambrosia, Wadala East",3,218500.0,1409.0,Carpet Area,3.0,18.0,3.0,Furnished,Bachelors,Contact Agent
LST100523,Mumbai,Bhakti Park,"Ajmera Bhakti Park, Bhakti Park",2,46000.0,710.0,Carpet Area,15.0,18.0,2.0,Unfurnished,Bachelors/Family,Contact Agent
LST104125,Mumbai,Turner Road,"L Nagpal Ruby, Turner Road",2,39500.0,636.0,Carpet Area,46.0,78.0,2.0,Unfurnished,Bachelors/Family,Contact Agent
LST104190,Mumbai,4 Bunglows,"Adani Western Heights, 4 Bunglows",2,84000.0,906.0,Super Area,7.0,41.0,3.0,Furnished,Bachelors/Family,Contact Owner
LST900023,Mumbai,BMC Colony Malad East,"Raheja Heights, BMC Colony Malad East",2,50000.0,820.0,Carpet Area,7.0,28.0,2.0,Semi-Furnished,Bachelors/Family,Contact Agent
LST104668,Mumbai,Bhandup West,"Usha Nagar Society, Bhandup West",2,54000.0,673.0,Super Area,10.0,32.0,1.0,Furnished,Family,Contact Owner
LST102260,Mumbai,Raheja Vihar,"Adityavardhan Apartment, Raheja Vihar",2,38000.0,645.0,Carpet Area,13.0,21.0,3.0,Semi-Furnished,Bachelors/Family,Contact Owner
LST101131,Mumbai,Seven Bungalows,"Kabra Metro One, Seven Bungalows",4,255000.0,1970.0,Super Area,8.0,9.0,4.0,Unfurnished,Family,Contact Owner
LST101453,Mumbai,Malad West,"Lovedale Residences, Malad West",1,5000.0,191.0,Super Area,10.0,28.0,1.0,Furnished,Family,Contact Owner
LST100345,Mumbai,Breach Candy,Breach Candy,2,170000.0,1000.0,Carpet Area,5.0,9.0,3.0,Furnished,Bachelors/Family,Contact Agent
LST100982,Mumbai,Sion,"Sion East, Sion",3,105000.0,1305.0,Super Area,18.0,28.0,4.0,Unfurnished,Bachelors,Contact Agent
LST101879,Mumbai,Chinmay Gaurang Infrastructure Old Panvel,Chinmay Gaurang Infrastructure Old Panvel,1,31000.0,412.0,Super Area,8.0,18.0,1.0,Furnished,Family,Contact Owner
LST103415,Mumbai,Mulund West,"Sheth Montana, Mulund West",4,169500.0,1970.0,Super Area,18.0,33.0,4.0,Semi-Furnished,Family,Contact Agent
LST104987,Mumbai,Santacruz West,"Ekta Trinity, Santacruz West",2,212500.0,1064.0,Super Area,4.0,11.0,2.0,Semi-Furnished,Bachelors,Contact Owner
LST102281,Mumbai,Kanjurmarg East,Kanjurmarg East,2,14500.0,860.0,Carpet Area,1.0,20.0,3.0,Semi-Furnished,Family,Contact Agent
LST103085,Mumbai,Amit Nagar,"Badrinath Tower, Amit Nagar",2,42500.0,730.0,Super Area,-1.0,30.0,3.0,Furnished,Bachelors,Contact Agent
LST102388,Mumbai,Datta Pada,"Kaustubh Platinum, Datta Pada",4,280000.0,2418.0,Carpet Area,8.0,28.0,4.0,Furnished,Bachelors,Contact Agent
LST103964,Mumbai,Mulund East,"Sai Aasha Daya, Mulund East",2,23500.0,898.0,Carpet Area,10.0,23.0,2.0,Semi-Furnished,Family,Contact Agent
LST104249,Mumbai,Amar Nagar,Amar Nagar,2,74000.0,920.0,Carpet Area,7.0,10.0,2.0,Unfurnished,Bachelors/Family,Contact Owner
LST100953,Mumbai,Seven Bungalows,Seven Bungalows,1,45000.0,480.0,Carpet Area,7.0,7.0,2.0,Furnished,Bachelors/Family,Contact Agent
LST102857,Mumbai,Chembur,"Sindhi Society, Chembur",4,215000.0,1585.0,Super Area,2.0,24.0,4.0,Semi-Furnished,Family,Contact Owner
LST101225,Mumbai,sra,sra,2,105500.0,623.0,Carpet Area,4.0,5.0,2.0,Semi-Furnished,Bachelors/Family,Contact Owner
LST102972,Mumbai,Hiranandani Gardens,"Hiranandani Gardens Torino, Hiranandani Gardens",3,84500.0,1265.0,Carpet Area,0.0,7.0,3.0,Semi-Furnished,Bachelors,Contact Agent
LST101546,Mumbai,Goregaon East,"Lakshchandi Height, Goregaon East",3,238500.0,1552.0,Carpet Area,15.0,58.0,3.0,Furnished,Family,Contact Owner
LST103542,Mumbai,Kamla Nagar,Kamla Nagar,3,60500.0,997.0,Carpet Area,19.0,27.0,3.0,Furnished,Bachelors,Contact Agent
LST101658,Mumbai,Worli,"Raheja Imperia, Worli",3,132500.0,1190.0,Super Area,19.0,38.0,4.0,Unfurnished,Bachelors,Contact Agent
LST900027,Mumbai,Lokhandwala Twp,"Sapphire Heights, Lokhandwala Twp",2,44000.0,830.0,Carpet Area,2.0,2.0,2.0,Furnished,Bachelors,Contact Agent
LST102517,Mumbai,Chembur East,"diamond garden, Chembur East",2,40000.0,708.0,Carpet Area,12.0,14.0,2.0,Semi-Furnished,Bachelors/Family,Contact Agent
LST104727,Mumbai,Kurla West,Kurla West,2,84000.0,753.0,Super Area,7.0,22.0,1.0,Semi-Furnished,Bachelors/Family,Contact Owner
LST104687,Mumbai,Powai,Powai,5,635500.0,2622.0,Super Area,11.0,21.0,6.0,Semi-Furnished,Bachelors/Family,Contact Owner
LST102631,Mumbai,Powai,"Hiranandani Castle Rock, Powai",1,15000.0,194.0,Carpet Area,15.0,21.0,1.0,Furnished,Bachelors,Contact Owner
LST101447,Mumbai,Vikhroli East,"Godrej Platinum, Vikhroli East",3,215000.0,1727.0,Super Area,3.0,15.0,4.0,Furnished,Family,Contact Owner
LST102461,Mumbai,Goregaon East,"Shiv Dham Apartment, Goregaon East",1,14000.0,749.0,Carpet Area,4.0,58.0,1.0,Unfurnished,Family,Contact Owner
LST102474,Mumbai,Goregaon West,Goregaon West,2,125500.0,931.0,Carpet Area,11.0,23.0,2.0,Unfurnished,Bachelors/Family,Contact Agent
LST104521,Mumbai,Sakinaka Junction,"Akruti Orchid Park, Sakinaka Junction",1,18500.0,294.0,Carpet Area,7.0,19.0,2.0,Semi-Furnished,Bachelors,Contact Owner
LST102571,Mumbai,Nalasopara,"Kailash Tower, Nalasopara",2,56000.0,1037.0,Super Area,11.0,11.0,3.0,Semi-Furnished,Bachelors/Family,Contact Owner
LST100400,Mumbai,Powai,"Lake Homes, Powai",3,62000.0,1100.0,Carpet Area,15.0,22.0,3.0,Semi-Furnished,Family,Contact Agent
LST101508,Mumbai,Akurli Nagar,"Kalpataru Towers, Akurli Nagar",1,14500.0,450.0,Carpet Area,12.0,12.0,1.0,Semi-Furnished,Family,Contact Agent
LST103518,Mumbai,Kandivali East,"Ishwardas Bhuvan CHS, Kandivali East",1,19500.0,429.0,Carpet Area,-1.0,23.0,2.0,Semi-Furnished,Family,Contact Owner
LST101429,Mumbai,Raheja Vihar,"Adityavardhan Apartment, Raheja Vihar",1,32000.0,412.0,Super Area,18.0,43.0,1.0,Semi-Furnished,Family,Contact Agent
LST103721,Mumbai,Gokuldham,"Valentine Apartments, Gokuldham",2,60000.0,920.0,Carpet Area,21.0,32.0,1.0,Unfurnished,Bachelors,Contact Owner
LST104816,Mumbai,Kemps Corner,"The Primordial House, Kemps Corner",4,486000.0,2257.0,Carpet Area,8.0,17.0,3.0,Semi-Furnished,Family,Contact Agent
LST104090,Mumbai,Link Road,"Auris Serenity, Link Road",3,72000.0,1502.0,Carpet Area,11.0,26.0,4.0,Unfurnished,Family,Contact Agent
LST102449,Mumbai,Jacob Circle,Jacob Circle,3,129500.0,1079.0,Carpet Area,14.0,48.0,3.0,Semi-Furnished,Bachelors,Contact Agent
LST100095,Mumbai,4 Bunglows,"HDIL Metropolis, 4 Bunglows",3,80000.0,1100.0,Carpet Area,8.0,28.0,3.0,Semi-Furnished,Family,Contact Agent
LST100299,Mumbai,Vikhroli East,"Godrej Platinum, Vikhroli East",3,93000.0,1600.0,Carpet Area,18.0,27.0,3.0,Semi-Furnished,Family,Contact Agent
LST104893,Mumbai,Sion East,"Paras Building, Sion East",1,13000.0,616.0,Carpet Area,5.0,18.0,1.0,Unfurnished,Family,Contact Owner
LST103599,Mumbai,Vasai East,"Nicon Infinity, Vasai East",3,109000.0,1009.0,Super Area,19.0,34.0,2.0,Furnished,Family,Contact Agent
LST103413,Mumbai,Suram Park Society,Suram Park Society,4,197500.0,1717.0,Carpet Area,17.0,22.0,3.0,Semi-Furnished,Bachelors,Contact Owner
LST100727,Mumbai,Andheri West,"Runwal Elegante, Andheri West",3,130000.0,937.0,Carpet Area,16.0,27.0,2.0,Furnished,Family,Contact Agent
LST102868,Mumbai,Powai,"Hiranandani Regent Hill, Powai",2,26500.0,499.0,Carpet Area,21.0,33.0,2.0,Unfurnished,Bachelors/Family,Contact Owner
LST104365,Mumbai,Shrikrupa Society,Shrikrupa Society,1,7500.0,498.0,Carpet Area,16.0,29.0,1.0,Unfurnished,Bachelors,Contact Owner
LST100564,Mumbai,orchid suburbia,orchid suburbia,2,44000.0,880.0,Carpet Area,12.0,27.0,2.0,Unfurnished,Bachelors,Contact Owner
LST100805,Mumbai,Breach Candy,Breach Candy,4,850000.0,3200.0,Carpet Area,2.0,4.0,4.0,Furnished,Bachelors/Family,Contact Agent
LST102031,Mumbai,Lodha Ajuro tower lalbag,Lodha Ajuro tower lalbag,2,176000.0,904.0,Super Area,9.0,9.0,3.0,Semi-Furnished,Bachelors/Family,Contact Agent
LST102035,Mumbai,Jogeshwari West,"Lodha Bel Air, Jogeshwari West",3,81500.0,1090.0,Carpet Area,3.0,11.0,3.0,Furnished,Bachelors,Contact Agent
LST100297,Mumbai,Andheri East,Andheri East,2,50000.0,1200.0,Super Area,2.0,4.0,2.0,Semi-Furnished,Bachelors/Family,Contact Owner
LST100352,Mumbai,Goregaon West,"Imperial Heights, Goregaon West",4,250000.0,2000.0,Carpet Area,33.0,42.0,4.0,Furnished,Bachelors,Contact Agent
LST100218,Mumbai,Bandra West,Bandra West,4,320000.0,2700.0,Carpet Area,10.0,12.0,5.0,Semi-Furnished,Bachelors/Family,Contact Agent
LST100558,Mumbai,Andheri West,"Oberoi Springs, Andheri West",2,95000.0,900.0,Carpet Area,18.0,30.0,2.0,Semi-Furnished,Bachelors,Contact Agent
LST102353,Mumbai,Kandivali East,"Aspire, Kandivali East",3,103000.0,903.0,Super Area,12.0,16.0,2.0,Furnished,Family,Contact Agent
LST102796,Mumbai,Dhanukar Wadi,Dhanukar Wadi,1,13500.0,296.0,Super Area,11.0,18.0,1.0,Furnished,Family,Contact Agent
LST104903,Mumbai,Chinmay Gaurang Infrastructure Old Panvel,Chinmay Gaurang Infrastructure Old Panvel,1,20500.0,453.0,Carpet Area,8.0,14.0,2.0,Semi-Furnished,Family,Contact Owner
LST102154,Mumbai,Virar West,"Ekta Parksville, Virar West",2,90000.0,876.0,Carpet Area,11.0,27.0,1.0,Furnished,Bachelors/Family,Contact Agent
LST100868,Mumbai,Worli,"Raheja Imperia, Worli",3,200000.0,1375.0,Carpet Area,15.0,60.0,3.0,Semi-Furnished,Family,Contact Agent
LST104430,Mumbai,Dadar West,"Purushottam Towers, Dadar West",2,57500.0,809.0,Super Area,9.0,29.0,3.0,Semi-Furnished,Bachelors/Family,Contact Owner
LST102334,Mumbai,Worli,Worli,1,14500.0,212.0,Carpet Area,2.0,24.0,1.0,Semi-Furnished,Family,Contact Agent
LST101942,Mumbai,parivar safalya chs,parivar safalya chs,1,24500.0,428.0,Super Area,49.0,55.0,1.0,Semi-Furnished,Bachelors/Family,Contact Owner
LST102541,Mumbai,Worli,"lokhandwala residency, Worli",1,34000.0,573.0,Super Area,2.0,21.0,1.0,Semi-Furnished,Family,Contact Agent
LST103968,Mumbai,Goregaon West,"Imperial Heights, Goregaon West",1,32000.0,277.0,Super Area,-1.0,9.0,2.0,Furnished,Family,Contact Owner
LST101618,Mumbai,Amit Nagar,"Badrinath Tower, Amit Nagar",3,126000.0,1271.0,Super Area,48.0,54.0,4.0,Furnished,Bachelors/Family,Contact Agent
LST102460,Mumbai,Lower Parel,"Lodha World Crest, Lower Parel",3,74000.0,985.0,Carpet Area,5.0,10.0,3.0,Semi-Furnished,Family,Contact Owner
LST100690,Mumbai,Prabhadevi,Prabhadevi,1,30000.0,350.0,Carpet Area,5.0,16.0,1.0,Unfurnished,Bachelors/Family,Contact Agent
LST100324,Mumbai,Chandivali,Chandivali,5,300000.0,3000.0,Carpet Area,2.0,22.0,5.0,Furnished,Bachelors/Family,Contact Agent
LST101208,Mumbai,Poonam Gardens,"Swayam Apartment, Poonam Gardens",5,234000.0,2114.0,Super Area,12.0,19.0,4.0,Unfurnished,Family,Contact Agent
LST101911,Mumbai,Worli,"World One Tower Mumbai, Worli",2,32500.0,618.0,Super Area,12.0,13.0,3.0,Furnished,Bachelors/Family,Contact Agent
LST101151,Mumbai,Ghatkopar West,Ghatkopar West,3,48000.0,988.0,Super Area,12.0,21.0,2.0,Furnished,Bachelors/Family,Contact Owner
LST104330,Mumbai,Mahajan Wadi,Mahajan Wadi,1,27000.0,581.0,Built Up Area,22.0,52.0,2.0,Furnished,Bachelors,Contact Agent
LST102584,Mumbai,Goregaon West,Goregaon West,2,53500.0,885.0,Carpet Area,60.0,71.0,3.0,Furnished,Bachelors/Family,Contact Owner
LST102921,Mumbai,Deonar,Deonar,3,183500.0,1196.0,Carpet Area,11.0,11.0,4.0,Furnished,Bachelors,Contact Agent
LST102029,Mumbai,Worli,"Sanghvi Evana, Worli",3,175500.0,1191.0,Super Area,8.0,23.0,4.0,Semi-Furnished,Bachelors,Contact Owner
LST100547,Mumbai,Shivaji Park,Shivaji Park,3,130000.0,1450.0,Carpet Area,3.0,7.0,3.0,Unfurnished,Bachelors,Contact Agent
LST100612,Mumbai,Lokhandwala Twp,"Oasis, Lokhandwala Twp",4,45000.0,1016.0,Carpet Area,3.0,36.0,3.0,Unfurnished,Bachelors/Family,Contact Agent
LST102436,Mumbai,Khar,Khar,2,18000.0,864.0,Carpet Area,-1.0,30.0,3.0,Semi-Furnished,Bachelors,Contact Owner
LST101534,Mumbai,Kandivali East,Kandivali East,1,11500.0,173.0,Super Area,22.0,30.0,1.0,Furnished,Bachelors,Contact Agent
LST100378,Mumbai,Bandra West,Bandra West,3,180000.0,1200.0,Carpet Area,10.0,12.0,3.0,Semi-Furnished,Bachelors/Family,Contact Agent
LST102259,Mumbai,Malad West,"Lovedale Residences, Malad West",1,9000.0,171.0,Carpet Area,-2.0,18.0,1.0,Furnished,Bachelors/Family,Contact Agent
LST102778,Mumbai,Mira Road East,"Kanungos Garden City, Mira Road East",4,106500.0,1029.0,Super Area,24.0,60.0,4.0,Unfurnished,Bachelors/Family,Contact Owner
LST103154,Mumbai,Bandra West,"Hill Road, Bandra West",2,28500.0,672.0,Carpet Area,-1.0,8.0,2.0,Semi-Furnished,Family,Contact Agent
LST100110,Mumbai,GREEN PARK,GREEN PARK,4,210000.0,1783.0,Carpet Area,5.0,20.0,3.0,Semi-Furnished,Bachelors/Family,Contact Owner
LST103878,Mumbai,darshan ricco Tower,darshan ricco Tower,1,38500.0,542.0,Carpet Area,9.0,38.0,1.0,Unfurnished,Family,Contact Agent
LST102422,Mumbai,Chembur East,"117 Residency, Chembur East",2,65000.0,672.0,Super Area,18.0,23.0,3.0,Furnished,Bachelors,Contact Agent
LST104858,Mumbai,Kandivali East,"Techno Park I, Kandivali East",2,59500.0,701.0,Super Area,35.0,55.0,2.0,Unfurnished,Family,Contact Owner
LST104003,Mumbai,Agarkar Chowk,"Oberoi Splendor, Agarkar Chowk",4,180000.0,2664.0,Carpet Area,10.0,11.0,4.0,Unfurnished,Bachelors,Contact Owner
LST101685,Mumbai,Chembur East,Chembur East,1,68500.0,419.0,Carpet Area,16.0,38.0,2.0,Unfurnished,Bachelors/Family,Contact Agent
LST100526,Mumbai,Sai Nagar,"Kanakia Hollywood, Sai Nagar",2,94000.0,800.0,Carpet Area,14.0,18.0,2.0,Semi-Furnished,Family,Contact Agent
LST103642,Mumbai,90 ft road,90 ft road,2,73500.0,753.0,Super Area,19.0,33.0,1.0,Furnished,Bachelors,Contact Agent
LST104322,Mumbai,Lokhandwala Twp,"spring grove uno, Lokhandwala Twp",2,35500.0,663.0,Carpet Area,6.0,24.0,3.0,Unfurnished,Bachelors,Contact Owner
LST101862,Mumbai,Yari Road,Yari Road,2,107500.0,946.0,Carpet Area,10.0,15.0,3.0,Semi-Furnished,Bachelors,Contact Owner
LST100188,Mumbai,sra,sra,1,15000.0,380.0,Super Area,19.0,19.0,1.0,Unfurnished,Bachelors/Family,Contact Owner
LST104907,Mumbai,Kandivali West,"Sakhi, Kandivali West",3,165500.0,1219.5,Super Area,2.0,2.0,3.0,Unfurnished,Family,Contact Agent
LST102933,Mumbai,Malad East,"Kanakia Levels, Malad East",4,172500.0,1672.0,Carpet Area,0.0,2.0,5.0,Semi-Furnished,Family,Contact Agent
LST100689,Mumbai,Raheja Vihar,"Adityavardhan Apartment, Raheja Vihar",2,55000.0,850.0,Carpet Area,6.0,10.0,2.0,Furnished,Bachelors/Family,Contact Agent
LST101421,Mumbai,Matunga East,Matunga East,1,33500.0,458.0,Carpet Area,23.0,25.0,1.0,Unfurnished,Family,Contact Owner
LST102863,Mumbai,Naigaon East,"Unicorn Global Arena, Naigaon East",1,26500.0,436.0,Super Area,6.0,16.0,1.0,Semi-Furnished,Bachelors/Family,Contact Agent
LST101081,Mumbai,Chembur,"Madhugiri Society, Chembur",2,35000.0,638.0,Super Area,28.0,30.0,2.0,Furnished,Family,Contact Agent
LST100433,Mumbai,Gulmohar Road,Gulmohar Road,2,72000.0,700.0,Carpet Area,3.0,9.0,2.0,Furnished,Bachelors,Contact Agent
LST103322,Mumbai,Andheri West,"HDIL Metropolis, Andheri West",5,259000.0,1699.0,Built Up Area,2.0,6.0,5.0,Semi-Furnished,Bachelors,Contact Owner
LST104343,Mumbai,Gokuldham,"GSA Grandeur, Gokuldham",2,40500.0,684.0,Super Area,27.0,45.0,1.0,Unfurnished,Family,Contact Agent
LST102391,Mumbai,Goregaon East,"Lakshchandi Height, Goregaon East",5,208000.0,2717.0,Carpet Area,15.0,22.0,5.0,Furnished,Family,Contact Owner
LST104476,Mumbai,shabri shan,shabri shan,1,29500.0,407.0,Carpet Area,6.0,21.0,1.0,Furnished,Family,Contact Owner
LST102976,Mumbai,Chembur,"Uttam Society, Chembur",2,121000.0,725.0,Carpet Area,4.0,27.0,2.0,Unfurnished,Family,Contact Agent
LST104503,Mumbai,Wadala,"Lodha NCP Commercial , Wadala",1,54500.0,574.0,Super Area,10.0,12.0,1.0,Semi-Furnished,Bachelors/Family,Contact Owner
LST102098,Mumbai,Mira Road East,"Kanungos Garden City, Mira Road East",1,40000.0,384.0,Super Area,8.0,15.0,1.0,Unfurnished,Bachelors/Family,Contact Agent
LST101724,Mumbai,Lal Baug,Lal Baug,1,33500.0,355.0,Super Area,17.0,31.0,1.0,Furnished,Family,Contact Owner
LST100852,Mumbai,Kandivali East,"Challenger Tower, Thakur Village, Kandivali East",2,34000.0,900.0,Carpet Area,12.0,25.0,2.0,Semi-Furnished,Bachelors/Family,Contact Agent
LST100926,Mumbai,Charkop Sector 6,Charkop Sector 6,1,22000.0,450.0,Carpet Area,4.0,7.0,2.0,Semi-Furnished,Family,Contact Agent
LST103855,Mumbai,7 Bungalows Andheri West,7 Bungalows Andheri West,4,271500.0,2594.0,Carpet Area,19.0,32.0,4.0,Furnished,Bachelors,Contact Agent
LST900016,Mumbai,Kandivali East,"Gokul Gagan, Thakur Village, Kandivali East",3,86000.0,1156.0,Carpet Area,35.0,60.0,2.0,Furnished,Bachelors,Contact Owner
LST104334,Mumbai,Mount Mary,"Mount Marry, Mount Mary",4,142500.0,1970.0,Carpet Area,19.0,19.0,4.0,Semi-Furnished,Family,Contact Owner
LST102697,Mumbai,Wadala,"Lodha New Cuffe Parade, Wadala",3,200000.0,1289.0,Super Area,5.0,11.0,3.0,Furnished,Bachelors,Contact Owner
LST100234,Mumbai,Mulund West,Mulund West,2,24000.0,600.0,Super Area,1.0,5.0,1.0,Semi-Furnished,Bachelors/Family,Contact Owner
LST103002,Mumbai,in Borivali East,in Borivali East,1,43500.0,387.0,Super Area,25.0,28.0,1.0,Unfurnished,Family,Contact Agent
LST103893,Mumbai,Mindspace,"Rustomjee Elanza, Mindspace",1,13500.0,345.0,Carpet Area,5.0,10.0,1.0,Unfurnished,Bachelors,Contact Owner
LST101086,Mumbai,Juhu Tara,Juhu Tara,1,20000.0,351.0,Carpet Area,6.0,14.0,1.0,Furnished,Bachelors,Contact Agent
LST102087,Mumbai,Bandra West,"Smoky Hill Apartment, Bandra West",1,7000.0,415.0,Carpet Area,8.0,12.0,2.0,Unfurnished,Bachelors,Contact Owner
LST100951,Mumbai,Chandivali,"L&T Emerald Isle, Chandivali",2,54500.0,758.0,Carpet Area,12.0,24.0,2.0,Semi-Furnished,Bachelors/Family,Contact Agent
LST103807,Mumbai,Bandra Kurla Complex,"Kanakia Paris, Bandra Kurla Complex",2,79500.0,797.0,Carpet Area,18.0,45.0,2.0,Semi-Furnished,Bachelors/Family,Contact Agent
LST103240,Mumbai,Bhakti Park,"Ajmera Bhakti Park, Bhakti Park",3,88000.0,1178.0,Super Area,20.0,22.0,4.0,Semi-Furnished,Bachelors,Contact Owner
LST100359,Mumbai,Kanjurmarg West,"Runwal Forests, Kanjurmarg West",2,34000.0,471.0,Carpet Area,9.0,38.0,2.0,Semi-Furnished,Bachelors,Contact Agent
LST100836,Mumbai,Balkrishna Dadu Karade Chowk,"Celestia Spaces, Balkrishna Dadu Karade Chowk",1,74999.0,840.0,Carpet Area,8.0,17.0,2.0,Unfurnished,Bachelors/Family,Contact Agent
LST101254,Mumbai,anjali,anjali,3,27000.0,1357.0,Super Area,10.0,25.0,2.0,Semi-Furnished,Bachelors,Contact Owner
LST104201,Mumbai,Mahavir Nagar,"Leo Ratnakar, Mahavir Nagar",2,137000.0,860.0,Carpet Area,-1.0,10.0,3.0,Semi-Furnished,Bachelors/Family,Contact Owner
LST103108,Mumbai,Pali Hill,"Pali Hill Apartment, Pali Hill",1,38000.0,461.0,Carpet Area,10.0,22.0,1.0,Semi-Furnished,Family,Contact Owner
LST104948,Mumbai,Suram Park Society,Suram Park Society,2,74500.0,788.0,Carpet Area,-1.0,12.0,3.0,Furnished,Bachelors,Contact Agent
LST101032,Mumbai,Bhandup Village,Bhandup Village,4,217500.0,2608.0,Super Area,14.0,33.0,4.0,Furnished,Bachelors/Family,Contact Agent
LST102233,Mumbai,in Kandivali West,in Kandivali West,2,51500.0,719.0,Carpet Area,5.0,15.0,1.0,Furnished,Family,Contact Owner
LST900025,Mumbai,Ghatkopar,Ghatkopar,3,281500.0,1461.0,Carpet Area,3.0,9.0,3.0,Furnished,Family,Contact Owner
LST104382,Mumbai,Goregaon East,"Oberoi Woods, Goregaon East",2,24500.0,931.0,Carpet Area,16.0,39.0,2.0,Unfurnished,Family,Contact Owner
LST100141,Mumbai,Dhanukar Wadi,Dhanukar Wadi,2,25500.0,950.0,Super Area,0.0,4.0,3.0,Semi-Furnished,Bachelors/Family,Contact Owner
LST101852,Mumbai,Kandivali East,"Dheeraj Hill View Tower, Thakur Village, Kandivali East",2,9000.0,676.0,Super Area,10.0,15.0,1.0,Semi-Furnished,Bachelors/Family,Contact Owner
LST101140,Mumbai,Goregaon East,"Raheja Ridgewood, Goregaon East",3,101500.0,1159.0,Super Area,14.0,23.0,2.0,Furnished,Bachelors,Contact Agent
LST100135,Mumbai,Shri Swami Samarth Nagar,Shri Swami Samarth Nagar,1,32000.0,475.0,Carpet Area,4.0,4.0,2.0,Semi-Furnished,Family,Contact Agent
LST102001,Mumbai,Kurla West,Kurla West,2,60000.0,956.0,Carpet Area,22.0,24.0,2.0,Semi-Furnished,Family,Contact Owner
LST102819,Mumbai,Naigaon East,Naigaon East,4,217000.0,1829.0,Carpet Area,15.0,24.0,4.0,Unfurnished,Family,Contact Owner
LST104751,Mumbai,4 Bunglows,"HDIL Metropolis, 4 Bunglows",2,194500.0,2127.0,Super Area,6.0,11.0,2.0,Furnished,Bachelors,Contact Owner
LST104402,Mumbai,Powai,"Lake Homes, Powai",4,331000.0,1586.0,Carpet Area,3.0,15.0,4.0,Semi-Furnished,Bachelors/Family,Contact Agent
LST100497,Mumbai,Parel,Parel,1,20000.0,350.0,Super Area,1.0,8.0,1.0,Unfurnished,Bachelors/Family,Contact Owner
LST102399,Mumbai,Vile Parle West,Vile Parle West,3,118000.0,1375.0,Super Area,37.0,51.0,3.0,Unfurnished,Bachelors/Family,Contact Owner
LST101907,Mumbai,Altamount Road,Altamount Road,1,61000.0,392.0,Carpet Area,27.0,45.0,2.0,Furnished,Bachelors,Contact Agent
LST104228,Mumbai,Mindspace,"Evershine Grandeur, Mindspace",2,45000.0,753.0,Super Area,3.0,15.0,2.0,Semi-Furnished,Bachelors/Family,Contact Agent
LST100848,Mumbai,Borivali East,Borivali East,1,15000.0,275.0,Super Area,3.0,7.0,1.0,Unfurnished,Bachelors/Family,Contact Owner
LST104935,Mumbai,Chakala MIDC,"Hillcrest, Chakala MIDC",4,462000.0,3150.0,Carpet Area,17.0,27.0,5.0,Semi-Furnished,Family,Contact Agent
LST101599,Mumbai,4 Bunglows,"Adani Western Heights, 4 Bunglows",2,130500.0,753.0,Super Area,34.0,48.0,2.0,Furnished,Bachelors,Contact Owner
LST104998,Mumbai,Datta Pada,"Kaustubh Platinum, Datta Pada",2,53500.0,677.0,Super Area,7.0,8.0,2.0,Semi-Furnished,Bachelors/Family,Contact Owner
LST102776,Mumbai,Mira Road,"Hubtown Gardenia, Mira Road",2,35000.0,687.0,Super Area,4.0,8.0,2.0,Semi-Furnished,Bachelors/Family,Contact Owner
LST103664,Mumbai,Goregaon East,"Raheja Ridgewood, Goregaon East",4,157500.0,2073.0,Carpet Area,-1.0,13.0,4.0,Unfurnished,Family,Contact Agent
LST101276,Mumbai,Santacruz West,"Ekta Trinity, Santacruz West",2,37500.0,625.0,Super Area,7.0,20.0,1.0,Semi-Furnished,Bachelors,Contact Owner
LST103086,Mumbai,LBS Marg,"Nirmal Lifestyle, LBS Marg",1,28500.0,327.0,Super Area,2.0,24.0,1.0,Semi-Furnished,Bachelors,Contact Owner
LST104851,Mumbai,Borivali East,Borivali East,2,48000.0,649.0,Carpet Area,5.0,12.0,2.0,Semi-Furnished,Bachelors/Family,Contact Agent
LST103030,Mumbai,Chembur,"diamond garden, Chembur",2,36000.0,656.0,Carpet Area,19.0,19.0,3.0,Furnished,Bachelors,Contact Owner
LST103310,Mumbai,Bandra West,Bandra West,1,33500.0,376.0,Super Area,3.0,8.0,1.0,Unfurnished,Family,Contact Agent
LST102216,Mumbai,Sion Koliwada,"Sion East, Sion Koliwada",1,25500.0,467.0,Carpet Area,14.0,20.0,1.0,Unfurnished,Family,Contact Owner
LST104423,Mumbai,Bhandup West,"Hudco Living Point, Bhandup West",3,143500.0,1382.0,Super Area,13.0,23.0,4.0,Semi-Furnished,Bachelors,Contact Agent
LST104648,Mumbai,Bandra Kurla Complex,"Omkar Meridia, Bandra Kurla Complex",2,27500.0,635.0,Carpet Area,19.0,23.0,2.0,Semi-Furnished,Family,Contact Owner
LST101570,Mumbai,Marol,"Kanakia Rainforest, Marol",3,70000.0,785.0,Super Area,19.0,27.0,3.0,Unfurnished,Bachelors/Family,Contact Owner
LST102709,Mumbai,Lokhandwala Complex,"DLH Orchid, Lokhandwala Complex",2,44500.0,784.0,Super Area,12.0,19.0,3.0,Furnished,Bachelors/Family,Contact Agent
LST100591,Mumbai,Bandra West,"Hill Road, Bandra West",3,200000.0,1400.0,Carpet Area,8.0,17.0,3.0,Furnished,Bachelors/Family,Contact Agent
LST102060,Mumbai,Kandivali East,"Ishwardas Bhuvan CHS, Kandivali East",4,370500.0,2460.0,Carpet Area,2.0,6.0,4.0,Furnished,Bachelors,Contact Owner
LST102328,Mumbai,BMC Colony Malad East,"Raheja Heights, BMC Colony Malad East",2,25000.0,472.0,Super Area,1.0,11.0,3.0,Semi-Furnished,Bachelors/Family,Contact Agent
LST104932,Mumbai,Sion East,"Paras Building, Sion East",2,94500.0,758.0,Super Area,14.0,14.0,2.0,Furnished,Family,Contact Agent
LST104933,Mumbai,Bhuleshwar,"Universal Neo Galaxy, Bhuleshwar",3,88000.0,1219.5,Super Area,2.0,7.0,3.0,Semi-Furnished,Bachelors,Contact Owner
LST100835,Mumbai,Dadar East,Dadar East,2,52000.0,550.0,Carpet Area,3.0,3.0,2.0,Furnished,Bachelors,Contact Agent
LST102573,Mumbai,Andheri West,"Laksharia Tower, Andheri West",1,9000.0,581.0,Super Area,19.0,19.0,1.0,Semi-Furnished,Family,Contact Agent
LST100800,Mumbai,Hiranandani Gardens,"Hiranandani Castle Rock, Hiranandani Gardens",2,90000.0,777.0,Carpet Area,19.0,22.0,2.0,Furnished,Bachelors/Family,Contact Agent
LST100841,Mumbai,Bhayandar East,"Indraprastha CHS, Bhayandar East",2,34000.0,830.0,Carpet Area,9.0,21.0,2.0,Semi-Furnished,Bachelors/Family,Contact Agent
LST100737,Mumbai,Worli Hill,"Lodha Kiara, Worli Hill",4,270000.0,1358.0,Carpet Area,25.0,50.0,4.0,Semi-Furnished,Family,Contact Agent
LST101585,Mumbai,Lower Parel,"Lodha World Crest, Lower Parel",3,103500.0,1243.0,Carpet Area,10.0,31.0,4.0,Unfurnished,Family,Contact Agent
LST104005,Mumbai,chakala andheri east,chakala andheri east,3,546000.0,1957.0,Super Area,5.0,24.0,4.0,Semi-Furnished,Bachelors,Contact Owner
LST104835,Mumbai,Azad Nagar Colaba,Azad Nagar Colaba,1,39000.0,469.0,Super Area,25.0,50.0,1.0,Furnished,Family,Contact Owner
LST101915,Mumbai,Andheri East,"Green Woods Chkala, Andheri East",3,119500.0,1497.0,Super Area,28.0,30.0,2.0,Furnished,Bachelors/Family,Contact Owner
LST102652,Mumbai,Andheri East,"Bindra Complex , Andheri East",1,40500.0,483.0,Carpet Area,9.0,11.0,1.0,Furnished,Bachelors,Contact Agent
LST104527,Mumbai,Sion,"Sion East, Sion",3,92500.0,1367.0,Carpet Area,9.0,14.0,3.0,Furnished,Family,Contact Agent
LST103972,Mumbai,Goregaon West,Goregaon West,1,33500.0,313.0,Super Area,15.0,16.0,2.0,Furnished,Bachelors,Contact Owner
LST102784,Mumbai,Goregaon East,"Oberoi Esquire, Goregaon East",2,39000.0,601.0,Super Area,8.0,20.0,2.0,Unfurnished,Bachelors,Contact Agent
LST104846,Mumbai,Agarkar Chowk,"Oberoi Splendor Grande, Agarkar Chowk",2,74000.0,1058.0,Carpet Area,30.0,61.0,2.0,Furnished,Bachelors,Contact Agent
LST102950,Mumbai,Andheri West,"Cosmopolis Tower, Andheri West",3,60500.0,961.0,Super Area,7.0,13.0,2.0,Semi-Furnished,Family,Contact Agent
LST104018,Mumbai,Bandra East,"Insignia, Bandra East",3,206500.0,1052.0,Super Area,12.0,40.0,4.0,Unfurnished,Bachelors/Family,Contact Owner
LST102508,Mumbai,Worli,"Lodha The Park, Worli",2,38000.0,692.0,Super Area,50.0,74.0,1.0,Semi-Furnished,Bachelors/Family,Contact Owner
LST101212,Mumbai,Central Area,Central Area,3,140000.0,1578.0,Carpet Area,11.0,23.0,3.0,Unfurnished,Bachelors/Family,Contact Agent
LST103157,Mumbai,Unknown,,2,74500.0,15000.0,Carpet Area,11.0,14.0,2.0,Semi-Furnished,Bachelors/Family,Contact Agent
LST100132,Mumbai,Bandra West,Bandra West,2,75000.0,695.0,Carpet Area,4.0,7.0,1.0,Semi-Furnished,Bachelors/Family,Contact Agent
LST101409,Mumbai,Khar West,Khar West,2,25000.0,969.0,Super Area,20.0,27.0,2.0,Unfurnished,Bachelors,Contact Owner
LST103101,Mumbai,Sakinaka Junction,Sakinaka Junction,1,19000.0,467.0,Carpet Area,16.0,27.0,1.0,Furnished,Bachelors,Contact Owner
LST104404,Mumbai,Andheri West,"Platinum Prive, Andheri West",5,364000.0,1948.0,Super Area,12.0,25.0,5.0,Furnished,Family,Contact Owner
LST102764,Mumbai,Sakinaka Junction,"Dsk Madhuban, Sakinaka Junction",1,5000.0,385.0,Super Area,11.0,15.0,2.0,Semi-Furnished,Bachelors,Contact Agent
LST103236,Mumbai,Mulund West,"Wadhwa Atmosphere, Mulund West",1,35500.0,450.0,Super Area,18.0,40.0,1.0,Unfurnished,Bachelors/Family,Contact Agent
LST100642,Mumbai,Kandivali East,"Techno Park I, Kandivali East",2,40000.0,750.0,Carpet Area,2.0,8.0,2.0,Unfurnished,Family,Contact Agent
LST100965,Mumbai,Dadar TT Circle,"Bombay Dyeing Two ICC, Dadar TT Circle",4,280000.0,2500.0,Carpet Area,24.0,60.0,6.0,Semi-Furnished,Bachelors/Family,Contact Agent
LST102982,Mumbai,Chandivali,"L&T Emerald Isle, Chandivali",2,22500.0,702.0,Super Area,-1.0,21.0,2.0,Semi-Furnished,Bachelors/Family,Contact Agent
LST101029,Mumbai,Agarkar Chowk,"Oberoi Splendor, Agarkar Chowk",3,241500.0,1335.0,Carpet Area,11.0,19.0,4.0,Furnished,Family,Contact Agent
LST104212,Mumbai,Sion East,"Paras Building, Sion East",2,29000.0,553.0,Super Area,25.0,48.0,2.0,Semi-Furnished,Bachelors/Family,Contact Owner
LST101098,Mumbai,Powai,Powai,2,56500.0,833.0,Carpet Area,16.0,25.0,2.0,Semi-Furnished,Family,Contact Owner
LST102127,Mumbai,Chembur East,"Sanjona Gulmarg Towers, Chembur East",2,117500.0,681.0,Carpet Area,7.0,8.0,2.0,Semi-Furnished,Family,Contact Owner
LST101640,Mumbai,Powai,"Hiranandani Regent Hill, Powai",2,30000.0,723.0,Super Area,25.0,41.0,2.0,Semi-Furnished,Bachelors/Family,Contact Agent
LST104307,Mumbai,Borivali East,"Ekta Meadows, Borivali East",1,8000.0,214.0,Super Area,5.0,13.0,1.0,Semi-Furnished,Bachelors/Family,Contact Agent
LST104006,Mumbai,Chembur,"Ekta Legranz, Chembur",1,15000.0,466.0,Carpet Area,3.0,4.0,2.0,Furnished,Family,Contact Agent
LST102397,Mumbai,Bhandup West,"Usha Nagar Society, Bhandup West",3,159500.0,1228.0,Carpet Area,5.0,11.0,3.0,Semi-Furnished,Family,Contact Owner
LST100142,Mumbai,Andheri West,"Runwal Elegante, Andheri West",5,350000.0,1880.0,Carpet Area,15.0,31.0,5.0,Furnished,Family,Contact Agent
LST104369,Mumbai,Dadar West,"Salvation CHS, Dadar West",3,76000.0,1116.0,Super Area,4.0,4.0,4.0,Unfurnished,Bachelors/Family,Contact Owner
LST100728,Mumbai,Vikhroli East,"Godrej The Trees, Vikhroli East",1,52000.0,470.0,Carpet Area,6.0,7.0,2.0,Furnished,Bachelors/Family,Contact Agent
LST100863,Mumbai,Bhandup West,"Mayuresh Srishti, Bhandup West",2,37000.0,800.0,Super Area,5.0,14.0,2.0,Semi-Furnished,Bachelors,Contact Agent
LST103333,Mumbai,Parmanand Wadi,Parmanand Wadi,2,56000.0,845.0,Super Area,14.0,14.0,1.0,Furnished,Bachelors/Family,Contact Agent
LST100735,Mumbai,Kandivali East,Kandivali East,1,28500.0,565.0,Super Area,1.0,8.0,2.0,Furnished,Bachelors/Family,Contact Owner
LST100202,Mumbai,Bandra West,"Mount Marry, Bandra West",4,600000.0,2500.0,Carpet Area,12.0,13.0,4.0,Semi-Furnished,Bachelors/Family,Contact Agent
LST103064,Mumbai,IN BYCULLA,IN BYCULLA,2,35500.0,597.0,Super Area,4.0,8.0,1.0,Semi-Furnished,Bachelors/Family,Contact Agent
LST103135,Mumbai,Andheri East,"Green Woods Chkala, Andheri East",1,24500.0,450.0,Carpet Area,11.0,23.0,1.0,Unfurnished,Bachelors/Family,Contact Agent
LST101148,Mumbai,Kandivali East,"Alpine, Kandivali East",2,48000.0,699.0,Carpet Area,13.0,41.0,2.0,Unfurnished,Bachelors,Contact Agent
LST104203,Mumbai,Dadar TT Circle,"Island City Centre, Dadar TT Circle",4,1528000.0,5070.0,Carpet Area,3.0,15.0,5.0,Unfurnished,Family,Contact Owner
LST102624,Mumbai,Worli Naka Acharaya Atre Chowk,"Indiabulls Blu, Worli Naka Acharaya Atre Chowk",1,21500.0,368.0,Carpet Area,12.0,14.0,1.0,Furnished,Family,Contact Owner
LST103872,Mumbai,Mahim West,Mahim West,3,175000.0,1172.0,Super Area,43.0,81.0,2.0,Furnished,Bachelors,Contact Owner
LST101119,Mumbai,Napean Sea Road,"simla house at nepeasea road, Napean Sea Road",3,88000.0,972.0,Super Area,32.0,46.0,2.0,Semi-Furnished,Bachelors,Contact Agent
LST104642,Mumbai,Rambaug,Rambaug,3,185500.0,1393.0,Super Area,9.0,20.0,2.0,Furnished,Bachelors,Contact Agent
LST102635,Mumbai,Seven Bungalows,Seven Bungalows,2,24000.0,408.0,Carpet Area,37.0,51.0,3.0,Furnished,Family,Contact Owner
LST103907,Mumbai,WORLI NAKA ACHARAYA ATRE CHOWK,"INDIABULLS BLU, WORLI NAKA ACHARAYA ATRE CHOWK",1,28000.0,463.0,Carpet Area,44.0,75.0,2.0,Unfurnished,Family,Contact Agent
LST100624,Mumbai,D.N. Nagar,D.N. Nagar,2,50000.0,750.0,Super Area,0.0,5.0,2.0,Unfurnished,Bachelors/Family,Contact Owner
LST100081,Mumbai,Kandivali West,"RNA ROYALE PARK, Kandivali West",2,42000.0,753.0,Carpet Area,11.0,21.0,2.0,Unfurnished,Bachelors,Contact Agent
LST102268,Mumbai,Chandivali,"Shapoorji Pallonji Vicinia, Chandivali",1,13000.0,219.0,Carpet Area,12.0,17.0,2.0,Semi-Furnished,Bachelors,Contact Owner
LST102079,Mumbai,Bhakti Park,"Odyssey Bhakti Park, Bhakti Park",3,137000.0,1375.0,Carpet Area,1.0,10.0,2.0,Unfurnished,Bachelors/Family,Contact Agent
LST100583,Mumbai,Unknown,,1,17000.0,330.0,Carpet Area,0.0,7.0,1.0,Semi-Furnished,Bachelors/Family,Contact Agent
LST102845,Mumbai,Juhu,Juhu,1,20000.0,539.0,Super Area,3.0,15.0,1.0,Furnished,Bachelors/Family,Contact Owner
LST104895,Mumbai,Mahajan Wadi,Mahajan Wadi,2,142000.0,1053.0,Super Area,8.0,11.0,3.0,Furnished,Bachelors,Contact Agent
LST104336,Mumbai,Anushakti Nagar,Anushakti Nagar,1,12000.0,560.0,Carpet Area,35.0,60.0,1.0,Semi-Furnished,Bachelors/Family,Contact Owner
LST102568,Mumbai,Yari Road,"Chanchal Kalyan Complex, Yari Road",1,11000.0,299.0,Super Area,5.0,16.0,1.0,Furnished,Bachelors/Family,Contact Owner
LST101742,Mumbai,Lodha casa rio,Lodha casa rio,3,94500.0,1501.0,Super Area,3.0,31.0,3.0,Unfurnished,Bachelors,Contact Agent
LST100115,Mumbai,Dadar East,"Bombay Dyeing Two ICC, Dadar East",3,190000.0,1514.0,Carpet Area,34.0,58.0,4.0,Semi-Furnished,Bachelors/Family,Contact Agent
LST100667,Mumbai,Chembur,"Altavista, Chembur",2,39000.0,720.0,Carpet Area,-1.0,22.0,2.0,Unfurnished,Bachelors/Family,Contact Agent
LST102454,Mumbai,Mira Road East,Mira Road East,2,42000.0,747.0,Carpet Area,6.0,23.0,2.0,Furnished,Bachelors,Contact Owner
LST102668,Mumbai,Rambaug,Rambaug,1,10500.0,363.0,Super Area,7.0,14.0,1.0,Semi-Furnished,Family,Contact Agent
LST101197,Mumbai,Magathane,"Vasant Marvel, Magathane",2,81500.0,802.0,Super Area,21.0,22.0,2.0,Furnished,Bachelors,Contact Owner
LST104807,Mumbai,Malad East,"Raheja Heights, Malad East",3,217000.0,1833.0,Carpet Area,20.0,37.0,3.0,Furnished,Bachelors/Family,Contact Agent
LST100350,Mumbai,Central Avenue Road,Central Avenue Road,3,130000.0,1500.0,Carpet Area,7.0,12.0,3.0,Semi-Furnished,Family,Contact Agent
LST900034,Mumbai,Borivali East,Borivali East,2,35000.0,800.0,Carpet Area,9.0,20.0,2.0,Semi-Furnished,Family,Contact Agent
LST100381,Mumbai,Wadala,Wadala,3,50000.0,806.0,Super Area,2.0,4.0,2.0,Semi-Furnished,Bachelors/Family,Contact Owner
LST101690,Mumbai,Chandivali,"Shapoorji Pallonji Vicinia, Chandivali",3,141500.0,1361.0,Carpet Area,18.0,30.0,3.0,Unfurnished,Bachelors,Contact Agent
LST101184,Mumbai,Yashodham,Yashodham,2,60500.0,739.0,Super Area,11.0,11.0,3.0,Semi-Furnished,Family,Contact Owner
LST100500,Mumbai,Juhu,Juhu,3,140000.0,1000.0,Carpet Area,3.0,7.0,3.0,Semi-Furnished,Family,Contact Agent
LST104600,Mumbai,in Kandivali West,in Kandivali West,2,33500.0,752.0,Carpet Area,50.0,75.0,1.0,Furnished,Bachelors/Family,Contact Agent
LST104950,Mumbai,Friends Colony,Friends Colony,2,141000.0,1075.0,Carpet Area,2.0,8.0,2.0,Furnished,Family,Contact Agent
LST100249,Mumbai,Worli,"Avarsekar Heights, Worli",3,120000.0,1400.0,Super Area,10.0,32.0,3.0,Unfurnished,Bachelors/Family,Contact Agent
LST101596,Mumbai,Hiranandani Gardens,"Hiranandani Gardens Torino, Hiranandani Gardens",1,17500.0,853.0,Super Area,14.0,21.0,1.0,Semi-Furnished,Bachelors/Family,Contact Owner
LST103480,Mumbai,Poisar,Poisar,2,90500.0,828.0,Super Area,10.0,23.0,2.0,Semi-Furnished,Bachelors,Contact Agent
LST102634,Mumbai,Mindspace,"Mindspace, Mindspace",1,14500.0,510.0,Super Area,17.0,29.0,1.0,Semi-Furnished,Family,Contact Agent
LST103130,Mumbai,Agripada,Agripada,3,92500.0,1220.0,Super Area,7.0,21.0,3.0,Furnished,Bachelors/Family,Contact Owner
LST101608,Mumbai,Lokhandwala Complex,"Ballerina Apartment, Lokhandwala Complex",1,27000.0,460.0,Super Area,1.0,9.0,1.0,Semi-Furnished,Bachelors,Contact Owner
LST104787,Mumbai,Thakur Complex,"Gokul Accord, Thakur Complex",2,79000.0,699.0,Carpet Area,9.0,40.0,3.0,Semi-Furnished,Bachelors,Contact Owner
LST101840,Mumbai,Chembur,"Safal Twins, Chembur",2,59500.0,869.0,Super Area,9.0,19.0,3.0,Semi-Furnished,Bachelors,Contact Agent
LST101709,Mumbai,Mulund West,"Wadhwa Atmosphere, Mulund West",1,19500.0,395.0,Super Area,16.0,20.0,1.0,Semi-Furnished,Bachelors,Contact Owner
LST101375,Mumbai,Shri Swami Samarth Nagar,Shri Swami Samarth Nagar,3,117000.0,1316.0,Carpet Area,40.0,49.0,4.0,Furnished,Bachelors/Family,Contact Agent
LST104548,Mumbai,Sakinaka Junction,"Dsk Madhuban, Sakinaka Junction",1,17500.0,561.0,Super Area,30.0,44.0,1.0,Unfurnished,Family,Contact Owner
LST103602,Mumbai,Lower Parel,Lower Parel,3,69500.0,1087.0,Super Area,18.0,47.0,2.0,Unfurnished,Family,Contact Agent
LST101873,Mumbai,Rambaug,Rambaug,3,90000.0,1161.0,Carpet Area,5.0,5.0,3.0,Furnished,Family,Contact Owner
LST104329,Mumbai,Mulund West,"Vasant Oscar, Mulund West",2,33500.0,753.0,Super Area,11.0,13.0,2.0,Semi-Furnished,Bachelors,Contact Agent
LST104915,Mumbai,Hiranandani Gardens,"Hiranandani Atlantis, Hiranandani Gardens",2,39500.0,757.0,Carpet Area,15.0,37.0,2.0,Unfurnished,Bachelors/Family,Contact Agent
LST102512,Mumbai,IC Colony,IC Colony,2,57500.0,660.0,Super Area,9.0,17.0,3.0,Unfurnished,Bachelors,Contact Agent
LST104475,Mumbai,Seven Bungalows,"Shimpla Vighnaharta CHS, Seven Bungalows",1,34000.0,490.0,Super Area,15.0,32.0,1.0,Furnished,Bachelors,Contact Agent
LST101279,Mumbai,Beverly Park,"Salasar Garden, Beverly Park",1,15000.0,213.0,Super Area,2.0,22.0,1.0,Semi-Furnished,Bachelors/Family,Contact Agent
LST104979,Mumbai,Charkop Sector 6,Charkop Sector 6,2,63000.0,958.0,Carpet Area,10.0,29.0,2.0,Semi-Furnished,Bachelors/Family,Contact Owner
LST100393,Mumbai,Mira Road East,Mira Road East,1,10000.0,390.0,Carpet Area,3.0,4.0,1.0,Unfurnished,Bachelors/Family,Contact Owner
LST103553,Mumbai,Lokhandwala Complex,Lokhandwala Complex,3,70000.0,902.0,Carpet Area,17.0,23.0,2.0,Semi-Furnished,Bachelors/Family,Contact Agent
LST103296,Mumbai,in Mira Road,in Mira Road,2,56500.0,647.0,Super Area,17.0,63.0,2.0,Semi-Furnished,Bachelors,Contact Owner
LST102828,Mumbai,Kurla West,Kurla West,3,58500.0,717.0,Carpet Area,3.0,23.0,4.0,Unfurnished,Bachelors,Contact Owner
LST104790,Mumbai,Andheri East,"Hillcrest, Andheri East",3,142500.0,1198.0,Super Area,8.0,16.0,4.0,Furnished,Bachelors/Family,Contact Agent
LST100300,Mumbai,Chembur East,Chembur East,3,69999.0,950.0,Carpet Area,7.0,12.0,3.0,Unfurnished,Family,Contact Agent
LST100244,Mumbai,Khar West,Khar West,3,130000.0,1100.0,Carpet Area,3.0,8.0,3.0,Furnished,Bachelors/Family,Contact Agent
LST102887,Mumbai,Parel,"Ruparel Ariana, Parel",2,25500.0,590.0,Super Area,3.0,12.0,3.0,Semi-Furnished,Bachelors,Contact Owner
LST100771,Mumbai,Kandivali East,"Vishnu Shivam Tower, Thakur Village, Kandivali East",2,65000.0,950.0,Carpet Area,12.0,21.0,2.0,Furnished,Bachelors/Family,Contact Agent
LST103952,Mumbai,Chembur,"MJ Shah Centrio, Chembur",3,54000.0,877.0,Carpet Area,5.0,10.0,3.0,Unfurnished,Bachelors,Contact Owner
LST100794,Mumbai,Collector Colony,Collector Colony,2,40000.0,700.0,Carpet Area,11.0,15.0,2.0,Unfurnished,Bachelors/Family,Contact Agent
LST104780,Mumbai,Mahavir Nagar,"Anant Bhoomi, Mahavir Nagar",3,201000.0,1292.0,Carpet Area,1.0,9.0,2.0,Semi-Furnished,Bachelors,Contact Agent
LST104019,Mumbai,Unknown,Navi Mumbai-Khargar-Panvel,1,23000.0,627.0,Carpet Area,18.0,22.0,1.0,Furnished,Family,Contact Agent
LST102017,Mumbai,Kandivali East,"Thakur Jewel, Thakur Village, Kandivali East",3,50500.0,1154.0,Carpet Area,0.0,8.0,4.0,Unfurnished,Bachelors,Contact Owner
LST104285,Mumbai,shivsagar,shivsagar,2,42500.0,560.0,Carpet Area,60.0,79.0,2.0,Unfurnished,Family,Contact Owner
LST101296,Mumbai,LBS Marg,"Nirmal Lifestyle, LBS Marg",5,355500.0,2685.0,Carpet Area,25.0,28.0,5.0,Unfurnished,Family,Contact Agent
LST104601,Mumbai,Chembur,"Madhugiri Society, Chembur",1,54500.0,365.0,Carpet Area,17.0,60.0,1.0,Furnished,Bachelors,Contact Agent
LST102558,Mumbai,Thakur Complex,"MUKTA MAHEK, Thakur Complex",1,22500.0,421.0,Carpet Area,7.0,27.0,1.0,Semi-Furnished,Family,Contact Agent
LST100635,Mumbai,Lower Parel,"Ashford Casa Grande, Lower Parel",3,260000.0,1915.0,Super Area,8.0,23.0,4.0,Semi-Furnished,Family,Contact Agent
LST104047,Mumbai,Powai,"Lake Bloom, Powai",1,26500.0,367.0,Carpet Area,5.0,15.0,1.0,Furnished,Bachelors,Contact Agent
LST102803,Mumbai,Mulund Railway Station,Mulund Railway Station,4,106000.0,1493.0,Super Area,8.0,17.0,4.0,Unfurnished,Family,Contact Owner
LST104390,Mumbai,Waterfield Road,Waterfield Road,2,107500.0,873.0,Super Area,1.0,6.0,2.0,Semi-Furnished,Bachelors,Contact Agent
LST101206,Mumbai,Goregaon East,"Romell Aether, Goregaon East",1,25000.0,238.0,Carpet Area,14.0,71.0,1.0,Unfurnished,Family,Contact Agent
LST103470,Mumbai,Mira Road East,"Hiral Greens, Mira Road East",3,25000.0,800.0,Super Area,18.0,40.0,3.0,Unfurnished,Bachelors,Contact Agent
LST104530,Mumbai,Pali Hill,"Pali Hill Apartment, Pali Hill",2,61000.0,1008.0,Carpet Area,22.0,52.0,2.0,Unfurnished,Family,Contact Owner
LST103930,Mumbai,Mulund East,"Sai Aasha Daya, Mulund East",3,66000.0,877.0,Carpet Area,16.0,22.0,2.0,Furnished,Bachelors,Contact Agent
LST100231,Mumbai,Sion Trombay Road,"Altavista, Sion Trombay Road",1,30000.0,433.0,Carpet Area,8.0,20.0,2.0,Semi-Furnished,Bachelors/Family,Contact Agent
LST100173,Mumbai,Magathane,"Vasant Marvel, Magathane",2,40000.0,750.0,Carpet Area,5.0,8.0,2.0,Semi-Furnished,Family,Contact Agent
LST101182,Mumbai,Sion East,"Everard Nagar Co Operative Housing Society, Sion East",1,55000.0,533.0,Carpet Area,28.0,39.0,1.0,Furnished,Bachelors,Contact Agent
LST900021,Mumbai,Mira Road,"Hubtown Gardenia, Mira Road",2,50000.0,871.0,Carpet Area,5.0,19.0,3.0,Semi-Furnished,Bachelors,Contact Agent
LST104974,Mumbai,Parel,"TATA Falcon Crest, Parel",2,80000.0,1072.0,Carpet Area,20.0,32.0,1.0,Unfurnished,Bachelors,Contact Agent
LST102401,Mumbai,Worli Hill,"Lodha Kiara, Worli Hill",5,366500.0,2192.0,Super Area,19.0,25.0,4.0,Semi-Furnished,Bachelors,Contact Owner
LST102116,Mumbai,kurla west,kurla west,2,46000.0,726.0,Carpet Area,10.0,32.0,2.0,Semi-Furnished,Bachelors/Family,Contact Agent
LST100174,Mumbai,Andheri East,Andheri East,2,43000.0,628.0,Carpet Area,4.0,11.0,2.0,Unfurnished,Bachelors/Family,Contact Agent
LST100294,Mumbai,Chandivali,"Sunglow, Chandivali",2,40000.0,575.0,Carpet Area,4.0,7.0,2.0,Semi-Furnished,Bachelors/Family,Contact Agent
LST100827,Mumbai,in Borivali East,in Borivali East,1,20000.0,465.0,Super Area,3.0,4.0,1.0,Semi-Furnished,Bachelors,Contact Owner
LST100895,Mumbai,Worli,Worli,1,25000.0,400.0,Carpet Area,18.0,23.0,1.0,Unfurnished,Bachelors,Contact Agent
LST103917,Mumbai,Sindhi Society Chembur,"Hari Kunj II, Sindhi Society Chembur",2,64000.0,777.0,Super Area,15.0,18.0,1.0,Furnished,Bachelors,Contact Owner
LST103620,Mumbai,Kandivali East,"Techno Park I, Kandivali East",4,207500.0,2228.0,Super Area,6.0,16.0,4.0,Unfurnished,Bachelors,Contact Owner
LST104259,Mumbai,Lokhandwala Complex,"Magnum Tower CHS, Lokhandwala Complex",1,29500.0,430.0,Carpet Area,22.0,22.0,1.0,Semi-Furnished,Bachelors,Contact Agent
LST101614,Mumbai,Powai,"Panch Complex, Powai",3,80500.0,1161.0,Super Area,17.0,25.0,3.0,Furnished,Bachelors,Contact Owner
LST103288,Mumbai,Vikhroli,Vikhroli,2,68500.0,947.0,Super Area,6.0,13.0,1.0,Furnished,Family,Contact Owner
LST104581,Mumbai,Worli,"Lady Ratan Tower, Worli",3,19500.0,638.0,Super Area,7.0,7.0,2.0,Furnished,Family,Contact Agent
LST101061,Mumbai,Shri Swami Samarth Nagar,Shri Swami Samarth Nagar,2,41000.0,602.0,Carpet Area,9.0,31.0,3.0,Unfurnished,Family,Contact Agent
LST102639,Mumbai,Sakinaka Junction,"Dsk Madhuban, Sakinaka Junction",2,57000.0,772.0,Super Area,7.0,16.0,3.0,Unfurnished,Bachelors/Family,Contact Owner
LST104931,Mumbai,Powai,"Panch Complex, Powai",2,59500.0,693.0,Carpet Area,12.0,27.0,3.0,Furnished,Bachelors,Contact Owner
LST102336,Mumbai,Hiranandani Gardens,"Hiranandani Gardens Odyssey I, Hiranandani Gardens",2,101500.0,1021.0,Super Area,10.0,19.0,1.0,Furnished,Family,Contact Agent
LST100273,Mumbai,Rambaug,Rambaug,1,35000.0,463.0,Carpet Area,5.0,7.0,2.0,Furnished,Bachelors/Family,Contact Agent
LST103737,Mumbai,Chakala,Chakala,2,36500.0,603.0,Carpet Area,14.0,59.0,3.0,Unfurnished,Family,Contact Agent
LST102503,Mumbai,Mira Bhayandar,Mira Bhayandar,1,11500.0,435.0,Carpet Area,3.0,26.0,2.0,Furnished,Bachelors,Contact Owner
LST100363,Mumbai,Andheri East,"Trans Residency, Andheri East",1,32000.0,400.0,Carpet Area,3.0,7.0,1.0,Furnished,Bachelors/Family,Contact Agent
LST100458,Mumbai,Lokhandwala Complex,"Ballerina Apartment, Lokhandwala Complex",1,40000.0,680.0,Super Area,5.0,7.0,4.0,Furnished,Bachelors/Family,Contact Agent
LST103698,Mumbai,Chandivali,"Shapoorji Pallonji Vicinia, Chandivali",2,42500.0,635.0,Super Area,6.0,23.0,3.0,Unfurnished,Family,Contact Agent
LST102167,Mumbai,Bandra East,"Sethia Grandeur, Bandra East",1,19500.0,577.0,Super Area,6.0,21.0,2.0,Furnished,Bachelors/Family,Contact Agent
LST101147,Mumbai,Sindhi Society Chembur,"Chembur Heights, Sindhi Society Chembur",3,316000.0,1815.0,Carpet Area,7.0,9.0,4.0,Furnished,Family,Contact Owner
LST100196,Mumbai,Rock garden Chs,Rock garden Chs,1,20000.0,550.0,Super Area,5.0,7.0,2.0,Unfurnished,Bachelors,Contact Owner
LST100265,Mumbai,Bandra West,Bandra West,3,170000.0,1150.0,Carpet Area,8.0,12.0,3.0,Semi-Furnished,Bachelors/Family,Contact Agent
LST101338,Mumbai,Chembur East,"Sufalam CHS, Chembur East",4,235500.0,1924.0,Super Area,48.0,54.0,4.0,Unfurnished,Bachelors,Contact Agent
LST103644,Mumbai,Dattani Park,Dattani Park,3,130000.0,1020.0,Super Area,14.0,48.0,3.0,Semi-Furnished,Bachelors/Family,Contact Owner
LST101991,Mumbai,Bandra East,"Sethia Grandeur, Bandra East",2,64500.0,753.0,Carpet Area,5.0,10.0,2.0,Unfurnished,Bachelors,Contact Owner
LST104026,Mumbai,JVPD Scheme,JVPD Scheme,1,15500.0,256.0,Carpet Area,15.0,32.0,1.0,Unfurnished,Bachelors,Contact Owner
LST104551,Mumbai,Kandivali East,"Vasant Sagar, Thakur Village, Kandivali East",2,246500.0,1173.0,Super Area,44.0,75.0,3.0,Semi-Furnished,Family,Contact Agent
LST101780,Mumbai,Mahatama Gandhi Road,Mahatama Gandhi Road,3,88000.0,805.0,Carpet Area,1.0,4.0,3.0,Furnished,Bachelors/Family,Contact Agent
LST102028,Mumbai,Vikhroli East,"Godrej Platinum, Vikhroli East",3,70500.0,1629.0,Super Area,5.0,14.0,3.0,Semi-Furnished,Family,Contact Agent
LST100034,Mumbai,shivsagar,shivsagar,2,68000.0,610.0,Carpet Area,1.0,5.0,2.0,Furnished,Bachelors/Family,Contact Owner
LST102208,Mumbai,Andheri East,"Green Woods Chkala, Andheri East",2,37000.0,634.0,Carpet Area,1.0,9.0,3.0,Furnished,Family,Contact Agent
LST103718,Mumbai,Kanjurmarg East,"NG Royal Park, Kanjurmarg East",2,47500.0,799.0,Super Area,12.0,27.0,2.0,Semi-Furnished,Bachelors,Contact Owner
LST101947,Mumbai,Datta Pada,Datta Pada,2,45500.0,694.0,Carpet Area,13.0,21.0,3.0,Semi-Furnished,Family,Contact Owner
LST100898,Mumbai,Dahisar East,Dahisar East,1,20000.0,625.0,Super Area,10.0,12.0,1.0,Semi-Furnished,Bachelors/Family,Contact Owner
LST104550,Mumbai,Prabhadevi,"Aristo Pearl Residency, Prabhadevi",4,164500.0,1548.0,Super Area,10.0,21.0,3.0,Semi-Furnished,Family,Contact Agent
LST101644,Mumbai,Mulund West,"Wadhwa Atmoshphere, Mulund West",5,399500.0,3000.0,Carpet Area,17.0,31.0,6.0,Semi-Furnished,Bachelors/Family,Contact Agent
LST104848,Mumbai,Chembur,"Safal Twins, Chembur",5,317500.0,1980.0,Super Area,14.0,48.0,6.0,Furnished,Family,Contact Owner
LST102769,Mumbai,Lal Baug,Lal Baug,3,144500.0,1310.0,Carpet Area,5.0,24.0,2.0,Semi-Furnished,Bachelors/Family,Contact Owner
LST101632,Mumbai,Vile Parle,Vile Parle,2,43000.0,584.0,Super Area,4.0,13.0,2.0,Furnished,Family,Contact Agent
LST101060,Mumbai,Rock garden Chs,Rock garden Chs,2,29500.0,676.0,Carpet Area,12.0,20.0,1.0,Unfurnished,Family,Contact Agent
LST104395,Mumbai,Sakinaka Junction,Sakinaka Junction,2,79000.0,931.0,Super Area,9.0,22.0,2.0,Semi-Furnished,Bachelors/Family,Contact Agent
LST104845,Mumbai,Mulund East,Mulund East,1,34500.0,429.0,Super Area,4.0,13.0,1.0,Semi-Furnished,Family,Contact Owner
LST102350,Mumbai,Seven Bungalows,"7 Bungalow, Seven Bungalows",4,101500.0,1970.0,Super Area,5.0,14.0,3.0,Furnished,Bachelors,Contact Owner
LST101042,Mumbai,Millat Nagar,"Green Park Apartment, Millat Nagar",2,53500.0,702.0,Carpet Area,4.0,13.0,2.0,Unfurnished,Bachelors,Contact Agent
LST102311,Mumbai,Taloja Phase 2,Taloja Phase 2,4,160000.0,1357.0,Carpet Area,7.0,21.0,4.0,Semi-Furnished,Bachelors/Family,Contact Owner
LST101969,Mumbai,Sion Koliwada,"Sheth Beaumonte, Sion Koliwada",3,60500.0,743.0,Super Area,4.0,58.0,2.0,Semi-Furnished,Bachelors,Contact Owner
LST100331,Mumbai,Chembur,Chembur,1,32000.0,420.0,Carpet Area,1.0,3.0,2.0,Semi-Furnished,Family,Contact Agent
LST102655,Mumbai,Worli,"Lady Ratan Tower, Worli",3,221000.0,1345.0,Built Up Area,-1.0,21.0,3.0,Semi-Furnished,Bachelors/Family,Contact Agent
LST102487,Mumbai,Powai,"Raj Grandeur, Powai",3,89000.0,1081.0,Super Area,45.0,60.0,3.0,Semi-Furnished,Bachelors,Contact Owner
LST104432,Mumbai,Parel,"Vikas Finalay Apartments, Parel",3,177500.0,1047.0,Super Area,6.0,10.0,3.0,Unfurnished,Bachelors,Contact Agent
LST103840,Mumbai,Goregaon East,"Raheja Ridgewood, Goregaon East",2,44000.0,914.0,Super Area,2.0,3.0,3.0,Furnished,Family,Contact Owner
LST101364,Mumbai,Lodha casa rio,Lodha casa rio,2,24000.0,542.0,Carpet Area,19.0,24.0,2.0,Furnished,Bachelors,Contact Owner
LST102420,Mumbai,Moti Nagar,"Montana Giona, Moti Nagar",1,19500.0,416.0,Super Area,25.0,28.0,1.0,Furnished,Bachelors/Family,Contact Owner
LST102032,Mumbai,Yari Road,"Chanchal Kalyan Complex, Yari Road",1,26500.0,381.0,Carpet Area,11.0,14.0,1.0,Unfurnished,Family,Contact Agent
LST100293,Mumbai,Lokhandwala Complex,Lokhandwala Complex,1,45000.0,450.0,Carpet Area,5.0,7.0,2.0,Furnished,Family,Contact Agent
LST103353,Mumbai,Andheri West,"Bharat Ark, Andheri West",1,49500.0,468.0,Carpet Area,53.0,60.0,1.0,Semi-Furnished,Bachelors/Family,Contact Agent
LST104798,Mumbai,Dadar East,"Bombay Dyeing Two ICC, Dadar East",1,22000.0,316.0,Carpet Area,9.0,10.0,1.0,Unfurnished,Family,Contact Agent
LST103586,Mumbai,Shivaji Park,Shivaji Park,1,18500.0,296.0,Super Area,7.0,16.0,1.0,Unfurnished,Family,Contact Agent
LST100472,Mumbai,Kandivali East,"Vishnu Shivam Tower, Thakur Village, Kandivali East",2,65000.0,850.0,Carpet Area,10.0,31.0,2.0,Furnished,Bachelors/Family,Contact Agent
LST104436,Mumbai,Ashok Van,Ashok Van,2,43500.0,764.0,Carpet Area,24.0,60.0,2.0,Furnished,Family,Contact Agent
LST101584,Mumbai,Bandra West,"Hill Road, Bandra West",3,59500.0,1606.0,Super Area,3.0,15.0,3.0,Unfurnished,Bachelors,Contact Agent
LST100512,Mumbai,Bandra West,Bandra West,2,75000.0,753.0,Carpet Area,1.0,7.0,2.0,Semi-Furnished,Bachelors/Family,Contact Agent
LST103134,Mumbai,Virar West,"Ekta Parksville, Virar West",4,241000.0,1707.0,Carpet Area,26.0,42.0,5.0,Furnished,Family,Contact Agent
LST103756,Mumbai,Malad East,"Kanakia Levels, Malad East",3,36000.0,1250.0,Super Area,3.0,12.0,3.0,Unfurnished,Bachelors/Family,Contact Agent
LST101137,Mumbai,Powai,"Panch Complex, Powai",2,71000.0,630.0,Carpet Area,14.0,21.0,3.0,Unfurnished,Family,Contact Agent
LST101080,Mumbai,Powai,"Hiranandani Regent Hill, Powai",2,132000.0,930.0,Super Area,22.0,51.0,2.0,Semi-Furnished,Family,Contact Owner
LST103508,Mumbai,Wadala,Wadala,2,53500.0,690.0,Super Area,1.0,1.0,2.0,Unfurnished,Bachelors,Contact Owner
LST101967,Mumbai,Mahavir Nagar,"Leo Ratnakar, Mahavir Nagar",2,105000.0,971.0,Super Area,8.0,28.0,2.0,Furnished,Bachelors,Contact Owner
LST100243,Mumbai,Bandra West,"Queens Palace, Bandra West",2,95000.0,750.0,Carpet Area,2.0,7.0,2.0,Unfurnished,Bachelors,Contact Agent
LST102931,Mumbai,Unknown,,1,64500.0,516.0,Carpet Area,16.0,38.0,1.0,Semi-Furnished,Bachelors/Family,Contact Agent
LST104595,Mumbai,Shivaji Park,Shivaji Park,2,44500.0,1125.0,Super Area,1.0,3.0,3.0,Semi-Furnished,Bachelors/Family,Contact Agent
LST103100,Mumbai,Bhandup,Bhandup,1,39500.0,511.0,Super Area,2.0,22.0,1.0,Semi-Furnished,Bachelors/Family,Contact Agent
LST102075,Mumbai,Wadala East,"Dosti Ambrosia, Wadala East",1,93500.0,618.0,Carpet Area,32.0,46.0,1.0,Unfurnished,Family,Contact Agent
LST100676,Mumbai,Hiranandani Gardens,Hiranandani Gardens,1,55000.0,500.0,Carpet Area,8.0,18.0,1.0,Unfurnished,Bachelors,Contact Agent
LST101773,Mumbai,Pathanwadi,"Alta Monte, Pathanwadi",4,88000.0,1338.0,Carpet Area,40.0,50.0,4.0,Unfurnished,Bachelors,Contact Agent
LST102577,Mumbai,Chakala,Chakala,2,79000.0,998.0,Super Area,18.0,29.0,2.0,Unfurnished,Bachelors,Contact Agent
LST102198,Mumbai,Bhakti Park,Bhakti Park,2,61000.0,809.0,Carpet Area,4.0,9.0,1.0,Furnished,Bachelors,Contact Owner
LST103758,Mumbai,Ashok Van,Ashok Van,3,62500.0,1900.0,Super Area,5.0,24.0,2.0,Semi-Furnished,Bachelors,Contact Owner
LST103330,Mumbai,Bandra East,"Rustomjee Seasons, Bandra East",1,32500.0,481.0,Super Area,8.0,8.0,2.0,Semi-Furnished,Bachelors/Family,Contact Owner
LST104966,Mumbai,Mahajan Wadi,Mahajan Wadi,3,108500.0,997.0,Super Area,21.0,23.0,3.0,Unfurnished,Bachelors/Family,Contact Owner
LST100376,Mumbai,Borivali West,"Veena Signature, Borivali West",3,60000.0,1050.0,Carpet Area,12.0,13.0,3.0,Unfurnished,Bachelors,Contact Agent
LST101978,Mumbai,Chandivali,Chandivali,5,787000.0,3468.0,Carpet Area,22.0,24.0,4.0,Furnished,Family,Contact Agent
LST102835,Mumbai,Reay road east,Reay road east,3,309000.0,1673.0,Super Area,6.0,25.0,3.0,Unfurnished,Bachelors/Family,Contact Owner
LST104815,Mumbai,Andheri East,"Eco Residency, Andheri East",1,35500.0,478.0,Super Area,34.0,48.0,1.0,Semi-Furnished,Family,Contact Agent
LST103891,Mumbai,sunanda circal,sunanda circal,3,61500.0,923.0,Super Area,37.0,51.0,2.0,Unfurnished,Bachelors/Family,Contact Owner
LST100780,Mumbai,Bhandup West,"Shree Sai Usha Complex, Bhandup West",2,32000.0,750.0,Super Area,3.0,7.0,2.0,Semi-Furnished,Bachelors/Family,Contact Owner
LST102544,Mumbai,Chembur,"Vijaya Heritage, Chembur",2,50000.0,753.0,Super Area,2.0,47.0,2.0,Furnished,Bachelors/Family,Contact Owner
LST104507,Mumbai,Chandivali,"Panch Ritu, Chandivali",1,70000.0,546.0,Super Area,25.0,43.0,1.0,Furnished,Bachelors,Contact Agent
LST104904,Mumbai,Shantivan,"Saaga Mrunali CHS, Shantivan",2,10500.0,504.0,Super Area,30.0,42.0,2.0,Unfurnished,Family,Contact Agent
LST101707,Mumbai,Dahisar East,Dahisar East,1,40000.0,407.0,Super Area,16.0,26.0,1.0,Furnished,Family,Contact Owner
LST100336,Mumbai,Goregaon West,Goregaon West,1,25000.0,450.0,Carpet Area,5.0,7.0,2.0,Semi-Furnished,Bachelors,Contact Agent
LST101028,Mumbai,Powai,"Kailash Tower, Powai",2,56500.0,826.0,Super Area,10.0,20.0,1.0,Furnished,Family,Contact Agent
LST100060,Mumbai,DINA BAMA ESTATE,DINA BAMA ESTATE,1,28000.0,450.0,Carpet Area,13.0,20.0,2.0,Unfurnished,Bachelors/Family,Contact Agent
LST100673,Mumbai,Mira Road,"Gaurav Excellency, Mira Road",2,25000.0,1065.0,Super Area,15.0,15.0,2.0,Furnished,Bachelors/Family,Contact Owner
LST101062,Mumbai,Breach Candy,Breach Candy,3,43500.0,731.0,Carpet Area,6.0,7.0,3.0,Furnished,Bachelors/Family,Contact Agent
LST103283,Mumbai,Mira Bhayandar,Mira Bhayandar,1,34000.0,569.0,Super Area,17.0,60.0,2.0,Semi-Furnished,Family,Contact Agent
LST102860,Mumbai,sra,sra,2,218500.0,1166.0,Super Area,0.0,4.0,2.0,Unfurnished,Family,Contact Owner
LST100015,Mumbai,Mulund West,"Yogi Hills, Mulund West",2,33500.0,700.0,Carpet Area,4.0,7.0,2.0,Semi-Furnished,Bachelors/Family,Contact Agent
LST103635,Mumbai,Dadar East,"Island City Centre, Dadar East",1,24500.0,465.0,Super Area,35.0,68.0,1.0,Semi-Furnished,Bachelors/Family,Contact Agent
LST102569,Mumbai,Grant Road,Grant Road,3,205000.0,1314.0,Carpet Area,5.0,9.0,2.0,Furnished,Bachelors,Contact Owner
LST100544,Mumbai,Mulund West,"Nem Vihar, Mulund West",1,18000.0,450.0,Super Area,2.0,4.0,1.0,Unfurnished,Bachelors/Family,Contact Owner
LST102532,Mumbai,Wadala East,"Lodha Altia, Wadala East",3,118500.0,1132.0,Super Area,15.0,25.0,2.0,Unfurnished,Bachelors,Contact Agent
LST102904,Mumbai,Bhandup West,"Marathon Embryo, Bhandup West",4,283500.0,3264.0,Carpet Area,6.0,30.0,4.0,Unfurnished,Bachelors/Family,Contact Owner
LST102609,Mumbai,Wadala,"Lodha New Cuffe Parade, Wadala",3,76500.0,954.0,Carpet Area,0.0,8.0,4.0,Unfurnished,Family,Contact Owner
LST103077,Mumbai,Chirag Nagar,Chirag Nagar,3,119000.0,990.0,Carpet Area,25.0,48.0,3.0,Semi-Furnished,Family,Contact Agent
LST100550,Mumbai,Malad East,Malad East,1,24000.0,650.0,Super Area,3.0,4.0,1.0,Semi-Furnished,Bachelors/Family,Contact Owner
LST100964,Mumbai,Andheri West,Andheri West,2,78000.0,600.0,Carpet Area,10.0,21.0,2.0,Semi-Furnished,Bachelors/Family,Contact Agent
LST103898,Mumbai,Kandivali East,Kandivali East,3,180500.0,1521.0,Carpet Area,6.0,45.0,4.0,Semi-Furnished,Bachelors/Family,Contact Owner
LST103641,Mumbai,Beverly Park,"Marigold-5, Beverly Park",2,46500.0,780.0,Super Area,12.0,42.0,1.0,Furnished,Bachelors/Family,Contact Agent
LST104622,Mumbai,Malad West,"Auris Serenity, Malad West",2,58500.0,874.0,Super Area,3.0,14.0,1.0,Furnished,Bachelors,Contact Agent
LST100147,Mumbai,Thakur Complex,"Benzer Tower, Thakur Complex",3,50000.0,1150.0,Carpet Area,17.0,24.0,3.0,Semi-Furnished,Family,Contact Agent
LST102330,Mumbai,Wadala East,"Lodha Altia, Wadala East",3,130500.0,976.0,Carpet Area,12.0,68.0,3.0,Furnished,Bachelors/Family,Contact Owner
LST103170,Mumbai,Lower Parel,"India Bulls Sky Forest, Lower Parel",1,18500.0,250.0,Carpet Area,18.0,32.0,1.0,Furnished,Family,Contact Owner
LST102528,Mumbai,Hiranandani Gardens,"Hiranandani Castle Rock, Hiranandani Gardens",1,18500.0,365.0,Super Area,32.0,39.0,1.0,Semi-Furnished,Bachelors/Family,Contact Owner
LST103419,Mumbai,Kanjurmarg East,Kanjurmarg East,1,6500.0,477.0,Super Area,12.0,13.0,1.0,Semi-Furnished,Family,Contact Owner
LST102464,Mumbai,Hiranandani Gardens,"Hiranandani Atlantis, Hiranandani Gardens",3,122000.0,1187.0,Super Area,19.0,20.0,4.0,Unfurnished,Bachelors,Contact Owner
LST101180,Mumbai,Bhandup,Bhandup,2,26000.0,475.0,Super Area,2.0,8.0,2.0,Semi-Furnished,Bachelors/Family,Contact Owner
LST100207,Mumbai,Andheri West,"Bharat Ark, Andheri West",3,95000.0,1300.0,Carpet Area,8.0,16.0,4.0,Semi-Furnished,Bachelors,Contact Agent
LST102651,Mumbai,Chakala,"Hubtown Sunmist, Chakala",2,37000.0,585.0,Super Area,5.0,7.0,1.0,Furnished,Bachelors,Contact Agent
LST100163,Mumbai,Mahalakshmi,"Lodha Primero, Mahalakshmi",3,160000.0,1300.0,Carpet Area,37.0,51.0,4.0,Semi-Furnished,Bachelors/Family,Contact Agent
LST100538,Mumbai,Mulund West,"Sheth Montana, Mulund West",2,50000.0,650.0,Carpet Area,10.0,20.0,2.0,Semi-Furnished,Bachelors/Family,Contact Agent
LST100703,Mumbai,Andheri East,"Green Woods Chkala, Andheri East",2,60000.0,750.0,Carpet Area,5.0,9.0,2.0,Semi-Furnished,Bachelors/Family,Contact Agent
LST104030,Mumbai,Worli,"Lodha The Park, Worli",3,99500.0,1286.0,Super Area,15.0,20.0,4.0,Semi-Furnished,Bachelors,Contact Agent
LST103146,Mumbai,Mindspace,"Ahimsa Marg, Mindspace",2,40000.0,824.0,Carpet Area,12.0,21.0,1.0,Semi-Furnished,Bachelors/Family,Contact Agent
LST101850,Mumbai,Bhandup West,"Samarth Garden, Bhandup West",2,101500.0,849.0,Carpet Area,3.0,6.0,2.0,Semi-Furnished,Bachelors/Family,Contact Owner
LST102989,Mumbai,Malabar Hill,Malabar Hill,2,49000.0,754.0,Super Area,33.0,42.0,1.0,Furnished,Bachelors/Family,Contact Agent
LST104773,Mumbai,Goregaon East,"Dheeraj Valley Tower, Goregaon East",4,303500.0,1564.0,Carpet Area,3.0,15.0,4.0,Unfurnished,Family,Contact Agent
LST104951,Mumbai,Borivali West,"Parinee Adney, Borivali West",1,34500.0,347.0,Super Area,0.0,5.0,1.0,Semi-Furnished,Bachelors/Family,Contact Agent
LST102563,Mumbai,Rock garden Chs,Rock garden Chs,1,27000.0,450.0,Carpet Area,2.0,5.0,2.0,Unfurnished,Bachelors,Contact Agent
LST101359,Mumbai,in Borivali East,in Borivali East,2,107500.0,968.0,Super Area,0.0,3.0,2.0,Unfurnished,Bachelors,Contact Agent
LST101334,Mumbai,Agripada,Agripada,1,31000.0,753.0,Carpet Area,0.0,7.0,2.0,Furnished,Family,Contact Owner
LST103799,Mumbai,Vasai East,"Nicon Infinity, Vasai East",3,92500.0,1177.0,Super Area,12.0,18.0,4.0,Semi-Furnished,Family,Contact Agent
LST104959,Mumbai,Kandivali East,"Challenger Tower, Thakur Village, Kandivali East",1,19500.0,422.0,Super Area,25.0,50.0,1.0,Furnished,Family,Contact Agent
LST101019,Mumbai,Hiranandani Gardens,"Hiranandani Regent Hill, Hiranandani Gardens",1,24000.0,349.0,Super Area,60.0,67.0,2.0,Unfurnished,Family,Contact Agent
LST101878,Mumbai,Link Road,"Auris Serenity, Link Road",2,94500.0,713.0,Super Area,12.0,68.0,1.0,Semi-Furnished,Bachelors/Family,Contact Owner
LST103381,Mumbai,Chembur East,"Swastik Pride, Chembur East",3,38000.0,783.0,Carpet Area,15.0,19.0,4.0,Semi-Furnished,Bachelors/Family,Contact Owner
LST103370,Mumbai,Vikhroli,Vikhroli,3,48000.0,755.0,Super Area,15.0,37.0,4.0,Semi-Furnished,Family,Contact Owner
LST102789,Mumbai,Chembur,"MJ Shah Centrio, Chembur",3,215500.0,1408.0,Super Area,20.0,30.0,3.0,Furnished,Bachelors,Contact Agent
LST104827,Mumbai,Worli,"Lodha The Park, Worli",4,76500.0,1666.0,Carpet Area,15.0,43.0,4.0,Furnished,Family,Contact Owner
LST102160,Mumbai,Chembur East,"Sabari Ashville, Chembur East",3,171000.0,1217.0,Super Area,6.0,8.0,2.0,Semi-Furnished,Bachelors,Contact Owner
LST101072,Mumbai,Unknown,Mumbai Central,2,62500.0,935.0,Super Area,8.0,8.0,1.0,Semi-Furnished,Bachelors,Contact Owner
LST104040,Mumbai,Chandivali,"Nahar Amrit Shakti powai, Chandivali",3,202500.0,1593.0,Super Area,19.0,24.0,3.0,Unfurnished,Bachelors/Family,Contact Agent
LST101381,Mumbai,Chembur,"Sindhi Society, Chembur",2,123500.0,908.0,Carpet Area,8.0,10.0,1.0,Semi-Furnished,Bachelors,Contact Agent
LST104924,Mumbai,Hiranandani Gardens,"Raj Grandeur, Hiranandani Gardens",3,27500.0,1212.0,Carpet Area,13.0,20.0,4.0,Semi-Furnished,Bachelors/Family,Contact Agent
LST100119,Mumbai,Bandra West,Bandra West,3,150000.0,1250.0,Carpet Area,5.0,8.0,3.0,Semi-Furnished,Bachelors/Family,Contact Agent
LST103853,Mumbai,Worli Hill,"Lodha Kiara, Worli Hill",2,47000.0,877.0,Carpet Area,17.0,31.0,2.0,Semi-Furnished,Bachelors,Contact Agent
LST100656,Mumbai,Bhandup,Bhandup,1,20000.0,400.0,Carpet Area,3.0,4.0,1.0,Semi-Furnished,Bachelors/Family,Contact Owner
LST100417,Mumbai,Kandivali East,"Ishwardas Bhuvan CHS, Kandivali East",3,32000.0,1200.0,Super Area,4.0,5.0,3.0,Semi-Furnished,Bachelors/Family,Contact Owner
LST104843,Mumbai,Adarsh Nagar,"Auris Serenity, Adarsh Nagar",2,71000.0,871.0,Super Area,10.0,21.0,2.0,Furnished,Bachelors,Contact Agent
LST102960,Mumbai,Vikhroli East,"Godrej Platinum, Vikhroli East",2,75500.0,1081.0,Carpet Area,9.0,12.0,2.0,Furnished,Bachelors,Contact Owner
LST102408,Mumbai,Cuffe Parade,Cuffe Parade,1,41000.0,499.0,Carpet Area,60.0,80.0,1.0,Furnished,Bachelors,Contact Agent
LST101231,Mumbai,Govandi Station Road,Govandi Station Road,1,22500.0,392.0,Super Area,1.0,8.0,1.0,Unfurnished,Family,Contact Agent
LST100205,Mumbai,Srishti Complex,Srishti Complex,3,55000.0,950.0,Carpet Area,2.0,12.0,3.0,Unfurnished,Bachelors/Family,Contact Agent
LST104889,Mumbai,Kandivali West,"Sakhi, Kandivali West",1,97000.0,601.0,Super Area,3.0,6.0,1.0,Unfurnished,Bachelors,Contact Agent
LST104739,Mumbai,Charkop,Charkop,2,69500.0,817.0,Carpet Area,11.0,13.0,2.0,Unfurnished,Family,Contact Owner
LST900039,Mumbai,Bhandup West,"Keshav Srishti, Bhandup West",2,88500.0,906.0,Super Area,23.0,25.0,3.0,Furnished,Bachelors/Family,Contact Agent
LST101890,Mumbai,Andheri East,"Hillcrest, Andheri East",1,34500.0,410.0,Carpet Area,2.0,3.0,2.0,Semi-Furnished,Bachelors/Family,Contact Owner
LST104683,Mumbai,Chembur,"Safal Saraswati, Chembur",5,444500.0,1989.0,Super Area,30.0,58.0,4.0,Semi-Furnished,Bachelors,Contact Owner
LST102712,Mumbai,Virar West,Virar West,2,70000.0,685.0,Super Area,8.0,13.0,2.0,Unfurnished,Bachelors,Contact Agent
LST102180,Mumbai,orchid suburbia,orchid suburbia,2,57500.0,762.0,Super Area,60.0,79.0,1.0,Unfurnished,Bachelors/Family,Contact Owner
LST100097,Mumbai,shabri shan,shabri shan,2,40000.0,720.0,Carpet Area,14.0,22.0,2.0,Unfurnished,Bachelors,Contact Agent
LST103766,Mumbai,Mahatama Gandhi Road,Mahatama Gandhi Road,2,120000.0,754.0,Carpet Area,7.0,16.0,2.0,Unfurnished,Bachelors,Contact Agent
LST102783,Mumbai,Gokuldham,"Raheja Heights Phase 2, Gokuldham",3,198000.0,1293.0,Super Area,60.0,71.0,4.0,Unfurnished,Bachelors,Contact Agent
LST104546,Mumbai,Bandra Kurla Complex,"Omkar Meridia, Bandra Kurla Complex",1,36500.0,710.0,Super Area,9.0,20.0,1.0,Furnished,Bachelors/Family,Contact Owner
LST100733,Mumbai,sunanda circal,sunanda circal,1,7500.0,380.0,Carpet Area,3.0,7.0,2.0,Unfurnished,Bachelors,Contact Owner
LST100262,Mumbai,Sion East,Sion East,3,85000.0,850.0,Super Area,3.0,4.0,2.0,Furnished,Bachelors/Family,Contact Owner
LST103349,Mumbai,Ghatkopar,"Ambika Siddhi Apartment, Ghatkopar",3,107000.0,1272.0,Carpet Area,12.0,19.0,4.0,Semi-Furnished,Bachelors,Contact Owner
LST104038,Mumbai,Grant Road,Grant Road,4,82500.0,1541.0,Carpet Area,3.0,21.0,5.0,Semi-Furnished,Bachelors,Contact Agent
LST100962,Mumbai,in Borivali West,in Borivali West,2,40000.0,800.0,Super Area,1.0,3.0,2.0,Semi-Furnished,Bachelors/Family,Contact Owner
LST101819,Mumbai,Andheri East,"Takshila CHS, Andheri East",3,99500.0,1583.0,Super Area,7.0,20.0,3.0,Unfurnished,Family,Contact Owner
LST104830,Mumbai,Cuffe Parade,Cuffe Parade,1,14000.0,469.0,Carpet Area,16.0,38.0,1.0,Semi-Furnished,Bachelors,Contact Agent
LST102266,Mumbai,Parel,"Lodha Azzuro , Parel",2,45500.0,1139.0,Carpet Area,9.0,25.0,2.0,Semi-Furnished,Family,Contact Agent
LST104666,Mumbai,Marol,"Kanakia Rainforest, Marol",3,94500.0,1149.0,Super Area,-1.0,21.0,2.0,Furnished,Family,Contact Agent
LST102643,Mumbai,Hiranandani Gardens,"Hiranandani Gardens Odyssey I, Hiranandani Gardens",2,100000.0,724.0,Super Area,10.0,20.0,1.0,Semi-Furnished,Bachelors/Family,Contact Agent
LST100718,Mumbai,Hiranandani Gardens,"Hiranandani Atlantis, Hiranandani Gardens",2,100000.0,750.0,Carpet Area,14.0,27.0,2.0,Semi-Furnished,Bachelors/Family,Contact Agent
LST103874,Mumbai,Napean Sea Road,"simla house at nepeasea road, Napean Sea Road",4,331500.0,2356.0,Carpet Area,11.0,51.0,4.0,Unfurnished,Family,Contact Agent
LST100223,Mumbai,Collector Colony,Collector Colony,1,33000.0,425.0,Carpet Area,5.0,7.0,2.0,Unfurnished,Bachelors/Family,Contact Agent
LST103989,Mumbai,Morya Nagar,"Shreenath nagar, Morya Nagar",1,45000.0,473.0,Carpet Area,7.0,12.0,1.0,Semi-Furnished,Bachelors/Family,Contact Agent
LST103565,Mumbai,New Devchhaya Building,New Devchhaya Building,1,30000.0,519.0,Carpet Area,11.0,21.0,2.0,Unfurnished,Family,Contact Agent
LST100125,Mumbai,Bandra West,Bandra West,2,80000.0,750.0,Carpet Area,15.0,18.0,2.0,Semi-Furnished,Bachelors/Family,Contact Agent
LST103616,Mumbai,Mahalakshmi,"Lodha Bellissimo, Mahalakshmi",2,73500.0,885.0,Super Area,1.0,20.0,2.0,Semi-Furnished,Bachelors,Contact Owner
LST101491,Mumbai,Seven Bungalows,"Shimpla Vighnaharta CHS, Seven Bungalows",2,9000.0,666.0,Carpet Area,25.0,43.0,2.0,Unfurnished,Family,Contact Agent
LST103782,Mumbai,Shilphata,Shilphata,3,125500.0,1120.0,Carpet Area,7.0,16.0,4.0,Furnished,Family,Contact Agent
LST101185,Mumbai,Bhakti Park,"Lodha New Cuffe Parade, Bhakti Park",1,40000.0,777.0,Super Area,1.0,2.0,1.0,Unfurnished,Family,Contact Agent
LST101929,Mumbai,Powai,"Raj Grandeur, Powai",1,31500.0,311.0,Carpet Area,50.0,78.0,2.0,Furnished,Family,Contact Owner
LST103452,Mumbai,Worli,"World One Tower Mumbai, Worli",2,44500.0,572.0,Carpet Area,0.0,5.0,1.0,Unfurnished,Bachelors/Family,Contact Owner
LST100628,Mumbai,Chakala MIDC,"Lodha Eternis, Chakala MIDC",3,85000.0,1000.0,Carpet Area,4.0,11.0,3.0,Semi-Furnished,Bachelors/Family,Contact Agent
LST104967,Mumbai,Beverly Park,"Marigold-5, Beverly Park",2,40000.0,692.0,Carpet Area,43.0,78.0,3.0,Semi-Furnished,Bachelors/Family,Contact Owner
LST102672,Mumbai,Hiranandani Gardens,"Hiranandani Regent Hill, Hiranandani Gardens",2,90000.0,998.0,Super Area,4.0,5.0,2.0,Semi-Furnished,Bachelors/Family,Contact Owner
LST104122,Mumbai,Sakinaka Junction,"Dsk Madhuban, Sakinaka Junction",2,126000.0,800.0,Super Area,15.0,24.0,2.0,Unfurnished,Bachelors/Family,Contact Agent
LST102219,Mumbai,Dadar West,"Vaibhav Apartments, Dadar West",1,30000.0,453.0,Carpet Area,19.0,22.0,1.0,Furnished,Bachelors,Contact Owner
LST103194,Mumbai,Evershine Nagar,Evershine Nagar,1,24500.0,396.0,Super Area,3.0,18.0,2.0,Furnished,Bachelors,Contact Agent
LST100193,Mumbai,Sakinaka Junction,"Crescent Solitaire, Sakinaka Junction",1,33000.0,428.0,Carpet Area,7.0,11.0,2.0,Semi-Furnished,Bachelors/Family,Contact Agent
LST102346,Mumbai,Lokhandwala Complex,"Ballerina Apartment, Lokhandwala Complex",2,90000.0,1140.0,Super Area,14.0,20.0,2.0,Semi-Furnished,Bachelors/Family,Contact Owner
LST100422,Mumbai,ANUSHAKTI NAGAR,ANUSHAKTI NAGAR,2,40000.0,710.0,Carpet Area,3.0,4.0,2.0,Unfurnished,Bachelors/Family,Contact Owner
LST100839,Mumbai,Kanjurmarg East,Kanjurmarg East,1,22000.0,450.0,Super Area,14.0,14.0,1.0,Unfurnished,Bachelors/Family,Contact Owner
LST100881,Mumbai,Beverly Park,"Prathamesh Heritage, Beverly Park",2,22000.0,670.0,Carpet Area,4.0,12.0,2.0,Furnished,Family,Contact Agent
LST100134,Mumbai,Worli,"Lodha The Park, Worli",3,160000.0,1219.5,Carpet Area,40.0,75.0,3.0,Semi-Furnished,Bachelors/Family,Contact Agent
LST102275,Mumbai,Sindhi Society Chembur,Sindhi Society Chembur,1,22000.0,401.0,Super Area,10.0,20.0,1.0,Unfurnished,Bachelors/Family,Contact Owner
LST102013,Mumbai,Lokhandwala Twp,"Spring Leaf, Lokhandwala Twp",2,52500.0,1047.0,Carpet Area,12.0,12.0,2.0,Furnished,Bachelors/Family,Contact Owner
LST104640,Mumbai,Prabhadevi,"Suryodaya CHS, Prabhadevi",2,61500.0,832.0,Super Area,8.0,27.0,3.0,Furnished,Bachelors/Family,Contact Owner
LST101659,Mumbai,Chandivali,"Shapoorji Pallonji Vicinia, Chandivali",2,44000.0,799.0,Carpet Area,35.0,68.0,2.0,Semi-Furnished,Family,Contact Agent
LST102312,Mumbai,Bandra West,Bandra West,3,200500.0,1459.0,Super Area,16.0,39.0,3.0,Unfurnished,Bachelors,Contact Agent
LST101594,Mumbai,Dadar West,"Purushottam Towers, Dadar West",3,173000.0,1078.0,Carpet Area,9.0,28.0,3.0,Unfurnished,Bachelors,Contact Owner
LST101075,Mumbai,Chandivali,Chandivali,2,84500.0,692.0,Carpet Area,7.0,41.0,1.0,Unfurnished,Bachelors,Contact Owner
LST104326,Mumbai,Mindspace,"Ahimsa Marg, Mindspace",1,42000.0,571.0,Super Area,36.0,81.0,2.0,Furnished,Bachelors,Contact Agent
LST104118,Mumbai,Napean Sea Road,"simla house at nepeasea road, Napean Sea Road",2,66000.0,712.0,Super Area,12.0,12.0,2.0,Semi-Furnished,Bachelors,Contact Agent
LST100447,Mumbai,Lokhandwala Complex,"Kenmore Apartment, Lokhandwala Complex",2,60000.0,800.0,Carpet Area,2.0,7.0,2.0,Furnished,Family,Contact Agent
LST104363,Mumbai,in Sion,in Sion,5,435500.0,3244.0,Super Area,5.0,20.0,5.0,Unfurnished,Family,Contact Agent
LST103682,Mumbai,Chembur,"MJ Shah Centrio, Chembur",3,245500.0,2369.0,Carpet Area,18.0,25.0,3.0,Unfurnished,Bachelors/Family,Contact Agent
LST102593,Mumbai,CHAKALA,"SUPREME DIVINE LIGHT CHS, CHAKALA",2,16000.0,673.0,Super Area,12.0,22.0,2.0,Unfurnished,Bachelors,Contact Owner
LST104610,Mumbai,Chembur,"Godrej Prime, Chembur",1,23500.0,450.0,Carpet Area,11.0,25.0,1.0,Semi-Furnished,Bachelors,Contact Agent
LST104194,Mumbai,Mira Road,"Man Opus, Mira Road",3,44000.0,846.0,Carpet Area,8.0,16.0,4.0,Semi-Furnished,Bachelors/Family,Contact Agent
LST101169,Mumbai,Chembur East,"Swastik Pride, Chembur East",2,46000.0,652.0,Carpet Area,9.0,12.0,1.0,Furnished,Bachelors/Family,Contact Agent
LST104740,Mumbai,Lokhandwala Twp,"Anita, Lokhandwala Twp",4,168000.0,2179.0,Super Area,8.0,20.0,5.0,Unfurnished,Family,Contact Owner
LST104627,Mumbai,Vasai East,"Nicon Infinity, Vasai East",1,16500.0,329.0,Super Area,3.0,21.0,1.0,Unfurnished,Bachelors/Family,Contact Agent
LST101775,Mumbai,Pirojshah Nagar,"Godrej The Trees, Pirojshah Nagar",2,53500.0,677.0,Carpet Area,25.0,28.0,3.0,Furnished,Family,Contact Agent
LST102008,Mumbai,Marol Maroshi Road,"Kanakia Sevens, Marol Maroshi Road",3,190000.0,1389.0,Carpet Area,9.0,13.0,2.0,Furnished,Bachelors,Contact Agent
LST102756,Mumbai,Vile Parle East,Vile Parle East,4,148000.0,1899.0,Carpet Area,65.0,76.0,3.0,Unfurnished,Bachelors/Family,Contact Owner
LST100320,Mumbai,Chandivali,"Shapoorji Pallonji Vicinia, Chandivali",2,56000.0,720.0,Carpet Area,12.0,22.0,2.0,Semi-Furnished,Bachelors/Family,Contact Agent
LST102457,Mumbai,Friends Colony,Friends Colony,1,17500.0,307.0,Super Area,16.0,18.0,1.0,Furnished,Family,Contact Owner
LST104593,Mumbai,Thane-Kalyan-Dombivli,Thane-Kalyan-Dombivli,2,76000.0,649.0,Carpet Area,10.0,25.0,2.0,Unfurnished,Bachelors,Contact Agent
LST101567,Mumbai,Magathane,"Vasant Marvel, Magathane",1,16500.0,448.0,Carpet Area,13.0,16.0,1.0,Semi-Furnished,Bachelors,Contact Agent
LST101257,Mumbai,Lokhandwala Twp,"Spring Leaf, Lokhandwala Twp",4,181000.0,1614.0,Carpet Area,2.0,7.0,3.0,Unfurnished,Bachelors/Family,Contact Owner
LST100459,Mumbai,Nandiadwala Colony,"Midas Enclave CHS , Nandiadwala Colony",1,23500.0,400.0,Carpet Area,1.0,7.0,1.0,Unfurnished,Bachelors/Family,Contact Agent
LST104514,Mumbai,Shri Swami Samarth Nagar,Shri Swami Samarth Nagar,2,70500.0,755.0,Super Area,6.0,24.0,2.0,Unfurnished,Bachelors/Family,Contact Agent
LST103494,Mumbai,Adarsh Nagar,"Auris Serenity, Adarsh Nagar",1,8500.0,584.0,Carpet Area,5.0,21.0,2.0,Semi-Furnished,Family,Contact Agent
LST103487,Mumbai,Andheri West,"Bharat Ark, Andheri West",1,47500.0,633.0,Super Area,5.0,17.0,2.0,Semi-Furnished,Bachelors,Contact Owner
LST100724,Mumbai,Bhandup West,"Samarth Srishti, Bhandup West",1,26000.0,434.0,Carpet Area,5.0,22.0,2.0,Semi-Furnished,Bachelors/Family,Contact Agent
LST100685,Mumbai,Kandivali East,"The Windsor, Kandivali East",2,32000.0,610.0,Carpet Area,11.0,18.0,2.0,Unfurnished,Family,Contact Agent
LST100981,Mumbai,Wadala,"Lodha NCP Commercial , Wadala",3,109000.0,1155.0,Carpet Area,45.0,58.0,2.0,Unfurnished,Bachelors/Family,Contact Agent
LST103156,Mumbai,Mazgaon,Mazgaon,3,76500.0,1251.0,Carpet Area,16.0,31.0,4.0,Semi-Furnished,Family,Contact Owner
LST102058,Mumbai,Lokhandwala Complex,"Ballerina Apartment, Lokhandwala Complex",2,28500.0,753.0,Carpet Area,16.0,24.0,2.0,Unfurnished,Family,Contact Owner
LST103476,Mumbai,Borivali West,Borivali West,2,88500.0,747.0,Super Area,15.0,28.0,2.0,Unfurnished,Family,Contact Owner
LST102077,Mumbai,Kandivali East,"Gokul Gagan, Thakur Village, Kandivali East",2,69000.0,785.0,Carpet Area,19.0,32.0,2.0,Semi-Furnished,Bachelors/Family,Contact Agent
LST101479,Mumbai,Kurar Village,"Omkar Alta Monte, Kurar Village",1,42500.0,450.0,Carpet Area,23.0,26.0,2.0,Furnished,Bachelors/Family,Contact Owner
LST103762,Mumbai,Andheri East,Andheri East,3,155000.0,1443.0,Carpet Area,20.0,30.0,4.0,Semi-Furnished,Family,Contact Owner
LST101210,Mumbai,Andheri East,"Manavsthal, Andheri East",2,36500.0,884.0,Super Area,9.0,16.0,3.0,Unfurnished,Bachelors/Family,Contact Owner
LST103613,Mumbai,Model Town,Model Town,2,8000.0,882.0,Super Area,4.0,13.0,2.0,Semi-Furnished,Bachelors,Contact Owner
LST100301,Mumbai,Gokuldham,"Raheja Heights Phase 2, Gokuldham",2,48000.0,719.0,Carpet Area,14.0,20.0,2.0,Semi-Furnished,Family,Contact Agent
LST104586,Mumbai,Andheri West,"Laksharia Tower, Andheri West",2,45000.0,676.0,Super Area,0.0,6.0,2.0,Semi-Furnished,Bachelors,Contact Agent
LST104216,Mumbai,Bandra Kurla Complex,"Kanakia Paris, Bandra Kurla Complex",1,40500.0,561.0,Super Area,3.0,8.0,1.0,Furnished,Family,Contact Agent
LST101548,Mumbai,Bhakti Park,"Ajmera Treon, Bhakti Park",3,143000.0,2232.0,Super Area,15.0,43.0,3.0,Unfurnished,Bachelors,Contact Owner
LST101553,Mumbai,Worli,Worli,1,28500.0,450.0,Super Area,5.0,19.0,1.0,Furnished,Family,Contact Owner
LST101427,Mumbai,Hiranandani Gardens,"Raj Grandeur, Hiranandani Gardens",3,140000.0,1570.0,Carpet Area,0.0,4.0,2.0,Semi-Furnished,Bachelors/Family,Contact Owner
LST101299,Mumbai,Lokhandwala Complex,"DLH Orchid, Lokhandwala Complex",3,68000.0,797.0,Super Area,41.0,41.0,3.0,Furnished,Family,Contact Agent
LST104484,Mumbai,Lokhandwala Complex,Lokhandwala Complex,2,168500.0,890.0,Carpet Area,48.0,68.0,1.0,Unfurnished,Bachelors,Contact Agent
LST900020,Mumbai,Reay road east,Reay road east,1,26000.0,300.0,Super Area,10.0,37.0,1.0,Semi-Furnished,Bachelors,Contact Owner
LST104978,Mumbai,Andheri West,"Bharat Ark, Andheri West",4,192000.0,1816.0,Super Area,12.0,18.0,3.0,Semi-Furnished,Family,Contact Owner
LST101404,Mumbai,shanti kutir tunga village powai,shanti kutir tunga village powai,5,513000.0,3758.0,Super Area,17.0,22.0,5.0,Unfurnished,Bachelors/Family,Contact Agent
LST102402,Mumbai,Sai Nagar,"Kanakia Hollywood, Sai Nagar",3,79000.0,1149.0,Super Area,2.0,7.0,3.0,Semi-Furnished,Bachelors,Contact Owner
LST102542,Mumbai,in Santacruz East,in Santacruz East,3,266500.0,1851.0,Built Up Area,19.0,24.0,2.0,Semi-Furnished,Bachelors,Contact Agent
LST102221,Mumbai,in Matunga West,in Matunga West,1,27000.0,423.0,Carpet Area,19.0,25.0,1.0,Furnished,Family,Contact Owner
LST104052,Mumbai,IC Colony,IC Colony,3,99000.0,1048.0,Carpet Area,15.0,17.0,3.0,Semi-Furnished,Family,Contact Agent
LST101012,Mumbai,Yari Road,"Chanchal Kalyan Complex, Yari Road",2,92500.0,1141.0,Super Area,12.0,20.0,2.0,Unfurnished,Bachelors/Family,Contact Agent
LST102824,Mumbai,Azad Nagar Colaba,Azad Nagar Colaba,3,73000.0,1298.0,Super Area,14.0,31.0,2.0,Unfurnished,Bachelors/Family,Contact Owner
LST100521,Mumbai,7 Bungalows Andheri West,7 Bungalows Andheri West,3,130000.0,960.0,Carpet Area,9.0,21.0,3.0,Semi-Furnished,Family,Contact Agent
LST103556,Mumbai,Dadar TT Circle,"Bombay Dyeing Two ICC, Dadar TT Circle",2,228000.0,882.0,Carpet Area,16.0,25.0,1.0,Unfurnished,Bachelors,Contact Owner
LST101154,Mumbai,buena vista,buena vista,3,257500.0,1940.0,Carpet Area,5.0,18.0,2.0,Furnished,Bachelors,Contact Owner
LST100423,Mumbai,Goregaon East,"Balkrishna, Goregaon East",1,28000.0,525.0,Super Area,2.0,8.0,1.0,Unfurnished,Bachelors/Family,Contact Owner
LST100636,Mumbai,Andheri West,"Windsor Grande Residences, Andheri West",4,300000.0,2308.0,Carpet Area,9.0,31.0,6.0,Semi-Furnished,Bachelors/Family,Contact Agent
LST100787,Mumbai,Ghatkopar East,Ghatkopar East,1,30000.0,560.0,Carpet Area,2.0,4.0,2.0,Unfurnished,Bachelors,Contact Agent
LST103350,Mumbai,Powai,"Panch Complex, Powai",2,47000.0,907.0,Super Area,18.0,25.0,2.0,Unfurnished,Bachelors/Family,Contact Agent
LST103010,Mumbai,Lokhandwala Twp,"Oasis, Lokhandwala Twp",2,54500.0,639.0,Carpet Area,8.0,45.0,3.0,Semi-Furnished,Family,Contact Agent
LST100117,Mumbai,Thakur Complex,"MUKTA MAHEK, Thakur Complex",2,35000.0,700.0,Carpet Area,5.0,8.0,2.0,Unfurnished,Family,Contact Agent
LST103757,Mumbai,Unknown,,1,18500.0,256.0,Super Area,15.0,60.0,1.0,Furnished,Bachelors/Family,Contact Agent
LST104480,Mumbai,Parel,"Vikas Finalay Apartments, Parel",3,164000.0,1202.0,Carpet Area,7.0,14.0,3.0,Semi-Furnished,Bachelors/Family,Contact Owner
LST102088,Mumbai,Worli,"Trump Tower, Worli",1,19500.0,150.0,Carpet Area,25.0,38.0,1.0,Unfurnished,Family,Contact Agent
LST101622,Mumbai,Chembur,"Safal Saraswati, Chembur",2,38000.0,798.0,Carpet Area,18.0,35.0,1.0,Semi-Furnished,Family,Contact Agent
LST103442,Mumbai,Bhakti Park,"Ajmera Treon, Bhakti Park",1,32500.0,446.0,Carpet Area,5.0,16.0,1.0,Semi-Furnished,Bachelors,Contact Agent
LST102752,Mumbai,Lokhandwala Complex,"Kenmore Apartment, Lokhandwala Complex",4,281500.0,1449.0,Carpet Area,10.0,31.0,3.0,Semi-Furnished,Bachelors,Contact Owner
LST101554,Mumbai,MIRA ROAD EAST,"KANUNGOS GARDEN CITY, MIRA ROAD EAST",2,34000.0,547.0,Super Area,-1.0,22.0,2.0,Unfurnished,Family,Contact Owner
LST103175,Mumbai,Powai,"Hiranandani Castle Rock, Powai",1,31000.0,450.0,Super Area,-1.0,40.0,2.0,Unfurnished,Family,Contact Owner
LST100620,Mumbai,kandivali east,"evershine millenium paradise, thakur village, kandivali east",2,35000.0,650.0,Carpet Area,6.0,8.0,2.0,Semi-Furnished,Bachelors/Family,Contact Agent
LST102406,Mumbai,Borivali East,Borivali East,2,63500.0,813.0,Carpet Area,16.0,20.0,3.0,Semi-Furnished,Bachelors,Contact Owner
LST101722,Mumbai,Borivali East,Borivali East,2,62000.0,988.0,Carpet Area,23.0,23.0,1.0,Unfurnished,Bachelors,Contact Agent
LST101493,Mumbai,Datta Pada,"Kaustubh Platinum, Datta Pada",1,16000.0,266.0,Carpet Area,11.0,21.0,1.0,Unfurnished,Bachelors/Family,Contact Owner
LST102507,Mumbai,Mahalakshmi,"Lodha Primero, Mahalakshmi",2,59000.0,736.0,Super Area,20.0,41.0,2.0,Furnished,Family,Contact Owner
LST104246,Mumbai,Charkop Sector 6,Charkop Sector 6,2,40000.0,550.0,Super Area,53.0,78.0,2.0,Semi-Furnished,Bachelors/Family,Contact Owner
LST104198,Mumbai,Beverly Park,Beverly Park,3,148000.0,854.0,Super Area,19.0,23.0,3.0,Unfurnished,Bachelors/Family,Contact Owner
LST100553,Mumbai,Chembur,Chembur,3,67000.0,1050.0,Carpet Area,6.0,8.0,3.0,Semi-Furnished,Family,Contact Agent
LST101355,Mumbai,Chembur East,Chembur East,3,94000.0,1503.0,Carpet Area,2.0,9.0,4.0,Semi-Furnished,Bachelors,Contact Agent
LST102100,Mumbai,Kemps Corner,"The Primordial House, Kemps Corner",1,18000.0,484.0,Super Area,15.0,23.0,1.0,Semi-Furnished,Family,Contact Owner
LST102207,Mumbai,Chembur,"Uttam Society, Chembur",1,18500.0,196.0,Carpet Area,17.0,43.0,1.0,Semi-Furnished,Bachelors,Contact Agent
LST102895,Mumbai,Pant Nagar,Pant Nagar,1,24000.0,400.0,Super Area,6.0,11.0,1.0,Furnished,Bachelors,Contact Agent
LST101941,Mumbai,Dina Bama Estate,Dina Bama Estate,2,45500.0,727.0,Super Area,9.0,29.0,1.0,Unfurnished,Bachelors,Contact Agent
LST100515,Mumbai,Chembur,Chembur,2,55000.0,750.0,Carpet Area,8.0,14.0,2.0,Furnished,Bachelors/Family,Contact Agent
LST104571,Mumbai,Vasai East,"Nicon Infinity, Vasai East",3,93000.0,917.0,Carpet Area,10.0,19.0,4.0,Furnished,Family,Contact Agent
LST103696,Mumbai,Yari Road,"Chanchal Kalyan Complex, Yari Road",3,312000.0,1219.5,Super Area,49.0,58.0,3.0,Semi-Furnished,Bachelors/Family,Contact Agent
LST100216,Mumbai,Mahim,Mahim,2,65000.0,700.0,Carpet Area,5.0,7.0,2.0,Furnished,Bachelors,Contact Agent
LST102247,Mumbai,in Mira Road,in Mira Road,2,44000.0,657.0,Carpet Area,4.0,27.0,1.0,Furnished,Bachelors,Contact Owner
LST103621,Mumbai,Malad West,Malad West,1,22000.0,436.0,Super Area,8.0,45.0,1.0,Furnished,Bachelors,Contact Owner
LST100314,Mumbai,Dahisar West,Dahisar West,2,33003.0,700.0,Carpet Area,3.0,7.0,2.0,Furnished,Family,Contact Agent
LST104071,Mumbai,Gomant Nagar,"Rustomjee Regency, Gomant Nagar",3,174500.0,1226.0,Super Area,30.0,37.0,3.0,Semi-Furnished,Bachelors/Family,Contact Agent
LST103702,Mumbai,Mahajan Wadi,Mahajan Wadi,2,50500.0,828.0,Super Area,28.0,28.0,2.0,Unfurnished,Family,Contact Owner
LST101689,Mumbai,in Mahim West,in Mahim West,1,55500.0,450.0,Super Area,36.0,45.0,1.0,Unfurnished,Bachelors/Family,Contact Owner
LST103980,Mumbai,Bandra West,"Violette Valley, Bandra West",1,17500.0,266.0,Super Area,17.0,27.0,1.0,Furnished,Family,Contact Agent
LST103761,Mumbai,Chakala MIDC,"Hillcrest, Chakala MIDC",1,51500.0,476.0,Carpet Area,15.0,37.0,1.0,Furnished,Bachelors/Family,Contact Agent
LST100923,Mumbai,Bandra Kurla Complex,"Omkar Meridia, Bandra Kurla Complex",2,55000.0,750.0,Carpet Area,6.0,15.0,2.0,Semi-Furnished,Bachelors/Family,Contact Agent
LST101786,Mumbai,Bhoiwada,"Crescent Bay T3, Bhoiwada",3,191000.0,1298.0,Super Area,12.0,20.0,4.0,Semi-Furnished,Bachelors,Contact Agent
LST900007,Mumbai,Sakinaka Junction,"Crescent Solitaire, Sakinaka Junction",2,45000.0,544.0,Carpet Area,9.0,28.0,3.0,Semi-Furnished,Bachelors/Family,Contact Agent
LST102039,Mumbai,Mira Road,"Man Opus, Mira Road",3,130500.0,1219.5,Super Area,18.0,33.0,4.0,Semi-Furnished,Bachelors,Contact Owner
LST102497,Mumbai,Prabhadevi,"Chaitanya Towers, Prabhadevi",3,128500.0,1022.0,Super Area,2.0,8.0,2.0,Furnished,Bachelors/Family,Contact Owner
LST100573,Mumbai,Andheri West,Andheri West,1,20000.0,330.0,Carpet Area,4.0,8.0,1.0,Semi-Furnished,Bachelors/Family,Contact Owner
LST103529,Mumbai,Kandivali West,"Sakhi, Kandivali West",2,44500.0,741.0,Carpet Area,22.0,53.0,1.0,Furnished,Bachelors,Contact Owner
LST104993,Mumbai,Unknown,,5,494500.0,3514.0,Super Area,1.0,6.0,4.0,Furnished,Family,Contact Agent
LST103800,Mumbai,Mahalakshmi,"Lodha Primero, Mahalakshmi",1,20500.0,417.0,Carpet Area,13.0,17.0,1.0,Furnished,Bachelors,Contact Owner
LST102335,Mumbai,Ghatkopar,"Ambika Siddhi Apartment, Ghatkopar",2,60500.0,852.0,Super Area,15.0,32.0,3.0,Furnished,Family,Contact Agent
LST100057,Mumbai,Malad West,Malad West,1,13000.0,300.0,Super Area,0.0,7.0,2.0,Unfurnished,Bachelors/Family,Contact Owner
LST102158,Mumbai,Parel,"TATA Falcon Crest, Parel",2,60500.0,730.0,Carpet Area,20.0,32.0,2.0,Unfurnished,Bachelors,Contact Agent
LST101692,Mumbai,Gokuldham,"DB Woods, Gokuldham",3,251500.0,1336.0,Super Area,1.0,23.0,3.0,Furnished,Bachelors/Family,Contact Agent
LST102134,Mumbai,Byculla West,Byculla West,3,163000.0,1579.0,Super Area,5.0,20.0,4.0,Semi-Furnished,Bachelors/Family,Contact Agent
LST104281,Mumbai,LBS Marg,"Nirmal Lifestyle, LBS Marg",2,37500.0,606.0,Super Area,19.0,27.0,3.0,Semi-Furnished,Bachelors/Family,Contact Agent
LST100373,Mumbai,Mahim,Mahim,1,45000.0,500.0,Carpet Area,9.0,16.0,2.0,Unfurnished,Bachelors,Contact Agent
LST101445,Mumbai,Kings Circle,Kings Circle,1,41500.0,477.0,Carpet Area,14.0,22.0,1.0,Unfurnished,Bachelors,Contact Owner
LST102209,Mumbai,Unknown,Navi Mumbai-Khargar-Panvel,2,29500.0,681.0,Super Area,6.0,21.0,3.0,Unfurnished,Bachelors,Contact Agent
LST100025,Mumbai,Nalasopara,"Nakoda Heights, Nalasopara",2,8000.0,650.0,Carpet Area,-1.0,9.0,2.0,Semi-Furnished,Family,Contact Agent
LST104157,Mumbai,Sai Nagar,"Kanakia Hollywood, Sai Nagar",2,57000.0,676.0,Carpet Area,3.0,10.0,2.0,Semi-Furnished,Bachelors,Contact Owner
LST104555,Mumbai,Mahajan Wadi,Mahajan Wadi,1,130000.0,681.0,Carpet Area,7.0,22.0,1.0,Furnished,Bachelors,Contact Owner
LST100616,Mumbai,Gokuldham,"GSA Grandeur, Gokuldham",2,32000.0,640.0,Carpet Area,6.0,20.0,2.0,Unfurnished,Bachelors/Family,Contact Owner
LST103798,Mumbai,Andheri East,"Eco Residency, Andheri East",3,150000.0,1457.0,Carpet Area,18.0,24.0,4.0,Furnished,Bachelors,Contact Owner
LST101280,Mumbai,Tilak Nagar - Harbour Line,Tilak Nagar - Harbour Line,3,61000.0,918.0,Super Area,10.0,12.0,4.0,Furnished,Bachelors,Contact Agent
LST102768,Mumbai,Marol Maroshi Road,"Kanakia Sevens, Marol Maroshi Road",2,61000.0,753.0,Carpet Area,46.0,76.0,2.0,Unfurnished,Bachelors/Family,Contact Owner
LST103245,Mumbai,Mahalakshmi,"Lodha Bellissimo, Mahalakshmi",5,777000.0,3643.0,Super Area,3.0,20.0,5.0,Furnished,Bachelors/Family,Contact Owner
LST103126,Mumbai,Mira Road,"Gaurav Excellency, Mira Road",3,184500.0,1032.0,Carpet Area,22.0,52.0,4.0,Semi-Furnished,Bachelors,Contact Agent
LST103502,Mumbai,ANDHERI EAST,"KANAKIA SEVENS, ANDHERI EAST",2,107000.0,994.0,Super Area,7.0,27.0,1.0,Semi-Furnished,Bachelors,Contact Owner
LST102414,Mumbai,in Borivali West,in Borivali West,3,70000.0,1062.0,Super Area,1.0,8.0,2.0,Furnished,Bachelors/Family,Contact Agent
LST100946,Mumbai,Vile Parle West,Vile Parle West,2,90000.0,800.0,Carpet Area,5.0,6.0,2.0,Furnished,Family,Contact Agent
LST101211,Mumbai,Chembur,"Godrej Central, Chembur",2,17500.0,572.0,Carpet Area,8.0,15.0,2.0,Unfurnished,Bachelors,Contact Owner
LST101763,Mumbai,Bandra East,"Insignia, Bandra East",1,17500.0,226.0,Carpet Area,25.0,50.0,1.0,Semi-Furnished,Bachelors,Contact Owner
LST104248,Mumbai,Prabhadevi,"Beach Towers, Prabhadevi",1,19000.0,482.0,Carpet Area,18.0,40.0,1.0,Unfurnished,Family,Contact Agent
LST104801,Mumbai,Ghatla,"vanamali chs ghatla, Ghatla",2,27000.0,599.0,Super Area,27.0,27.0,1.0,Semi-Furnished,Bachelors,Contact Agent
LST102416,Mumbai,Malad West,"Auris Serenity, Malad West",2,7500.0,656.0,Carpet Area,1.0,1.0,2.0,Furnished,Family,Contact Owner
LST100513,Mumbai,Deonar,Deonar,5,350000.0,3250.0,Carpet Area,12.0,18.0,5.0,Unfurnished,Family,Contact Agent
LST104677,Mumbai,Mira Road East,Mira Road East,1,26500.0,375.0,Carpet Area,8.0,9.0,1.0,Unfurnished,Family,Contact Owner
LST104206,Mumbai,Vile Parle West,"Irla, Vile Parle West",1,12500.0,249.0,Carpet Area,18.0,29.0,1.0,Furnished,Bachelors/Family,Contact Agent
LST104491,Mumbai,Worli Sea Face,"Lodha Marquise, Worli Sea Face",1,26000.0,471.0,Carpet Area,32.0,41.0,1.0,Furnished,Bachelors/Family,Contact Agent
LST104238,Mumbai,Worli,"Mahalaxmi CHS, Worli",1,50500.0,436.0,Carpet Area,2.0,2.0,2.0,Unfurnished,Bachelors,Contact Agent
LST100859,Mumbai,Chembur,"diamond garden, Chembur",4,100000.0,1560.0,Carpet Area,12.0,19.0,4.0,Unfurnished,Bachelors/Family,Contact Agent
LST102861,Mumbai,Sion Koliwada,"Sion East, Sion Koliwada",3,146500.0,1211.0,Super Area,20.0,33.0,4.0,Semi-Furnished,Family,Contact Agent
LST102725,Mumbai,Thakur Complex,Thakur Complex,4,841500.0,2809.0,Carpet Area,14.0,33.0,5.0,Semi-Furnished,Family,Contact Agent
LST103936,Mumbai,Bhakti Park,"Ajmera Treon, Bhakti Park",3,173000.0,1219.5,Carpet Area,6.0,25.0,3.0,Semi-Furnished,Family,Contact Agent
LST103772,Mumbai,Powai,"K Raheja Maple Leaf, Powai",1,39000.0,404.0,Super Area,48.0,68.0,1.0,Unfurnished,Family,Contact Agent
LST101521,Mumbai,Vikhroli East,"Godrej The Trees, Vikhroli East",3,60500.0,1017.0,Super Area,18.0,29.0,3.0,Semi-Furnished,Bachelors/Family,Contact Agent
LST103228,Mumbai,Lokhandwala Complex,"Magnum Tower CHS, Lokhandwala Complex",4,96500.0,1700.0,Carpet Area,15.0,32.0,4.0,Semi-Furnished,Bachelors/Family,Contact Owner
LST100075,Mumbai,Chandivali,Chandivali,2,55000.0,696.0,Carpet Area,13.0,21.0,2.0,Semi-Furnished,Bachelors/Family,Contact Agent
LST102145,Mumbai,Friends Colony,Friends Colony,2,29500.0,720.0,Carpet Area,3.0,5.0,2.0,Semi-Furnished,Family,Contact Agent
LST103401,Mumbai,Lokhandwala Twp,"spring grove uno, Lokhandwala Twp",1,9000.0,188.0,Carpet Area,15.0,25.0,1.0,Semi-Furnished,Bachelors/Family,Contact Owner
LST900047,Mumbai,Lodha casa rio,Lodha casa rio,2,24000.0,542.0,Carpet Area,19.0,24.0,2.0,Furnished,Bachelors,Contact Owner
LST102026,Mumbai,Film City,Film City,2,179000.0,991.0,Carpet Area,5.0,17.0,2.0,Semi-Furnished,Family,Contact Agent
LST101172,Mumbai,Amit Nagar,"Badrinath Tower, Amit Nagar",4,194500.0,1747.0,Super Area,5.0,9.0,3.0,Furnished,Family,Contact Owner
LST103067,Mumbai,Park Site Colony,"Mayfair Sonata Greens, Park Site Colony",2,29500.0,760.0,Super Area,1.0,9.0,2.0,Furnished,Bachelors/Family,Contact Owner
LST100109,Mumbai,Tilak Nagar - Harbour Line,Tilak Nagar - Harbour Line,3,65000.0,950.0,Carpet Area,-1.0,9.0,3.0,Semi-Furnished,Bachelors/Family,Contact Agent
LST100242,Mumbai,Worli Sea Face,Worli Sea Face,3,140000.0,1200.0,Carpet Area,9.0,30.0,3.0,Furnished,Bachelors/Family,Contact Owner
LST102128,Mumbai,Goregaon West,"Sunteck City Avenue 1, Goregaon West",1,37500.0,531.0,Super Area,8.0,17.0,2.0,Semi-Furnished,Bachelors/Family,Contact Owner
LST100208,Mumbai,Andheri West,Andheri West,2,40000.0,650.0,Super Area,0.0,4.0,2.0,Unfurnished,Bachelors/Family,Contact Owner
LST101937,Mumbai,Bhandup East,"White Lily Apartment, Bhandup East",3,99500.0,1272.0,Carpet Area,14.0,21.0,4.0,Furnished,Family,Contact Agent
LST101542,Mumbai,Kandivali East,Kandivali East,2,96000.0,896.0,Carpet Area,27.0,58.0,3.0,Furnished,Bachelors,Contact Agent
LST101265,Mumbai,Kurla West,Kurla West,2,29500.0,1033.0,Carpet Area,3.0,6.0,1.0,Semi-Furnished,Bachelors,Contact Owner
LST101973,Mumbai,Shrikrupa Society,Shrikrupa Society,4,153000.0,1265.0,Super Area,11.0,18.0,3.0,Semi-Furnished,Family,Contact Agent
LST102808,Mumbai,Kandivali East,"Dheeraj Hill View Tower, Thakur Village, Kandivali East",2,47000.0,702.0,Carpet Area,25.0,50.0,2.0,Furnished,Family,Contact Agent
LST102036,Mumbai,Chinmay Gaurang Infrastructure Old Panvel,Chinmay Gaurang Infrastructure Old Panvel,2,52000.0,713.0,Super Area,30.0,58.0,2.0,Unfurnished,Bachelors/Family,Contact Owner
LST104655,Mumbai,Central Avenue Road,Central Avenue Road,1,20000.0,450.0,Super Area,16.0,38.0,1.0,Semi-Furnished,Family,Contact Owner
LST103321,Mumbai,Unknown,Mumbai Central,3,45000.0,863.0,Super Area,12.0,29.0,2.0,Furnished,Bachelors/Family,Contact Agent
LST102048,Mumbai,Mindspace,"Rustomjee Elanza, Mindspace",2,31000.0,700.0,Carpet Area,-1.0,7.0,2.0,Semi-Furnished,Family,Contact Agent
LST104557,Mumbai,Goregaon East,"Yashodham Complex, Goregaon East",1,45500.0,478.0,Super Area,2.0,7.0,1.0,Furnished,Bachelors/Family,Contact Owner
LST104626,Mumbai,Film City Road,"Omkar Ananta, Film City Road",1,34500.0,663.0,Carpet Area,3.0,11.0,2.0,Unfurnished,Bachelors,Contact Owner
LST104754,Mumbai,New Devchhaya Building,New Devchhaya Building,2,57500.0,792.0,Carpet Area,17.0,20.0,2.0,Furnished,Bachelors/Family,Contact Agent
LST102083,Mumbai,Pali Hill,"Dheeraj Swapna Apartment, Pali Hill",3,170500.0,1267.0,Carpet Area,16.0,38.0,3.0,Furnished,Family,Contact Owner
LST100585,Mumbai,Goregaon West,Goregaon West,1,27000.0,450.0,Carpet Area,6.0,10.0,2.0,Unfurnished,Bachelors,Contact Agent
LST101904,Mumbai,Breach Candy,Breach Candy,2,102000.0,848.0,Carpet Area,7.0,9.0,3.0,Semi-Furnished,Family,Contact Agent
LST103629,Mumbai,Seven Bungalows,"Shimpla Vighnaharta CHS, Seven Bungalows",1,45000.0,499.0,Carpet Area,16.0,38.0,1.0,Semi-Furnished,Family,Contact Agent
LST102459,Mumbai,Park Site Colony,"Mayfair Sonata Greens, Park Site Colony",2,54000.0,783.0,Super Area,34.0,48.0,3.0,Semi-Furnished,Bachelors,Contact Owner
LST102096,Mumbai,in Borivali East,in Borivali East,3,153500.0,1392.0,Super Area,30.0,37.0,3.0,Furnished,Bachelors,Contact Owner
LST102733,Mumbai,Walkeshwar,Walkeshwar,1,24000.0,450.0,Carpet Area,5.0,23.0,1.0,Semi-Furnished,Bachelors/Family,Contact Owner
LST100731,Mumbai,Dadar West,"Purushottam Towers, Dadar West",3,180000.0,1500.0,Carpet Area,15.0,20.0,4.0,Furnished,Bachelors/Family,Contact Agent
LST100782,Mumbai,Andheri East,"Hillcrest, Andheri East",2,50000.0,750.0,Carpet Area,10.0,20.0,2.0,Semi-Furnished,Bachelors/Family,Contact Agent
LST102054,Mumbai,kanjurmarg east,kanjurmarg east,1,12500.0,597.0,Super Area,9.0,20.0,2.0,Unfurnished,Bachelors/Family,Contact Owner
LST102392,Mumbai,in Kandivali West,in Kandivali West,3,100000.0,1566.0,Super Area,10.0,15.0,3.0,Semi-Furnished,Bachelors/Family,Contact Agent
LST100437,Mumbai,Thakur Complex,"Kanakia Sanskruti, Thakur Complex",1,24000.0,370.0,Carpet Area,5.0,8.0,1.0,Semi-Furnished,Family,Contact Agent
LST103180,Mumbai,Kandivali East,"Godrej Tranquil, Kandivali East",2,17000.0,753.0,Carpet Area,17.0,60.0,2.0,Furnished,Bachelors/Family,Contact Owner
LST104332,Mumbai,Sakinaka Junction,"Crescent Solitaire, Sakinaka Junction",2,45000.0,544.0,Carpet Area,9.0,28.0,3.0,Semi-Furnished,Bachelors/Family,Contact Agent
LST104641,Mumbai,Sion Trombay Road,"Altavista, Sion Trombay Road",2,48500.0,757.0,Carpet Area,16.0,38.0,1.0,Furnished,Bachelors,Contact Owner
LST104002,Mumbai,Wadala,"Antop Hill, Wadala",4,141000.0,1307.0,Super Area,9.0,18.0,4.0,Semi-Furnished,Bachelors/Family,Contact Agent
LST100091,Mumbai,Prabhadevi,"Beach Towers, Prabhadevi",2,120000.0,900.0,Carpet Area,5.0,19.0,2.0,Semi-Furnished,Family,Contact Agent
LST101776,Mumbai,Shri Swami Samarth Nagar,Shri Swami Samarth Nagar,3,187000.0,1493.0,Carpet Area,35.0,68.0,3.0,Furnished,Bachelors/Family,Contact Agent
LST103390,Mumbai,Bhandup Village,Bhandup Village,3,126500.0,1328.0,Carpet Area,12.0,22.0,4.0,Unfurnished,Family,Contact Agent
LST101963,Mumbai,Kandivali West,"Sakhi, Kandivali West",2,99000.0,1169.0,Super Area,7.0,17.0,2.0,Semi-Furnished,Bachelors/Family,Contact Agent
LST100247,Mumbai,Parmanand Wadi,Parmanand Wadi,3,120000.0,1379.0,Carpet Area,17.0,27.0,3.0,Unfurnished,Bachelors/Family,Contact Agent
LST102182,Mumbai,Union Park,Union Park,2,149000.0,759.0,Carpet Area,9.0,15.0,2.0,Unfurnished,Bachelors/Family,Contact Owner
LST104069,Mumbai,Mira Road,"Gaurav Excellency, Mira Road",1,20000.0,365.0,Super Area,18.0,33.0,1.0,Furnished,Bachelors,Contact Owner
LST104344,Mumbai,Virar West,"Ekta Parksville, Virar West",1,34000.0,669.0,Carpet Area,17.0,24.0,1.0,Semi-Furnished,Family,Contact Agent
LST102761,Mumbai,Srinagarchs chembur west near sankralyammandir,Srinagarchs chembur west near sankralyammandir,3,255000.0,1638.0,Super Area,6.0,24.0,3.0,Furnished,Family,Contact Agent
LST102834,Mumbai,in Mira Road,in Mira Road,2,52500.0,686.0,Super Area,53.0,78.0,2.0,Unfurnished,Family,Contact Owner
LST102254,Mumbai,Mamletdarwadi,Mamletdarwadi,1,40000.0,580.0,Super Area,11.0,31.0,1.0,Semi-Furnished,Family,Contact Owner
LST100730,Mumbai,Mulund West,Mulund West,3,45000.0,1219.5,Carpet Area,5.0,7.0,3.0,Unfurnished,Family,Contact Agent
LST104260,Mumbai,Chandivali,"Nahar Amrit Shakti powai, Chandivali",2,42500.0,731.0,Carpet Area,3.0,11.0,1.0,Semi-Furnished,Family,Contact Agent
LST100781,Mumbai,Malad East,"Raheja Heights, Malad East",2,45000.0,730.0,Carpet Area,5.0,17.0,2.0,Unfurnished,Family,Contact Agent
LST100912,Mumbai,Bhakti Park,Bhakti Park,2,45000.0,965.0,Super Area,19.0,27.0,2.0,Unfurnished,Bachelors/Family,Contact Agent
LST102608,Mumbai,Chembur,"MJ Shah Centrio, Chembur",3,78500.0,1159.0,Super Area,-1.0,18.0,3.0,Semi-Furnished,Bachelors/Family,Contact Owner
LST101646,Mumbai,Opera House,Opera House,3,82500.0,1262.0,Super Area,22.0,30.0,4.0,Unfurnished,Bachelors/Family,Contact Agent
LST100414,Mumbai,Andheri East,"Kanakia Sevens, Andheri East",1,48000.0,485.0,Carpet Area,8.0,17.0,2.0,Furnished,Bachelors/Family,Contact Agent
LST102359,Mumbai,Andheri East,"Eco Residency, Andheri East",3,73500.0,1241.0,Carpet Area,2.0,17.0,3.0,Unfurnished,Bachelors,Contact Owner
LST104015,Mumbai,Chakala,Chakala,2,63000.0,616.0,Super Area,1.0,20.0,2.0,Semi-Furnished,Family,Contact Owner
LST102952,Mumbai,NAHUR GAOTHAN,NAHUR GAOTHAN,2,94000.0,776.0,Carpet Area,6.0,17.0,1.0,Furnished,Bachelors/Family,Contact Owner
LST102337,Mumbai,Hiranandani Gardens,"Hiranandani Atlantis, Hiranandani Gardens",2,83500.0,738.0,Super Area,17.0,41.0,2.0,Semi-Furnished,Bachelors/Family,Contact Agent
LST102519,Mumbai,Hiranandani Gardens,Hiranandani Gardens,2,92000.0,928.0,Super Area,5.0,23.0,3.0,Furnished,Bachelors/Family,Contact Owner
LST100482,Mumbai,Chakala Cigarette Factory,Chakala Cigarette Factory,1,35000.0,510.0,Carpet Area,3.0,4.0,1.0,Semi-Furnished,Bachelors/Family,Contact Owner
LST103352,Mumbai,Chakala,"Mahindra Vivante, Chakala",1,22000.0,450.0,Super Area,3.0,9.0,1.0,Semi-Furnished,Bachelors,Contact Owner
LST104239,Mumbai,Santacruz East,Santacruz East,3,117000.0,1283.0,Super Area,65.0,76.0,3.0,Furnished,Bachelors,Contact Agent
LST102645,Mumbai,Aarey Milk Colony,"Royal Palms Diamond Isle Phase II, Aarey Milk Colony",3,89500.0,818.0,Carpet Area,17.0,31.0,3.0,Unfurnished,Bachelors/Family,Contact Owner
LST104969,Mumbai,Amar Nagar,Amar Nagar,2,108000.0,1016.0,Super Area,5.0,18.0,1.0,Unfurnished,Bachelors,Contact Agent
LST103017,Mumbai,Jankalyan Nagar,"Ratan Silicon Park, Jankalyan Nagar",2,41000.0,643.0,Super Area,12.0,20.0,1.0,Furnished,Bachelors,Contact Agent
LST104779,Mumbai,Chandivali,"Sunglow, Chandivali",1,43000.0,553.0,Carpet Area,0.0,3.0,2.0,Unfurnished,Bachelors,Contact Agent
LST102380,Mumbai,Kandivali East,"Thakur Village, Kandivali East",3,72000.0,956.0,Super Area,0.0,7.0,4.0,Semi-Furnished,Bachelors/Family,Contact Owner
LST101142,Mumbai,Lal Baug,Lal Baug,1,24500.0,275.0,Carpet Area,22.0,30.0,1.0,Unfurnished,Bachelors,Contact Owner
LST101562,Mumbai,Khar,Khar,1,50000.0,268.0,Super Area,7.0,11.0,2.0,Furnished,Bachelors/Family,Contact Owner
LST104092,Mumbai,Mahim,Mahim,2,47000.0,657.0,Super Area,5.0,13.0,3.0,Furnished,Bachelors/Family,Contact Owner
LST104887,Mumbai,Bhandup West,"Dreams Complex, Bhandup West",2,48000.0,640.0,Super Area,-1.0,14.0,2.0,Unfurnished,Bachelors,Contact Owner
LST103710,Mumbai,Prabhadevi,"Paschim Apartments, Prabhadevi",3,223000.0,1592.0,Carpet Area,25.0,50.0,4.0,Furnished,Family,Contact Owner
LST102176,Mumbai,Virar West,"Ekta Parksville, Virar West",1,27500.0,577.0,Carpet Area,18.0,20.0,1.0,Unfurnished,Bachelors/Family,Contact Owner
LST103056,Mumbai,Bandra West,"Sunflower Apartment, Bandra West",1,35000.0,401.0,Super Area,12.0,16.0,1.0,Semi-Furnished,Bachelors/Family,Contact Owner
LST103006,Mumbai,Charkop,Charkop,1,19000.0,412.0,Carpet Area,40.0,50.0,2.0,Unfurnished,Bachelors,Contact Agent
LST103667,Mumbai,Shilphata,Shilphata,4,250500.0,2533.0,Carpet Area,4.0,13.0,5.0,Furnished,Bachelors,Contact Owner
LST103887,Mumbai,Matunga East,Matunga East,2,17500.0,707.0,Super Area,4.0,7.0,2.0,Furnished,Family,Contact Agent
LST100716,Mumbai,Hiranandani Gardens,"Hiranandani Castle Rock, Hiranandani Gardens",2,79500.0,750.0,Carpet Area,17.0,20.0,2.0,Semi-Furnished,Family,Contact Agent
LST103726,Mumbai,Parel,"Lodha Venezia, Parel",3,240500.0,1881.0,Super Area,22.0,22.0,3.0,Unfurnished,Family,Contact Owner
LST101628,Mumbai,Kandivali West,"Acme Avenue, Kandivali West",2,111000.0,796.0,Super Area,14.0,15.0,1.0,Furnished,Bachelors/Family,Contact Owner
LST103987,Mumbai,Shantivan,"Saaga Mrunali CHS, Shantivan",2,57000.0,696.0,Carpet Area,19.0,85.0,2.0,Furnished,Bachelors,Contact Agent
LST104590,Mumbai,Unknown,,3,275000.0,1630.0,Super Area,34.0,40.0,3.0,Furnished,Family,Contact Agent
LST103788,Mumbai,Powai,"Raheja Vista, Powai",2,39000.0,616.0,Carpet Area,0.0,3.0,2.0,Unfurnished,Family,Contact Owner
LST104289,Mumbai,Charkop,Charkop,3,80500.0,937.0,Carpet Area,18.0,22.0,4.0,Unfurnished,Bachelors/Family,Contact Agent
LST102636,Mumbai,Prabhadevi,"MHADA Century Mill, Prabhadevi",3,69000.0,1189.0,Carpet Area,1.0,9.0,3.0,Semi-Furnished,Bachelors,Contact Agent
LST100474,Mumbai,Seven Bungalows,"7 Bungalow, Seven Bungalows",2,75000.0,900.0,Super Area,10.0,15.0,2.0,Unfurnished,Bachelors/Family,Contact Agent
LST104053,Mumbai,Irani Wada,"Sethia Kalpavruksh Heights, Irani Wada",2,36500.0,667.0,Carpet Area,45.0,77.0,3.0,Semi-Furnished,Bachelors,Contact Owner
LST103571,Mumbai,Dadar West,"Salvation CHS, Dadar West",3,65000.0,1219.5,Carpet Area,8.0,10.0,3.0,Furnished,Bachelors,Contact Agent
LST102229,Mumbai,Ashok Van,Ashok Van,1,22500.0,360.0,Super Area,12.0,17.0,1.0,Furnished,Bachelors/Family,Contact Owner
LST100677,Mumbai,Chembur East,"Sanjona Gulmarg Towers, Chembur East",3,70000.0,906.0,Carpet Area,7.0,10.0,3.0,Semi-Furnished,Bachelors/Family,Contact Agent
LST100994,Mumbai,Ashok Van,Ashok Van,4,369000.0,2411.0,Carpet Area,7.0,8.0,4.0,Semi-Furnished,Bachelors/Family,Contact Agent
LST101808,Mumbai,Seven Bungalows,"Milap CHS, Seven Bungalows",3,200500.0,1496.0,Super Area,7.0,8.0,4.0,Furnished,Bachelors,Contact Agent
LST103803,Mumbai,Wadala,"Llyod Estate, Wadala",3,178000.0,1141.0,Carpet Area,9.0,31.0,3.0,Furnished,Bachelors,Contact Owner
LST101665,Mumbai,Juhu Versova Link Road,Juhu Versova Link Road,4,418500.0,2523.0,Super Area,18.0,20.0,5.0,Unfurnished,Bachelors/Family,Contact Agent
LST103478,Mumbai,Vasai East,"Nicon Infinity, Vasai East",2,56500.0,792.0,Carpet Area,17.0,25.0,1.0,Furnished,Family,Contact Agent
LST102024,Mumbai,Kandivali West,"Acme Avenue, Kandivali West",2,150000.0,901.0,Super Area,5.0,19.0,3.0,Furnished,Family,Contact Agent
LST103181,Mumbai,Sion East,"Everard Nagar Co Operative Housing Society, Sion East",3,170000.0,1401.0,Super Area,5.0,9.0,3.0,Unfurnished,Bachelors/Family,Contact Owner
LST101412,Mumbai,Azad Nagar Colaba,Azad Nagar Colaba,3,78500.0,937.0,Super Area,3.0,23.0,3.0,Furnished,Family,Contact Agent
LST102199,Mumbai,Chandivali,"Nahar Jonquille and Jamaica, Chandivali",2,55500.0,751.0,Carpet Area,6.0,45.0,1.0,Semi-Furnished,Bachelors,Contact Owner
LST100793,Mumbai,Ketki Pada,Ketki Pada,1,14500.0,490.0,Carpet Area,12.0,20.0,2.0,Unfurnished,Bachelors/Family,Contact Owner
LST102345,Mumbai,Goregaon East,"Omkar Ananta, Goregaon East",2,48500.0,883.0,Carpet Area,3.0,7.0,2.0,Furnished,Bachelors,Contact Owner
LST102061,Mumbai,Parel,"Lodha Azzuro , Parel",3,49000.0,766.0,Carpet Area,12.0,16.0,3.0,Semi-Furnished,Bachelors/Family,Contact Agent
LST104624,Mumbai,Devi Pada,Devi Pada,2,49000.0,713.0,Carpet Area,10.0,22.0,2.0,Unfurnished,Bachelors/Family,Contact Agent
LST100630,Mumbai,Bhakti Park,Bhakti Park,3,75000.0,1255.0,Carpet Area,12.0,17.0,3.0,Furnished,Bachelors/Family,Contact Owner
LST104857,Mumbai,Wadala,"Lodha NCP Commercial , Wadala",5,233000.0,2365.0,Super Area,18.0,19.0,6.0,Furnished,Bachelors,Contact Owner
LST104637,Mumbai,Wadala,"Lodha New Cuffe Parade, Wadala",5,228000.0,2420.0,Carpet Area,9.0,38.0,4.0,Furnished,Bachelors,Contact Agent
LST101010,Mumbai,Marol Maroshi Road,"Kanakia Sevens, Marol Maroshi Road",2,88500.0,988.0,Carpet Area,6.0,13.0,1.0,Unfurnished,Bachelors/Family,Contact Owner
LST103038,Mumbai,Gokuldham,Gokuldham,4,290000.0,2162.0,Super Area,8.0,45.0,4.0,Semi-Furnished,Bachelors/Family,Contact Agent
LST100344,Mumbai,Chandivali,"Panch Ritu, Chandivali",3,100000.0,1250.0,Carpet Area,6.0,18.0,3.0,Furnished,Bachelors/Family,Contact Agent
LST100461,Mumbai,Chembur,"Atur Park, Chembur",3,110000.0,1350.0,Carpet Area,12.0,20.0,4.0,Semi-Furnished,Bachelors,Contact Agent
LST103780,Mumbai,Kurla,Kurla,1,22500.0,407.0,Carpet Area,41.0,41.0,1.0,Semi-Furnished,Bachelors/Family,Contact Agent
LST104399,Mumbai,Dahisar East,Dahisar East,2,72000.0,1085.0,Super Area,5.0,21.0,3.0,Semi-Furnished,Bachelors,Contact Owner
LST103300,Mumbai,Worli,"Mahalaxmi CHS, Worli",3,60500.0,1259.0,Carpet Area,11.0,31.0,4.0,Semi-Furnished,Bachelors/Family,Contact Agent
LST102011,Mumbai,Mehboob Studio,Mehboob Studio,1,48000.0,367.0,Super Area,1.0,6.0,1.0,Unfurnished,Bachelors/Family,Contact Owner
LST100420,Mumbai,Morya Nagar,"Manibhadra Avenue, Morya Nagar",1,5500.0,385.0,Carpet Area,3.0,9.0,1.0,Unfurnished,Family,Contact Agent
LST103656,Mumbai,Mira Road East,"Man Opus, Mira Road East",2,141000.0,944.0,Carpet Area,15.0,63.0,1.0,Furnished,Bachelors/Family,Contact Owner
LST104920,Mumbai,Santacruz West,Santacruz West,1,32500.0,703.0,Super Area,4.0,58.0,1.0,Semi-Furnished,Family,Contact Agent
LST101679,Mumbai,Lokhandwala Complex,"Stellar Tower, Lokhandwala Complex",5,386000.0,2232.0,Super Area,26.0,45.0,6.0,Semi-Furnished,Bachelors,Contact Agent
LST100276,Mumbai,Chandivali,"Lake Primrose, Chandivali",2,70000.0,1000.0,Carpet Area,15.0,23.0,2.0,Semi-Furnished,Bachelors/Family,Contact Agent
LST101419,Mumbai,Chikhal Dongari,"Sumit Greendale, Chikhal Dongari",1,21000.0,395.0,Super Area,5.0,15.0,1.0,Unfurnished,Bachelors,Contact Agent
LST104806,Mumbai,Nandiadwala Colony,"Midas Enclave CHS , Nandiadwala Colony",3,114500.0,966.0,Carpet Area,14.0,40.0,3.0,Semi-Furnished,Bachelors/Family,Contact Agent
LST102298,Mumbai,Prabhadevi,"Kalpataru Antariksha, Prabhadevi",2,84500.0,910.0,Super Area,18.0,27.0,3.0,Unfurnished,Bachelors/Family,Contact Agent
LST103950,Mumbai,Bandra West,"Violette Valley, Bandra West",3,73500.0,824.0,Carpet Area,30.0,44.0,3.0,Semi-Furnished,Family,Contact Owner
LST104614,Mumbai,Borivali East,"Ekta Meadows, Borivali East",2,20500.0,486.0,Carpet Area,32.0,59.0,2.0,Furnished,Bachelors,Contact Agent
LST101972,Mumbai,Film City Road,"Conwood Astoria, Film City Road",2,50500.0,739.0,Carpet Area,30.0,45.0,3.0,Unfurnished,Bachelors/Family,Contact Agent
LST103195,Mumbai,Amar Nagar,Amar Nagar,2,58000.0,651.0,Super Area,30.0,58.0,2.0,Furnished,Bachelors/Family,Contact Agent
LST101861,Mumbai,Vile Parle West,Vile Parle West,3,78500.0,1019.0,Super Area,19.0,20.0,4.0,Unfurnished,Bachelors/Family,Contact Owner
LST102540,Mumbai,Naigaon East,"Unicorn Global Arena, Naigaon East",2,75500.0,1200.0,Carpet Area,11.0,12.0,3.0,Unfurnished,Bachelors/Family,Contact Agent
LST102526,Mumbai,Powai,"Hiranandani Verona Co op Housing Society Ltd, Powai",1,25500.0,426.0,Super Area,6.0,45.0,1.0,Semi-Furnished,Bachelors,Contact Owner
LST103257,Mumbai,Devi Pada,Devi Pada,1,26500.0,356.0,Built Up Area,10.0,15.0,2.0,Unfurnished,Family,Contact Owner
LST103536,Mumbai,Juhu Versova Link Road,Juhu Versova Link Road,4,189500.0,1424.0,Super Area,12.0,31.0,4.0,Furnished,Family,Contact Agent
LST100961,Mumbai,Waterfield Road,Waterfield Road,3,140000.0,1100.0,Carpet Area,6.0,12.0,3.0,Semi-Furnished,Bachelors/Family,Contact Agent
LST100239,Mumbai,Chandivali,"Nahar Jonquille and Jamaica, Chandivali",2,53500.0,753.0,Carpet Area,17.0,20.0,2.0,Unfurnished,Bachelors/Family,Contact Agent
LST102129,Mumbai,Kandivali West,"Gaurav Heights, Kandivali West",1,70000.0,479.0,Carpet Area,13.0,21.0,1.0,Furnished,Bachelors/Family,Contact Owner
LST103389,Mumbai,Bandra East,"Insignia, Bandra East",3,137000.0,1536.0,Super Area,5.0,10.0,3.0,Semi-Furnished,Bachelors,Contact Owner
LST104766,Mumbai,Bander Pakhadi,"Orchid Suburbia, Bander Pakhadi",2,68500.0,753.0,Carpet Area,10.0,10.0,1.0,Semi-Furnished,Family,Contact Owner
LST104445,Mumbai,Pant Nagar,Pant Nagar,4,83500.0,1669.0,Super Area,25.0,28.0,4.0,Unfurnished,Bachelors,Contact Agent
LST103496,Mumbai,Worli Sea Face,Worli Sea Face,3,52000.0,945.0,Super Area,60.0,66.0,3.0,Unfurnished,Family,Contact Agent
LST104908,Mumbai,Thakur Complex,"MUKTA MAHEK, Thakur Complex",1,46500.0,470.0,Carpet Area,0.0,21.0,2.0,Furnished,Bachelors,Contact Owner
LST100000,Mumbai,Andheri West,"Shaheen Apartment, Andheri West",1,25000.0,320.0,Super Area,2.0,7.0,1.0,Semi-Furnished,Bachelors/Family,Contact Owner
LST102417,Mumbai,Film City Road,"Conwood Astoria, Film City Road",2,110500.0,891.0,Carpet Area,10.0,13.0,2.0,Furnished,Bachelors/Family,Contact Owner
LST100816,Mumbai,Lower Parel,Lower Parel,1,21000.0,225.0,Carpet Area,6.0,24.0,1.0,Unfurnished,Bachelors/Family,Contact Owner
LST100795,Mumbai,Khar West,Khar West,5,650000.0,3000.0,Carpet Area,8.0,10.0,5.0,Semi-Furnished,Bachelors/Family,Contact Agent
LST103713,Mumbai,Cuffe Parade,Cuffe Parade,2,19000.0,594.0,Carpet Area,16.0,20.0,2.0,Unfurnished,Bachelors,Contact Owner
LST100210,Mumbai,Irla,Irla,1,25000.0,450.0,Carpet Area,3.0,4.0,1.0,Semi-Furnished,Bachelors/Family,Contact Agent
LST103237,Mumbai,Chembur,Chembur,2,59000.0,816.0,Carpet Area,14.0,18.0,3.0,Semi-Furnished,Family,Contact Agent
LST102123,Mumbai,Unknown,,1,17500.0,543.0,Carpet Area,12.0,21.0,1.0,Semi-Furnished,Family,Contact Agent
LST101985,Mumbai,Chembur East,"Swastik Pride, Chembur East",1,51500.0,370.0,Carpet Area,18.0,26.0,1.0,Furnished,Bachelors/Family,Contact Agent
LST900035,Mumbai,Kanch Pada,"Auris Serenity, Kanch Pada",4,130000.0,1617.0,Carpet Area,15.0,58.0,5.0,Semi-Furnished,Bachelors/Family,Contact Agent
LST101903,Mumbai,Mira Road East,"Hiral Greens, Mira Road East",2,101000.0,557.0,Super Area,5.0,8.0,1.0,Unfurnished,Bachelors,Contact Agent
LST102241,Mumbai,Andheri West,"Runwal Elegante, Andheri West",1,7000.0,703.0,Carpet Area,4.0,9.0,1.0,Semi-Furnished,Bachelors/Family,Contact Agent
LST100527,Mumbai,Kandivali West,"Gaurav Heights, Kandivali West",2,40000.0,650.0,Carpet Area,7.0,11.0,2.0,Furnished,Bachelors,Contact Agent
LST104039,Mumbai,Prabhadevi,"Utkarsh CHS, Prabhadevi",3,215500.0,1654.0,Super Area,53.0,78.0,2.0,Semi-Furnished,Bachelors/Family,Contact Agent
LST101625,Mumbai,Worli Sea Face,"Lodha Marquise, Worli Sea Face",2,59500.0,695.0,Super Area,3.0,18.0,1.0,Furnished,Family,Contact Owner
LST104501,Mumbai,Seven Bungalows,"Kabra Metro One, Seven Bungalows",3,69000.0,982.0,Carpet Area,19.0,22.0,2.0,Furnished,Bachelors,Contact Agent
LST104919,Mumbai,Waterfield Road,"Benchmark Solus, Waterfield Road",3,124500.0,1101.0,Super Area,3.0,9.0,3.0,Unfurnished,Family,Contact Owner
LST100139,Mumbai,Dahisar East,Dahisar East,1,15000.0,420.0,Carpet Area,6.0,7.0,1.0,Semi-Furnished,Family,Contact Agent
LST102585,Mumbai,Gokuldham,"GSA Grandeur, Gokuldham",2,174500.0,938.0,Super Area,5.0,22.0,1.0,Unfurnished,Bachelors/Family,Contact Agent
LST103937,Mumbai,Suram Park Society,Suram Park Society,2,34000.0,603.0,Carpet Area,16.0,22.0,3.0,Semi-Furnished,Bachelors,Contact Agent
LST100969,Mumbai,Ghatkopar West,Ghatkopar West,1,35000.0,500.0,Super Area,1.0,5.0,1.0,Semi-Furnished,Bachelors/Family,Contact Owner
LST102696,Mumbai,Sai Nagar,"Kanakia Hollywood, Sai Nagar",5,361500.0,3086.0,Carpet Area,3.0,62.0,4.0,Unfurnished,Bachelors/Family,Contact Owner
LST100658,Mumbai,Chembur East,"Sabari Ashville, Chembur East",4,130000.0,1432.0,Carpet Area,12.0,20.0,3.0,Unfurnished,Bachelors/Family,Contact Agent
LST101222,Mumbai,Santacruz West,Santacruz West,5,346500.0,2845.0,Super Area,19.0,21.0,5.0,Semi-Furnished,Bachelors,Contact Owner
LST101363,Mumbai,Mount Mary,Mount Mary,3,168000.0,1006.0,Super Area,0.0,7.0,2.0,Unfurnished,Bachelors,Contact Agent
LST101357,Mumbai,Chakala MIDC,"Hillcrest, Chakala MIDC",3,112000.0,983.0,Carpet Area,9.0,15.0,3.0,Furnished,Bachelors,Contact Owner
LST103164,Mumbai,Sakinaka Junction,Sakinaka Junction,2,30500.0,608.0,Carpet Area,9.0,15.0,2.0,Semi-Furnished,Bachelors,Contact Owner
LST103614,Mumbai,Mulund West,"Sheth Montana, Mulund West",1,27000.0,428.0,Super Area,25.0,40.0,1.0,Unfurnished,Bachelors/Family,Contact Owner
LST101609,Mumbai,Lokhandwala Complex,"Magnum Tower CHS, Lokhandwala Complex",2,36000.0,753.0,Super Area,4.0,10.0,2.0,Semi-Furnished,Bachelors/Family,Contact Owner
LST103204,Mumbai,Juhu Tara,Juhu Tara,2,71500.0,806.0,Super Area,3.0,23.0,2.0,Furnished,Family,Contact Owner
LST104709,Mumbai,Borivali East,"Rivali Park, Borivali East",1,13500.0,484.0,Super Area,14.0,30.0,1.0,Unfurnished,Family,Contact Agent
LST104914,Mumbai,Mira Road,"holy complex ,Mira Road, Mumbai",1,6500.0,170.0,Super Area,4.0,12.0,1.0,Unfurnished,Bachelors,Contact Agent
LST100206,Mumbai,Kandivali West,Kandivali West,1,23000.0,435.0,Carpet Area,9.0,22.0,2.0,Semi-Furnished,Bachelors,Contact Agent
LST104095,Mumbai,in Andheri West,in Andheri West,3,47500.0,1225.0,Super Area,11.0,13.0,3.0,Semi-Furnished,Family,Contact Owner
LST102797,Mumbai,Chakala,Chakala,2,38500.0,753.0,Super Area,1.0,5.0,1.0,Unfurnished,Bachelors/Family,Contact Agent
LST104982,Mumbai,Hiranandani Gardens,"Hiranandani Gardens Torino, Hiranandani Gardens",3,77500.0,935.0,Super Area,30.0,58.0,4.0,Furnished,Family,Contact Owner
LST101435,Mumbai,Morya Nagar,"Manibhadra Avenue, Morya Nagar",2,23000.0,996.0,Super Area,43.0,78.0,2.0,Furnished,Bachelors/Family,Contact Owner
LST101497,Mumbai,Mindspace,"Mindspace, Mindspace",1,18500.0,599.0,Super Area,19.0,27.0,1.0,Furnished,Family,Contact Owner
LST103785,Mumbai,Nalasopara West,Nalasopara West,1,30500.0,462.0,Carpet Area,12.0,42.0,1.0,Furnished,Family,Contact Owner
LST900003,Mumbai,Wadala,"Llyod Estate, Wadala",3,178000.0,1141.0,Carpet Area,9.0,31.0,3.0,Furnished,Bachelors,Contact Owner
LST102425,Mumbai,Mount Mary,Mount Mary,3,189000.0,1577.0,Carpet Area,2.0,5.0,3.0,Semi-Furnished,Bachelors/Family,Contact Agent
LST104428,Mumbai,Chikuwadi,Chikuwadi,3,88500.0,1017.0,Super Area,4.0,14.0,2.0,Furnished,Family,Contact Owner
LST103048,Mumbai,Wadala,"Lodha New Cuffe Parade, Wadala",2,60500.0,851.0,Carpet Area,60.0,71.0,1.0,Unfurnished,Bachelors,Contact Owner
LST103185,Mumbai,Kandivali East,"Highway Park Apartment, Kandivali East",4,231500.0,2182.0,Carpet Area,4.0,20.0,4.0,Furnished,Bachelors/Family,Contact Agent
LST101734,Mumbai,Bandra East,"Insignia, Bandra East",1,27000.0,400.0,Carpet Area,13.0,18.0,1.0,Semi-Furnished,Bachelors/Family,Contact Owner
LST102844,Mumbai,Andheri East,"Kanakia Sevens, Andheri East",2,41000.0,679.0,Carpet Area,16.0,27.0,2.0,Semi-Furnished,Family,Contact Owner
LST100650,Mumbai,Seven Bungalows,"Shimpla Vighnaharta CHS, Seven Bungalows",2,54000.0,800.0,Carpet Area,3.0,7.0,2.0,Unfurnished,Family,Contact Agent
LST101790,Mumbai,Parel,"Lodha Azzuro , Parel",4,425500.0,2303.0,Super Area,25.0,41.0,4.0,Unfurnished,Family,Contact Agent
LST102536,Mumbai,Unknown,,1,28500.0,418.0,Super Area,7.0,12.0,1.0,Semi-Furnished,Bachelors/Family,Contact Agent
LST104764,Mumbai,Powai,"Lake Homes, Powai",1,25500.0,421.0,Carpet Area,10.0,16.0,1.0,Unfurnished,Bachelors/Family,Contact Agent
LST103519,Mumbai,AAREY MILK COLONY,"ROYAL PALMS DIAMOND ISLE PHASE II, AAREY MILK COLONY",3,133000.0,1232.0,Carpet Area,16.0,27.0,4.0,Unfurnished,Bachelors,Contact Owner
LST102304,Mumbai,Gandhi Market,Gandhi Market,1,52000.0,555.0,Super Area,7.0,15.0,2.0,Unfurnished,Family,Contact Owner
LST103988,Mumbai,Powai,"Hiranandani Regent Hill, Powai",2,38000.0,520.0,Carpet Area,60.0,71.0,1.0,Unfurnished,Family,Contact Agent
LST102774,Mumbai,Malad West,"Sheth Auris Serinity, Malad West",4,139500.0,1692.0,Carpet Area,5.0,15.0,4.0,Semi-Furnished,Family,Contact Agent
LST100823,Mumbai,Chembur,"Sabari Palm View, Chembur",3,80000.0,1800.0,Super Area,10.0,13.0,3.0,Semi-Furnished,Bachelors/Family,Contact Agent
LST103652,Mumbai,Worli,"Lady Ratan Tower, Worli",2,64000.0,645.0,Super Area,14.0,23.0,3.0,Furnished,Family,Contact Owner
LST100309,Mumbai,Mulund West,"Runwal Greens, Mulund West",3,55000.0,925.0,Carpet Area,16.0,36.0,2.0,Unfurnished,Bachelors,Contact Agent
LST101736,Mumbai,Mira Road,Mira Road,1,32000.0,462.0,Carpet Area,33.0,42.0,1.0,Semi-Furnished,Bachelors/Family,Contact Agent
LST100304,Mumbai,Gomant Nagar,"Rustomjee Regency, Gomant Nagar",2,40000.0,650.0,Carpet Area,15.0,15.0,2.0,Semi-Furnished,Bachelors/Family,Contact Agent
LST101616,Mumbai,Bandra Kurla Complex,"Dheeraj Insignia Apartment, Bandra Kurla Complex",3,52000.0,1189.0,Carpet Area,18.0,25.0,3.0,Unfurnished,Bachelors,Contact Agent
LST100891,Mumbai,Goregaon East,"Dheeraj Valley Tower, Goregaon East",2,50000.0,900.0,Carpet Area,5.0,17.0,2.0,Semi-Furnished,Bachelors/Family,Contact Owner
LST100888,Mumbai,Chembur,"MJ Shah Centrio, Chembur",2,55000.0,955.0,Carpet Area,8.0,22.0,2.0,Unfurnished,Bachelors/Family,Contact Agent
LST103388,Mumbai,Malad West,Malad West,3,208500.0,1701.0,Super Area,0.0,5.0,3.0,Unfurnished,Bachelors/Family,Contact Owner
LST102791,Mumbai,Bhandup West,"Mayuresh Srishti, Bhandup West",2,87000.0,876.0,Super Area,12.0,22.0,3.0,Unfurnished,Family,Contact Owner
LST900009,Mumbai,Agarkar Chowk,"Oberoi Splendor, Agarkar Chowk",1,19000.0,310.0,Carpet Area,12.0,23.0,1.0,Semi-Furnished,Family,Contact Owner
LST101881,Mumbai,Bhandup East,Bhandup East,2,54500.0,758.0,Carpet Area,18.0,30.0,3.0,Semi-Furnished,Bachelors,Contact Owner
LST102142,Mumbai,chakala andheri east,chakala andheri east,2,19000.0,886.0,Carpet Area,4.0,14.0,2.0,Semi-Furnished,Bachelors,Contact Agent
LST101912,Mumbai,Goregaon East,"Conwood Astoria, Goregaon East",2,51000.0,752.0,Carpet Area,18.0,30.0,1.0,Unfurnished,Family,Contact Owner
LST101487,Mumbai,Bhandup West,"Dreams Complex, Bhandup West",3,181500.0,1442.0,Super Area,0.0,8.0,3.0,Unfurnished,Bachelors,Contact Agent
LST102858,Mumbai,Chandivali,"Lake Primrose, Chandivali",1,11500.0,462.0,Super Area,17.0,40.0,1.0,Semi-Furnished,Bachelors,Contact Owner
LST103548,Mumbai,Wadala,Wadala,3,68500.0,1028.0,Super Area,23.0,25.0,2.0,Unfurnished,Bachelors/Family,Contact Owner
LST102838,Mumbai,Thakur Complex,"Bhoomi Elegant, Thakur Complex",1,22000.0,408.0,Carpet Area,17.0,24.0,2.0,Furnished,Bachelors/Family,Contact Agent
LST101226,Mumbai,Wadala East,"Lodha Altia, Wadala East",3,185500.0,1121.0,Super Area,15.0,16.0,4.0,Semi-Furnished,Bachelors,Contact Agent
LST103224,Mumbai,Worli Hill,"Lodha Kiara, Worli Hill",1,15500.0,417.0,Super Area,7.0,13.0,1.0,Unfurnished,Family,Contact Owner
LST104420,Mumbai,Powai,"Hiranandani Castle Rock, Powai",1,27500.0,450.0,Carpet Area,60.0,71.0,1.0,Semi-Furnished,Bachelors/Family,Contact Agent
LST103024,Mumbai,Bandra West,Bandra West,2,48500.0,686.0,Super Area,43.0,78.0,2.0,Furnished,Bachelors/Family,Contact Owner
LST900033,Mumbai,Andheri East,"Jumbo Darshan , Andheri East",1,30000.0,550.0,Super Area,2.0,4.0,1.0,Semi-Furnished,Bachelors/Family,Contact Owner
LST101617,Mumbai,Poisar,Poisar,2,102500.0,685.0,Super Area,3.0,28.0,1.0,Semi-Furnished,Family,Contact Agent
LST101135,Mumbai,Chandivali,"Nahar Amrit Shakti powai, Chandivali",4,451000.0,2993.0,Carpet Area,15.0,17.0,4.0,Unfurnished,Family,Contact Agent
LST100788,Mumbai,Andheri West,Andheri West,2,85000.0,850.0,Carpet Area,4.0,6.0,2.0,Unfurnished,Bachelors/Family,Contact Agent
LST102560,Mumbai,Prabhadevi,"Suryodaya CHS, Prabhadevi",1,29500.0,509.0,Super Area,3.0,12.0,1.0,Semi-Furnished,Family,Contact Agent
LST103578,Mumbai,Tata Nagar,Tata Nagar,1,7000.0,529.0,Carpet Area,17.0,29.0,1.0,Semi-Furnished,Bachelors/Family,Contact Owner
LST104588,Mumbai,Andheri East,Andheri East,1,51000.0,535.0,Super Area,21.0,33.0,2.0,Semi-Furnished,Bachelors/Family,Contact Agent
LST100284,Mumbai,Walkeshwar,Walkeshwar,3,90000.0,1500.0,Carpet Area,6.0,10.0,3.0,Furnished,Bachelors/Family,Contact Agent
LST104722,Mumbai,Goregaon East,"Conwood Astoria, Goregaon East",2,56500.0,1062.0,Super Area,65.0,76.0,2.0,Semi-Furnished,Bachelors,Contact Agent
LST103916,Mumbai,Kashimira,"Man Opus, Kashimira",1,34500.0,388.0,Carpet Area,65.0,76.0,1.0,Furnished,Bachelors/Family,Contact Owner
LST101077,Mumbai,shabri shan,shabri shan,3,90000.0,1208.0,Super Area,3.0,15.0,2.0,Semi-Furnished,Bachelors/Family,Contact Agent
LST103897,Mumbai,Worli,"Trump Tower, Worli",1,42500.0,548.0,Carpet Area,3.0,13.0,1.0,Furnished,Bachelors,Contact Agent
LST103392,Mumbai,Kemps Corner,"The Primordial House, Kemps Corner",1,23500.0,667.0,Super Area,6.0,14.0,2.0,Furnished,Bachelors/Family,Contact Agent
LST102630,Mumbai,Chembur,Chembur,4,206000.0,2107.0,Super Area,6.0,22.0,3.0,Furnished,Bachelors/Family,Contact Owner
LST103648,Mumbai,Powai,"Lake Bloom, Powai",1,15000.0,301.0,Super Area,-1.0,30.0,1.0,Semi-Furnished,Bachelors,Contact Owner
LST100326,Mumbai,Vikhroli East,"Godrej The Trees, Vikhroli East",4,180000.0,1755.0,Carpet Area,6.0,18.0,4.0,Semi-Furnished,Family,Contact Agent
LST103568,Mumbai,Powai,Powai,1,31000.0,410.0,Super Area,-1.0,9.0,1.0,Unfurnished,Bachelors,Contact Owner
LST100562,Mumbai,Worli,"Omkar 1973, Worli",4,380000.0,2800.0,Carpet Area,50.0,75.0,4.0,Semi-Furnished,Bachelors/Family,Contact Agent
LST100167,Mumbai,Aarey Milk Colony,"Garden View Apartment, Aarey Milk Colony",1,18000.0,385.0,Carpet Area,11.0,20.0,1.0,Unfurnished,Bachelors/Family,Contact Agent
LST103636,Mumbai,Andheri West,"Cosmopolis Tower, Andheri West",2,133000.0,906.0,Super Area,48.0,52.0,2.0,Unfurnished,Family,Contact Owner
LST103678,Mumbai,Datta Pada,Datta Pada,2,26500.0,664.0,Carpet Area,15.0,58.0,2.0,Unfurnished,Bachelors,Contact Owner
LST103512,Mumbai,Opera House,Opera House,1,31000.0,374.0,Carpet Area,18.0,22.0,1.0,Semi-Furnished,Bachelors/Family,Contact Owner
LST104485,Mumbai,Unknown,Mumbai Central,2,43500.0,528.0,Carpet Area,8.0,23.0,2.0,Furnished,Bachelors/Family,Contact Owner
LST100732,Mumbai,Chandivali,"Shapoorji Pallonji Vicinia, Chandivali",2,63000.0,888.0,Carpet Area,12.0,20.0,2.0,Semi-Furnished,Bachelors/Family,Contact Agent
LST102658,Mumbai,Hiranandani Gardens,"Raj Grandeur, Hiranandani Gardens",3,154000.0,1588.0,Carpet Area,30.0,58.0,3.0,Furnished,Bachelors,Contact Agent
LST104148,Mumbai,Parel,"Crescent Bay Callisto, Parel",1,58500.0,494.0,Carpet Area,18.0,33.0,2.0,Semi-Furnished,Bachelors/Family,Contact Owner
LST100627,Mumbai,Worli Hill,"Lodha Kiara, Worli Hill",3,240000.0,1358.0,Carpet Area,40.0,50.0,4.0,Semi-Furnished,Family,Contact Agent
LST100487,Mumbai,Powai,"Lake Primrose, Powai",3,84000.0,1000.0,Carpet Area,18.0,21.0,3.0,Furnished,Bachelors/Family,Contact Agent
LST104076,Mumbai,Dahisar West,Dahisar West,3,73000.0,1033.0,Carpet Area,6.0,11.0,3.0,Unfurnished,Family,Contact Agent
LST100576,Mumbai,Borivali West,Borivali West,2,29500.0,700.0,Carpet Area,2.0,7.0,2.0,Unfurnished,Bachelors/Family,Contact Agent
LST101635,Mumbai,Vasai East,"Nicon Infinity, Vasai East",2,36000.0,548.0,Super Area,12.0,24.0,1.0,Semi-Furnished,Family,Contact Agent
LST102992,Mumbai,Andheri East,"Kanakia Sevens, Andheri East",1,23000.0,349.0,Super Area,7.0,16.0,2.0,Semi-Furnished,Family,Contact Owner
LST100533,Mumbai,Powai,"L&T Emerald Isle, Powai",3,100000.0,1300.0,Carpet Area,12.0,24.0,3.0,Semi-Furnished,Family,Contact Agent
LST103055,Mumbai,Old Khar,"Rose Queen, Old Khar",3,90500.0,1122.0,Super Area,9.0,39.0,2.0,Unfurnished,Bachelors/Family,Contact Owner
LST100675,Mumbai,Dadar West,"Salvation CHS, Dadar West",3,120000.0,1200.0,Carpet Area,5.0,14.0,3.0,Furnished,Bachelors/Family,Contact Agent
LST104267,Mumbai,Srinagarchs chembur west near sankralyammandir,Srinagarchs chembur west near sankralyammandir,3,159500.0,1347.0,Carpet Area,44.0,77.0,2.0,Unfurnished,Bachelors/Family,Contact Agent
LST101831,Mumbai,Datta Pada,"Kaustubh Platinum, Datta Pada",2,27500.0,498.0,Carpet Area,24.0,58.0,2.0,Unfurnished,Bachelors/Family,Contact Agent
LST102859,Mumbai,Unknown,,4,158000.0,1485.0,Super Area,50.0,75.0,5.0,Semi-Furnished,Bachelors,Contact Agent
LST102680,Mumbai,Bhandup West,"Srishti Elegance, Bhandup West",2,56500.0,1079.0,Carpet Area,22.0,55.0,3.0,Unfurnished,Bachelors/Family,Contact Owner
LST101528,Mumbai,IC Colony,IC Colony,1,23500.0,392.0,Super Area,9.0,18.0,2.0,Furnished,Bachelors/Family,Contact Owner
LST101372,Mumbai,Parel,"Vikas Finalay Apartments, Parel",3,163500.0,1339.0,Super Area,11.0,21.0,3.0,Furnished,Bachelors/Family,Contact Owner
LST104488,Mumbai,Kalina,"Sundar Nagar, Kalina",3,161500.0,1267.0,Super Area,45.0,60.0,4.0,Furnished,Bachelors/Family,Contact Owner
LST101017,Mumbai,in Matunga West,in Matunga West,2,242500.0,1080.0,Super Area,6.0,32.0,2.0,Unfurnished,Family,Contact Owner
LST100219,Mumbai,Andheri West,Andheri West,1,33000.0,350.0,Super Area,0.0,5.0,1.0,Unfurnished,Bachelors/Family,Contact Owner
LST100389,Mumbai,Malad West,"Auris Serenity, Malad West",2,62000.0,806.0,Carpet Area,3.0,58.0,3.0,Unfurnished,Bachelors/Family,Contact Agent
LST100846,Mumbai,Goregaon East,"Romell Aether, Goregaon East",3,90000.0,967.0,Carpet Area,14.0,33.0,3.0,Furnished,Bachelors/Family,Contact Agent
LST101052,Mumbai,Goregaon East,"Conwood Astoria, Goregaon East",1,37000.0,405.0,Carpet Area,19.0,22.0,1.0,Unfurnished,Family,Contact Agent
LST104048,Mumbai,Worli,"World One Tower Mumbai, Worli",4,266000.0,1920.0,Carpet Area,3.0,12.0,4.0,Furnished,Bachelors,Contact Agent
LST104331,Mumbai,Goregaon East,Goregaon East,1,29500.0,408.0,Carpet Area,7.0,7.0,2.0,Semi-Furnished,Bachelors,Contact Owner
LST900018,Mumbai,Malad East,"Kanakia Levels, Malad East",3,75000.0,1150.0,Carpet Area,32.0,41.0,3.0,Unfurnished,Bachelors/Family,Contact Agent
LST101768,Mumbai,IC Colony,IC Colony,3,45000.0,1704.0,Super Area,16.0,27.0,2.0,Unfurnished,Family,Contact Agent
LST102256,Mumbai,Sakinaka Junction,"Akruti Orchid Park, Sakinaka Junction",4,172500.0,1916.0,Carpet Area,18.0,40.0,4.0,Semi-Furnished,Bachelors,Contact Agent
LST101122,Mumbai,buena vista,buena vista,2,95000.0,753.0,Carpet Area,7.0,7.0,2.0,Unfurnished,Bachelors/Family,Contact Agent
LST103052,Mumbai,Andheri West,"Bharat Ark, Andheri West",2,123000.0,1109.0,Carpet Area,53.0,78.0,2.0,Semi-Furnished,Family,Contact Agent
LST101982,Mumbai,Kandivali East,"Vishnu Shivam Tower, Thakur Village, Kandivali East",4,412000.0,1780.0,Carpet Area,17.0,44.0,4.0,Furnished,Family,Contact Owner
LST102431,Mumbai,Shilphata,Shilphata,2,114500.0,878.0,Super Area,3.0,11.0,2.0,Unfurnished,Bachelors/Family,Contact Owner
LST103117,Mumbai,Andheri East,"Green Woods Chkala, Andheri East",3,65000.0,962.0,Super Area,-1.0,9.0,4.0,Furnished,Bachelors/Family,Contact Owner
LST103188,Mumbai,Sakinaka Junction,Sakinaka Junction,1,12000.0,585.0,Carpet Area,5.0,24.0,1.0,Unfurnished,Bachelors/Family,Contact Agent
LST104080,Mumbai,Thakur Complex,"Gokul Regency Apartment, Thakur Complex",3,126000.0,955.0,Super Area,10.0,28.0,2.0,Furnished,Bachelors,Contact Owner
LST104795,Mumbai,Prabhadevi,"Beach Towers, Prabhadevi",2,35500.0,673.0,Super Area,16.0,23.0,2.0,Semi-Furnished,Bachelors/Family,Contact Agent
LST104300,Mumbai,Hindu Colony,Hindu Colony,2,56500.0,678.0,Super Area,14.0,21.0,2.0,Unfurnished,Bachelors/Family,Contact Agent
LST101996,Mumbai,Mulund West,"Wadhwa Atmoshphere, Mulund West",2,150000.0,817.0,Super Area,40.0,50.0,2.0,Furnished,Family,Contact Agent
LST102056,Mumbai,Govandi Station Road,Govandi Station Road,3,56000.0,740.0,Super Area,9.0,30.0,3.0,Semi-Furnished,Bachelors,Contact Agent
LST900046,Mumbai,Santacruz East,Santacruz East,3,165500.0,1407.0,Carpet Area,13.0,15.0,3.0,Semi-Furnished,Bachelors,Contact Agent
LST104952,Mumbai,Sakinaka Junction,"Akruti Orchid Park, Sakinaka Junction",2,123000.0,1334.0,Carpet Area,4.0,20.0,2.0,Semi-Furnished,Bachelors,Contact Owner
LST100652,Mumbai,Lower Parel,"Neumec Elegance, Lower Parel",1,60000.0,550.0,Carpet Area,12.0,20.0,2.0,Furnished,Bachelors,Contact Agent
LST100996,Mumbai,Sion Trombay Road,Sion Trombay Road,3,146500.0,1602.0,Carpet Area,7.0,19.0,2.0,Semi-Furnished,Bachelors,Contact Agent
LST101343,Mumbai,orchid suburbia,orchid suburbia,2,69500.0,856.0,Super Area,16.0,30.0,2.0,Unfurnished,Bachelors,Contact Owner
LST102656,Mumbai,Lal Baug,"Royal Residency, Lal Baug",1,20000.0,436.0,Super Area,14.0,38.0,1.0,Furnished,Bachelors/Family,Contact Owner
LST100516,Mumbai,Chandivali,"Nahar Amrit Shakti powai, Chandivali",3,70000.0,1000.0,Carpet Area,12.0,20.0,3.0,Semi-Furnished,Bachelors/Family,Contact Agent
LST101271,Mumbai,Nalasopara,"Deep Heights, Nalasopara",3,104500.0,1042.0,Super Area,11.0,22.0,4.0,Unfurnished,Bachelors,Contact Agent
LST102220,Mumbai,irla,irla,1,18000.0,208.0,Carpet Area,2.0,8.0,2.0,Semi-Furnished,Bachelors,Contact Agent
LST100897,Mumbai,Worli,"Indiabulls Blu, Worli",2,190000.0,895.0,Carpet Area,32.0,46.0,2.0,Semi-Furnished,Bachelors/Family,Contact Agent
LST104121,Mumbai,Agarkar Chowk,"Oberoi Splendor, Agarkar Chowk",1,19000.0,310.0,Carpet Area,12.0,23.0,1.0,Semi-Furnished,Family,Contact Owner
LST101389,Mumbai,Parel,"TATA Falcon Crest, Parel",1,51000.0,409.0,Carpet Area,7.0,21.0,1.0,Semi-Furnished,Family,Contact Agent
LST100306,Mumbai,parel,"vikas finalay apartments, parel",2,75000.0,720.0,Carpet Area,6.0,14.0,2.0,Semi-Furnished,Bachelors/Family,Contact Agent
LST100999,Mumbai,Mira Road,"Man Opus, Mira Road",2,102000.0,1002.0,Super Area,10.0,19.0,1.0,Furnished,Bachelors/Family,Contact Owner
LST103956,Mumbai,Chikuwadi,Chikuwadi,4,92000.0,1089.0,Super Area,0.0,3.0,4.0,Unfurnished,Bachelors,Contact Owner
LST103393,Mumbai,Waterfield Road,"Benchmark Solus, Waterfield Road",2,74000.0,753.0,Super Area,11.0,24.0,2.0,Semi-Furnished,Bachelors,Contact Agent
LST104765,Mumbai,Chakala,"Hubtown Sunmist, Chakala",4,144500.0,1671.0,Carpet Area,9.0,38.0,5.0,Unfurnished,Family,Contact Owner
LST104804,Mumbai,Worli,"Sanghvi Evana, Worli",4,140000.0,1632.0,Carpet Area,12.0,13.0,4.0,Semi-Furnished,Family,Contact Owner
LST103838,Mumbai,sunanda circal,sunanda circal,3,128500.0,1325.0,Super Area,9.0,55.0,3.0,Unfurnished,Family,Contact Owner
LST101221,Mumbai,Kalina,Kalina,4,1364000.0,5459.0,Carpet Area,25.0,35.0,4.0,Semi-Furnished,Family,Contact Owner
LST100915,Mumbai,Unknown,,3,150000.0,1100.0,Carpet Area,9.0,16.0,3.0,Furnished,Family,Contact Agent
LST102892,Mumbai,Mira Road,"RNA Broadway Avenue, Mira Road",1,26500.0,354.0,Super Area,46.0,76.0,1.0,Semi-Furnished,Bachelors/Family,Contact Owner
LST104171,Mumbai,Mulund East,Mulund East,1,27000.0,457.0,Super Area,18.0,30.0,1.0,Furnished,Family,Contact Agent
LST101543,Mumbai,shabri shan,shabri shan,2,35000.0,645.0,Super Area,4.0,4.0,1.0,Furnished,Bachelors/Family,Contact Owner
LST101203,Mumbai,Pathanwadi,"Alta Monte, Pathanwadi",4,463000.0,3126.0,Super Area,19.0,24.0,4.0,Unfurnished,Bachelors/Family,Contact Owner
LST104368,Mumbai,Nahur Gaothan,Nahur Gaothan,3,102000.0,1406.0,Super Area,12.0,13.0,2.0,Furnished,Family,Contact Owner
LST103279,Mumbai,Kalina,Kalina,3,220500.0,1965.0,Super Area,3.0,5.0,3.0,Furnished,Bachelors/Family,Contact Owner
LST100864,Mumbai,Kemps Corner,"The Primordial House, Kemps Corner",3,210000.0,1425.0,Carpet Area,9.0,35.0,4.0,Furnished,Bachelors,Contact Agent
LST103359,Mumbai,Sindhi Society Chembur,Sindhi Society Chembur,3,121500.0,1280.0,Super Area,8.0,11.0,3.0,Semi-Furnished,Bachelors/Family,Contact Agent
LST100483,Mumbai,Pali Hill,"Green Gate Apartment, Pali Hill",1,60000.0,500.0,Carpet Area,5.0,7.0,1.0,Furnished,Bachelors/Family,Contact Agent
LST102191,Mumbai,Sakinaka Junction,"Akruti Orchid Park, Sakinaka Junction",3,196500.0,1391.0,Super Area,8.0,19.0,3.0,Furnished,Bachelors/Family,Contact Owner
LST100508,Mumbai,Khar West,Khar West,3,120000.0,1200.0,Carpet Area,10.0,14.0,3.0,Furnished,Bachelors/Family,Contact Agent
LST100056,Mumbai,Breach Candy,Breach Candy,2,80000.0,600.0,Carpet Area,2.0,5.0,1.0,Furnished,Bachelors/Family,Contact Agent
LST103580,Mumbai,Chembur,"Sabari Palm View, Chembur",3,98000.0,1159.0,Carpet Area,8.0,28.0,2.0,Furnished,Family,Contact Agent
LST102308,Mumbai,Worli,"World One Tower Mumbai, Worli",1,25500.0,457.0,Carpet Area,8.0,14.0,1.0,Semi-Furnished,Family,Contact Owner
LST101106,Mumbai,Mira Road East,Mira Road East,4,309000.0,2966.0,Super Area,18.0,20.0,3.0,Furnished,Family,Contact Owner
LST101285,Mumbai,Bhakti Park,"Ajmera Bhakti Park, Bhakti Park",1,27500.0,502.0,Super Area,16.0,31.0,1.0,Unfurnished,Bachelors/Family,Contact Owner
LST100810,Mumbai,Chandivali,Chandivali,2,55000.0,750.0,Carpet Area,10.0,14.0,2.0,Unfurnished,Bachelors/Family,Contact Agent
LST104922,Mumbai,Kanjurmarg West,Kanjurmarg West,5,326500.0,3463.0,Carpet Area,13.0,16.0,6.0,Unfurnished,Family,Contact Owner
LST104839,Mumbai,Vikhroli,Vikhroli,2,221500.0,1091.0,Carpet Area,15.0,21.0,2.0,Furnished,Bachelors/Family,Contact Owner
LST101214,Mumbai,Dadar TT Circle,"Island City Centre, Dadar TT Circle",4,85500.0,1384.0,Carpet Area,10.0,16.0,5.0,Unfurnished,Family,Contact Owner
LST104315,Mumbai,Parel,"Saraswati Sadan, Parel",3,34500.0,1081.0,Carpet Area,4.0,10.0,3.0,Furnished,Family,Contact Owner
LST102170,Mumbai,Park Site Colony,"Mayfair Sonata Greens, Park Site Colony",2,70000.0,827.0,Carpet Area,49.0,55.0,3.0,Semi-Furnished,Family,Contact Agent
LST104717,Mumbai,Kandivali East,"Thakur Village, Kandivali East",3,83500.0,1516.0,Carpet Area,25.0,52.0,4.0,Semi-Furnished,Family,Contact Agent
LST100910,Mumbai,Powai,"L&T Emerald Isle, Powai",2,58000.0,650.0,Carpet Area,15.0,24.0,2.0,Unfurnished,Family,Contact Agent
LST102492,Mumbai,Goregaon East,"Conwood Astoria, Goregaon East",1,22000.0,337.0,Carpet Area,4.0,9.0,2.0,Unfurnished,Family,Contact Owner
LST900028,Mumbai,Powai,"Lake Bloom, Powai",1,15000.0,301.0,Super Area,-1.0,30.0,1.0,Semi-Furnished,Bachelors,Contact Owner
LST101593,Mumbai,Seven Bungalows,"Milap CHS, Seven Bungalows",2,38000.0,584.0,Super Area,15.0,31.0,2.0,Semi-Furnished,Bachelors,Contact Owner
LST104875,Mumbai,Mulund West,Mulund West,2,102500.0,890.0,Carpet Area,53.0,60.0,2.0,Semi-Furnished,Bachelors/Family,Contact Owner
LST102515,Mumbai,Evershine Nagar,Evershine Nagar,1,42500.0,511.0,Carpet Area,21.0,33.0,1.0,Unfurnished,Bachelors,Contact Owner
LST104173,Mumbai,Goregaon West,Goregaon West,2,171500.0,955.0,Super Area,21.0,21.0,1.0,Furnished,Family,Contact Agent
LST101639,Mumbai,Lal Baug,Lal Baug,2,71500.0,633.0,Super Area,2.0,8.0,1.0,Semi-Furnished,Bachelors/Family,Contact Agent
LST102898,Mumbai,Irla,Irla,3,78000.0,965.0,Carpet Area,1.0,8.0,4.0,Semi-Furnished,Bachelors,Contact Owner
LST100128,Mumbai,Evershine Nagar,Evershine Nagar,1,17500.0,400.0,Carpet Area,4.0,4.0,1.0,Unfurnished,Bachelors/Family,Contact Agent
LST104180,Mumbai,Sunder Nagar,"Dheeraj Kiran CHS Walad West, Sunder Nagar",1,9000.0,595.0,Super Area,9.0,18.0,1.0,Furnished,Bachelors/Family,Contact Owner
LST102066,Mumbai,Moti Nagar,"Montana Giona, Moti Nagar",2,16500.0,642.0,Carpet Area,0.0,8.0,3.0,Furnished,Family,Contact Owner
LST104293,Mumbai,Amar Nagar,Amar Nagar,1,25500.0,422.0,Carpet Area,4.0,22.0,1.0,Unfurnished,Family,Contact Owner
LST101825,Mumbai,Perry Rd,Perry Rd,1,63500.0,397.0,Carpet Area,23.0,25.0,2.0,Furnished,Bachelors,Contact Owner
LST104205,Mumbai,Santacruz West,Santacruz West,5,674000.0,3461.0,Super Area,-1.0,10.0,4.0,Semi-Furnished,Family,Contact Owner
LST101652,Mumbai,Marol,"Akruti Aneri, Marol",1,43000.0,482.0,Super Area,2.0,5.0,1.0,Semi-Furnished,Family,Contact Agent
LST101073,Mumbai,Old Khar,"Rose Queen, Old Khar",1,18500.0,474.0,Super Area,15.0,23.0,1.0,Semi-Furnished,Bachelors,Contact Agent
LST102763,Mumbai,Beverly Park,"Marigold-5, Beverly Park",2,69500.0,671.0,Super Area,5.0,6.0,1.0,Unfurnished,Family,Contact Owner
LST102183,Mumbai,Friends Colony,Friends Colony,2,55000.0,760.0,Carpet Area,3.0,7.0,3.0,Furnished,Bachelors/Family,Contact Agent
LST100815,Mumbai,Juhu Versova Link Road,Juhu Versova Link Road,2,49500.0,650.0,Carpet Area,5.0,16.0,2.0,Unfurnished,Family,Contact Agent
LST104136,Mumbai,Mahim West,Mahim West,3,84000.0,1264.0,Super Area,14.0,17.0,3.0,Furnished,Bachelors/Family,Contact Owner
LST101910,Mumbai,Chembur,Chembur,2,112500.0,876.0,Carpet Area,8.0,36.0,1.0,Semi-Furnished,Family,Contact Agent
LST104470,Mumbai,Seven Bungalows,Seven Bungalows,3,191000.0,1176.0,Super Area,12.0,19.0,2.0,Unfurnished,Bachelors/Family,Contact Agent
LST103797,Mumbai,Chembur,"Uttam Society, Chembur",1,53500.0,505.0,Carpet Area,3.0,12.0,2.0,Semi-Furnished,Family,Contact Owner
LST104498,Mumbai,Sion East,"Everard Nagar Co Operative Housing Society, Sion East",3,80000.0,1306.0,Carpet Area,4.0,20.0,3.0,Semi-Furnished,Family,Contact Agent
LST103672,Mumbai,Gandhi Market,Gandhi Market,2,55500.0,656.0,Carpet Area,14.0,35.0,3.0,Furnished,Family,Contact Agent
LST100321,Mumbai,Santacruz East,Santacruz East,2,55000.0,750.0,Super Area,1.0,7.0,2.0,Semi-Furnished,Bachelors,Contact Agent
LST103774,Mumbai,Lokhandwala Complex,Lokhandwala Complex,2,31000.0,777.0,Carpet Area,14.0,20.0,1.0,Unfurnished,Bachelors/Family,Contact Agent
LST104763,Mumbai,Andheri East,"Kanakia Sevens, Andheri East",1,60000.0,533.0,Carpet Area,8.0,22.0,1.0,Semi-Furnished,Bachelors/Family,Contact Agent
LST101011,Mumbai,Vile Parle West,"Irla, Vile Parle West",1,31000.0,450.0,Super Area,19.0,22.0,2.0,Furnished,Family,Contact Owner
LST100596,Mumbai,Prabhadevi,"Kalpataru Antariksha, Prabhadevi",3,150000.0,1350.0,Carpet Area,23.0,25.0,3.0,Semi-Furnished,Bachelors/Family,Contact Agent
LST101597,Mumbai,Kandivali East,"Techno Park I, Kandivali East",1,46000.0,389.0,Super Area,46.0,76.0,1.0,Semi-Furnished,Bachelors/Family,Contact Agent
LST104116,Mumbai,Bandra West,"Vertical Bliss, Bandra West",2,88500.0,914.0,Super Area,6.0,24.0,2.0,Semi-Furnished,Bachelors/Family,Contact Agent
LST102956,Mumbai,Amar Nagar,Amar Nagar,2,21000.0,802.0,Super Area,1.0,4.0,2.0,Furnished,Bachelors,Contact Agent
LST103023,Mumbai,Dhanukar Wadi,Dhanukar Wadi,1,33000.0,409.0,Carpet Area,9.0,22.0,1.0,Semi-Furnished,Bachelors/Family,Contact Agent
LST103867,Mumbai,Gokuldham,"Sky Villa, Gokuldham",1,6500.0,484.0,Carpet Area,19.0,28.0,1.0,Unfurnished,Bachelors/Family,Contact Owner
LST102690,Mumbai,Rock garden Chs,Rock garden Chs,2,70000.0,1075.0,Super Area,12.0,21.0,2.0,Furnished,Family,Contact Agent
LST102141,Mumbai,Turner Road,"L Nagpal Ruby, Turner Road",3,117000.0,1222.0,Super Area,12.0,17.0,3.0,Semi-Furnished,Bachelors/Family,Contact Owner
LST100463,Mumbai,Thakur Complex,Thakur Complex,1,22000.0,430.0,Carpet Area,4.0,6.0,1.0,Unfurnished,Family,Contact Agent
LST104244,Mumbai,Parel,"Vikas Finalay Apartments, Parel",2,44000.0,847.0,Carpet Area,10.0,37.0,2.0,Unfurnished,Family,Contact Owner
LST101727,Mumbai,Kandivali West,"Acme Avenue, Kandivali West",3,89500.0,1124.0,Super Area,22.0,23.0,4.0,Unfurnished,Family,Contact Agent
LST100036,Mumbai,Parel,"Lodha Azzuro , Parel",3,110000.0,1200.0,Carpet Area,60.0,66.0,3.0,Semi-Furnished,Bachelors/Family,Contact Agent
LST100963,Mumbai,Shantivan,"Saaga Mrunali CHS, Shantivan",2,32000.0,590.0,Carpet Area,7.0,12.0,2.0,Unfurnished,Family,Contact Agent
LST102525,Mumbai,Kalina,Kalina,2,40500.0,573.0,Super Area,9.0,10.0,2.0,Unfurnished,Bachelors,Contact Owner
LST103545,Mumbai,Dina Bama Estate,Dina Bama Estate,3,79500.0,989.0,Super Area,27.0,27.0,3.0,Unfurnished,Family,Contact Owner
LST104493,Mumbai,Bandra West,"Sunflower Apartment, Bandra West",1,39500.0,374.0,Carpet Area,3.0,5.0,1.0,Furnished,Family,Contact Owner
LST103068,Mumbai,Mira Road,"DB Ozone, Mira Road",2,40000.0,668.0,Super Area,4.0,10.0,3.0,Unfurnished,Bachelors,Contact Agent
LST104347,Mumbai,Malad West,"Shiv Ganga Apartment, Malad West",1,23500.0,432.0,Super Area,34.0,38.0,1.0,Semi-Furnished,Family,Contact Owner
LST101249,Mumbai,Andheri East,"Manavsthal, Andheri East",1,28500.0,368.0,Super Area,1.0,4.0,1.0,Furnished,Bachelors/Family,Contact Owner
LST102967,Mumbai,Andheri East,"Greenfields CHS, Andheri East",3,151000.0,1325.0,Carpet Area,17.0,29.0,3.0,Furnished,Family,Contact Owner
LST104007,Mumbai,Bandra West,"Sunflower Apartment, Bandra West",2,37500.0,628.0,Carpet Area,7.0,20.0,1.0,Semi-Furnished,Family,Contact Owner
LST103274,Mumbai,Dadar West,"Sugee Sadan, Dadar West",3,173500.0,1142.0,Carpet Area,14.0,14.0,4.0,Semi-Furnished,Bachelors/Family,Contact Owner
LST101289,Mumbai,Kashimira,"Man Opus, Kashimira",2,49000.0,846.0,Carpet Area,9.0,28.0,3.0,Furnished,Family,Contact Agent
LST103673,Mumbai,Nandiadwala Colony,"Midas Enclave CHS , Nandiadwala Colony",2,86000.0,1078.0,Super Area,43.0,78.0,3.0,Semi-Furnished,Bachelors,Contact Agent
LST102231,Mumbai,Andheri West,"HDIL Metropolis, Andheri West",2,110500.0,978.0,Super Area,12.0,30.0,2.0,Furnished,Family,Contact Owner
LST101651,Mumbai,ANDHERI WEST,"RUSTOMJEE ELEMENTS, ANDHERI WEST",3,64500.0,822.0,Carpet Area,17.0,24.0,2.0,Unfurnished,Bachelors/Family,Contact Owner
LST104664,Mumbai,Kandivali East,"Techno Park I, Kandivali East",2,49500.0,1277.0,Super Area,20.0,27.0,1.0,Semi-Furnished,Bachelors/Family,Contact Owner
LST100785,Mumbai,Malad West,"Sheth Auris Serinity, Malad West",4,140000.0,1648.0,Carpet Area,21.0,58.0,5.0,Semi-Furnished,Bachelors/Family,Contact Agent
LST101127,Mumbai,Chembur,"Sindhi Society, Chembur",1,17500.0,482.0,Carpet Area,50.0,75.0,2.0,Unfurnished,Bachelors/Family,Contact Agent
LST103810,Mumbai,Lokhandwala Complex,"Kenmore Apartment, Lokhandwala Complex",1,43500.0,480.0,Super Area,6.0,14.0,1.0,Semi-Furnished,Bachelors,Contact Owner
LST100749,Mumbai,Bandra West,Bandra West,3,280000.0,1600.0,Carpet Area,5.0,12.0,3.0,Furnished,Bachelors/Family,Contact Agent
LST104559,Mumbai,Aarey Milk Colony,"Royal Palms Diamond Isle Phase II, Aarey Milk Colony",1,50500.0,561.0,Super Area,30.0,58.0,1.0,Furnished,Family,Contact Owner
LST104131,Mumbai,Powai,Powai,1,37500.0,474.0,Carpet Area,15.0,60.0,2.0,Furnished,Bachelors/Family,Contact Owner
LST102310,Mumbai,Marol,"Kanakia Rainforest, Marol",2,25000.0,1006.0,Super Area,16.0,21.0,2.0,Semi-Furnished,Bachelors/Family,Contact Owner
LST103215,Mumbai,Gokuldham,"Heena Gaurav Jewels, Gokuldham",3,76500.0,930.0,Carpet Area,19.0,19.0,3.0,Furnished,Bachelors,Contact Owner
LST104268,Mumbai,Powai,"Raheja Vista, Powai",2,57000.0,894.0,Super Area,4.0,6.0,3.0,Semi-Furnished,Family,Contact Owner
LST104781,Mumbai,Bhandup East,Bhandup East,4,328000.0,1988.0,Super Area,20.0,27.0,3.0,Furnished,Bachelors,Contact Owner
LST100311,Mumbai,Hiranandani Gardens,"Hiranandani Gardens Torino, Hiranandani Gardens",3,220000.0,1550.0,Carpet Area,30.0,37.0,3.0,Furnished,Bachelors/Family,Contact Agent
LST101683,Mumbai,new panvel,new panvel,2,74000.0,605.0,Carpet Area,25.0,53.0,2.0,Furnished,Bachelors/Family,Contact Agent
LST100995,Mumbai,buena vista,buena vista,3,426000.0,1219.5,Super Area,1.0,5.0,3.0,Unfurnished,Bachelors/Family,Contact Agent
LST103166,Mumbai,Turner Road,"Almeida Park, Turner Road",4,121500.0,2285.0,Carpet Area,19.0,25.0,4.0,Unfurnished,Bachelors,Contact Agent
LST100183,Mumbai,Mira Road,Mira Road,2,20000.0,900.0,Super Area,7.0,7.0,2.0,Semi-Furnished,Bachelors/Family,Contact Owner
LST101162,Mumbai,Bhandup West,"Dreams Complex, Bhandup West",3,98000.0,1156.0,Super Area,2.0,22.0,2.0,Semi-Furnished,Family,Contact Owner
LST104556,Mumbai,Kandivali East,Kandivali East,2,75000.0,864.0,Super Area,21.0,23.0,3.0,Semi-Furnished,Bachelors,Contact Owner
LST102963,Mumbai,GREEN PARK,GREEN PARK,2,65500.0,445.0,Super Area,9.0,29.0,2.0,Furnished,Family,Contact Agent
LST101552,Mumbai,Parel,"Ashok tower, Parel",3,40000.0,720.0,Carpet Area,45.0,60.0,3.0,Furnished,Bachelors,Contact Owner
LST101827,Mumbai,Chembur,"diamond garden, Chembur",1,37500.0,600.0,Super Area,12.0,26.0,1.0,Semi-Furnished,Family,Contact Agent
LST101821,Mumbai,Evershine Nagar,Evershine Nagar,4,315500.0,1995.0,Carpet Area,14.0,21.0,4.0,Furnished,Family,Contact Agent
LST101251,Mumbai,new panvel,new panvel,2,52000.0,563.0,Carpet Area,2.0,11.0,2.0,Furnished,Bachelors,Contact Agent
LST100190,Mumbai,Borivali East,Borivali East,2,35000.0,800.0,Carpet Area,9.0,20.0,2.0,Semi-Furnished,Family,Contact Agent
LST103531,Mumbai,Borivali West,Borivali West,3,57000.0,1081.0,Super Area,-1.0,21.0,4.0,Semi-Furnished,Family,Contact Owner
LST104209,Mumbai,Ghatkopar,"Ambika Siddhi Apartment, Ghatkopar",1,39500.0,445.0,Super Area,25.0,42.0,1.0,Unfurnished,Bachelors,Contact Agent
LST100705,Mumbai,Shilphata,Shilphata,2,15000.0,600.0,Carpet Area,18.0,28.0,2.0,Unfurnished,Bachelors/Family,Contact Owner
LST100230,Mumbai,Bandra West,Bandra West,3,170000.0,1300.0,Carpet Area,5.0,8.0,3.0,Semi-Furnished,Bachelors/Family,Contact Agent
LST101986,Mumbai,Santacruz East,Santacruz East,2,70500.0,1024.0,Super Area,6.0,10.0,2.0,Unfurnished,Bachelors/Family,Contact Agent
LST102579,Mumbai,90 ft road,90 ft road,3,212500.0,1540.0,Carpet Area,10.0,31.0,2.0,Furnished,Bachelors/Family,Contact Agent
LST100268,Mumbai,Bandra East,Bandra East,5,600000.0,3200.0,Carpet Area,10.0,16.0,5.0,Semi-Furnished,Bachelors/Family,Contact Agent
LST104088,Mumbai,Goregaon East,"Romell Aether, Goregaon East",3,238500.0,2451.0,Carpet Area,9.0,21.0,3.0,Furnished,Family,Contact Agent
LST103373,Mumbai,Morya Nagar,"Shreenath nagar, Morya Nagar",5,293500.0,1610.0,Super Area,1.0,2.0,4.0,Semi-Furnished,Bachelors,Contact Owner
LST101207,Mumbai,Kamla Nagar,Kamla Nagar,5,593000.0,3747.0,Super Area,18.0,45.0,5.0,Unfurnished,Bachelors/Family,Contact Agent
LST102124,Mumbai,Wadala,"Llyod Estate, Wadala",2,38000.0,753.0,Carpet Area,6.0,8.0,1.0,Unfurnished,Family,Contact Owner
LST100957,Mumbai,Powai,"L&T Emerald Isle, Powai",2,70000.0,760.0,Carpet Area,9.0,22.0,2.0,Semi-Furnished,Bachelors/Family,Contact Agent
LST104000,Mumbai,Mira Road,"RNA Broadway Avenue, Mira Road",1,73500.0,919.0,Super Area,27.0,60.0,1.0,Semi-Furnished,Bachelors,Contact Agent
LST102192,Mumbai,Bhandup West,"Usha Nagar Society, Bhandup West",4,167500.0,1970.0,Carpet Area,8.0,36.0,4.0,Semi-Furnished,Family,Contact Owner
LST102587,Mumbai,Naigaon East,"Unicorn Global Arena, Naigaon East",1,24000.0,369.0,Carpet Area,3.0,30.0,1.0,Unfurnished,Bachelors,Contact Agent
LST102518,Mumbai,Bandra West,"Vintage Pearl Apartment, Bandra West",2,121000.0,882.0,Carpet Area,16.0,18.0,1.0,Unfurnished,Bachelors,Contact Owner
LST102798,Mumbai,Parel,"Saraswati Sadan, Parel",2,53000.0,748.0,Carpet Area,-1.0,38.0,2.0,Semi-Furnished,Family,Contact Agent
LST102394,Mumbai,Chembur East,"117 Residency, Chembur East",1,21000.0,584.0,Super Area,5.0,12.0,1.0,Unfurnished,Family,Contact Owner
LST102211,Mumbai,in Borivali East,in Borivali East,1,12500.0,423.0,Carpet Area,14.0,48.0,1.0,Semi-Furnished,Bachelors,Contact Owner
LST101053,Mumbai,in Matunga West,in Matunga West,4,136000.0,1425.0,Super Area,41.0,41.0,5.0,Furnished,Bachelors/Family,Contact Agent
LST102089,Mumbai,Bhandup West,"Mayuresh Srishti, Bhandup West",4,256500.0,2153.0,Carpet Area,9.0,11.0,4.0,Furnished,Bachelors,Contact Owner
LST102407,Mumbai,Charkop Sector 6,Charkop Sector 6,2,27000.0,460.0,Carpet Area,17.0,38.0,2.0,Furnished,Bachelors/Family,Contact Agent
LST104910,Mumbai,Lal Baug,"Royal Residency, Lal Baug",2,40500.0,649.0,Super Area,11.0,20.0,2.0,Furnished,Bachelors/Family,Contact Agent
LST100534,Mumbai,Dadar West,Dadar West,1,35000.0,350.0,Super Area,2.0,3.0,1.0,Unfurnished,Bachelors/Family,Contact Owner
LST100867,Mumbai,Vikhroli,Vikhroli,4,210000.0,2000.0,Carpet Area,27.0,27.0,5.0,Unfurnished,Bachelors,Contact Agent
LST104473,Mumbai,Rambaug,Rambaug,2,45500.0,877.0,Super Area,11.0,19.0,1.0,Furnished,Family,Contact Agent
LST103938,Mumbai,Unknown,,1,21000.0,326.0,Super Area,13.0,21.0,1.0,Semi-Furnished,Family,Contact Owner
LST104299,Mumbai,Bhatti Pada,Bhatti Pada,3,76000.0,1076.0,Super Area,11.0,14.0,2.0,Unfurnished,Bachelors/Family,Contact Owner
LST103692,Mumbai,in Andheri West,in Andheri West,1,26500.0,450.0,Carpet Area,11.0,11.0,1.0,Semi-Furnished,Bachelors,Contact Owner
LST100798,Mumbai,in Mira Road,in Mira Road,1,12000.0,520.0,Super Area,2.0,3.0,1.0,Semi-Furnished,Bachelors/Family,Contact Owner
LST101613,Mumbai,Andheri East,"Hillcrest, Andheri East",2,57000.0,697.0,Carpet Area,43.0,78.0,1.0,Semi-Furnished,Bachelors/Family,Contact Owner
LST900012,Mumbai,Wadala,"Lodha New Cuffe Parade, Wadala",2,48500.0,849.0,Super Area,8.0,23.0,2.0,Semi-Furnished,Bachelors/Family,Contact Owner
LST103748,Mumbai,Lokhandwala Complex,"DLH Orchid, Lokhandwala Complex",2,37500.0,641.0,Carpet Area,7.0,17.0,3.0,Semi-Furnished,Bachelors/Family,Contact Owner
LST103712,Mumbai,Prabhadevi,"Utkarsh CHS, Prabhadevi",2,65000.0,590.0,Carpet Area,20.0,22.0,3.0,Semi-Furnished,Bachelors/Family,Contact Owner
LST101688,Mumbai,Antop Hill,Antop Hill,3,109500.0,1190.0,Carpet Area,7.0,22.0,3.0,Semi-Furnished,Family,Contact Agent
LST100645,Mumbai,Andheri West,Andheri West,4,90000.0,1250.0,Carpet Area,2.0,7.0,4.0,Furnished,Family,Contact Agent
LST101691,Mumbai,Sindhi Society Chembur,"Chembur Heights, Sindhi Society Chembur",2,67000.0,700.0,Carpet Area,18.0,25.0,1.0,Furnished,Family,Contact Owner
LST102131,Mumbai,Kanjurmarg East,Kanjurmarg East,1,59000.0,529.0,Super Area,5.0,8.0,1.0,Unfurnished,Bachelors,Contact Agent
LST102204,Mumbai,Dr Babasaheb Ambedkar Road,"Dr Babasaheb Ambedkar Road, Mumbai",2,33500.0,706.0,Carpet Area,8.0,11.0,1.0,Furnished,Bachelors,Contact Agent
LST103591,Mumbai,Bhoiwada,Bhoiwada,3,141000.0,2295.0,Carpet Area,12.0,20.0,3.0,Semi-Furnished,Family,Contact Owner
LST101312,Mumbai,Thakur Complex,"MUKTA MAHEK, Thakur Complex",1,35000.0,337.0,Super Area,16.0,22.0,1.0,Furnished,Family,Contact Agent
LST103871,Mumbai,Nalasopara,"Kailash Tower, Nalasopara",3,43500.0,818.0,Carpet Area,16.0,18.0,3.0,Unfurnished,Bachelors,Contact Owner
LST104937,Mumbai,Nalasopara,"Kailash Tower, Nalasopara",1,28500.0,493.0,Super Area,6.0,14.0,1.0,Unfurnished,Bachelors/Family,Contact Agent
LST100501,Mumbai,Mulund West,"Wadhwa Atmoshphere, Mulund West",2,45000.0,660.0,Carpet Area,25.0,43.0,2.0,Semi-Furnished,Bachelors,Contact Agent
LST102812,Mumbai,Altamount Road,Altamount Road,2,62500.0,1054.0,Carpet Area,16.0,37.0,2.0,Unfurnished,Family,Contact Owner
LST104508,Mumbai,Wadala,"Lodha New Cuffe Parade, Wadala",1,28000.0,426.0,Super Area,7.0,19.0,1.0,Semi-Furnished,Bachelors,Contact Agent
LST100070,Mumbai,Worli,Worli,1,30000.0,320.0,Super Area,12.0,24.0,1.0,Furnished,Family,Contact Owner
LST102113,Mumbai,orchid suburbia,orchid suburbia,2,101000.0,1258.0,Carpet Area,15.0,19.0,2.0,Semi-Furnished,Family,Contact Owner
LST101232,Mumbai,in Matunga West,in Matunga West,3,52000.0,1084.0,Super Area,4.0,12.0,2.0,Furnished,Bachelors/Family,Contact Agent
LST102307,Mumbai,Lokhandwala Twp,"spring grove uno, Lokhandwala Twp",1,25000.0,422.0,Carpet Area,23.0,23.0,1.0,Semi-Furnished,Family,Contact Agent
LST101275,Mumbai,Turner Road,"Almeida Park, Turner Road",3,90000.0,1112.0,Carpet Area,17.0,60.0,3.0,Unfurnished,Family,Contact Agent
LST101264,Mumbai,Bandra West,"Vintage Pearl Apartment, Bandra West",1,46500.0,416.0,Super Area,3.0,12.0,1.0,Semi-Furnished,Family,Contact Owner
LST104097,Mumbai,in Matunga West,in Matunga West,1,29000.0,409.0,Super Area,8.0,23.0,2.0,Unfurnished,Bachelors/Family,Contact Owner
LST104911,Mumbai,Chembur East,"Alpine Apartments, Chembur East",2,40500.0,624.0,Super Area,4.0,25.0,3.0,Unfurnished,Family,Contact Agent
LST103709,Mumbai,Aarey Milk Colony,"Garden View Apartment, Aarey Milk Colony",1,16000.0,201.0,Super Area,2.0,21.0,1.0,Furnished,Bachelors,Contact Owner
LST103790,Mumbai,Jankalyan Nagar,"Prasanna Vastu Chs, Jankalyan Nagar",1,31000.0,482.0,Super Area,18.0,45.0,2.0,Semi-Furnished,Bachelors,Contact Owner
LST101004,Mumbai,Film City Road,"Riddhi Garden, Film City Road",2,61500.0,536.0,Super Area,7.0,16.0,3.0,Furnished,Bachelors/Family,Contact Owner
LST104736,Mumbai,Mount Mary,Mount Mary,1,47500.0,534.0,Carpet Area,10.0,11.0,1.0,Unfurnished,Bachelors,Contact Owner
LST101261,Mumbai,Bhandup West,"Keshav Srishti, Bhandup West",2,88500.0,906.0,Super Area,23.0,25.0,3.0,Furnished,Bachelors/Family,Contact Agent
LST100308,Mumbai,anjali,anjali,3,200000.0,1350.0,Carpet Area,1.0,5.0,3.0,Furnished,Bachelors,Contact Agent
LST103569,Mumbai,Malad East,Malad East,3,91500.0,1240.0,Carpet Area,1.0,4.0,4.0,Unfurnished,Family,Contact Owner
LST100382,Mumbai,Powai,"Hiranandani Verona Co op Housing Society Ltd, Powai",3,100000.0,1400.0,Carpet Area,22.0,30.0,3.0,Furnished,Bachelors/Family,Contact Agent
LST102543,Mumbai,GREEN PARK,GREEN PARK,3,177000.0,1219.5,Carpet Area,12.0,68.0,2.0,Unfurnished,Bachelors/Family,Contact Owner
LST100639,Mumbai,JVPD Scheme,JVPD Scheme,4,300000.0,2200.0,Carpet Area,7.0,8.0,4.0,Furnished,Family,Contact Agent
LST102599,Mumbai,Carter Road,Carter Road,2,175500.0,2157.0,Super Area,6.0,13.0,2.0,Furnished,Bachelors/Family,Contact Agent
LST101001,Mumbai,Powai,"Hiranandani Verona Co op Housing Society Ltd, Powai",2,88000.0,781.0,Carpet Area,0.0,7.0,1.0,Semi-Furnished,Bachelors,Contact Agent
LST104632,Mumbai,Lokhandwala Complex,"Ballerina Apartment, Lokhandwala Complex",4,222500.0,2208.0,Super Area,8.0,11.0,4.0,Furnished,Bachelors,Contact Agent
LST104112,Mumbai,Bandra West,"Mount Marry, Bandra West",1,19000.0,479.0,Super Area,5.0,24.0,1.0,Semi-Furnished,Bachelors/Family,Contact Agent
LST101891,Mumbai,Seven Bungalows,"7 Bungalow, Seven Bungalows",1,20000.0,352.0,Carpet Area,19.0,20.0,1.0,Semi-Furnished,Bachelors/Family,Contact Owner
LST104808,Mumbai,Prabhadevi,"MHADA Century Mill, Prabhadevi",3,86500.0,1219.5,Carpet Area,6.0,19.0,3.0,Furnished,Family,Contact Owner
LST104185,Mumbai,Agarkar Chowk,"Oberoi Splendor, Agarkar Chowk",2,56000.0,675.0,Carpet Area,-1.0,16.0,2.0,Semi-Furnished,Bachelors/Family,Contact Owner
LST104892,Mumbai,Sion Hospital Colony,Sion Hospital Colony,3,137500.0,1325.0,Super Area,0.0,3.0,3.0,Semi-Furnished,Bachelors/Family,Contact Agent
LST102063,Mumbai,Lokhandwala Twp,"Oasis, Lokhandwala Twp",2,86500.0,763.0,Super Area,4.0,7.0,3.0,Furnished,Family,Contact Agent
LST100921,Mumbai,Malad East,"Raheja Heights, Malad East",3,65000.0,1100.0,Carpet Area,9.0,20.0,3.0,Semi-Furnished,Bachelors,Contact Agent
LST100407,Mumbai,in Byculla,in Byculla,1,20000.0,800.0,Super Area,3.0,4.0,2.0,Unfurnished,Bachelors/Family,Contact Owner
LST102830,Mumbai,Sion Trombay Road,Sion Trombay Road,1,26500.0,450.0,Super Area,5.0,22.0,1.0,Semi-Furnished,Bachelors/Family,Contact Owner
LST102605,Mumbai,Goregaon East,"Royal Palms, Goregaon East",2,55500.0,1301.0,Carpet Area,53.0,78.0,1.0,Unfurnished,Family,Contact Owner
LST102924,Mumbai,Dhanukar Wadi,Dhanukar Wadi,3,195500.0,1318.0,Super Area,12.0,44.0,3.0,Unfurnished,Bachelors/Family,Contact Agent
LST102841,Mumbai,Mira Bhayandar,Mira Bhayandar,1,33500.0,449.0,Super Area,16.0,23.0,1.0,Furnished,Family,Contact Owner
LST103745,Mumbai,Pali Hill,"Green Gate Apartment, Pali Hill",3,186500.0,1481.0,Super Area,2.0,3.0,4.0,Semi-Furnished,Bachelors/Family,Contact Owner
LST101333,Mumbai,Bhandup West,"Hudco Living Point, Bhandup West",2,41000.0,544.0,Super Area,5.0,7.0,2.0,Unfurnished,Bachelors/Family,Contact Agent
LST100434,Mumbai,Mindspace,"Mindspace, Mindspace",2,40000.0,600.0,Carpet Area,4.0,10.0,2.0,Unfurnished,Family,Contact Agent
