locality_name,city,zone,metro_status,nearest_metro_station,tech_park_proximity,nearest_tech_park,tech_park_km_approx,nearest_metro_line,nearest_metro_km,metro_access_sample,metro_access_verified,metro_flag_agrees,nearest_metro_station_today,nearest_metro_km_today,tech_park_band,it_park_count_5km,nearest_rail_station,rail_station_km,airport_km,school_count_2km,hospital_count_2km,retail_count_2km,latitude,longitude,distance_to_cbd_km,geo_district,geo_state,n_listings_2022,first_posted_on,last_posted_on,geocode_confidence,geocode_match_name,geocode_feature_type,geocode_query,reference_year,metro_status_asof
"A Narayanapura, Mahadevapura",Bangalore,east,under_construction,Baiyappanahalli,yes,RMZ Infinity Old Madras Road,3.17,purple,4.05,yes,no,False,Singayyanapalya,0.67,3-6km,53,Krishnarajapuram,1.86,23.01,23,49,10,12.9912395,77.6897334,12.93,,Karnataka,2,2022-06-20,2022-07-04,high,Mahadevapura,place/suburb,Mahadevapura,2022,2022-04-13
Aarna Enclave,Bangalore,unknown,unknown,unknown,unknown,unknown,,unknown,,unknown,unknown,,unknown,,unknown,,unknown,,,,,,,,,,,1,2022-06-28,2022-06-28,none,,,,2022,2022-04-13
"Abbiareddy Layout, Kaggadasapura",Bangalore,east,under_construction,Baiyappanahalli,yes,Bagmane Tech Park,1.68,purple,2.99,yes,no,False,Benniganahalli,1.94,0-3km,73,Krishnarajapuram,2.09,24.16,30,60,20,12.9819618,77.6784643,11.63,Kaggadasapura,Karnataka,1,2022-06-20,2022-06-20,high,Kaggadasapura,place/quarter,Kaggadasapura,2022,2022-04-13
Abbigere,Bangalore,north,none,Dasarahalli,yes,Peenya Industrial Area,4.47,green,3.87,no,no,True,Dasarahalli,3.87,3-6km,0,Chikka Banavara,2.52,23.6,7,7,2,13.0742739,77.5288653,11.78,Kammagondanahalli,Karnataka,3,2022-05-14,2022-06-27,high,Abbigere,place/quarter,Abbigere,2022,2022-04-13
"Aditya Nagar-Vidyaranyapura, Vidyaranyapura",Bangalore,north,none,Peenya,no,Peenya Industrial Area,6.27,green,5.53,no,no,True,Peenya,5.53,6km+,5,Kodigehalli,2.47,20.96,27,34,7,13.0766407,77.5577315,11.21,Singapura,Karnataka,1,2022-05-17,2022-05-17,high,Vidyaranyapura,place/suburb,Vidyaranyapura,2022,2022-04-13
Adugodi,Bangalore,south,none,Lalbagh,yes,IBC Knowledge Park,1.44,green,3.14,no,no,True,BTM Layout,3.05,0-3km,101,Bangalore Cantonment,5.65,30.1,103,82,27,12.9440234,77.6088867,5.46,A Adugodi,Karnataka,2,2022-06-22,2022-06-27,high,Adugodi,place/quarter,Adugodi,2022,2022-04-13
Aduru,Bangalore,east,none,Baiyappanahalli,no,RMZ Infinity Old Madras Road,8.41,purple,9.23,no,no,True,Singayyanapalya,6.74,6km+,1,Channasandra,6.71,15.75,7,2,0,13.0559357,77.7051427,16.97,,Karnataka,1,2022-06-08,2022-06-08,high,Aduru,place/village,Aduru,2022,2022-04-13
"Aecs Layout-Singasandra, Singasandra, Hosur Road",Bangalore,south,under_construction,Yelachenahalli,yes,Electronic City,3.89,green,8.71,yes,no,False,Singasandra,0.45,3-6km,31,Carmelaram,6.82,35.74,34,16,8,12.8810223,77.6490068,13.57,Bandepalya,Karnataka,3,2022-05-10,2022-07-06,high,Singasandra,place/quarter,Singasandra,2022,2022-04-13
Agrahara Layout,Bangalore,east,none,Indiranagar,yes,Embassy Golf Links,0.96,purple,2.93,no,no,True,Indiranagar,2.93,0-3km,123,Baiyyappanahalli Junction,4.06,27.67,42,52,36,12.954706,77.6506725,8.94,Konena Agrahara,Karnataka,1,2022-06-23,2022-06-23,high,SR Layout,place/neighbourhood,Agrahara Layout,2022,2022-04-13
"Ags Layout, Hebbal",Bangalore,north,none,Yeshwantpur,yes,Karle Town Centre,2.42,green,4.85,no,no,True,Yeshwantpur,4.85,0-3km,22,Hebbal,0.78,21.62,45,38,28,13.0382184,77.5919,7.2,Bengaluru,Karnataka,1,2022-05-27,2022-05-27,high,Hebbal,place/suburb,Hebbal,2022,2022-04-13
Airport Road,Bangalore,east,operational,Trinity,yes,Embassy Golf Links,3.08,purple,0.79,yes,yes,True,Trinity,0.79,3-6km,93,Bengaluru East,3.83,27.28,104,68,40,12.9668192,77.6206583,5.46,Agaram,Karnataka,1,2022-05-27,2022-05-27,low,HAL Old Airport Road,highway/primary,Airport Road,2022,2022-04-13
Akshayanagar,Bangalore,east,under_construction,Baiyappanahalli,yes,RMZ Infinity Old Madras Road,3.75,purple,4.62,yes,no,False,Krishnarajapura,2.26,3-6km,9,Krishnarajapuram,2.27,19.95,35,40,11,13.0195427,77.6831272,13.02,K Chennasandra,Karnataka,1,2022-06-12,2022-06-12,high,Akshaya Nagar,place/neighbourhood,Akshayanagar,2022,2022-04-13
"Ambedkar Colony, Yelahanka",Bangalore,north,none,Yeshwantpur,no,Karle Town Centre,6.58,green,9.97,no,no,True,Yeshwantpur,9.97,6km+,7,Yelahanka Junction,0.68,16.05,30,52,10,13.1006982,77.5963454,14.05,Yelahanka Old Town,Karnataka,1,2022-07-06,2022-07-06,high,Yelahanka,place/suburb,Yelahanka,2022,2022-04-13
Amrutahalli,Bangalore,north,none,Yeshwantpur,yes,Karle Town Centre,2.84,green,7.29,no,no,True,Yeshwantpur,7.29,0-3km,20,Kodigehalli,2.72,18.54,24,55,22,13.0662319,77.6007646,10.45,Amruthahalli,Karnataka,2,2022-05-14,2022-06-12,high,Amrutahalli,place/quarter,Amrutahalli,2022,2022-04-13
"Ananda Puram, Jeevan Bima Nagar",Bangalore,east,operational,Indiranagar,yes,Bagmane Tech Park,1.39,purple,2.29,yes,yes,True,Indiranagar,2.29,0-3km,77,Baiyyappanahalli Junction,2.66,26.1,51,85,43,12.9678074,77.6568367,9.32,Jeevan Bhimanagar,Karnataka,1,2022-05-06,2022-05-06,high,Jeevan Bhima Nagar,place/quarter,Jeevan Bima Nagar,2022,2022-04-13
Anantapura,Bangalore,north,none,Peenya,no,Karle Town Centre,9.32,green,9.87,no,no,True,Peenya,9.87,6km+,4,Yelahanka Junction,2.82,17.56,11,20,13,13.1150894,77.5679972,15.39,Doddabettahalli,Karnataka,2,2022-05-23,2022-06-04,high,Anantapura,place/neighbourhood,Anantapura,2022,2022-04-13
Ananth Nagar,Bangalore,south,under_construction,Yelachenahalli,yes,Electronic City,2.81,green,14.3,yes,no,False,Biocon Hebbagodi,1.01,0-3km,11,Heelalige,3.66,40.23,16,11,10,12.8362812,77.6869297,20.02,Kommasandra,Karnataka,1,2022-06-04,2022-06-04,low,Anantha Nagar Road,highway/tertiary,Ananth Nagar,2022,2022-04-13
Anjanapura,Bangalore,south,operational,Thalaghattapura,no,Global Village Tech Park,8.81,green,2.11,yes,yes,True,Thalaghattapura,2.11,6km+,1,Jnanabharati,9.55,40.99,12,4,2,12.8601312,77.5540587,13.1,,Karnataka,1,2022-06-13,2022-06-13,high,Anjanapura,place/suburb,Anjanapura,2022,2022-04-13
Annapurneshwari Nagar,Bangalore,west,operational,"Sir M. Visvesvaraya Stn., Central College",yes,IBC Knowledge Park,4.86,purple,0.41,yes,yes,True,"Sir M. Visvesvaraya Stn., Central College",0.41,3-6km,49,Krantivira Sangolli Rayanna (Bengaluru),2.05,27.95,83,60,22,12.9741713,77.5880263,1.83,Sampangirama Nagar,Karnataka,2,2022-05-05,2022-05-19,low,Annapurneshwari Canteen,amenity/restaurant,Annapurneshwari Nagar,2022,2022-04-13
"Aradhana Layout, Arakere",Bangalore,north,none,Nagasandra,no,Peenya Industrial Area,18.45,green,17.43,no,no,True,Chikkabidarakallu,17.33,6km+,0,Rajanukunte,4.06,18.13,1,0,0,13.2001117,77.5387874,25.09,,Karnataka,1,2022-06-27,2022-06-27,high,Arakere,place/village,Arakere,2022,2022-04-13
Arakere,Bangalore,south,none,Yelachenahalli,yes,IBC Knowledge Park,5.27,green,3.8,no,no,True,Jayadeva Hospital,3.5,3-6km,21,Krishnadevaraya Halt,10.66,36.45,53,27,27,12.8854515,77.6034249,10.73,,Karnataka,4,2022-05-23,2022-07-06,medium,Arakere,boundary/administrative,Arakere,2022,2022-04-13
"Arakere Mico Layout, Arakere",Bangalore,north,none,Nagasandra,no,Peenya Industrial Area,18.45,green,17.43,no,no,True,Chikkabidarakallu,17.33,6km+,0,Rajanukunte,4.06,18.13,1,0,0,13.2001117,77.5387874,25.09,,Karnataka,1,2022-07-06,2022-07-06,high,Arakere,place/village,Arakere,2022,2022-04-13
Ashok Nagar,Bangalore,south,operational,Mahatma Gandhi Road,yes,IBC Knowledge Park,4.14,purple,0.73,yes,yes,True,Mahatma Gandhi Road,0.73,3-6km,91,Bangalore Cantonment,2.96,27.46,96,55,47,12.9694359,77.6092319,4.19,Ashokanagar,Karnataka,1,2022-05-10,2022-05-10,high,Ashok Nagar,place/quarter,Ashok Nagar,2022,2022-04-13
Attibele,Bangalore,south,none,Yelachenahalli,no,Electronic City,14.0,green,25.44,no,no,True,Delta Electronics Bommasandra,10.09,6km+,0,Maranayakanahalli,6.68,47.15,3,8,0,12.7782588,77.7712834,30.93,,Karnataka,2,2022-05-27,2022-06-04,high,Attibele,place/town,Attibele,2022,2022-04-13
Attiguppe,Bangalore,west,operational,Attiguppe,yes,Global Village Tech Park,5.75,purple,0.49,yes,yes,True,Attiguppe,0.49,3-6km,10,Krishnadevaraya Halt,1.19,32.39,38,111,17,12.9628474,77.5291685,4.82,Attigupe,Karnataka,1,2022-06-04,2022-06-04,high,Attiguppe,place/quarter,Attiguppe,2022,2022-04-13
"Attur Layout, Yelahanka New Town",Bangalore,north,none,Goraguntepalya,no,Karle Town Centre,6.94,green,8.88,no,no,True,Goraguntepalya,8.88,6km+,7,Yelahanka Junction,1.41,17.51,35,72,22,13.0978039,77.5811889,13.51,Yelahanka Satellite Town,Karnataka,1,2022-06-04,2022-06-04,high,Yelahanka New Town,place/quarter,Yelahanka New Town,2022,2022-04-13
B.Narayanapura,Bangalore,east,under_construction,Baiyappanahalli,yes,RMZ Infinity Old Madras Road,2.67,purple,3.61,yes,no,False,Krishnarajapura,0.81,0-3km,37,Krishnarajapuram,1.06,22.31,25,65,13,12.9980556,77.6848622,12.53,A Narayanapura,Karnataka,1,2022-06-10,2022-06-10,high,B. Narayanapura,place/quarter,B.Narayanapura,2022,2022-04-13
Babusahib Palya,Bangalore,north,none,Baiyappanahalli,yes,Manyata Tech Park,3.44,purple,4.19,no,no,True,Benniganahalli,4.04,3-6km,18,Channasandra,2.27,19.76,51,78,28,13.0283523,77.650469,10.32,Babusab Palya,Karnataka,1,2022-06-25,2022-06-25,high,Babusabpalya,place/neighbourhood,Babusahib Palya,2022,2022-04-13
Babusapalya,Bangalore,north,none,Baiyappanahalli,yes,Manyata Tech Park,3.44,purple,4.19,no,no,True,Benniganahalli,4.04,3-6km,18,Channasandra,2.27,19.76,51,78,28,13.0283523,77.650469,10.32,Babusab Palya,Karnataka,2,2022-06-06,2022-06-06,high,Babusabpalya,place/neighbourhood,Babusapalya,2022,2022-04-13
Bagalakunte,Bangalore,west,operational,Nagasandra,yes,Peenya Industrial Area,2.62,green,1.18,yes,yes,True,Nagasandra,1.18,0-3km,1,Chikka Banavara,2.05,26.7,17,17,2,13.0562928,77.506941,11.27,Bagalagunte,Karnataka,2,2022-05-01,2022-05-14,high,Bagalagunte,place/quarter,Bagalakunte,2022,2022-04-13
Bagalur,Bangalore,north,none,Baiyappanahalli,no,Manyata Tech Park,11.41,purple,15.94,no,no,True,Krishnarajapura,14.85,6km+,0,Doddajala,6.08,8.23,10,2,1,13.1331868,77.6687093,20.35,,Karnataka,1,2022-07-04,2022-07-04,high,Bagaluru,place/village,Bagalur,2022,2022-04-13
"Balaji Gardens Layout, Gottigere",Bangalore,south,none,Konanakunte Cross,no,Electronic City,8.41,green,4.52,no,no,True,Konanakunte Cross,4.52,6km+,3,Nayandahalli,11.87,40.04,41,4,7,12.8565317,77.5877237,13.48,Yelenahalli,Karnataka,1,2022-05-02,2022-05-02,high,Gottigere,place/suburb,Gottigere,2022,2022-04-13
"Balaji Layout -Hongasandra, Hongasandra",Bangalore,south,under_construction,Rashtreeya Vidyalaya Road,yes,IBC Knowledge Park,4.64,green,5.55,yes,no,False,Hongasandra,0.88,3-6km,51,Carmelaram,8.82,34.51,63,30,15,12.8974892,77.6250869,10.56,Bommanahalli,Karnataka,1,2022-06-27,2022-06-27,high,Hongasandra,place/quarter,Hongasandra,2022,2022-04-13
Banashankari,Bangalore,west,operational,Banashankari,yes,IBC Knowledge Park,4.98,green,2.31,yes,yes,True,Banashankari,2.31,3-6km,26,Krishnadevaraya Halt,3.84,34.09,40,110,16,12.9278196,77.556621,5.66,Kathriguppe,Karnataka,5,2022-05-10,2022-06-19,high,Banashankari,place/suburb,Banashankari,2022,2022-04-13
"Banashankari Stage 2, Banashankari",Bangalore,west,operational,Banashankari,yes,IBC Knowledge Park,4.98,green,2.31,yes,yes,True,Banashankari,2.31,3-6km,26,Krishnadevaraya Halt,3.84,34.09,40,110,16,12.9278196,77.556621,5.66,Kathriguppe,Karnataka,2,2022-06-15,2022-06-27,high,Banashankari,place/suburb,Banashankari,2022,2022-04-13
"Banashankari Stage 3, Banashankari",Bangalore,west,operational,Banashankari,yes,IBC Knowledge Park,4.98,green,2.31,yes,yes,True,Banashankari,2.31,3-6km,26,Krishnadevaraya Halt,3.84,34.09,40,110,16,12.9278196,77.556621,5.66,Kathriguppe,Karnataka,2,2022-06-22,2022-06-27,high,Banashankari,place/suburb,Banashankari,2022,2022-04-13
Banaswadi,Bangalore,east,none,Baiyappanahalli,yes,RMZ Infinity Old Madras Road,2.44,purple,2.6,no,no,True,Baiyappanahalli,2.6,0-3km,31,Channasandra,1.21,21.23,41,92,33,13.0141618,77.6518539,9.67,,Karnataka,7,2022-05-10,2022-06-22,high,Banaswadi,place/suburb,Banaswadi,2022,2022-04-13
Bangalore,Bangalore,west,operational,"Dr. B. R. Ambedkar Station, Vidhana Soudha",yes,IBC Knowledge Park,5.07,purple,0.27,yes,yes,True,"Dr. B. R. Ambedkar Station, Vidhana Soudha",0.27,3-6km,46,Bangalore Cantonment,2.07,27.59,88,71,30,12.9767936,77.590082,2.04,,Karnataka,1,2022-05-27,2022-05-27,medium,Bengaluru,place/city,Bangalore,2022,2022-04-13
Banjara Layout,Bangalore,east,none,Baiyappanahalli,yes,Manyata Tech Park,4.73,purple,5.47,no,no,True,Krishnarajapura,4.48,3-6km,14,Channasandra,2.95,18.26,24,19,7,13.0383011,77.6652515,12.27,Horamavu,Karnataka,1,2022-05-28,2022-05-28,medium,Banjara Layout,highway/bus_stop,Banjara Layout,2022,2022-04-13
Bannerghatta Main Road,Bangalore,south,none,Silk Institute,no,Electronic City,9.9,green,7.82,no,no,True,Silk Institute,7.82,6km+,0,Heelalige,14.01,44.85,9,1,0,12.8128571,77.5818631,18.25,Bannerughatta,Karnataka,5,2022-04-30,2022-07-06,low,Bannerghatta Main Road,highway/primary,Bannerghatta Main Road,2022,2022-04-13
Basava Nagar,Bangalore,east,under_construction,Baiyappanahalli,yes,ITPL Whitefield,3.21,purple,7.21,yes,no,False,Hoodi,1.95,3-6km,39,Hoodi,1.08,21.4,25,29,7,13.0054071,77.7172101,16.13,Basavanapura,Karnataka,3,2022-06-12,2022-06-16,high,Bethel Nagar,place/neighbourhood,Basava Nagar,2022,2022-04-13
Basavanagudi,Bangalore,south,operational,South End Circle,yes,IBC Knowledge Park,3.07,green,0.63,yes,yes,True,South End Circle,0.63,3-6km,45,Krantivira Sangolli Rayanna (Bengaluru),4.1,31.78,87,146,23,12.9417261,77.5755021,3.92,Sunkenahalli,Karnataka,3,2022-05-23,2022-07-07,high,Basavanagudi,place/suburb,Basavanagudi,2022,2022-04-13
Basavanapura,Bangalore,east,under_construction,Baiyappanahalli,yes,ITPL Whitefield,4.01,purple,6.66,yes,no,False,Garudacharpalya,1.93,3-6km,37,Hoodi,1.75,20.94,32,51,5,13.0093485,77.7108379,15.55,,Karnataka,1,2022-05-19,2022-05-19,medium,Basavanapura,boundary/administrative,Basavanapura,2022,2022-04-13
Basaveshvara Nagar,Bangalore,west,operational,Rajajinagar,yes,Peenya Industrial Area,5.16,green,1.37,yes,yes,True,Rajajinagar,1.37,3-6km,10,Malleswaram,2.75,29.0,61,99,18,12.9937572,77.5391325,3.97,Kethamaranahalli,Karnataka,3,2022-05-15,2022-06-01,high,Basaveshwaranagar,place/suburb,Basaveshvara Nagar,2022,2022-04-13
Basaveshwar Nagar,Bangalore,south,operational,Mahatma Gandhi Road,yes,Embassy Golf Links,4.46,purple,0.41,yes,yes,True,Mahatma Gandhi Road,0.41,3-6km,87,Bangalore Cantonment,2.62,27.1,94,58,48,12.9728678,77.6094161,4.15,Ashokanagar,Karnataka,4,2022-05-05,2022-06-04,low,Basaveshwar Khanavali,amenity/restaurant,Basaveshwar Nagar,2022,2022-04-13
Basaveshwara Layout,Bangalore,west,operational,Rajajinagar,yes,Peenya Industrial Area,4.86,green,0.93,yes,yes,True,Rajajinagar,0.93,3-6km,7,Malleswaram,2.4,28.47,64,99,17,12.9980709,77.5414636,4.01,Basaveshwara Nagara,Karnataka,1,2022-05-19,2022-05-19,high,Bhimajyothi LIC HBCS Layout,place/neighbourhood,Basaveshwara Layout,2022,2022-04-13
Battarahalli,Bangalore,east,none,Baiyappanahalli,no,ITPL Whitefield,13.9,purple,23.11,no,no,True,Whitefield (Kadugodi),12.15,6km+,0,Devangonthi,4.63,31.66,0,0,0,12.9570589,77.86279,31.66,Somalapura,Karnataka,3,2022-05-24,2022-06-27,high,Banarahalli,place/hamlet,Battarahalli,2022,2022-04-13
BBMP convertion layout,Bangalore,north,none,Sandal Soap Factory,yes,Karle Town Centre,2.36,green,4.86,no,no,True,Sandal Soap Factory,4.86,0-3km,22,Hebbal,1.24,21.84,45,35,29,13.0343459,77.5940293,6.87,Hebbal,Karnataka,1,2022-06-20,2022-06-20,low,BBMP Amarjyothi Layout Park,leisure/park,BBMP convertion layout,2022,2022-04-13
Bda Layout -Lingarajapuram,Bangalore,east,none,Indiranagar,yes,Bagmane Tech Park,1.91,purple,2.82,no,no,True,Indiranagar,2.82,0-3km,123,Baiyyappanahalli Junction,3.33,26.7,39,62,35,12.9619868,77.6585404,9.59,Jeevan Bhimanagar,Karnataka,1,2022-07-06,2022-07-06,high,BDA Layout,place/neighbourhood,Bda Layout -Lingarajapuram,2022,2022-04-13
"Bedarahalli, Magadi Road",Bangalore,west,operational,Magadi Road,no,IBC Knowledge Park,6.97,purple,0.0,yes,yes,True,Magadi Road,0.0,6km+,20,Krantivira Sangolli Rayanna (Bengaluru),1.56,29.6,58,108,18,12.9756527,77.5553548,1.73,Gopalpura,Karnataka,1,2022-06-15,2022-06-15,medium,Magadi Road,railway/stop,Bedarahalli Magadi Road,2022,2022-04-13
Begur,Bangalore,south,under_construction,Yelachenahalli,yes,Electronic City,5.36,green,6.18,yes,no,False,Kudlu Gate,2.46,3-6km,24,Huskuru,9.65,37.02,30,12,9,12.8747465,77.6227293,12.63,Yelenahalli,Karnataka,3,2022-05-18,2022-07-04,high,Beguru,place/suburb,Begur,2022,2022-04-13
Begur Koppa Rd,Bangalore,south,none,Yelachenahalli,yes,Electronic City,5.39,green,6.23,no,no,True,Singasandra,3.45,3-6km,14,Huskuru,10.07,38.25,15,6,5,12.864612,77.6176842,13.44,Yelenahalli,Karnataka,1,2022-05-27,2022-05-27,low,Begur-Koppa Road,highway/secondary,Begur Koppa Rd,2022,2022-04-13
Begur Road,Bangalore,south,under_construction,Rashtreeya Vidyalaya Road,yes,IBC Knowledge Park,4.64,green,5.64,yes,no,False,Hongasandra,0.7,3-6km,51,Carmelaram,8.66,34.38,61,29,17,12.8983227,77.6264786,10.57,Hongasandra,Karnataka,2,2022-06-20,2022-06-20,low,Begur Road,highway/secondary,Begur Road,2022,2022-04-13
Benson Town,Bangalore,north,operational,Cubbon Park,yes,Manyata Tech Park,5.27,purple,1.94,yes,yes,True,Cubbon Park,1.94,3-6km,42,Bangalore Cantonment,0.74,24.88,60,62,32,12.997343,77.6036815,4.19,Jayamahal,Karnataka,1,2022-07-09,2022-07-09,high,Benson Town,place/quarter,Benson Town,2022,2022-04-13
Bettadasanapura,Bangalore,south,none,Yelachenahalli,yes,Electronic City,3.65,green,9.02,no,no,True,Beratena Agrahara,3.69,3-6km,11,Huskuru,8.71,40.34,9,3,2,12.8420404,77.6322514,16.37,Vittasandra,Karnataka,1,2022-06-11,2022-06-11,high,Bettadasanpura,place/neighbourhood,Bettadasanapura,2022,2022-04-13
Bhattarahalli,Bangalore,east,none,Baiyappanahalli,yes,ITPL Whitefield,5.24,purple,7.76,no,no,True,Garudacharpalya,3.78,3-6km,10,Hoodi,3.37,19.12,24,11,1,13.0258004,77.714279,16.42,Bhattarahalli,Karnataka,1,2022-06-25,2022-06-25,high,Bhattarahalli,place/neighbourhood,Bhattarahalli,2022,2022-04-13
"Bhel Layout, Rajarajeshwari Nagar",Bangalore,west,operational,Jnanabharathi,yes,Global Village Tech Park,1.88,purple,0.95,yes,yes,True,Jnanabharathi,0.95,0-3km,6,Jnanabharati,0.98,36.46,26,11,9,12.9274413,77.5155224,8.16,Rajarajeshwari Nagara,Karnataka,1,2022-05-20,2022-05-20,high,Rajarajeshwari Nagar,place/suburb,Rajarajeshwari Nagar,2022,2022-04-13
"Bhel Township- Malleshwaram, Malleshwaram",Bangalore,west,operational,Srirampura,no,Karle Town Centre,6.54,green,1.04,yes,yes,True,Srirampura,1.04,6km+,16,Malleswaram,0.78,26.19,97,99,31,13.0027353,77.5703253,2.9,Malleshwaram,Karnataka,2,2022-07-06,2022-07-06,high,Malleswaram,place/suburb,Malleshwaram,2022,2022-04-13
Bhuvaneswari Nagar,Bangalore,north,none,Yeshwantpur,yes,Karle Town Centre,1.69,green,6.68,no,no,True,Yeshwantpur,6.68,0-3km,19,Hebbal,2.22,19.46,22,56,23,13.0547459,77.6024403,9.31,Byatarayanapura,Karnataka,1,2022-07-04,2022-07-04,low,Bhuvaneswari Nagar Park,leisure/park,Bhuvaneswari Nagar,2022,2022-04-13
"Bikasipura, kanakapura Road",Bangalore,south,operational,South End Circle,yes,IBC Knowledge Park,2.96,green,0.53,yes,yes,True,South End Circle,0.53,0-3km,43,Krishnadevaraya Halt,4.58,32.25,90,153,27,12.9370753,77.5753487,4.43,Yediyuru,Karnataka,2,2022-05-05,2022-05-10,low,Kanakapura Road,highway/primary,Bikasipura kanakapura Road,2022,2022-04-13
Bilal Nagar-Sagayapura,Bangalore,north,operational,Cubbon Park,yes,IBC Knowledge Park,5.8,purple,0.67,yes,yes,True,Cubbon Park,0.67,3-6km,50,Bangalore Cantonment,1.07,26.19,88,50,44,12.984955,77.6022466,3.48,Vasanth Nagar,Karnataka,1,2022-05-27,2022-05-27,low,Bilal Bakery,shop/bakery,Bilal Nagar-Sagayapura,2022,2022-04-13
Bilekahalli,Bangalore,south,under_construction,Jaya Prakash Nagar,yes,IBC Knowledge Park,3.93,green,3.98,yes,no,False,BTM Layout,2.07,3-6km,56,Krantivira Sangolli Rayanna (Bengaluru),9.87,34.95,58,50,36,12.8979703,77.6085699,9.64,Bilekahalli,Karnataka,5,2022-05-10,2022-07-04,high,Bilekahalli,place/quarter,Bilekahalli,2022,2022-04-13
"Bohra Layout, Gottigere, bannerghatta main Road",Bangalore,south,none,Konanakunte Cross,no,Electronic City,8.41,green,4.52,no,no,True,Konanakunte Cross,4.52,6km+,3,Nayandahalli,11.87,40.04,41,4,7,12.8565317,77.5877237,13.48,Yelenahalli,Karnataka,1,2022-05-23,2022-05-23,high,Gottigere,place/suburb,Gottigere,2022,2022-04-13
Bommanahalli,Bangalore,south,under_construction,Rashtreeya Vidyalaya Road,yes,IBC Knowledge Park,3.54,green,4.94,yes,no,False,Bommanahalli,0.34,3-6km,52,Carmelaram,8.88,33.31,81,59,33,12.9089453,77.6239038,9.45,Kodi Chikkanahalli,Karnataka,8,2022-05-19,2022-07-07,high,Bommanahalli,place/quarter,Bommanahalli,2022,2022-04-13
Bommasandra,Bangalore,south,under_construction,Yelachenahalli,yes,Electronic City,4.71,green,15.88,yes,no,False,Delta Electronics Bommasandra,0.5,3-6km,10,Heelalige,2.14,42.43,6,11,1,12.8162443,77.6916113,22.1,Kittaganahalli,Karnataka,2,2022-05-18,2022-07-04,high,Bommasandra,place/suburb,Bommasandra,2022,2022-04-13
Btm Layout,Bangalore,south,under_construction,Rashtreeya Vidyalaya Road,yes,IBC Knowledge Park,2.26,green,3.37,yes,no,False,BTM Layout,0.37,0-3km,63,Krantivira Sangolli Rayanna (Bengaluru),8.39,33.2,86,82,40,12.9140008,77.6102821,8.15,Viswamanava Kuvempu Ward,Karnataka,7,2022-05-05,2022-06-04,high,BTM Layout,place/suburb,Btm Layout,2022,2022-04-13
"Btm Layout Stage 2, BTM Layout",Bangalore,south,under_construction,Rashtreeya Vidyalaya Road,yes,IBC Knowledge Park,2.26,green,3.37,yes,no,False,BTM Layout,0.37,0-3km,63,Krantivira Sangolli Rayanna (Bengaluru),8.39,33.2,86,82,40,12.9140008,77.6102821,8.15,Viswamanava Kuvempu Ward,Karnataka,3,2022-05-12,2022-07-06,high,BTM Layout,place/suburb,BTM Layout,2022,2022-04-13
Btm Layout Stage 4,Bangalore,south,under_construction,Rashtreeya Vidyalaya Road,yes,IBC Knowledge Park,2.18,green,2.88,yes,no,False,BTM Layout,0.45,0-3km,62,Krantivira Sangolli Rayanna (Bengaluru),8.18,33.43,92,86,41,12.9134477,77.605435,7.95,Viswamanava Kuvempu Ward,Karnataka,2,2022-06-06,2022-06-08,low,BTM Vet Clinic,amenity/veterinary,Btm Layout Stage 4,2022,2022-04-13
Budigere Cross,Bangalore,east,none,Baiyappanahalli,no,ITPL Whitefield,7.0,purple,12.27,no,no,True,Whitefield (Kadugodi),5.69,6km+,0,Whitefield,5.69,17.47,11,0,1,13.0463995,77.7502058,20.87,Konadasanapura,Karnataka,1,2022-05-24,2022-05-24,medium,Budigere Cross,highway/bus_stop,Budigere Cross,2022,2022-04-13
Byatarayanapura,Bangalore,north,none,Yeshwantpur,yes,Karle Town Centre,3.44,green,6.64,no,no,True,Yeshwantpur,6.64,3-6km,21,Kodigehalli,1.79,19.11,25,52,27,13.0666526,77.591967,10.25,Byatarayanapura,Karnataka,3,2022-05-23,2022-06-07,high,Byatarayanapura,place/neighbourhood,Byatarayanapura,2022,2022-04-13
"Bydara Halli, Benson Town",Bangalore,north,operational,Cubbon Park,yes,Manyata Tech Park,5.27,purple,1.94,yes,yes,True,Cubbon Park,1.94,3-6km,42,Bangalore Cantonment,0.74,24.88,60,62,32,12.997343,77.6036815,4.19,Jayamahal,Karnataka,1,2022-05-23,2022-05-23,high,Benson Town,place/quarter,Bydara Halli Benson Town,2022,2022-04-13
Byrathi,Bangalore,north,none,Baiyappanahalli,yes,Manyata Tech Park,3.69,purple,7.29,no,no,True,Krishnarajapura,6.86,3-6km,17,Channasandra,5.08,16.76,31,6,9,13.0563529,77.6520993,12.45,Byrathi,Karnataka,3,2022-05-05,2022-06-29,high,Byrathi,place/neighbourhood,Byrathi,2022,2022-04-13
C V Raman Nagar,Bangalore,east,operational,Baiyappanahalli,yes,Bagmane Tech Park,0.81,purple,1.48,yes,yes,True,Benniganahalli,1.26,0-3km,54,Baiyyappanahalli Junction,1.56,23.99,27,47,23,12.9856478,77.6649767,10.2,Nagavarapalya,Karnataka,7,2022-05-05,2022-07-06,high,C V Raman Nagar,place/suburb,C V Raman Nagar,2022,2022-04-13
Chamrajpet,Bangalore,west,operational,Krishna Rajendra Market,yes,IBC Knowledge Park,5.13,green,1.3,yes,yes,True,Krishna Rajendra Market,1.3,3-6km,32,Krantivira Sangolli Rayanna (Bengaluru),2.31,30.79,50,95,17,12.9584184,77.5629161,2.23,Chamarajpet,Karnataka,2,2022-05-19,2022-06-30,high,Chamarajapete,place/suburb,Chamrajpet,2022,2022-04-13
"Chamundeshwari Layout, Arakere",Bangalore,north,none,Nagasandra,no,Peenya Industrial Area,18.45,green,17.43,no,no,True,Chikkabidarakallu,17.33,6km+,0,Rajanukunte,4.06,18.13,1,0,0,13.2001117,77.5387874,25.09,,Karnataka,2,2022-04-27,2022-07-08,high,Arakere,place/village,Arakere,2022,2022-04-13
"Chamundi Nagar, Rajajinagar",Bangalore,west,operational,Mahakavi Kuvempu Road,no,Peenya Industrial Area,6.59,green,1.17,yes,yes,True,Mahakavi Kuvempu Road,1.17,6km+,15,Malleswaram,1.66,28.47,77,132,24,12.9882338,77.554883,2.19,Rajajinagara,Karnataka,1,2022-06-04,2022-06-04,high,Rajajinagar,place/suburb,Rajajinagar,2022,2022-04-13
Chandapura,Bangalore,south,none,Yelachenahalli,no,Electronic City,7.07,green,18.19,no,no,True,Delta Electronics Bommasandra,2.87,6km+,1,Heelalige,1.52,44.16,10,16,1,12.8004439,77.7062826,24.46,Kittaganahalli,Karnataka,2,2022-06-01,2022-06-07,high,Chandapura,place/suburb,Chandapura,2022,2022-04-13
Channasandra,Bangalore,west,none,Pattanagere,yes,Global Village Tech Park,2.81,purple,3.32,no,no,True,Pattanagere,3.32,0-3km,2,Jnanabharati,3.7,38.49,16,7,7,12.9029431,77.519837,9.92,Rajarajeshwari Nagara,Karnataka,1,2022-06-12,2022-06-12,high,Channasandra,place/neighbourhood,Channasandra,2022,2022-04-13
"Chelekare, Kalyan Nagar, Outer Ring Road",Bangalore,north,none,Baiyappanahalli,yes,Manyata Tech Park,2.94,purple,3.72,no,no,True,Baiyappanahalli,3.72,0-3km,27,Banaswadi,2.24,20.77,56,80,28,13.0221416,77.6403368,9.03,Kalyanagar,Karnataka,1,2022-06-08,2022-06-08,high,Kalyan Nagar,place/suburb,Kalyan Nagar,2022,2022-04-13
"Chikbasavnapura, Krishnarajapura",Bangalore,east,under_construction,Baiyappanahalli,yes,RMZ Infinity Old Madras Road,1.96,purple,2.92,yes,no,False,Krishnarajapura,0.0,0-3km,27,Krishnarajapuram,0.25,22.2,29,47,23,12.9999024,77.6776703,11.81,A Narayanapura,Karnataka,1,2022-07-06,2022-07-06,medium,Krishnarajapura,railway/station,Krishnarajapura,2022,2022-04-13
Chikkabanavara,Bangalore,west,none,Nagasandra,yes,Peenya Industrial Area,5.3,green,3.61,no,no,True,Manjunathanagara,3.46,3-6km,0,Chikka Banavara,0.75,25.68,14,7,0,13.0803772,77.5018935,13.76,,Karnataka,4,2022-05-05,2022-07-04,high,Chikka Banavara,place/suburb,Chikkabanavara,2022,2022-04-13
Chikkalasandra,Bangalore,south,none,Jaya Prakash Nagar,yes,Global Village Tech Park,5.2,green,2.81,no,no,True,Jaya Prakash Nagar,2.81,3-6km,18,Nayandahalli,4.32,36.09,24,61,17,12.9121916,77.5476337,7.62,Sarvabhouma Nagar,Karnataka,3,2022-05-23,2022-06-20,high,Chikkalasandra,place/quarter,Chikkalasandra,2022,2022-04-13
"Chikkalasandra, Bangalore",Bangalore,south,none,Jaya Prakash Nagar,yes,Global Village Tech Park,5.2,green,2.81,no,no,True,Jaya Prakash Nagar,2.81,3-6km,18,Nayandahalli,4.32,36.09,24,61,17,12.9121916,77.5476337,7.62,Sarvabhouma Nagar,Karnataka,1,2022-06-04,2022-06-04,high,Chikkalasandra,place/quarter,Chikkalasandra Bangalore,2022,2022-04-13
"Chikkana Layout, Kammanahalli",Bangalore,north,none,Baiyappanahalli,yes,RMZ Infinity Old Madras Road,3.36,purple,3.09,no,no,True,Baiyappanahalli,3.09,3-6km,30,Banaswadi,1.48,21.61,47,74,29,13.0148544,77.6382029,8.4,HRBR Layout,Karnataka,1,2022-05-27,2022-05-27,high,Kammanahalli,place/suburb,Chikkana Layout Kammanahalli,2022,2022-04-13
"Chikkasandra-Jalahalli West, Jalahalli West",Bangalore,west,operational,Jalahalli,yes,Peenya Industrial Area,2.4,green,1.94,yes,yes,True,Jalahalli,1.94,0-3km,1,Chikka Banavara,3.6,24.88,20,4,2,13.0533332,77.5306036,9.59,Shettihalli,Karnataka,1,2022-05-01,2022-05-01,medium,Jalahalli West,highway/bus_stop,Chikkasandra-Jalahalli West Jalahalli West,2022,2022-04-13
Chinnapanna Halli,Bangalore,unknown,unknown,unknown,unknown,unknown,,unknown,,unknown,unknown,,unknown,,unknown,,unknown,,,,,,,,,,,1,2022-06-20,2022-06-20,none,,,,2022,2022-04-13
Choodasandra,Bangalore,south,none,Indiranagar,yes,Ecospace Bellandur,3.82,purple,10.6,no,no,True,Hosa Road,3.85,3-6km,55,Carmelaram,3.24,34.08,20,8,5,12.8921555,77.680378,15.1,,Karnataka,2,2022-04-30,2022-05-19,high,Choodasandra,place/suburb,Choodasandra,2022,2022-04-13
"Chowdeshwari Layout, Yelahanka",Bangalore,north,none,Yeshwantpur,no,Karle Town Centre,6.58,green,9.97,no,no,True,Yeshwantpur,9.97,6km+,7,Yelahanka Junction,0.68,16.05,30,52,10,13.1006982,77.5963454,14.05,Yelahanka Old Town,Karnataka,1,2022-05-10,2022-05-10,high,Yelahanka,place/suburb,Yelahanka,2022,2022-04-13
"Chuchangatta Colony, J P Nagar",Bangalore,south,operational,Rashtreeya Vidyalaya Road,yes,IBC Knowledge Park,2.48,green,2.25,yes,yes,True,Jayadeva Hospital,0.68,0-3km,55,Krantivira Sangolli Rayanna (Bengaluru),8.08,33.97,81,104,43,12.9109539,77.5978198,7.86,,Karnataka,1,2022-05-23,2022-05-23,medium,J.P Nagar,boundary/administrative,J P Nagar,2022,2022-04-13
"Cleveland Town, Frazer Town",Bangalore,north,none,Cubbon Park,yes,Manyata Tech Park,4.94,purple,2.54,no,no,True,Cubbon Park,2.54,3-6km,55,Bengaluru East,0.64,24.39,58,59,30,12.9975851,77.6136744,5.15,Pulakeshi Nagar,Karnataka,1,2022-05-24,2022-05-24,high,Frazer Town,place/suburb,Frazer Town,2022,2022-04-13
"Coffee Board Layout, Nagavara",Bangalore,north,none,Baiyappanahalli,yes,Manyata Tech Park,0.48,purple,6.06,no,no,True,Baiyappanahalli,6.06,0-3km,18,Banaswadi,3.55,19.93,39,29,10,13.0374647,77.623602,8.82,Hennur,Karnataka,1,2022-06-01,2022-06-01,high,Nagavara,place/suburb,Nagavara,2022,2022-04-13
"Cooke Town, Cooke Town",Bangalore,north,none,Swami Vivekananda Road,yes,RMZ Infinity Old Madras Road,3.95,purple,2.8,no,no,True,Swami Vivekananda Road,2.8,3-6km,62,Banaswadi,0.52,23.43,37,42,24,13.0021998,77.6251814,6.49,Maruthi Seva Nagara,Karnataka,1,2022-05-26,2022-05-26,high,Cooke Town,place/quarter,Cooke Town Cooke Town,2022,2022-04-13
Cox Town,Bangalore,east,operational,Halasuru,yes,RMZ Infinity Old Madras Road,3.98,purple,2.13,yes,yes,True,Halasuru,2.13,3-6km,65,Bengaluru East,0.87,24.18,48,47,23,12.9954832,77.6239259,6.07,Cox Town,Karnataka,1,2022-05-19,2022-05-19,high,Cox Town,place/quarter,Cox Town,2022,2022-04-13
Cunningham Road,Bangalore,west,operational,"Dr. B. R. Ambedkar Station, Vidhana Soudha",no,Karle Town Centre,6.6,purple,1.5,yes,yes,True,"Dr. B. R. Ambedkar Station, Vidhana Soudha",1.5,6km+,38,Bangalore Cantonment,1.34,26.41,71,62,24,12.9910348,77.5858973,2.25,Vasanth Nagar,Karnataka,1,2022-06-23,2022-06-23,low,Cunningham Road,highway/tertiary_link,Cunningham Road,2022,2022-04-13
CV Raman Nagar,Bangalore,east,operational,Baiyappanahalli,yes,Bagmane Tech Park,0.79,purple,1.37,yes,yes,True,Benniganahalli,1.3,0-3km,53,Baiyyappanahalli Junction,1.46,24.01,27,46,26,12.9856596,77.6638971,10.08,Nagavarapalya,Karnataka,1,2022-07-04,2022-07-04,medium,CV Raman Nagara,highway/bus_stop,CV Raman Nagar,2022,2022-04-13
Devanahalli,Bangalore,north,none,Baiyappanahalli,no,Manyata Tech Park,25.07,purple,29.4,no,no,True,Krishnarajapura,27.9,6km+,1,Devanahalli,0.87,5.7,4,1,3,13.2483502,77.7134377,33.9,,Karnataka,1,2022-06-02,2022-06-02,high,Devanahalli,place/town,Devanahalli,2022,2022-04-13
"Devarachikannahalli, Begur Road",Bangalore,south,under_construction,Rashtreeya Vidyalaya Road,yes,IBC Knowledge Park,4.89,green,5.52,yes,no,False,Hongasandra,1.44,3-6km,44,Carmelaram,9.23,35.06,62,36,17,12.8931539,77.6219724,10.79,,Karnataka,1,2022-04-29,2022-04-29,medium,Devarachikkanahalli,boundary/administrative,Devarachikannahalli,2022,2022-04-13
"Devinagar, Outer Ring Road",Bangalore,north,none,Yeshwantpur,yes,Karle Town Centre,4.56,green,3.56,no,no,True,Yeshwantpur,3.56,3-6km,8,Lottegollahalli,1.01,22.18,33,13,12,13.0473961,77.5715256,7.86,Kodigehalli,Karnataka,1,2022-05-27,2022-05-27,medium,Devinagara,highway/bus_stop,Devinagar Outer Ring Road,2022,2022-04-13
Dhobi Ghat- Rajajinagar,Bangalore,west,operational,Mahakavi Kuvempu Road,no,Peenya Industrial Area,6.39,green,1.36,yes,yes,True,Mahakavi Kuvempu Road,1.36,6km+,13,Malleswaram,1.96,28.76,81,134,22,12.9877189,77.5511008,2.51,Rajajinagara,Karnataka,1,2022-06-10,2022-06-10,medium,Dhobi Ghat Rajajinagara,highway/bus_stop,Dhobi Ghat- Rajajinagar,2022,2022-04-13
"Dinnur, Hebbal",Bangalore,north,none,Yeshwantpur,yes,Karle Town Centre,2.42,green,4.85,no,no,True,Yeshwantpur,4.85,0-3km,22,Hebbal,0.78,21.62,45,38,28,13.0382184,77.5919,7.2,Bengaluru,Karnataka,1,2022-04-30,2022-04-30,high,Hebbal,place/suburb,Hebbal,2022,2022-04-13
"Dodda Banaswadi, Banaswadi",Bangalore,east,none,Baiyappanahalli,yes,RMZ Infinity Old Madras Road,2.44,purple,2.6,no,no,True,Baiyappanahalli,2.6,0-3km,31,Channasandra,1.21,21.23,41,92,33,13.0141618,77.6518539,9.67,,Karnataka,1,2022-06-27,2022-06-27,high,Banaswadi,place/suburb,Banaswadi,2022,2022-04-13
"Dodda Nekkundi Extension, Kartik Nagar, Outer Ring Road",Bangalore,west,none,Rajajinagar,yes,Peenya Industrial Area,4.42,green,2.97,no,no,True,Rajajinagar,2.97,3-6km,6,Yesvantpur Junction,4.34,29.97,17,26,4,12.9959695,77.5226469,5.69,Kottegepalya,Karnataka,1,2022-07-09,2022-07-09,low,Outer Ring Road,highway/trunk,Kartik Nagar Outer Ring Road,2022,2022-04-13
Doddaballapur Road,Bangalore,north,none,Yeshwantpur,yes,Karle Town Centre,5.55,green,8.83,no,no,True,Yeshwantpur,8.83,3-6km,9,Yelahanka Junction,1.68,17.05,35,52,13,13.0900668,77.5939939,12.84,Nyayanga Badavane,Karnataka,1,2022-04-29,2022-04-29,low,Doddaballapur Road,highway/primary,Doddaballapur Road,2022,2022-04-13
Doddabanahalli,Bangalore,east,none,Baiyappanahalli,yes,ITPL Whitefield,4.48,purple,10.89,no,no,True,Whitefield (Kadugodi),3.35,3-6km,6,Whitefield,3.43,19.81,8,3,3,13.0238561,77.7469162,19.74,,Karnataka,1,2022-06-04,2022-06-04,high,Doddabanahalli,place/village,Doddabanahalli,2022,2022-04-13
Doddabidarakallu,Bangalore,west,operational,Nagasandra,yes,Peenya Industrial Area,2.62,green,1.56,yes,yes,True,Nagasandra,1.56,0-3km,0,Chikka Banavara,4.57,29.23,18,8,3,13.0352169,77.4939999,10.61,Dodda Bidarakallu,Karnataka,1,2022-05-23,2022-05-23,high,Doddabidarakallu,place/neighbourhood,Doddabidarakallu,2022,2022-04-13
Doddakammanahalli,Bangalore,south,none,Konanakunte Cross,no,Electronic City,7.19,green,5.23,no,no,True,Konanakunte Cross,5.23,6km+,5,Huskuru,12.06,39.46,38,3,7,12.8583256,77.5992545,13.51,Doddakammanahalli,Karnataka,1,2022-06-12,2022-06-12,high,Dodda Kammanahalli,place/neighbourhood,Doddakammanahalli,2022,2022-04-13
Doddanagamangala,Bangalore,south,under_construction,Yelachenahalli,yes,Electronic City,1.91,green,10.73,yes,no,False,Beratena Agrahara,0.78,0-3km,17,Huskuru,5.05,37.05,33,19,1,12.8668341,77.6644155,15.85,Chikkathoguru,Karnataka,2,2022-06-04,2022-06-27,low,Doddanagamangala Road,highway/tertiary,Doddanagamangala,2022,2022-04-13
"Doddanekundi, Kartik Nagar",Bangalore,east,under_construction,Baiyappanahalli,yes,Brigade Tech Gardens,2.93,purple,5.25,yes,no,False,Seetharampalya,1.7,0-3km,89,Hoodi,3.69,25.18,26,24,27,12.9713194,77.6964768,13.58,Dodda Nekkundi,Karnataka,2,2022-05-19,2022-06-20,high,Doddanekundi,place/quarter,Doddanekundi,2022,2022-04-13
"Doddathoguru, Electronic City",Bangalore,south,under_construction,Yelachenahalli,yes,Electronic City,0.78,green,12.17,yes,no,False,Infosys Foundation Konappana Agrahara,0.41,0-3km,11,Huskuru,4.88,39.57,23,22,11,12.8436448,77.6686835,18.17,,Karnataka,1,2022-05-23,2022-05-23,high,Electronic City,place/town,Electronic City,2022,2022-04-13
"Dollars Colony-Rmv Extension Stage 2, RMV Extension Stage 2",Bangalore,north,none,Yeshwantpur,yes,Karle Town Centre,4.84,green,2.56,no,no,True,Yeshwantpur,2.56,3-6km,9,Lottegollahalli,1.08,23.28,47,27,21,13.0360109,77.5695288,6.6,Nagashettyhalli,Karnataka,2,2022-07-09,2022-07-09,high,RMV 2nd Stage,place/suburb,RMV Extension Stage 2,2022,2022-04-13
"Domlur, Domlur",Bangalore,east,operational,Indiranagar,yes,Embassy Golf Links,1.49,purple,1.76,yes,yes,True,Indiranagar,1.76,0-3km,90,Baiyyappanahalli Junction,3.52,27.16,67,113,41,12.9624669,77.6381958,7.42,Domluru,Karnataka,1,2022-05-26,2022-05-26,high,Domlur,place/quarter,Domlur Domlur,2022,2022-04-13
"Dooravani Nagar, Dooravani Nagar",Bangalore,east,operational,Baiyappanahalli,yes,RMZ Infinity Old Madras Road,1.13,purple,1.87,yes,yes,True,Benniganahalli,1.0,0-3km,25,Channasandra,0.89,22.04,32,55,23,13.0038491,77.6631418,10.4,Dooravaninagar,Karnataka,3,2022-05-23,2022-05-31,medium,Kasturi Nagar,highway/bus_stop,Dooravani Nagar Dooravani Nagar,2022,2022-04-13
"Dr.Shivaram Karanth Nagar, Jakkuru",Bangalore,north,none,Yeshwantpur,yes,Karle Town Centre,3.91,green,8.71,no,no,True,Yeshwantpur,8.71,3-6km,22,Yelahanka Junction,3.37,17.06,17,9,8,13.0784743,77.6068938,11.96,,Karnataka,2,2022-05-11,2022-06-27,high,Jakkur,place/suburb,Jakkuru,2022,2022-04-13
"Dwarka Nagar, Kattigenahalli",Bangalore,north,none,Yeshwantpur,no,Karle Town Centre,8.32,green,13.37,no,no,True,Yeshwantpur,13.37,6km+,3,Yelahanka Junction,3.97,12.41,20,20,3,13.1177735,77.6261222,16.77,,Karnataka,1,2022-06-22,2022-06-22,high,Kattigenahalli,place/village,Kattigenahalli,2022,2022-04-13
"East Of Ngef Layout, Bennigana Halli",Bangalore,east,operational,Baiyappanahalli,yes,RMZ Infinity Old Madras Road,0.37,purple,0.83,yes,yes,True,Baiyappanahalli,0.83,0-3km,40,Baiyyappanahalli Junction,0.85,23.02,23,40,14,12.9959987,77.6578762,9.62,Krishnaiahnapalya,Karnataka,1,2022-07-08,2022-07-08,high,Sadananda Nagar,place/neighbourhood,East Of Ngef Layout,2022,2022-04-13
Ejipura,Bangalore,south,none,Trinity,yes,Embassy Golf Links,1.79,purple,3.29,no,no,True,Central Silk Board,3.27,0-3km,103,Baiyyappanahalli Junction,5.75,29.33,72,46,27,12.945245,77.6274776,7.02,Ejipura,Karnataka,1,2022-05-23,2022-05-23,high,Ejipura,place/quarter,Ejipura,2022,2022-04-13
Electronic City,Bangalore,south,under_construction,Yelachenahalli,yes,Electronic City,0.0,green,11.5,yes,no,False,Infosys Foundation Konappana Agrahara,0.76,0-3km,11,Huskuru,5.06,38.94,25,20,9,12.8496783,77.6649749,17.39,Electronic City,Karnataka,24,2022-05-01,2022-07-08,high,Electronics City Phase 1,place/quarter,Electronic City,2022,2022-04-13
"Electronic City Phase 2, Electronic City",Bangalore,south,under_construction,Yelachenahalli,yes,Electronic City,0.78,green,12.17,yes,no,False,Infosys Foundation Konappana Agrahara,0.41,0-3km,11,Huskuru,4.88,39.57,23,22,11,12.8436448,77.6686835,18.17,,Karnataka,11,2022-04-28,2022-06-30,high,Electronic City,place/town,Electronic City,2022,2022-04-13
"Electronics City Phase 1, Electronic City",Bangalore,south,under_construction,Yelachenahalli,yes,Electronic City,0.0,green,11.5,yes,no,False,Infosys Foundation Konappana Agrahara,0.76,0-3km,11,Huskuru,5.06,38.94,25,20,9,12.8496783,77.6649749,17.39,Electronic City,Karnataka,6,2022-04-27,2022-07-08,high,Electronics City Phase 1,place/quarter,Electronics City Phase 1 Electronic City,2022,2022-04-13
"Ews Colony, BTM Layout",Bangalore,south,under_construction,Rashtreeya Vidyalaya Road,yes,IBC Knowledge Park,2.26,green,3.37,yes,no,False,BTM Layout,0.37,0-3km,63,Krantivira Sangolli Rayanna (Bengaluru),8.39,33.2,86,82,40,12.9140008,77.6102821,8.15,Viswamanava Kuvempu Ward,Karnataka,1,2022-06-22,2022-06-22,high,BTM Layout,place/suburb,BTM Layout,2022,2022-04-13
"Fci Layout, Deepanjali Nagar",Bangalore,west,operational,Deepanjali Nagar,yes,Global Village Tech Park,5.33,purple,0.16,yes,yes,True,Deepanjali Nagar,0.16,3-6km,11,Krishnadevaraya Halt,0.64,32.91,27,73,11,12.9526939,77.535647,4.7,Deepanjali Nagara,Karnataka,1,2022-05-09,2022-05-09,high,Deepanjali Nagar,place/locality,Deepanjali Nagar,2022,2022-04-13
Frazer Town,Bangalore,north,none,Cubbon Park,yes,Manyata Tech Park,4.94,purple,2.54,no,no,True,Cubbon Park,2.54,3-6km,55,Bengaluru East,0.64,24.39,58,59,30,12.9975851,77.6136744,5.15,Pulakeshi Nagar,Karnataka,4,2022-05-18,2022-07-06,high,Frazer Town,place/suburb,Frazer Town,2022,2022-04-13
Ganga Nagar,Bangalore,north,none,Sandal Soap Factory,yes,Karle Town Centre,3.56,green,3.84,no,no,True,Sandal Soap Factory,3.84,3-6km,25,Hebbal,2.16,23.21,44,38,25,13.0232471,77.5883569,5.5,Ganganagar,Karnataka,1,2022-06-04,2022-06-04,high,Ganga Nagar,place/quarter,Ganga Nagar,2022,2022-04-13
Garden City University,Bangalore,east,operational,Indiranagar,yes,Bagmane Tech Park,2.84,purple,0.23,yes,yes,True,Indiranagar,0.23,0-3km,79,Baiyyappanahalli Junction,2.02,25.34,71,111,33,12.979875,77.6371881,7.15,Hoysala Nagara Central,Karnataka,1,2022-06-27,2022-06-27,low,Garden City University,office/educational_institution,Garden City University,2022,2022-04-13
"Garebhavipalya, Hongasandra, Hosur Road",Bangalore,south,under_construction,Rashtreeya Vidyalaya Road,yes,IBC Knowledge Park,4.64,green,5.55,yes,no,False,Hongasandra,0.88,3-6km,51,Carmelaram,8.82,34.51,63,30,15,12.8974892,77.6250869,10.56,Bommanahalli,Karnataka,1,2022-06-14,2022-06-14,high,Hongasandra,place/quarter,Hongasandra,2022,2022-04-13
Garvebhavi Palya,Bangalore,south,under_construction,Rashtreeya Vidyalaya Road,yes,IBC Knowledge Park,5.46,green,6.59,yes,no,False,Kudlu Gate,0.76,3-6km,40,Carmelaram,7.84,34.52,58,24,16,12.8950661,77.6345825,11.38,Garvebavi Palya,Karnataka,2,2022-06-16,2022-06-20,high,GarvebhaviPalya,place/neighbourhood,Garvebhavi Palya,2022,2022-04-13
GH Society,Bangalore,unknown,unknown,unknown,unknown,unknown,,unknown,,unknown,unknown,,unknown,,unknown,,unknown,,,,,,,,,,,1,2022-06-29,2022-06-29,none,,,,2022,2022-04-13
Gh society,Bangalore,unknown,unknown,unknown,unknown,unknown,,unknown,,unknown,unknown,,unknown,,unknown,,unknown,,,,,,,,,,,1,2022-06-29,2022-06-29,none,,,,2022,2022-04-13
Girinagar,Bangalore,west,operational,Deepanjali Nagar,yes,Global Village Tech Park,5.32,purple,1.55,yes,yes,True,Deepanjali Nagar,1.55,3-6km,20,Krishnadevaraya Halt,2.04,33.56,26,71,10,12.9401439,77.5444995,5.0,Swamy Vivekananda Ward,Karnataka,1,2022-06-13,2022-06-13,high,Girinagar,place/quarter,Girinagar,2022,2022-04-13
Gottigere,Bangalore,south,none,Konanakunte Cross,no,Electronic City,8.41,green,4.52,no,no,True,Konanakunte Cross,4.52,6km+,3,Nayandahalli,11.87,40.04,41,4,7,12.8565317,77.5877237,13.48,Yelenahalli,Karnataka,6,2022-05-23,2022-07-07,high,Gottigere,place/suburb,Gottigere,2022,2022-04-13
Gottigere Main Rd,Bangalore,south,none,Konanakunte Cross,no,IBC Knowledge Park,8.12,green,3.89,no,no,True,Konanakunte Cross,3.89,6km+,5,Nayandahalli,11.24,39.59,46,5,11,12.8616986,77.5851217,12.88,Kothanur,Karnataka,1,2022-05-19,2022-05-19,low,Gottigere Main Road,highway/tertiary,Gottigere Main Rd,2022,2022-04-13
"Gubbalala, Subramanyapura",Bangalore,south,operational,Doddakallasandra,yes,Global Village Tech Park,4.81,green,2.08,yes,yes,True,Doddakallasandra,2.08,3-6km,10,Jnanabharati,5.19,38.14,22,15,8,12.8963963,77.5377864,9.64,Subramanyapura,Karnataka,1,2022-05-15,2022-05-15,high,Subramanyapura,place/quarter,Subramanyapura,2022,2022-04-13
"Guddadahalli, Mysore Road",Bangalore,west,operational,Deepanjali Nagar,no,Global Village Tech Park,6.58,purple,1.21,yes,yes,True,Deepanjali Nagar,1.21,6km+,17,Krishnadevaraya Halt,0.84,31.78,35,103,19,12.9578934,77.5464445,3.41,Bapuji Nagara,Karnataka,1,2022-05-23,2022-05-23,high,Guddadahalli,place/quarter,Guddadahalli,2022,2022-04-13
Gunjur,Bangalore,east,none,Baiyappanahalli,yes,Cessna Business Park,4.79,purple,11.94,no,no,True,Nallurahalli,6.31,3-6km,14,Carmelaram,3.61,30.93,14,4,5,12.9209772,77.7361016,18.9,,Karnataka,1,2022-04-28,2022-04-28,high,Gunjur,place/suburb,Gunjur,2022,2022-04-13
Guttahalli,Bangalore,west,operational,Mantri Square Sampige Road,no,Karle Town Centre,6.02,green,1.52,yes,yes,True,Mantri Square Sampige Road,1.52,6km+,35,Malleswaram,1.83,25.82,69,85,29,13.0004165,77.5803858,2.81,Rajamahal,Karnataka,2,2022-06-12,2022-07-04,high,Guttahalli,place/quarter,Guttahalli,2022,2022-04-13
"Hal Layout, Hosur Road",Bangalore,south,under_construction,Rashtreeya Vidyalaya Road,yes,Embassy Golf Links,4.29,green,6.45,yes,no,False,Hongasandra,1.33,3-6km,65,Carmelaram,7.27,32.62,67,59,33,12.9116225,77.6388622,10.29,,Karnataka,1,2022-05-31,2022-05-31,high,HSR Layout,place/suburb,Hal Layout Hosur Road,2022,2022-04-13
Halasuru,Bangalore,east,operational,Halasuru,yes,Embassy Golf Links,3.7,purple,0.27,yes,yes,True,Halasuru,0.27,3-6km,86,Bengaluru East,2.68,25.98,75,78,34,12.9778793,77.6246697,5.78,Bengaluru,Karnataka,4,2022-06-16,2022-07-09,high,Halasuru,place/suburb,Halasuru,2022,2022-04-13
Haralur Road,Bangalore,east,none,Indiranagar,yes,Ecospace Bellandur,1.5,purple,7.4,no,no,True,Hongasandra,4.4,0-3km,90,Carmelaram,4.21,31.29,15,45,27,12.9185442,77.668706,12.38,Kasavanahalli,Karnataka,1,2022-07-07,2022-07-07,low,Haralur Road,highway/tertiary,Haralur Road,2022,2022-04-13
Hbr Layout,Bangalore,north,none,Baiyappanahalli,yes,Manyata Tech Park,1.25,purple,5.29,no,no,True,Baiyappanahalli,5.29,0-3km,18,Banaswadi,2.91,20.27,49,42,14,13.031992,77.6280789,8.7,Bengaluru,Karnataka,3,2022-05-23,2022-07-06,high,HBR Layout,place/suburb,Hbr Layout,2022,2022-04-13
"Hbr Layout Block 2, HBR Layout",Bangalore,north,none,Baiyappanahalli,yes,Manyata Tech Park,1.25,purple,5.29,no,no,True,Baiyappanahalli,5.29,0-3km,18,Banaswadi,2.91,20.27,49,42,14,13.031992,77.6280789,8.7,Bengaluru,Karnataka,1,2022-06-28,2022-06-28,high,HBR Layout,place/suburb,HBR Layout,2022,2022-04-13
"Hbr Layout Block 4, HBR Layout",Bangalore,north,none,Baiyappanahalli,yes,Manyata Tech Park,1.25,purple,5.29,no,no,True,Baiyappanahalli,5.29,0-3km,18,Banaswadi,2.91,20.27,49,42,14,13.031992,77.6280789,8.7,Bengaluru,Karnataka,1,2022-07-04,2022-07-04,high,HBR Layout,place/suburb,HBR Layout,2022,2022-04-13
Hebbal,Bangalore,north,none,Yeshwantpur,yes,Karle Town Centre,2.42,green,4.85,no,no,True,Yeshwantpur,4.85,0-3km,22,Hebbal,0.78,21.62,45,38,28,13.0382184,77.5919,7.2,Bengaluru,Karnataka,12,2022-04-28,2022-07-06,high,Hebbal,place/suburb,Hebbal,2022,2022-04-13
Hebbal Kempapura,Bangalore,north,none,Yeshwantpur,yes,Karle Town Centre,0.94,green,6.93,no,no,True,Yeshwantpur,6.93,0-3km,19,Hebbal,2.46,19.56,25,31,13,13.050194,77.6075951,9.07,Kempapura,Karnataka,4,2022-05-10,2022-06-20,low,Hebbal Kempapura,amenity/post_office,Hebbal Kempapura,2022,2022-04-13
"Hegde Nagar, R.K.Hegde Nagar",Bangalore,north,none,Baiyappanahalli,yes,Manyata Tech Park,3.64,purple,9.27,no,no,True,Benniganahalli,9.22,3-6km,17,Yelahanka Junction,5.8,16.04,34,8,9,13.0720352,77.6333905,12.55,Sampigehalli,Karnataka,1,2022-06-20,2022-06-20,high,R K Hegde Nagara,place/quarter,Hegde Nagar R.K.Hegde Nagar,2022,2022-04-13
Hegganahalli,Bangalore,west,none,Peenya Industry,yes,Peenya Industrial Area,3.59,green,3.89,no,no,True,Peenya Industry,3.89,3-6km,4,Yesvantpur Junction,4.69,30.07,10,11,0,13.0035647,77.5127828,7.01,Hegganahalli,Karnataka,1,2022-06-04,2022-06-04,high,Hegganahalli,place/quarter,Hegganahalli,2022,2022-04-13
Hennur Main Road,Bangalore,north,none,Halasuru,yes,Manyata Tech Park,4.23,purple,3.09,no,no,True,Halasuru,3.09,3-6km,60,Bengaluru East,0.27,23.56,37,47,25,13.0033375,77.6193575,5.99,Sagayapuram,Karnataka,4,2022-05-19,2022-07-07,low,Hennur Main Road,highway/primary,Hennur Main Road,2022,2022-04-13
"Hennur, Hennur Bagalur Road",Bangalore,north,none,Baiyappanahalli,yes,Manyata Tech Park,2.18,purple,5.29,no,no,True,Baiyappanahalli,5.29,0-3km,18,Channasandra,3.64,19.18,54,37,19,13.037077,77.6413572,10.13,HBR Layout,Karnataka,3,2022-05-27,2022-07-04,high,Hennur,place/suburb,Hennur,2022,2022-04-13
Hesaraghatta Main Road,Bangalore,west,operational,Dasarahalli,yes,Peenya Industrial Area,1.69,green,0.65,yes,yes,True,Dasarahalli,0.65,0-3km,1,Chikka Banavara,3.1,27.25,18,14,5,13.0468401,77.5078483,10.4,Manjunatha Nagar,Karnataka,1,2022-06-28,2022-06-28,low,Hesaraghatta Main Road,highway/primary,Hesaraghatta Main Road,2022,2022-04-13
"Hmt Layout Block 4, Vidyaranyapura",Bangalore,north,none,Peenya,no,Peenya Industrial Area,6.27,green,5.53,no,no,True,Peenya,5.53,6km+,5,Kodigehalli,2.47,20.96,27,34,7,13.0766407,77.5577315,11.21,Singapura,Karnataka,1,2022-05-19,2022-05-19,high,Vidyaranyapura,place/suburb,Vidyaranyapura,2022,2022-04-13
HMT Layout Nagasandra,Bangalore,west,operational,Dasarahalli,yes,Peenya Industrial Area,1.68,green,1.37,yes,yes,True,Dasarahalli,1.37,0-3km,1,Chikka Banavara,4.36,28.47,17,11,4,13.03553,77.5027084,9.9,Nagasandra,Karnataka,1,2022-05-10,2022-05-10,high,HMT Layout,place/neighbourhood,HMT Layout Nagasandra,2022,2022-04-13
Hommadevanahalli,Bangalore,south,none,Konanakunte Cross,no,Electronic City,7.28,green,6.26,no,no,True,Konanakunte Cross,6.26,6km+,1,Huskuru,12.31,40.98,25,3,1,12.8444398,77.598018,14.99,Doddakammanahalli,Karnataka,2,2022-06-08,2022-06-21,medium,Hommadevanahalli,highway/bus_stop,Hommadevanahalli,2022,2022-04-13
Hongasandra,Bangalore,south,under_construction,Rashtreeya Vidyalaya Road,yes,IBC Knowledge Park,4.64,green,5.55,yes,no,False,Hongasandra,0.88,3-6km,51,Carmelaram,8.82,34.51,63,30,15,12.8974892,77.6250869,10.56,Bommanahalli,Karnataka,4,2022-04-28,2022-06-04,high,Hongasandra,place/quarter,Hongasandra,2022,2022-04-13
"Hoodi Circle, Hoodi",Bangalore,east,under_construction,Baiyappanahalli,yes,ITPL Whitefield,2.47,purple,6.92,yes,no,False,Hoodi,0.63,0-3km,48,Hoodi,0.56,22.89,23,29,9,12.9919033,77.7162015,15.79,Kaveri Nagara,Karnataka,1,2022-06-30,2022-06-30,high,Hoodi,place/suburb,Hoodi,2022,2022-04-13
"Hoodi, Hoodi",Bangalore,east,under_construction,Baiyappanahalli,yes,ITPL Whitefield,2.47,purple,6.92,yes,no,False,Hoodi,0.63,0-3km,48,Hoodi,0.56,22.89,23,29,9,12.9919033,77.7162015,15.79,Kaveri Nagara,Karnataka,1,2022-06-27,2022-06-27,high,Hoodi,place/suburb,Hoodi Hoodi,2022,2022-04-13
Horamavu,Bangalore,east,none,Baiyappanahalli,yes,RMZ Infinity Old Madras Road,3.71,purple,4.15,no,no,True,Benniganahalli,3.55,3-6km,17,Channasandra,1.74,19.58,35,57,21,13.0273312,77.6601508,11.15,,Karnataka,6,2022-05-23,2022-07-04,high,Horamavu,place/suburb,Horamavu,2022,2022-04-13
"Horamavu Agara, Hormavu",Bangalore,east,none,Baiyappanahalli,yes,RMZ Infinity Old Madras Road,3.71,purple,4.15,no,no,True,Benniganahalli,3.55,3-6km,17,Channasandra,1.74,19.58,35,57,21,13.0273312,77.6601508,11.15,,Karnataka,1,2022-07-06,2022-07-06,high,Horamavu,place/suburb,Hormavu,2022,2022-04-13
Horamavu kelkkeri road,Bangalore,east,none,Baiyappanahalli,yes,RMZ Infinity Old Madras Road,3.79,purple,4.28,no,no,True,Krishnarajapura,3.52,3-6km,13,Channasandra,1.79,19.44,30,47,21,13.0279566,77.6625954,11.42,Hoysala Nagara East,Karnataka,1,2022-05-25,2022-05-25,low,Horamavu Main Road,highway/secondary,Horamavu kelkkeri road,2022,2022-04-13
Hormavu Ring Road,Bangalore,east,none,Baiyappanahalli,yes,RMZ Infinity Old Madras Road,2.96,purple,3.22,no,no,True,Benniganahalli,3.04,0-3km,28,Channasandra,1.32,20.59,47,86,34,13.0196848,77.6536054,10.12,Banaswadi,Karnataka,1,2022-05-05,2022-05-05,medium,Horamavu Petrol Bunk,highway/bus_stop,Hormavu Ring Road,2022,2022-04-13
Hosa Road Junction,Bangalore,west,operational,Mysore Road,yes,Global Village Tech Park,4.56,purple,1.81,yes,yes,True,Mysore Road,1.81,3-6km,19,Nayandahalli,2.2,34.47,29,61,11,12.933392,77.5397813,5.9,Swamy Vivekananda Ward,Karnataka,1,2022-06-30,2022-06-30,low,KEB Junction Flyover,highway/trunk,Hosa Road Junction,2022,2022-04-13
"Hosa Road, off Hosur Road",Bangalore,south,none,Yelachenahalli,no,Electronic City,21.93,green,33.34,no,no,True,Delta Electronics Bommasandra,17.96,6km+,1,Hosur,1.98,53.15,11,19,3,12.734935,77.8294809,38.81,Avalapalli,Tamil Nadu,2,2022-06-30,2022-06-30,low,Taluk Office Road,highway/trunk,Hosa Road off Hosur Road,2022,2022-04-13
Hosakerehalli,Bangalore,west,operational,Pantharapalya - Nayandahalli,yes,Global Village Tech Park,4.25,purple,1.88,yes,yes,True,Pantharapalya - Nayandahalli,1.88,3-6km,18,Nayandahalli,2.19,34.88,27,54,10,12.9301881,77.5378332,6.32,Hosakerehalli,Karnataka,3,2022-05-25,2022-07-07,high,Hosakerehalli,place/quarter,Hosakerehalli,2022,2022-04-13
Hosur Road,Bangalore,south,operational,Mahatma Gandhi Road,yes,IBC Knowledge Park,2.71,purple,2.07,yes,yes,True,Mahatma Gandhi Road,2.07,0-3km,94,Bangalore Cantonment,4.17,28.88,125,72,38,12.9569412,77.6058238,4.34,Shanthinagar,Karnataka,1,2022-05-14,2022-05-14,low,Hosur Road,highway/primary,Hosur Road,2022,2022-04-13
Hoysala Nagar,Bangalore,east,operational,Halasuru,yes,Embassy Golf Links,3.78,purple,0.42,yes,yes,True,Halasuru,0.42,3-6km,82,Bengaluru East,2.53,25.64,70,90,26,12.9802093,77.6273767,6.09,Hoysala Nagara Central,Karnataka,1,2022-06-16,2022-06-16,high,Hoysala Nagar,place/neighbourhood,Hoysala Nagar,2022,2022-04-13
HRBR Layout Block 1,Bangalore,north,none,Swami Vivekananda Road,yes,Manyata Tech Park,2.34,purple,4.45,no,no,True,Swami Vivekananda Road,4.45,0-3km,24,Banaswadi,1.68,21.61,39,48,15,13.0204703,77.6241642,7.52,HRBR Layout,Karnataka,1,2022-06-03,2022-06-03,high,HRBR Layout 1st Block,place/quarter,HRBR Layout Block 1,2022,2022-04-13
"Hrbr Layout Block 2, Kalyan Nagar, Outer Ring Road",Bangalore,north,none,Baiyappanahalli,yes,Manyata Tech Park,2.94,purple,3.72,no,no,True,Baiyappanahalli,3.72,0-3km,27,Banaswadi,2.24,20.77,56,80,28,13.0221416,77.6403368,9.03,Kalyanagar,Karnataka,3,2022-06-10,2022-06-20,high,Kalyan Nagar,place/suburb,Kalyan Nagar,2022,2022-04-13
"Hrbr Layout, Kalyan Nagar, Outer Ring Road",Bangalore,north,none,Baiyappanahalli,yes,Manyata Tech Park,2.94,purple,3.72,no,no,True,Baiyappanahalli,3.72,0-3km,27,Banaswadi,2.24,20.77,56,80,28,13.0221416,77.6403368,9.03,Kalyanagar,Karnataka,1,2022-06-12,2022-06-12,high,Kalyan Nagar,place/suburb,Kalyan Nagar,2022,2022-04-13
Hsr Layout,Bangalore,south,under_construction,Rashtreeya Vidyalaya Road,yes,Embassy Golf Links,4.29,green,6.45,yes,no,False,Hongasandra,1.33,3-6km,65,Carmelaram,7.27,32.62,67,59,33,12.9116225,77.6388622,10.29,,Karnataka,3,2022-05-12,2022-07-06,high,HSR Layout,place/suburb,Hsr Layout,2022,2022-04-13
"Hsr Layout Sector 2, HSR Layout",Bangalore,south,under_construction,Rashtreeya Vidyalaya Road,yes,Embassy Golf Links,4.29,green,6.45,yes,no,False,Hongasandra,1.33,3-6km,65,Carmelaram,7.27,32.62,67,59,33,12.9116225,77.6388622,10.29,,Karnataka,1,2022-07-09,2022-07-09,high,HSR Layout,place/suburb,HSR Layout,2022,2022-04-13
"Hsr Layout Sector 3, HSR Layout",Bangalore,south,under_construction,Rashtreeya Vidyalaya Road,yes,Embassy Golf Links,4.29,green,6.45,yes,no,False,Hongasandra,1.33,3-6km,65,Carmelaram,7.27,32.62,67,59,33,12.9116225,77.6388622,10.29,,Karnataka,1,2022-07-08,2022-07-08,high,HSR Layout,place/suburb,HSR Layout,2022,2022-04-13
"Hsr Layout Sector 6, HSR Layout",Bangalore,south,under_construction,Rashtreeya Vidyalaya Road,yes,Embassy Golf Links,4.29,green,6.45,yes,no,False,Hongasandra,1.33,3-6km,65,Carmelaram,7.27,32.62,67,59,33,12.9116225,77.6388622,10.29,,Karnataka,1,2022-05-27,2022-05-27,high,HSR Layout,place/suburb,HSR Layout,2022,2022-04-13
Hulimavu,Bangalore,south,none,Yelachenahalli,no,IBC Knowledge Park,6.17,green,4.11,no,no,True,Yelachenahalli,4.11,6km+,16,Krishnadevaraya Halt,11.31,37.33,46,19,24,12.8773486,77.6028031,11.56,Hulimavu,Karnataka,5,2022-04-29,2022-07-07,high,Hulimavu,place/quarter,Hulimavu,2022,2022-04-13
Hutchins Road,Bangalore,north,none,Halasuru,yes,RMZ Infinity Old Madras Road,4.32,purple,2.81,no,no,True,Halasuru,2.81,3-6km,62,Bengaluru East,0.33,23.68,38,46,25,13.0012694,77.6214282,6.08,Maruthi Seva Nagara,Karnataka,1,2022-05-12,2022-05-12,low,Hutchins Main Road,highway/tertiary,Hutchins Road,2022,2022-04-13
"Ilyas Nagar, Kumaraswamy Layout",Bangalore,south,operational,Jaya Prakash Nagar,yes,IBC Knowledge Park,5.47,green,1.48,yes,yes,True,Jaya Prakash Nagar,1.48,3-6km,24,Nayandahalli,5.66,36.03,39,50,16,12.9067683,77.5595021,7.88,Gowdanapalya,Karnataka,1,2022-06-30,2022-06-30,high,Kumaraswamy Layout,place/quarter,Kumaraswamy Layout,2022,2022-04-13
"Immadihalli, Whitefield",Bangalore,east,under_construction,Baiyappanahalli,yes,ITPL Whitefield,2.11,purple,10.81,yes,no,False,Kadugodi Tree Park,1.81,0-3km,34,Whitefield,3.23,25.78,25,22,15,12.9696365,77.7497448,19.35,,Karnataka,1,2022-06-16,2022-06-16,high,Whitefield,place/suburb,Whitefield,2022,2022-04-13
in Bannerghatta Road,Bangalore,south,none,Mahatma Gandhi Road,yes,IBC Knowledge Park,2.23,purple,2.55,no,no,True,Mahatma Gandhi Road,2.55,0-3km,101,Bangalore Cantonment,4.63,29.36,125,82,29,12.952641,77.6050629,4.53,Vinayakanagar,Karnataka,1,2022-06-17,2022-06-17,low,Bannerghatta Road,highway/secondary,in Bannerghatta Road,2022,2022-04-13
Indira Nagar,Bangalore,east,operational,Indiranagar,yes,Bagmane Tech Park,2.54,purple,0.59,yes,yes,True,Indiranagar,0.59,0-3km,81,Baiyyappanahalli Junction,2.34,25.94,88,124,40,12.9732913,77.6404672,7.5,,Karnataka,5,2022-05-14,2022-07-08,high,Indiranagar,place/suburb,Indira Nagar,2022,2022-04-13
indiranagar near bda complex,Bangalore,east,operational,Indiranagar,yes,Bagmane Tech Park,2.94,purple,0.46,yes,yes,True,Indiranagar,0.46,0-3km,78,Baiyyappanahalli Junction,1.95,25.15,65,108,29,12.9818604,77.6364403,7.08,Hoysala Nagara Central,Karnataka,1,2022-06-20,2022-06-20,low,Indiranagar BDA Complex,landuse/construction,indiranagar near bda complex,2022,2022-04-13
"Isro Layout, Kumaraswamy Layout",Bangalore,south,operational,Jaya Prakash Nagar,yes,IBC Knowledge Park,5.47,green,1.48,yes,yes,True,Jaya Prakash Nagar,1.48,3-6km,24,Nayandahalli,5.66,36.03,39,50,16,12.9067683,77.5595021,7.88,Gowdanapalya,Karnataka,1,2022-06-30,2022-06-30,high,Kumaraswamy Layout,place/quarter,Kumaraswamy Layout,2022,2022-04-13
"Itc Colony, Maruthi Sevanagar",Bangalore,east,operational,Swami Vivekananda Road,yes,RMZ Infinity Old Madras Road,3.33,purple,2.1,yes,yes,True,Swami Vivekananda Road,2.1,3-6km,70,Banaswadi,0.88,23.66,32,39,22,12.9981729,77.6301239,6.81,Jeevanahalli,Karnataka,1,2022-05-27,2022-05-27,high,ITC Colony,place/neighbourhood,Itc Colony,2022,2022-04-13
ITI Layout,Bangalore,north,none,Cubbon Park,yes,Karle Town Centre,4.44,purple,2.77,no,no,True,Cubbon Park,2.77,3-6km,52,Bangalore Cantonment,1.44,24.08,43,50,21,13.004908,77.6046672,4.79,S.K Garden,Karnataka,1,2022-07-07,2022-07-07,high,ITI Layout,place/neighbourhood,ITI Layout,2022,2022-04-13
"Itpl, Whitefield",Bangalore,east,under_construction,Baiyappanahalli,yes,ITPL Whitefield,2.11,purple,10.81,yes,no,False,Kadugodi Tree Park,1.81,0-3km,34,Whitefield,3.23,25.78,25,22,15,12.9696365,77.7497448,19.35,,Karnataka,1,2022-05-27,2022-05-27,high,Whitefield,place/suburb,Whitefield,2022,2022-04-13
"Ittamadu, Banashankari, Outer Ring Road",Bangalore,west,operational,Banashankari,yes,IBC Knowledge Park,4.98,green,2.31,yes,yes,True,Banashankari,2.31,3-6km,26,Krishnadevaraya Halt,3.84,34.09,40,110,16,12.9278196,77.556621,5.66,Kathriguppe,Karnataka,1,2022-05-05,2022-05-05,high,Banashankari,place/suburb,Banashankari,2022,2022-04-13
J P Nagar,Bangalore,south,operational,Rashtreeya Vidyalaya Road,yes,IBC Knowledge Park,2.48,green,2.25,yes,yes,True,Jayadeva Hospital,0.68,0-3km,55,Krantivira Sangolli Rayanna (Bengaluru),8.08,33.97,81,104,43,12.9109539,77.5978198,7.86,,Karnataka,8,2022-05-10,2022-07-08,medium,J.P Nagar,boundary/administrative,J P Nagar,2022,2022-04-13
"Jagadish Nagar, Kaggadasapura",Bangalore,east,under_construction,Baiyappanahalli,yes,Bagmane Tech Park,1.68,purple,2.99,yes,no,False,Benniganahalli,1.94,0-3km,73,Krishnarajapuram,2.09,24.16,30,60,20,12.9819618,77.6784643,11.63,Kaggadasapura,Karnataka,1,2022-05-20,2022-05-20,high,Kaggadasapura,place/quarter,Kaggadasapura,2022,2022-04-13
Jakkur,Bangalore,north,none,Yeshwantpur,yes,Karle Town Centre,3.91,green,8.71,no,no,True,Yeshwantpur,8.71,3-6km,22,Yelahanka Junction,3.37,17.06,17,9,8,13.0784743,77.6068938,11.96,,Karnataka,2,2022-04-29,2022-07-06,high,Jakkur,place/suburb,Jakkur,2022,2022-04-13
"Jakkur Plantation, Jakkuru, Bellary Road",Bangalore,north,none,Yeshwantpur,yes,Karle Town Centre,4.7,green,8.48,no,no,True,Yeshwantpur,8.48,3-6km,12,Yelahanka Junction,2.49,17.28,23,31,15,13.0834599,77.5980019,12.22,Byatarayanapura,Karnataka,2,2022-05-16,2022-06-18,high,Jakkur Plantation,place/neighbourhood,Jakkur Plantation,2022,2022-04-13
Jalahalli East,Bangalore,north,none,Peenya,yes,Peenya Industrial Area,3.94,green,3.02,no,no,True,Peenya,3.02,3-6km,2,Lottegollahalli,2.22,23.28,30,12,5,13.0563751,77.5474998,9.23,Kuvempunagara,Karnataka,1,2022-06-21,2022-06-21,low,Allen Career Institute Jalahalli East,office/educational_institution,Jalahalli East,2022,2022-04-13
"Jalahalli, Jalahalli, Outer Ring Road",Bangalore,north,operational,Goraguntepalya,yes,Peenya Industrial Area,3.49,green,2.17,yes,yes,True,Goraguntepalya,2.17,3-6km,4,Lottegollahalli,1.63,23.97,28,10,10,13.0464531,77.5483803,8.14,Bengaluru,Karnataka,5,2022-05-05,2022-07-07,high,Jalahalli,place/suburb,Jalahalli,2022,2022-04-13
JAR Shikara,Bangalore,north,none,Baiyappanahalli,yes,Karle Town Centre,3.33,purple,9.49,no,no,True,Baiyappanahalli,9.49,3-6km,20,Yelahanka Junction,5.13,16.54,25,6,5,13.0717866,77.6247704,12.06,Jakkur,Karnataka,1,2022-06-08,2022-06-08,high,Dr. Shivaram Karanth Nagar,place/quarter,JAR Shikara,2022,2022-04-13
"Jaya Nagar Block 1, Jayanagar",Bangalore,south,operational,Jayanagar,yes,IBC Knowledge Park,2.19,green,0.25,yes,yes,True,Jayanagar,0.25,0-3km,49,Krantivira Sangolli Rayanna (Bengaluru),5.61,32.71,84,140,25,12.9292731,77.5824229,5.41,Tilak Nagara,Karnataka,1,2022-06-30,2022-06-30,high,Jayanagar,place/suburb,Jayanagar,2022,2022-04-13
Jaya Nagar Block 3,Bangalore,south,operational,Rashtreeya Vidyalaya Road,yes,IBC Knowledge Park,2.35,green,0.38,yes,yes,True,Rashtreeya Vidyalaya Road,0.38,0-3km,49,Krishnadevaraya Halt,6.29,33.41,87,134,33,12.9218801,77.5837308,6.24,Pattabhirama Nagara,Karnataka,1,2022-06-04,2022-06-04,medium,Jayanagara 38th Cross,highway/bus_stop,Jaya Nagar Block 3,2022,2022-04-13
"Jaya Nagar Block 5, Jayanagar",Bangalore,south,operational,Jayanagar,yes,IBC Knowledge Park,2.19,green,0.25,yes,yes,True,Jayanagar,0.25,0-3km,49,Krantivira Sangolli Rayanna (Bengaluru),5.61,32.71,84,140,25,12.9292731,77.5824229,5.41,Tilak Nagara,Karnataka,1,2022-05-23,2022-05-23,high,Jayanagar,place/suburb,Jayanagar,2022,2022-04-13
"Jaya Nagar Block 7, Jayanagar",Bangalore,south,operational,Jayanagar,yes,IBC Knowledge Park,2.19,green,0.25,yes,yes,True,Jayanagar,0.25,0-3km,49,Krantivira Sangolli Rayanna (Bengaluru),5.61,32.71,84,140,25,12.9292731,77.5824229,5.41,Tilak Nagara,Karnataka,1,2022-06-23,2022-06-23,high,Jayanagar,place/suburb,Jayanagar,2022,2022-04-13
"Jaya Nagar Block 8, Jayanagar",Bangalore,south,operational,Jayanagar,yes,IBC Knowledge Park,2.19,green,0.25,yes,yes,True,Jayanagar,0.25,0-3km,49,Krantivira Sangolli Rayanna (Bengaluru),5.61,32.71,84,140,25,12.9292731,77.5824229,5.41,Tilak Nagara,Karnataka,1,2022-05-12,2022-05-12,high,Jayanagar,place/suburb,Jayanagar,2022,2022-04-13
Jayanagar,Bangalore,south,operational,Jayanagar,yes,IBC Knowledge Park,2.19,green,0.25,yes,yes,True,Jayanagar,0.25,0-3km,49,Krantivira Sangolli Rayanna (Bengaluru),5.61,32.71,84,140,25,12.9292731,77.5824229,5.41,Tilak Nagara,Karnataka,2,2022-05-11,2022-06-04,high,Jayanagar,place/suburb,Jayanagar,2022,2022-04-13
"Jayanti Nagar, Hormavu",Bangalore,east,none,Baiyappanahalli,yes,RMZ Infinity Old Madras Road,3.71,purple,4.15,no,no,True,Benniganahalli,3.55,3-6km,17,Channasandra,1.74,19.58,35,57,21,13.0273312,77.6601508,11.15,,Karnataka,1,2022-04-29,2022-04-29,high,Horamavu,place/suburb,Hormavu,2022,2022-04-13
"Jeevan Bima Nagar, Airport Road",Bangalore,east,operational,Indiranagar,yes,Bagmane Tech Park,1.39,purple,2.29,yes,yes,True,Indiranagar,2.29,0-3km,77,Baiyyappanahalli Junction,2.66,26.1,51,85,43,12.9678074,77.6568367,9.32,Jeevan Bhimanagar,Karnataka,2,2022-06-06,2022-06-16,high,Jeevan Bhima Nagar,place/quarter,Jeevan Bima Nagar,2022,2022-04-13
"Jeevanhalli, Cox Town",Bangalore,east,operational,Halasuru,yes,RMZ Infinity Old Madras Road,3.98,purple,2.13,yes,yes,True,Halasuru,2.13,3-6km,65,Bengaluru East,0.87,24.18,48,47,23,12.9954832,77.6239259,6.07,Cox Town,Karnataka,1,2022-06-11,2022-06-11,high,Cox Town,place/quarter,Jeevanhalli Cox Town,2022,2022-04-13
Jnana Ganga Nagar,Bangalore,west,none,Jnanabharathi,yes,Global Village Tech Park,4.86,purple,3.96,no,no,True,Jnanabharathi,3.96,3-6km,3,Jnanabharati,3.89,35.39,17,13,5,12.961339,77.4873325,9.26,Ullal,Karnataka,1,2022-07-07,2022-07-07,low,Regional Transport Office - Jnanabharati,office/government,Jnana Ganga Nagar,2022,2022-04-13
Jogupalya,Bangalore,east,operational,Halasuru,yes,Embassy Golf Links,3.21,purple,0.25,yes,yes,True,Halasuru,0.25,3-6km,86,Sir M Visvesvaraya Terminal,3.12,26.19,78,99,32,12.9746882,77.628026,6.15,Jogpalya,Karnataka,1,2022-06-08,2022-06-08,high,Jogupalya,place/neighbourhood,Jogupalya,2022,2022-04-13
"Jp Nagar Phase 1, J P Nagar",Bangalore,south,operational,Banashankari,yes,IBC Knowledge Park,3.36,green,0.77,yes,yes,True,Banashankari,0.77,3-6km,37,Krishnadevaraya Halt,6.76,34.59,76,99,27,12.9119148,77.5798871,7.26,Shakambarinagara,Karnataka,3,2022-04-27,2022-05-18,high,JP Nagar 1st Phase,place/quarter,Jp Nagar Phase 1 J P Nagar,2022,2022-04-13
"Jp Nagar Phase 2, J P Nagar",Bangalore,south,operational,Rashtreeya Vidyalaya Road,yes,IBC Knowledge Park,2.66,green,1.56,yes,yes,True,Ragigudda,0.63,0-3km,48,Krishnadevaraya Halt,7.58,34.15,83,115,45,12.9118413,77.5905671,7.51,Marenahalli South,Karnataka,1,2022-06-23,2022-06-23,high,JP Nagar 2nd Phase,place/quarter,Jp Nagar Phase 2 J P Nagar,2022,2022-04-13
"Jp Nagar Phase 5, J P Nagar, Outer Ring Road",Bangalore,south,operational,Rashtreeya Vidyalaya Road,yes,IBC Knowledge Park,2.48,green,2.25,yes,yes,True,Jayadeva Hospital,0.68,0-3km,55,Krantivira Sangolli Rayanna (Bengaluru),8.08,33.97,81,104,43,12.9109539,77.5978198,7.86,,Karnataka,5,2022-04-28,2022-06-24,medium,J.P Nagar,boundary/administrative,J P Nagar,2022,2022-04-13
"Jp Nagar Phase 6, J P Nagar, Outer Ring Road",Bangalore,south,operational,Rashtreeya Vidyalaya Road,yes,IBC Knowledge Park,2.48,green,2.25,yes,yes,True,Jayadeva Hospital,0.68,0-3km,55,Krantivira Sangolli Rayanna (Bengaluru),8.08,33.97,81,104,43,12.9109539,77.5978198,7.86,,Karnataka,2,2022-05-14,2022-05-23,medium,J.P Nagar,boundary/administrative,J P Nagar,2022,2022-04-13
"Jp Nagar Phase 7, J P Nagar",Bangalore,south,operational,Rashtreeya Vidyalaya Road,yes,IBC Knowledge Park,2.48,green,2.25,yes,yes,True,Jayadeva Hospital,0.68,0-3km,55,Krantivira Sangolli Rayanna (Bengaluru),8.08,33.97,81,104,43,12.9109539,77.5978198,7.86,,Karnataka,11,2022-04-29,2022-07-08,medium,J.P Nagar,boundary/administrative,J P Nagar,2022,2022-04-13
"Jyothi Nagar, Dooravani Nagar",Bangalore,west,operational,Attiguppe,yes,Global Village Tech Park,5.01,purple,1.31,yes,yes,True,Attiguppe,1.31,3-6km,8,Krishnadevaraya Halt,1.85,33.18,33,74,12,12.9593821,77.5217937,5.7,Attigupe,Karnataka,1,2022-07-04,2022-07-04,medium,Jyothi Nagara,highway/bus_stop,Jyothi Nagar,2022,2022-04-13
K R Puram,Bangalore,east,under_construction,Baiyappanahalli,yes,RMZ Infinity Old Madras Road,4.11,purple,5.08,yes,no,False,Singayyanapalya,1.27,3-6km,33,Krishnarajapuram,2.35,21.16,38,61,9,13.007516,77.695935,13.93,K.R Pura,Karnataka,19,2022-05-05,2022-07-07,high,KR Puram,place/suburb,K R Puram,2022,2022-04-13
Kacharakanahalli,Bangalore,north,none,Baiyappanahalli,yes,Manyata Tech Park,2.42,purple,4.14,no,no,True,Baiyappanahalli,4.14,0-3km,22,Banaswadi,1.78,21.2,47,65,20,13.0215678,77.6309556,8.16,Kacharakanahalli,Karnataka,1,2022-05-10,2022-05-10,high,Kacharakanahalli,place/neighbourhood,Kacharakanahalli,2022,2022-04-13
Kachohalli,Bangalore,west,none,Nagasandra,no,Peenya Industrial Area,6.56,green,6.28,no,no,True,Chikkabidarakallu,6.16,6km+,0,Jnanabharati,8.45,33.74,7,1,3,12.9997576,77.4699806,11.27,,Karnataka,1,2022-05-31,2022-05-31,high,Kachohalli,place/village,Kachohalli,2022,2022-04-13
Kadabagere,Bangalore,west,none,Nagasandra,no,Peenya Industrial Area,10.15,green,9.21,no,no,True,Madavara,7.98,6km+,0,Kengeri,10.37,37.05,0,0,1,12.9968992,77.4332254,15.13,Kadabageri,Karnataka,1,2022-05-31,2022-05-31,medium,Kadabagere,highway/bus_stop,Kadabagere,2022,2022-04-13
Kadugodi,Bangalore,east,under_construction,Baiyappanahalli,yes,ITPL Whitefield,2.96,purple,11.8,yes,no,False,Whitefield (Kadugodi),0.45,0-3km,18,Whitefield,0.25,22.91,17,7,4,12.9985767,77.7609716,20.69,,Karnataka,2,2022-05-05,2022-06-08,high,Kadugodi,place/suburb,Kadugodi,2022,2022-04-13
Kadugodi Pattalamma Layout,Bangalore,east,under_construction,Baiyappanahalli,yes,ITPL Whitefield,1.97,purple,11.24,yes,no,False,Hopefarm Channasandra,0.36,0-3km,31,Whitefield,1.41,24.26,26,14,8,12.9848621,77.7559192,20.02,Kadugodi,Karnataka,1,2022-05-08,2022-05-08,high,Maithri Layout,place/neighbourhood,Kadugodi Pattalamma Layout,2022,2022-04-13
"Kadugondanahalli, Kadugondanahalli",Bangalore,north,none,Swami Vivekananda Road,yes,Manyata Tech Park,2.3,purple,4.62,no,no,True,Swami Vivekananda Road,4.62,0-3km,25,Banaswadi,1.8,21.7,35,48,19,13.0207029,77.6215464,7.32,K.G.Halli,Karnataka,1,2022-05-23,2022-05-23,high,Kadugondanahalli,place/quarter,Kadugondanahalli Kadugondanahalli,2022,2022-04-13
"Kaggadasapura, Indira nagar",Bangalore,east,operational,Indiranagar,yes,Bagmane Tech Park,2.54,purple,0.59,yes,yes,True,Indiranagar,0.59,0-3km,81,Baiyyappanahalli Junction,2.34,25.94,88,124,40,12.9732913,77.6404672,7.5,,Karnataka,8,2022-05-05,2022-07-06,high,Indiranagar,place/suburb,Indira nagar,2022,2022-04-13
"Kalasipalyam, Kalasipalyam",Bangalore,west,operational,Krishna Rajendra Market,yes,IBC Knowledge Park,3.95,green,0.38,yes,yes,True,Krishna Rajendra Market,0.38,3-6km,64,Krantivira Sangolli Rayanna (Bengaluru),2.36,30.09,81,117,18,12.958189,77.5768148,2.14,D.V Gundappa Ward,Karnataka,1,2022-06-20,2022-06-20,high,Kalasipalyam,place/quarter,Kalasipalyam Kalasipalyam,2022,2022-04-13
Kalkere,Bangalore,east,none,Baiyappanahalli,yes,RMZ Infinity Old Madras Road,4.79,purple,5.45,no,no,True,Krishnarajapura,3.93,3-6km,3,Channasandra,2.84,18.41,25,14,9,13.0350897,77.6738079,12.86,Kalkere,Karnataka,1,2022-06-10,2022-06-10,high,Kalkere,place/neighbourhood,Kalkere,2022,2022-04-13
Kalyan Nagar,Bangalore,north,none,Baiyappanahalli,yes,Manyata Tech Park,2.94,purple,3.72,no,no,True,Baiyappanahalli,3.72,0-3km,27,Banaswadi,2.24,20.77,56,80,28,13.0221416,77.6403368,9.03,Kalyanagar,Karnataka,1,2022-04-29,2022-04-29,high,Kalyan Nagar,place/suburb,Kalyan Nagar,2022,2022-04-13
Kamala Nagar,Bangalore,west,operational,Rajajinagar,yes,Peenya Industrial Area,4.6,green,2.09,yes,yes,True,Rajajinagar,2.09,3-6km,7,Malleswaram,3.56,29.38,34,43,10,12.9959683,77.5309876,4.87,Shankar Mutt,Karnataka,3,2022-05-10,2022-05-19,medium,Kamala Nagar Market,highway/bus_stop,Kamala Nagar,2022,2022-04-13
"Kammagondahalli, Jalahalli",Bangalore,north,operational,Goraguntepalya,yes,Peenya Industrial Area,3.49,green,2.17,yes,yes,True,Goraguntepalya,2.17,3-6km,4,Lottegollahalli,1.63,23.97,28,10,10,13.0464531,77.5483803,8.14,Bengaluru,Karnataka,1,2022-06-24,2022-06-24,high,Jalahalli,place/suburb,Jalahalli,2022,2022-04-13
Kammanahalli,Bangalore,north,none,Baiyappanahalli,yes,RMZ Infinity Old Madras Road,3.36,purple,3.09,no,no,True,Baiyappanahalli,3.09,3-6km,30,Banaswadi,1.48,21.61,47,74,29,13.0148544,77.6382029,8.4,HRBR Layout,Karnataka,3,2022-05-19,2022-06-04,high,Kammanahalli,place/suburb,Kammanahalli,2022,2022-04-13
Kanakapura Road,Bangalore,south,operational,South End Circle,yes,IBC Knowledge Park,2.96,green,0.53,yes,yes,True,South End Circle,0.53,0-3km,43,Krishnadevaraya Halt,4.58,32.25,90,153,27,12.9370753,77.5753487,4.43,Yediyuru,Karnataka,8,2022-06-02,2022-07-07,low,Kanakapura Road,highway/primary,Kanakapura Road,2022,2022-04-13
Kannur,Bangalore,north,none,Baiyappanahalli,no,Manyata Tech Park,6.66,purple,11.29,no,no,True,Krishnarajapura,10.59,6km+,0,Yelahanka Junction,6.86,13.0,13,1,2,13.0923253,77.6538971,15.66,,Karnataka,1,2022-05-23,2022-05-23,high,Kannuru,place/village,Kannur,2022,2022-04-13
Karihobanahalli,Bangalore,west,none,Nagasandra,yes,Peenya Industrial Area,3.61,green,2.94,no,no,True,Manjunathanagara,2.91,3-6km,0,Chikka Banavara,5.89,30.56,7,4,1,13.0250536,77.4865981,10.64,Dodda Bidarakallu,Karnataka,1,2022-06-07,2022-06-07,medium,Kari Obanahalli,highway/bus_stop,Karihobanahalli,2022,2022-04-13
Kasturi Nagar,Bangalore,east,operational,Baiyappanahalli,yes,RMZ Infinity Old Madras Road,1.17,purple,1.75,yes,yes,True,Benniganahalli,1.25,0-3km,21,Channasandra,0.86,22.04,30,62,27,13.0044979,77.6603231,10.13,Kasturi Nagar,Karnataka,1,2022-05-23,2022-05-23,high,Kasturi Nagar,place/quarter,Kasturi Nagar,2022,2022-04-13
"Kattigenahalli, Bellary Road",Bangalore,north,none,Yeshwantpur,no,Karle Town Centre,8.32,green,13.37,no,no,True,Yeshwantpur,13.37,6km+,3,Yelahanka Junction,3.97,12.41,20,20,3,13.1177735,77.6261222,16.77,,Karnataka,4,2022-05-22,2022-07-04,high,Kattigenahalli,place/village,Kattigenahalli,2022,2022-04-13
Kempapura Agrahara,Bangalore,west,operational,Magadi Road,no,IBC Knowledge Park,6.6,purple,0.56,yes,yes,True,Magadi Road,0.56,6km+,24,Krantivira Sangolli Rayanna (Bengaluru),1.75,30.07,46,113,19,12.9706228,77.5553763,1.85,Sangolli Rayanna Ward,Karnataka,1,2022-05-23,2022-05-23,high,Kempapura Agrahara,place/suburb,Kempapura Agrahara,2022,2022-04-13
Kengeri,Bangalore,west,operational,Kengeri Bus Terminal,yes,Global Village Tech Park,1.77,purple,1.0,yes,yes,True,Kengeri Bus Terminal,1.0,0-3km,3,Kengeri,0.59,38.86,23,12,2,12.9229728,77.4842926,11.16,,Karnataka,4,2022-05-07,2022-06-26,high,Kengeri,place/suburb,Kengeri,2022,2022-04-13
Kengeri Hobli,Bangalore,west,none,Kengeri,no,Global Village Tech Park,6.73,purple,4.34,no,no,True,Challaghatta,3.46,6km+,1,Kengeri,4.94,42.47,7,0,0,12.9188323,77.4381532,15.8,Nadaprabhu Kempegowda Layout,Karnataka,2,2022-05-14,2022-06-15,low,IIHS Kengeri Experimental Building,building/college,Kengeri Hobli,2022,2022-04-13
Kengeri Main Road,Bangalore,west,none,Vijayanagar,yes,Peenya Industrial Area,5.31,purple,3.32,no,no,True,Vijayanagar,3.32,3-6km,4,Krishnadevaraya Halt,4.43,31.37,18,20,2,12.9880251,77.5122685,6.52,Kottegepalya,Karnataka,1,2022-06-23,2022-06-23,low,Kengeri Main Road,highway/primary,Kengeri Main Road,2022,2022-04-13
Kengeri Satellite Town,Bangalore,west,operational,Kengeri Bus Terminal,yes,Global Village Tech Park,1.72,purple,1.07,yes,yes,True,Kengeri Bus Terminal,1.07,0-3km,3,Kengeri,0.71,38.73,24,12,3,12.9239162,77.4850018,11.04,Kengeri,Karnataka,1,2022-06-04,2022-06-04,medium,Kengeri Satellite Town,highway/bus_stop,Kengeri Satellite Town,2022,2022-04-13
Kengeri Upanagara,Bangalore,west,operational,Kengeri,yes,Global Village Tech Park,2.54,purple,1.32,yes,yes,True,Kengeri,1.32,0-3km,2,Kengeri,0.79,39.64,11,8,2,12.9198409,77.4767902,12.04,Kengal Hanumanthaiah West,Karnataka,1,2022-05-16,2022-05-16,medium,Kengeri Bande Mata,highway/bus_stop,Kengeri Upanagara,2022,2022-04-13
"Kereguddadahalli, chikkabanavara Bangalore",Bangalore,north,none,Nagasandra,yes,Peenya Industrial Area,4.89,green,3.91,no,no,True,Nagasandra,3.91,3-6km,0,Chikka Banavara,1.26,24.42,10,5,1,13.0794128,77.5162181,12.89,Chikka Banavara,Karnataka,1,2022-05-27,2022-05-27,high,Kere Guddadahalli,place/locality,Kereguddadahalli,2022,2022-04-13
Kithiganur,Bangalore,east,none,Baiyappanahalli,no,ITPL Whitefield,6.48,purple,8.17,no,no,True,Garudacharpalya,4.89,6km+,3,Hoodi,4.63,17.89,21,2,0,13.0367865,77.7111553,16.56,,Karnataka,1,2022-05-19,2022-05-19,medium,Kitthaganur,boundary/administrative,Kithiganur,2022,2022-04-13
Kodi Halli,Bangalore,west,none,Pattanagere,no,Global Village Tech Park,7.46,purple,6.9,no,no,True,Pattanagere,6.9,6km+,1,Jnanabharati,6.82,35.8,12,5,3,12.9772628,77.4652831,11.49,Byadarahalli,Karnataka,3,2022-05-20,2022-06-04,medium,Yale Kodigehalli,highway/bus_stop,Kodi Halli,2022,2022-04-13
Kodichikkanahalli Main Road,Bangalore,south,none,Jaya Prakash Nagar,yes,IBC Knowledge Park,4.49,green,4.36,no,no,True,Hongasandra,2.51,3-6km,47,Krantivira Sangolli Rayanna (Bengaluru),10.44,35.4,57,36,33,12.8931978,77.6105788,10.21,Vijaya Bank Layout,Karnataka,1,2022-05-25,2022-05-25,low,Kodichikkanahalli Main Road,highway/tertiary,Kodichikkanahalli Main Road,2022,2022-04-13
Kodigehalli,Bangalore,north,none,Yeshwantpur,yes,Karle Town Centre,4.36,green,5.03,no,no,True,Yeshwantpur,5.03,3-6km,9,Kodigehalli,0.34,20.74,25,28,16,13.0601125,77.5767725,9.29,Byatarayanapura,Karnataka,2,2022-05-10,2022-05-25,high,Kodigehalli,place/quarter,Kodigehalli,2022,2022-04-13
Kodigenahalli,Bangalore,north,none,Yeshwantpur,yes,Karle Town Centre,4.36,green,5.03,no,no,True,Yeshwantpur,5.03,3-6km,9,Kodigehalli,0.34,20.74,25,28,16,13.0601125,77.5767725,9.29,Byatarayanapura,Karnataka,2,2022-06-04,2022-06-09,high,Kodigehalli,place/quarter,Kodigenahalli,2022,2022-04-13
Kogilu,Bangalore,north,none,Yeshwantpur,no,Karle Town Centre,6.69,green,11.53,no,no,True,Yeshwantpur,11.53,6km+,6,Yelahanka Junction,2.7,14.22,17,19,1,13.103973,77.6167721,14.98,Kogilu,Karnataka,1,2022-07-07,2022-07-07,high,Kogilu,place/quarter,Kogilu,2022,2022-04-13
Konanakunte,Bangalore,south,operational,Konanakunte Cross,no,IBC Knowledge Park,6.92,green,1.32,yes,yes,True,Konanakunte Cross,1.32,6km+,13,Nayandahalli,8.68,38.36,47,12,23,12.8792861,77.5697529,10.83,Harinagar,Karnataka,2,2022-04-29,2022-05-04,high,Konanakunte,place/suburb,Konanakunte,2022,2022-04-13
"Konappana Agrahara, Electronic City",Bangalore,south,under_construction,Yelachenahalli,yes,Electronic City,0.5,green,11.66,yes,no,False,Electronic City,0.65,0-3km,11,Huskuru,4.65,38.55,26,18,6,12.8528618,77.668169,17.32,Electronic City,Karnataka,1,2022-07-07,2022-07-07,high,Konappana Agrahara,place/neighbourhood,Konappana Agrahara Electronic City,2022,2022-04-13
Koramangala,Bangalore,south,under_construction,Trinity,yes,IBC Knowledge Park,2.38,purple,4.22,yes,no,False,Central Silk Board,2.16,0-3km,105,Baiyyappanahalli Junction,6.86,30.45,81,61,36,12.9357366,77.624081,7.31,Sri Lakshmi Devi Ward,Karnataka,9,2022-05-05,2022-07-09,high,Koramangala,place/suburb,Koramangala,2022,2022-04-13
Koramangala 8Th Block,Bangalore,south,none,Trinity,yes,IBC Knowledge Park,1.86,purple,3.58,no,no,True,Central Silk Board,2.72,0-3km,108,Bangalore Cantonment,6.24,30.13,99,63,30,12.9408685,77.617338,6.38,A Adugodi,Karnataka,1,2022-05-21,2022-05-21,high,Koramangala 8th Block,place/neighbourhood,Koramangala 8Th Block,2022,2022-04-13
Koramangala Block 1,Bangalore,south,under_construction,Trinity,yes,Embassy Golf Links,2.72,purple,5.32,yes,no,False,Central Silk Board,1.81,0-3km,83,Baiyyappanahalli Junction,7.35,31.04,67,70,35,12.9277245,77.6327822,8.61,Kormangala East,Karnataka,1,2022-06-12,2022-06-12,high,Koramangala 1st Block,place/neighbourhood,Koramangala Block 1,2022,2022-04-13
Koramangala Block 3,Bangalore,south,under_construction,Jayanagar,yes,IBC Knowledge Park,2.55,green,4.91,yes,no,False,Central Silk Board,1.4,0-3km,84,Baiyyappanahalli Junction,7.55,31.2,82,78,44,12.9282918,77.6254034,7.96,Kormangala East,Karnataka,1,2022-06-02,2022-06-02,high,Koramangala 3rd Block,place/neighbourhood,Koramangala Block 3,2022,2022-04-13
Koramangala Block 4,Bangalore,south,under_construction,Trinity,yes,Embassy Golf Links,2.43,purple,4.67,yes,no,False,Central Silk Board,2.04,0-3km,102,Baiyyappanahalli Junction,6.93,30.6,62,60,33,12.9327778,77.6294052,7.97,Kormangala East,Karnataka,2,2022-06-12,2022-07-06,high,Koramangala 4th Block,place/neighbourhood,Koramangala Block 4,2022,2022-04-13
Kothanur,Bangalore,north,none,Baiyappanahalli,yes,Manyata Tech Park,3.74,purple,7.86,no,no,True,Krishnarajapura,7.49,3-6km,16,Channasandra,5.69,16.35,37,6,9,13.0613601,77.6493895,12.66,K Narayanapura,Karnataka,2,2022-04-29,2022-05-12,high,Kothanur,place/quarter,Kothanur,2022,2022-04-13
"Kr Garden-Murugeshpalya, Murugeshpalya, Airport Road",Bangalore,east,none,Indiranagar,yes,Embassy Golf Links,1.7,purple,3.21,no,no,True,Indiranagar,3.21,0-3km,122,Baiyyappanahalli Junction,3.95,27.36,37,44,27,12.9561284,77.6575713,9.62,Konena Agrahara,Karnataka,1,2022-07-09,2022-07-09,high,Murugeshpalaya,place/quarter,Murugeshpalya,2022,2022-04-13
Krishna Reddy Layout -Domlur,Bangalore,east,operational,Indiranagar,yes,Embassy Golf Links,0.96,purple,2.46,yes,yes,True,Indiranagar,2.46,0-3km,102,Baiyyappanahalli Junction,4.2,27.86,49,60,26,12.9562218,77.6371896,7.49,Domluru,Karnataka,1,2022-06-16,2022-06-16,high,Krishna Reddy Colony,place/neighbourhood,Krishna Reddy Layout -Domlur,2022,2022-04-13
Kudlu,Bangalore,south,under_construction,Rashtreeya Vidyalaya Road,yes,Electronic City,4.48,green,8.94,yes,no,False,Singasandra,1.47,3-6km,35,Carmelaram,5.82,34.76,24,15,12,12.8889126,77.6555716,13.37,,Karnataka,1,2022-06-08,2022-06-08,high,Kudlu,place/suburb,Kudlu,2022,2022-04-13
Kudlu Gate,Bangalore,south,under_construction,Rashtreeya Vidyalaya Road,yes,Electronic City,5.28,green,7.3,yes,no,False,Kudlu Gate,0.0,3-6km,32,Carmelaram,7.48,34.97,47,17,11,12.8899259,77.6392156,12.14,Garvebavi Palya,Karnataka,2,2022-06-16,2022-06-23,medium,Kudlu Gate,railway/station,Kudlu Gate,2022,2022-04-13
"Kumaraswamy Layout, Kumaraswamy Layout",Bangalore,south,operational,Jaya Prakash Nagar,yes,IBC Knowledge Park,5.47,green,1.48,yes,yes,True,Jaya Prakash Nagar,1.48,3-6km,24,Nayandahalli,5.66,36.03,39,50,16,12.9067683,77.5595021,7.88,Gowdanapalya,Karnataka,1,2022-06-23,2022-06-23,high,Kumaraswamy Layout,place/quarter,Kumaraswamy Layout Kumaraswamy Layout,2022,2022-04-13
Kyalasanahalli,Bangalore,north,none,Baiyappanahalli,yes,Manyata Tech Park,4.39,purple,7.34,no,no,True,Krishnarajapura,6.6,3-6km,16,Channasandra,4.98,16.5,32,3,7,13.0564575,77.6591321,13.01,Dodda Gubbi,Karnataka,1,2022-06-29,2022-06-29,high,Kyalasanahalli,place/village,Kyalasanahalli,2022,2022-04-13
Laggere,Bangalore,west,none,Peenya,yes,Peenya Industrial Area,2.75,green,2.81,no,no,True,Peenya,2.81,0-3km,5,Yesvantpur Junction,3.56,28.89,7,12,0,13.0108677,77.5207301,6.67,Bengaluru,Karnataka,2,2022-05-23,2022-06-20,high,Laggere,place/suburb,Laggere,2022,2022-04-13
"Lakkasandra, Wilson Garden, bannerghatta main road",Bangalore,south,operational,Lalbagh,yes,IBC Knowledge Park,1.89,green,1.84,yes,yes,True,Lalbagh,1.84,0-3km,81,Krantivira Sangolli Rayanna (Bengaluru),4.39,30.08,95,95,17,12.9489339,77.5968273,4.15,Hombegowda Nagara,Karnataka,1,2022-05-16,2022-05-16,high,Wilson Garden,place/quarter,Wilson Garden,2022,2022-04-13
Lakshmipura,Bangalore,west,none,Nagasandra,no,Peenya Industrial Area,6.07,green,4.28,no,no,True,Madavara,2.53,6km+,0,Chikka Banavara,6.29,31.89,2,0,0,13.0371838,77.462165,13.6,,Karnataka,1,2022-06-14,2022-06-14,high,Lakshmipura,place/village,Lakshmipura,2022,2022-04-13
Langford Gardens,Bangalore,south,operational,Mahatma Gandhi Road,yes,IBC Knowledge Park,3.41,purple,1.67,yes,yes,True,Mahatma Gandhi Road,1.67,3-6km,71,Bangalore Cantonment,3.39,28.58,99,67,37,12.9631709,77.598018,3.26,Shanthinagar,Karnataka,1,2022-06-30,2022-06-30,high,Langford Gardens,place/neighbourhood,Langford Gardens,2022,2022-04-13
"Langford Town, Shanti Nagar, Hosur Road",Bangalore,south,operational,Lalbagh,yes,IBC Knowledge Park,2.75,green,1.68,yes,yes,True,Lalbagh,1.68,0-3km,75,Krantivira Sangolli Rayanna (Bengaluru),3.53,29.6,91,95,18,12.9555367,77.5924278,3.28,Hombegowda Nagara,Karnataka,1,2022-05-27,2022-05-27,high,Shanti Nagar,place/suburb,Shanti Nagar,2022,2022-04-13
Lavelle Road,Bangalore,west,operational,Cubbon Park,yes,IBC Knowledge Park,4.7,purple,0.71,yes,yes,True,Cubbon Park,0.71,3-6km,61,Bangalore Cantonment,2.09,27.31,111,67,46,12.9749693,77.5997312,3.09,Ashokanagar,Karnataka,2,2022-06-29,2022-06-30,low,Lavelle Road,highway/tertiary,Lavelle Road,2022,2022-04-13
"Laxminarayana Layout, Munnekollal",Bangalore,east,none,Baiyappanahalli,yes,Prestige Tech Park ORR,1.76,purple,7.76,no,no,True,Kundalahalli,3.36,0-3km,88,Belandur Road,1.08,27.74,28,46,38,12.9480839,77.7090175,15.26,Munnenkolalu,Karnataka,1,2022-06-30,2022-06-30,high,Munekolala,place/quarter,Munnekollal,2022,2022-04-13
"Lingarajapuram, Lingarajapuram, Hennur Main Road",Bangalore,north,none,Swami Vivekananda Road,yes,Manyata Tech Park,3.6,purple,3.26,no,no,True,Swami Vivekananda Road,3.26,3-6km,56,Banaswadi,0.42,22.63,30,58,26,13.0093949,77.6267881,7.03,Maruthi Seva Nagara,Karnataka,1,2022-06-23,2022-06-23,high,Lingarajapuram,place/suburb,Lingarajapuram,2022,2022-04-13
"M C Layout, Vijayanagar, Magadi Road",Bangalore,west,operational,Vijayanagar,no,Global Village Tech Park,7.08,purple,0.32,yes,yes,True,Vijayanagar,0.32,6km+,11,Krishnadevaraya Halt,1.76,31.07,43,141,25,12.9730957,77.5353937,3.91,Dr. Vishnuvardhan Ward,Karnataka,1,2022-07-01,2022-07-01,high,M C Layout,place/neighbourhood,M C Layout,2022,2022-04-13
Madanayakahalli,Bangalore,west,under_construction,Nagasandra,no,Peenya Industrial Area,6.68,green,4.37,yes,no,False,Madavara,1.24,6km+,0,Soladevanahalli,4.71,30.64,3,0,1,13.0592472,77.4615112,15.02,,Karnataka,1,2022-05-27,2022-05-27,high,Madanayakanahalli,place/village,Madanayakahalli,2022,2022-04-13
Magadi Road,Bangalore,west,operational,Magadi Road,no,IBC Knowledge Park,6.97,purple,0.0,yes,yes,True,Magadi Road,0.0,6km+,20,Krantivira Sangolli Rayanna (Bengaluru),1.56,29.6,58,108,18,12.9756527,77.5553548,1.73,Gopalpura,Karnataka,1,2022-05-14,2022-05-14,medium,Magadi Road,railway/stop,Magadi Road,2022,2022-04-13
Mahadevapura,Bangalore,east,under_construction,Baiyappanahalli,yes,RMZ Infinity Old Madras Road,3.17,purple,4.05,yes,no,False,Singayyanapalya,0.67,3-6km,53,Krishnarajapuram,1.86,23.01,23,49,10,12.9912395,77.6897334,12.93,,Karnataka,13,2022-05-20,2022-07-06,high,Mahadevapura,place/suburb,Mahadevapura,2022,2022-04-13
Mahatma Gandhi Road,Bangalore,south,operational,Mahatma Gandhi Road,yes,IBC Knowledge Park,4.78,purple,0.0,yes,yes,True,Mahatma Gandhi Road,0.0,3-6km,86,Bangalore Cantonment,2.23,26.94,86,60,48,12.9755264,77.6067902,3.85,Ashokanagar,Karnataka,2,2022-05-31,2022-06-16,medium,Mahatma Gandhi Road,railway/station,Mahatma Gandhi Road,2022,2022-04-13
Mailasandar,Bangalore,west,operational,Kengeri Bus Terminal,yes,Global Village Tech Park,0.85,purple,0.6,yes,yes,True,Kengeri Bus Terminal,0.6,0-3km,2,Kengeri,1.04,38.9,30,12,3,12.915939,77.4932278,10.83,,Karnataka,1,2022-05-19,2022-05-19,high,Mailasandra,place/village,Mailasandar,2022,2022-04-13
"Mallasandra, Jalahalli West",Bangalore,west,none,Nagasandra,no,Peenya Industrial Area,13.9,green,12.51,no,no,True,Madavara,10.44,6km+,0,Nelamangala,12.13,40.12,0,0,0,13.003125,77.3942408,19.41,,Karnataka,2,2022-05-14,2022-05-27,high,Mallasandra,place/village,Mallasandra,2022,2022-04-13
"Mallathahalli, Outer Ring Road",Bangalore,west,none,Attiguppe,yes,Global Village Tech Park,4.8,purple,3.02,no,no,True,Attiguppe,3.02,3-6km,3,Nayandahalli,2.88,34.0,28,35,8,12.9623214,77.5057232,7.28,Vinayaka Layout,Karnataka,2,2022-05-15,2022-06-04,high,Mallathahalli,place/quarter,Mallathahalli,2022,2022-04-13
"Malleshpalya, Kaggadasapura",Bangalore,east,under_construction,Baiyappanahalli,yes,Bagmane Tech Park,1.68,purple,2.99,yes,no,False,Benniganahalli,1.94,0-3km,73,Krishnarajapuram,2.09,24.16,30,60,20,12.9819618,77.6784643,11.63,Kaggadasapura,Karnataka,2,2022-05-31,2022-07-04,high,Kaggadasapura,place/quarter,Kaggadasapura,2022,2022-04-13
Malleshwaram,Bangalore,west,operational,Srirampura,no,Karle Town Centre,6.54,green,1.04,yes,yes,True,Srirampura,1.04,6km+,16,Malleswaram,0.78,26.19,97,99,31,13.0027353,77.5703253,2.9,Malleshwaram,Karnataka,3,2022-06-20,2022-07-09,high,Malleswaram,place/suburb,Malleshwaram,2022,2022-04-13
Manayata Tech Park,Bangalore,north,none,Baiyappanahalli,yes,Manyata Tech Park,0.77,purple,7.24,no,no,True,Baiyappanahalli,7.24,0-3km,20,Hebbal,3.83,18.99,22,17,3,13.0482891,77.6211004,9.62,,Karnataka,1,2022-04-29,2022-04-29,low,Manyata Tech Park,landuse/commercial,Manayata Tech Park,2022,2022-04-13
"Mangammanapalya, Hosur Road",Bangalore,south,under_construction,Rashtreeya Vidyalaya Road,yes,IBC Knowledge Park,4.43,green,5.92,yes,no,False,Hongasandra,0.46,3-6km,54,Carmelaram,7.96,33.42,67,53,28,12.905811,77.6323745,10.29,HSR Layout,Karnataka,1,2022-05-23,2022-05-23,high,Mangamannapalya,place/neighbourhood,Mangammanapalya,2022,2022-04-13
"Manyata Residency, Thanisandra",Bangalore,north,none,Baiyappanahalli,yes,Manyata Tech Park,1.99,purple,7.39,no,no,True,Baiyappanahalli,7.39,0-3km,19,Hebbal,5.34,17.71,31,10,12,13.054713,77.6339258,11.01,Thanisandra,Karnataka,1,2022-06-25,2022-06-25,high,Thanisandra,place/quarter,Thanisandra,2022,2022-04-13
Marathahalli,Bangalore,east,none,Baiyappanahalli,yes,Prestige Tech Park ORR,1.45,purple,6.36,no,no,True,Seetharampalya,3.06,0-3km,96,Belandur Road,2.08,26.96,27,31,41,12.9552572,77.6984163,13.98,,Karnataka,5,2022-05-23,2022-07-04,high,Marathahalli,place/suburb,Marathahalli,2022,2022-04-13
Marathahalli-Sarjapur Outer Ring Road,Bangalore,east,none,Baiyappanahalli,yes,Prestige Tech Park ORR,1.59,purple,6.55,no,no,True,Kundalahalli,2.93,0-3km,92,Belandur Road,2.01,26.92,26,38,46,12.955512,77.7008184,14.23,Marathahalli,Karnataka,1,2022-06-08,2022-06-08,low,Marathahalli Underpass,highway/trunk,Marathahalli-Sarjapur Outer Ring Road,2022,2022-04-13
Margondanahalli,Bangalore,east,none,Baiyappanahalli,yes,RMZ Infinity Old Madras Road,5.97,purple,6.8,no,no,True,Krishnarajapura,4.5,3-6km,3,Channasandra,4.33,17.85,23,9,1,13.0375814,77.6927879,14.8,Maragondanahalli,Karnataka,1,2022-07-04,2022-07-04,high,Maragondanahalli,place/neighbourhood,Margondanahalli,2022,2022-04-13
"Maruthi Extesnion, Rajajinagar",Bangalore,west,operational,Mahakavi Kuvempu Road,no,Peenya Industrial Area,6.59,green,1.17,yes,yes,True,Mahakavi Kuvempu Road,1.17,6km+,15,Malleswaram,1.66,28.47,77,132,24,12.9882338,77.554883,2.19,Rajajinagara,Karnataka,1,2022-06-29,2022-06-29,high,Rajajinagar,place/suburb,Rajajinagar,2022,2022-04-13
"Maruthi Nagar-Kaggadasapura, Kaggadasapura",Bangalore,east,under_construction,Baiyappanahalli,yes,Bagmane Tech Park,1.68,purple,2.99,yes,no,False,Benniganahalli,1.94,0-3km,73,Krishnarajapuram,2.09,24.16,30,60,20,12.9819618,77.6784643,11.63,Kaggadasapura,Karnataka,1,2022-05-23,2022-05-23,high,Kaggadasapura,place/quarter,Kaggadasapura,2022,2022-04-13
"Maruthi Nagar-Yelahanka, Yelahanka",Bangalore,north,none,Yeshwantpur,no,Karle Town Centre,6.58,green,9.97,no,no,True,Yeshwantpur,9.97,6km+,7,Yelahanka Junction,0.68,16.05,30,52,10,13.1006982,77.5963454,14.05,Yelahanka Old Town,Karnataka,1,2022-05-12,2022-05-12,high,Yelahanka,place/suburb,Yelahanka,2022,2022-04-13
Maruthi Sevanagar,Bangalore,east,operational,Swami Vivekananda Road,yes,RMZ Infinity Old Madras Road,2.98,purple,2.17,yes,yes,True,Swami Vivekananda Road,2.17,0-3km,60,Banaswadi,0.78,23.02,25,44,19,13.0027048,77.6346165,7.44,Jeevanahalli,Karnataka,5,2022-05-04,2022-06-20,medium,Maruthi Sevanagar,highway/bus_stop,Maruthi Sevanagar,2022,2022-04-13
"Marutinagar,",Bangalore,east,none,Baiyappanahalli,yes,Bagmane Tech Park,1.4,purple,3.1,no,no,True,Benniganahalli,2.55,0-3km,97,Krishnarajapuram,2.88,25.01,28,47,17,12.9746062,77.6756305,11.31,G.M Palya,Karnataka,1,2022-06-01,2022-06-01,high,Maruthi Nagar,place/neighbourhood,Marutinagar,2022,2022-04-13
Mathikere,Bangalore,north,operational,Yeshwantpur,yes,Peenya Industrial Area,4.34,green,1.44,yes,yes,True,Yeshwantpur,1.44,3-6km,7,Lottegollahalli,1.24,24.3,48,26,18,13.0333587,77.5581786,6.46,Brundavana Nagara,Karnataka,7,2022-05-11,2022-06-20,high,Mathikere,place/suburb,Mathikere,2022,2022-04-13
Mavalli,Bangalore,south,operational,Lalbagh,yes,IBC Knowledge Park,3.14,green,0.73,yes,yes,True,Lalbagh,0.73,3-6km,70,Krantivira Sangolli Rayanna (Bengaluru),3.12,30.36,89,145,19,12.9528478,77.5819643,2.89,Ashoka Pillar,Karnataka,1,2022-05-05,2022-05-05,high,Mavalli,place/neighbourhood,Mavalli,2022,2022-04-13
"Mcechs Layout, Jakkuru",Bangalore,north,none,Yeshwantpur,yes,Karle Town Centre,3.19,green,8.96,no,no,True,Yeshwantpur,8.96,3-6km,21,Kodigehalli,4.4,17.04,18,8,4,13.0725802,77.6152451,11.68,Jakkur,Karnataka,1,2022-06-12,2022-06-12,high,MCECHS Layout,place/neighbourhood,Mcechs Layout Jakkuru,2022,2022-04-13
Medahalli,Bangalore,east,none,Baiyappanahalli,yes,ITPL Whitefield,5.15,purple,8.47,no,no,True,Garudacharpalya,4.24,3-6km,7,Hoodi,3.55,18.94,17,4,0,13.0278454,77.7206079,17.15,,Karnataka,2,2022-06-23,2022-07-04,high,Medahalli,place/village,Medahalli,2022,2022-04-13
Meenakshi Layout Hosa Road,Bangalore,west,operational,Nagasandra,yes,Peenya Industrial Area,4.33,green,2.1,yes,yes,True,Chikkabidarakallu,1.54,3-6km,0,Chikka Banavara,1.74,27.4,17,7,1,13.065434,77.4927168,13.03,Bagalagunte,Karnataka,1,2022-05-24,2022-05-24,medium,Meenakshi Layout,highway/bus_stop,Meenakshi Layout Hosa Road,2022,2022-04-13
"Meenakshi Layout, Kengeri",Bangalore,west,operational,Kengeri Bus Terminal,yes,Global Village Tech Park,1.77,purple,1.0,yes,yes,True,Kengeri Bus Terminal,1.0,0-3km,3,Kengeri,0.59,38.86,23,12,2,12.9229728,77.4842926,11.16,,Karnataka,1,2022-06-20,2022-06-20,high,Kengeri,place/suburb,Kengeri,2022,2022-04-13
"Moodalaplya, Vijayanagar",Bangalore,west,operational,Vijayanagar,no,Global Village Tech Park,6.29,purple,1.72,yes,yes,True,Vijayanagar,1.72,6km+,8,Krishnadevaraya Halt,2.46,32.07,35,93,17,12.9721131,77.5215397,5.42,Bengaluru,Karnataka,1,2022-05-23,2022-05-23,medium,Moodalapalya,boundary/administrative,Moodalaplya,2022,2022-04-13
"Ms Palya, Vidyaranyapura",Bangalore,north,none,Peenya,no,Peenya Industrial Area,6.27,green,5.53,no,no,True,Peenya,5.53,6km+,5,Kodigehalli,2.47,20.96,27,34,7,13.0766407,77.5577315,11.21,Singapura,Karnataka,3,2022-04-28,2022-05-27,high,Vidyaranyapura,place/suburb,Vidyaranyapura,2022,2022-04-13
Mudhaliar layout,Bangalore,north,none,Halasuru,yes,Manyata Tech Park,4.74,purple,2.77,no,no,True,Halasuru,2.77,3-6km,61,Bengaluru East,0.35,24.14,49,53,31,12.9991226,77.6158763,5.44,Pulakeshi Nagar,Karnataka,1,2022-05-14,2022-05-14,low,Murugesh Mudaliar Road,highway/residential,Mudhaliar layout,2022,2022-04-13
Munnekollal,Bangalore,east,none,Baiyappanahalli,yes,Prestige Tech Park ORR,1.76,purple,7.76,no,no,True,Kundalahalli,3.36,0-3km,88,Belandur Road,1.08,27.74,28,46,38,12.9480839,77.7090175,15.26,Munnenkolalu,Karnataka,2,2022-05-10,2022-06-26,high,Munekolala,place/quarter,Munnekollal,2022,2022-04-13
"Murugeshpalya, Airport Road",Bangalore,east,none,Indiranagar,yes,Embassy Golf Links,1.7,purple,3.21,no,no,True,Indiranagar,3.21,0-3km,122,Baiyyappanahalli Junction,3.95,27.36,37,44,27,12.9561284,77.6575713,9.62,Konena Agrahara,Karnataka,14,2022-05-27,2022-07-07,high,Murugeshpalaya,place/quarter,Murugeshpalya,2022,2022-04-13
Mylasandra,Bangalore,west,operational,Pattanagere,yes,Global Village Tech Park,0.48,purple,0.92,yes,yes,True,Pattanagere,0.92,0-3km,2,Kengeri,1.51,38.62,33,12,7,12.9160293,77.497544,10.46,,Karnataka,2,2022-05-05,2022-06-03,medium,Mylasandra,boundary/administrative,Mylasandra,2022,2022-04-13
Mysore Road,Bangalore,west,operational,Mysore Road,yes,Global Village Tech Park,4.43,purple,0.01,yes,yes,True,Mysore Road,0.01,3-6km,11,Nayandahalli,1.13,33.8,21,37,9,12.9467026,77.5300705,5.58,Deepanjali Nagara,Karnataka,3,2022-06-16,2022-07-03,medium,Mysore Road,railway/stop,Mysore Road,2022,2022-04-13
Nagadevana Halli,Bangalore,north,none,Dasarahalli,no,Karle Town Centre,13.47,green,14.79,no,no,True,Dasarahalli,14.79,6km+,0,Rajanukunte,2.11,14.5,6,2,2,13.1600155,77.5780295,20.4,Nagadasarahalli,Karnataka,1,2022-05-23,2022-05-23,medium,Nagadasanahalli,highway/bus_stop,Nagadevana Halli,2022,2022-04-13
Nagappa Reddy layout-Dooravani Nagar,Bangalore,east,under_construction,Baiyappanahalli,yes,Brigade Tech Gardens,0.87,purple,7.65,yes,no,False,Kundalahalli,1.96,0-3km,84,Belandur Road,2.55,26.44,33,50,39,12.9599768,77.7154704,15.73,Priyadarshini Ward,Karnataka,1,2022-06-23,2022-06-23,low,Nagappa Reddy Layout Road,highway/residential,Nagappa Reddy layout-Dooravani Nagar,2022,2022-04-13
Nagarabhavi,Bangalore,west,operational,Attiguppe,yes,Global Village Tech Park,5.4,purple,2.28,yes,yes,True,Attiguppe,2.28,3-6km,3,Nayandahalli,2.93,33.14,32,53,7,12.9664182,77.5130777,6.41,Vinayaka Layout,Karnataka,1,2022-05-23,2022-05-23,high,Nagarabhavi,place/suburb,Nagarabhavi,2022,2022-04-13
Nagarabhavi BDA complex,Bangalore,west,none,Vijayanagar,no,Peenya Industrial Area,6.26,purple,3.04,no,no,True,Vijayanagar,3.04,6km+,4,Krishnadevaraya Halt,3.89,32.18,25,32,1,12.9796016,77.5107812,6.57,Vinayaka Layout,Karnataka,1,2022-06-12,2022-06-12,medium,Nagarabhavi BDA Complex,highway/bus_stop,Nagarabhavi BDA complex,2022,2022-04-13
Nagarathpete,Bangalore,unknown,unknown,unknown,unknown,unknown,,unknown,,unknown,unknown,,unknown,,unknown,,unknown,,,,,,,,,,,1,2022-04-29,2022-04-29,none,,,,2022,2022-04-13
Nagarbhavi,Bangalore,west,operational,Pantharapalya - Nayandahalli,yes,Global Village Tech Park,4.08,purple,1.25,yes,yes,True,Pantharapalya - Nayandahalli,1.25,3-6km,6,Nayandahalli,1.13,34.08,26,39,10,12.9512353,77.519054,6.33,Bengaluru,Karnataka,5,2022-05-19,2022-06-30,medium,Nagarbhavi,boundary/administrative,Nagarbhavi,2022,2022-04-13
Nagavara,Bangalore,north,none,Baiyappanahalli,yes,Manyata Tech Park,0.48,purple,6.06,no,no,True,Baiyappanahalli,6.06,0-3km,18,Banaswadi,3.55,19.93,39,29,10,13.0374647,77.623602,8.82,Hennur,Karnataka,1,2022-06-23,2022-06-23,high,Nagavara,place/suburb,Nagavara,2022,2022-04-13
Nagondanahalli,Bangalore,east,under_construction,Baiyappanahalli,yes,ITPL Whitefield,3.69,purple,12.9,yes,no,False,Hopefarm Channasandra,2.25,3-6km,14,Whitefield,2.55,25.69,9,0,0,12.97516,77.7703403,21.57,,Karnataka,2,2022-06-20,2022-07-07,high,Nagondanahalli,place/village,Nagondanahalli,2022,2022-04-13
Nagvarpalya Main Road,Bangalore,east,operational,Baiyappanahalli,yes,Bagmane Tech Park,0.78,purple,1.38,yes,yes,True,Benniganahalli,1.32,0-3km,53,Baiyyappanahalli Junction,1.46,24.02,27,46,26,12.9855096,77.6638725,10.08,Nagavarapalya,Karnataka,1,2022-06-23,2022-06-23,low,Nagavarapalaya Main Road,highway/secondary,Nagvarpalya Main Road,2022,2022-04-13
"Nallurhalli, Whitefield, Borewell Road",Bangalore,east,under_construction,Baiyappanahalli,yes,ITPL Whitefield,2.11,purple,10.81,yes,no,False,Kadugodi Tree Park,1.81,0-3km,34,Whitefield,3.23,25.78,25,22,15,12.9696365,77.7497448,19.35,,Karnataka,2,2022-05-23,2022-07-04,high,Whitefield,place/suburb,Whitefield,2022,2022-04-13
Nandini Layout,Bangalore,west,operational,Mahalakshmi,yes,Peenya Industrial Area,3.17,green,1.58,yes,yes,True,Mahalakshmi,1.58,3-6km,6,Yesvantpur Junction,2.17,27.76,22,49,5,13.0119743,77.5348261,5.57,Jai Maruthi Nagar,Karnataka,3,2022-05-05,2022-05-27,high,Nandini Layout,place/quarter,Nandini Layout,2022,2022-04-13
"Nanja Reddy Colony, Jeevan Bima Nagar",Bangalore,east,operational,Indiranagar,yes,Bagmane Tech Park,1.39,purple,2.29,yes,yes,True,Indiranagar,2.29,0-3km,77,Baiyyappanahalli Junction,2.66,26.1,51,85,43,12.9678074,77.6568367,9.32,Jeevan Bhimanagar,Karnataka,1,2022-06-09,2022-06-09,high,Jeevan Bhima Nagar,place/quarter,Jeevan Bima Nagar,2022,2022-04-13
Near coffee board layout,Bangalore,north,none,Yeshwantpur,yes,Karle Town Centre,1.07,green,6.79,no,no,True,Yeshwantpur,6.79,0-3km,19,Hebbal,2.32,19.64,25,37,16,13.0503251,77.6060803,9.01,Kempapura,Karnataka,1,2022-05-18,2022-05-18,high,Coffee Board Layout,place/neighbourhood,Near coffee board layout,2022,2022-04-13
Neelasandra,Bangalore,south,operational,Trinity,yes,IBC Knowledge Park,2.5,purple,2.34,yes,yes,True,Trinity,2.34,0-3km,101,Bangalore Cantonment,4.93,29.06,104,53,31,12.9521793,77.6140918,5.38,Neelasandra,Karnataka,1,2022-06-24,2022-06-24,high,Neelasandra,place/quarter,Neelasandra,2022,2022-04-13
Nelamangala,Bangalore,west,none,Nagasandra,no,Peenya Industrial Area,14.78,green,12.41,no,no,True,Madavara,9.29,6km+,0,Nelamangala,1.92,35.43,7,7,0,13.0953024,77.3963586,23.09,,Karnataka,1,2022-06-20,2022-06-20,high,Nelamangala,place/town,Nelamangala,2022,2022-04-13
New Bel Road,Bangalore,north,operational,Sandal Soap Factory,yes,Karle Town Centre,5.01,green,2.21,yes,yes,True,Sandal Soap Factory,2.21,3-6km,11,Yesvantpur Junction,2.31,24.17,85,45,17,13.0238125,77.572108,5.24,Sadashiva Nagara,Karnataka,1,2022-06-04,2022-06-04,low,New BEL Road,highway/secondary,New Bel Road,2022,2022-04-13
New Thippasandra,Bangalore,east,operational,Swami Vivekananda Road,yes,Bagmane Tech Park,1.18,purple,1.66,yes,yes,True,Swami Vivekananda Road,1.66,0-3km,69,Baiyyappanahalli Junction,1.96,25.54,73,113,40,12.9736956,77.6536931,8.93,New Thippasandra,Karnataka,1,2022-06-20,2022-06-20,high,New Thippasandra,place/neighbourhood,New Thippasandra,2022,2022-04-13
Nimbekaipura,Bangalore,east,none,Baiyappanahalli,no,ITPL Whitefield,8.47,purple,13.57,no,no,True,Whitefield (Kadugodi),6.99,6km+,0,Whitefield,6.93,16.39,7,0,1,13.0585572,77.7564648,22.03,Huskuru,Karnataka,1,2022-06-20,2022-06-20,high,Nimbekaipura,place/hamlet,Nimbekaipura,2022,2022-04-13
Nisarga capital appartment,Bangalore,south,under_construction,Rashtreeya Vidyalaya Road,yes,IBC Knowledge Park,2.46,green,4.37,yes,no,False,Central Silk Board,0.32,0-3km,68,Krantivira Sangolli Rayanna (Bengaluru),8.55,32.29,90,96,40,12.9194443,77.6204607,8.3,Madiwala,Karnataka,1,2022-05-10,2022-05-10,low,Nisargha Service Apartments,building/apartments,Nisarga capital appartment,2022,2022-04-13
No 309 6th A cross Banashankari 1st stage 2nd block Bangalore 560050,Bangalore,west,operational,"Sri Balagangadharanatha Swamiji Station, Hosahalli",yes,Peenya Industrial Area,5.61,purple,1.84,yes,yes,True,"Sri Balagangadharanatha Swamiji Station, Hosahalli",1.84,3-6km,10,Malleswaram,3.2,29.63,54,118,22,12.9883892,77.5367931,3.96,Basaveshwara Nagara,Karnataka,1,2022-06-16,2022-06-16,low,Yemkay Supermarket,shop/supermarket,No 309 6th A cross Banashankari 1st stage 2nd block Bangalore 560050,2022,2022-04-13
"Nobo Nagar, Kalena Agrahara",Bangalore,south,none,Konanakunte Cross,no,IBC Knowledge Park,7.55,green,4.02,no,no,True,Konanakunte Cross,4.02,6km+,6,Nayandahalli,11.32,38.94,49,6,13,12.8658068,77.5911918,12.52,Yelenahalli,Karnataka,1,2022-05-19,2022-05-19,high,Kalena Agrahara,place/neighbourhood,Kalena Agrahara,2022,2022-04-13
Nri Layout,Bangalore,east,none,Baiyappanahalli,yes,RMZ Infinity Old Madras Road,4.56,purple,5.31,no,no,True,Krishnarajapura,3.42,3-6km,4,Channasandra,2.75,18.79,27,16,9,13.0306545,77.6793203,13.15,Kalkere,Karnataka,4,2022-04-29,2022-05-27,low,NRI Layout Main Road,highway/tertiary,Nri Layout,2022,2022-04-13
Old Airport Road,Bangalore,east,operational,Indiranagar,yes,Embassy Golf Links,1.19,purple,2.01,yes,yes,True,Indiranagar,2.01,0-3km,87,Baiyyappanahalli Junction,3.54,27.24,57,100,45,12.9606389,77.6424831,7.92,Kodihalli,Karnataka,3,2022-05-31,2022-06-23,low,HAL Old Airport Road,highway/primary,Old Airport Road,2022,2022-04-13
"Ombr Layout, Banaswadi",Bangalore,east,none,Baiyappanahalli,yes,RMZ Infinity Old Madras Road,2.44,purple,2.6,no,no,True,Baiyappanahalli,2.6,0-3km,31,Channasandra,1.21,21.23,41,92,33,13.0141618,77.6518539,9.67,,Karnataka,2,2022-05-23,2022-05-28,high,Banaswadi,place/suburb,Banaswadi,2022,2022-04-13
Outer Ring Road,Bangalore,west,none,Mysore Road,yes,Global Village Tech Park,5.01,purple,2.6,no,no,True,Mysore Road,2.6,3-6km,19,Nayandahalli,2.98,34.6,34,75,14,12.9286717,77.5454401,6.03,Kamakya Layout,Karnataka,1,2022-07-09,2022-07-09,low,Outer Ring Road,highway/trunk,Outer Ring Road,2022,2022-04-13
Padmanabha Nagar,Bangalore,south,operational,Banashankari,yes,IBC Knowledge Park,5.34,green,1.9,yes,yes,True,Banashankari,1.9,3-6km,26,Nayandahalli,4.69,35.26,33,81,18,12.916279,77.5560752,6.92,Padmanabhanagara,Karnataka,6,2022-04-29,2022-07-04,high,Padmanabha Nagar,place/quarter,Padmanabha Nagar,2022,2022-04-13
"Pai Layout-Hulimavu, Hulimavu",Bangalore,south,none,Yelachenahalli,no,IBC Knowledge Park,6.17,green,4.11,no,no,True,Yelachenahalli,4.11,6km+,16,Krishnadevaraya Halt,11.31,37.33,46,19,24,12.8773486,77.6028031,11.56,Hulimavu,Karnataka,1,2022-07-05,2022-07-05,high,Hulimavu,place/quarter,Hulimavu,2022,2022-04-13
"Panduranga Nagar, bannerghatta main Road",Bangalore,south,none,Yelachenahalli,yes,IBC Knowledge Park,4.47,green,2.84,no,no,True,Jayadeva Hospital,2.66,3-6km,33,Krishnadevaraya Halt,9.5,35.9,66,47,47,12.8930758,77.5961351,9.68,Doresanipalya,Karnataka,3,2022-05-05,2022-07-04,high,Panduranga Nagar,place/neighbourhood,Panduranga Nagar,2022,2022-04-13
Parappana Agrahara,Bangalore,south,under_construction,Rashtreeya Vidyalaya Road,yes,Electronic City,3.61,green,9.7,yes,no,False,Hosa Road,1.46,3-6km,33,Carmelaram,5.75,35.48,21,16,8,12.8817347,77.6597705,14.26,Naganathapura,Karnataka,1,2022-05-27,2022-05-27,low,GLPS Parappana Agrahara,amenity/school,Parappana Agrahara,2022,2022-04-13
Peenya 2nd Stage,Bangalore,west,operational,Jalahalli,yes,Peenya Industrial Area,0.97,green,1.44,yes,yes,True,Jalahalli,1.44,0-3km,1,Yesvantpur Junction,4.13,28.15,16,13,3,13.0283168,77.5129632,8.54,Nelagadaranahalli,Karnataka,1,2022-05-14,2022-05-14,high,Peenya 2nd Stage,place/neighbourhood,Peenya 2nd Stage,2022,2022-04-13
"Peenya Industrial Area, Tumkur Road",Bangalore,west,operational,Sandal Soap Factory,yes,Peenya Industrial Area,4.59,green,0.17,yes,yes,True,Sandal Soap Factory,0.17,3-6km,9,Yesvantpur Junction,1.04,26.02,84,89,27,13.0155095,77.5553229,4.65,Subramanyanagara,Karnataka,1,2022-06-04,2022-06-04,low,Tumkur Road,highway/trunk,Tumkur Road,2022,2022-04-13
"Prakruthi Township, Hennur",Bangalore,north,none,Baiyappanahalli,yes,Manyata Tech Park,2.18,purple,5.29,no,no,True,Baiyappanahalli,5.29,0-3km,18,Channasandra,3.64,19.18,54,37,19,13.037077,77.6413572,10.13,HBR Layout,Karnataka,2,2022-06-08,2022-06-20,high,Hennur,place/suburb,Hennur,2022,2022-04-13
Prestige Acropolis,Bangalore,south,under_construction,South End Circle,yes,IBC Knowledge Park,0.93,green,3.32,yes,no,False,BTM Layout,2.1,0-3km,105,Krantivira Sangolli Rayanna (Bengaluru),6.51,30.95,106,93,36,12.9352994,77.6105225,6.27,Lakkasandra,Karnataka,1,2022-06-12,2022-06-12,medium,Prestige Acropolis,landuse/residential,Prestige Acropolis,2022,2022-04-13
Punyabhoomi Layout,Bangalore,unknown,unknown,unknown,unknown,unknown,,unknown,,unknown,unknown,,unknown,,unknown,,unknown,,,,,,,,,,,1,2022-06-14,2022-06-14,none,,,,2022,2022-04-13
Ragavendra Industrial Estate,Bangalore,east,under_construction,Baiyappanahalli,yes,RMZ Infinity Old Madras Road,4.1,purple,5.02,yes,no,False,Singayyanapalya,0.61,3-6km,49,Hoodi,2.27,22.37,27,61,11,12.9965867,77.6983434,13.94,Chikka Devasandra,Karnataka,1,2022-06-23,2022-06-23,high,ITI Industrial Estate,place/neighbourhood,Ragavendra Industrial Estate,2022,2022-04-13
Ragavendra Nagar,Bangalore,south,operational,Yelachenahalli,yes,IBC Knowledge Park,5.28,green,0.95,yes,yes,True,Yelachenahalli,0.95,3-6km,22,Nayandahalli,8.23,36.74,69,30,27,12.8918543,77.5777361,9.46,RBI Layout,Karnataka,1,2022-05-19,2022-05-19,high,Sri Guru Raghavendra Nagar,place/neighbourhood,Ragavendra Nagar,2022,2022-04-13
Raghavendra Layout,Bangalore,south,operational,Yelachenahalli,yes,IBC Knowledge Park,5.28,green,0.95,yes,yes,True,Yelachenahalli,0.95,3-6km,22,Nayandahalli,8.23,36.74,69,30,27,12.8918543,77.5777361,9.46,RBI Layout,Karnataka,1,2022-06-27,2022-06-27,high,Sri Guru Raghavendra Nagar,place/neighbourhood,Raghavendra Layout,2022,2022-04-13
Raghuvanahalli-Bcmc Layout,Bangalore,west,operational,Attiguppe,yes,Global Village Tech Park,5.25,purple,0.73,yes,yes,True,Attiguppe,0.73,3-6km,10,Krishnadevaraya Halt,0.83,32.9,29,78,11,12.955703,77.5313329,4.92,Attigupe,Karnataka,1,2022-05-01,2022-05-01,high,BCC Layout,place/quarter,Raghuvanahalli-Bcmc Layout,2022,2022-04-13
Rajajinagar,Bangalore,west,operational,Mahakavi Kuvempu Road,no,Peenya Industrial Area,6.59,green,1.17,yes,yes,True,Mahakavi Kuvempu Road,1.17,6km+,15,Malleswaram,1.66,28.47,77,132,24,12.9882338,77.554883,2.19,Rajajinagara,Karnataka,10,2022-05-10,2022-07-06,high,Rajajinagar,place/suburb,Rajajinagar,2022,2022-04-13
Rajamahal Guttahalli,Bangalore,west,operational,Mantri Square Sampige Road,no,Karle Town Centre,6.02,green,1.52,yes,yes,True,Mantri Square Sampige Road,1.52,6km+,35,Malleswaram,1.83,25.82,69,85,29,13.0004165,77.5803858,2.81,Rajamahal,Karnataka,1,2022-05-14,2022-05-14,high,Guttahalli,place/quarter,Rajamahal Guttahalli,2022,2022-04-13
Rajarajeshwari Nagar,Bangalore,west,operational,Jnanabharathi,yes,Global Village Tech Park,1.88,purple,0.95,yes,yes,True,Jnanabharathi,0.95,0-3km,6,Jnanabharati,0.98,36.46,26,11,9,12.9274413,77.5155224,8.16,Rajarajeshwari Nagara,Karnataka,3,2022-06-16,2022-07-02,high,Rajarajeshwari Nagar,place/suburb,Rajarajeshwari Nagar,2022,2022-04-13
Ramachandrapuram Rajajinagar,Bangalore,unknown,unknown,unknown,unknown,unknown,,unknown,,unknown,unknown,,unknown,,unknown,,unknown,,,,,,,,,,,1,2022-06-30,2022-06-30,none,,,,2022,2022-04-13
Ramagondanahalli,Bangalore,east,none,Baiyappanahalli,yes,Brigade Tech Gardens,2.15,purple,10.32,no,no,True,Nallurahalli,2.87,0-3km,45,Belandur Road,4.11,27.13,17,27,15,12.9558969,77.7405826,18.49,Whitefield,Karnataka,1,2022-06-16,2022-06-16,high,Ramagondanahalli,place/quarter,Ramagondanahalli,2022,2022-04-13
"Ramaiah Layout, Kacharakanahalli",Bangalore,north,none,Baiyappanahalli,yes,Manyata Tech Park,2.42,purple,4.14,no,no,True,Baiyappanahalli,4.14,0-3km,22,Banaswadi,1.78,21.2,47,65,20,13.0215678,77.6309556,8.16,Kacharakanahalli,Karnataka,1,2022-05-11,2022-05-11,high,Kacharakanahalli,place/neighbourhood,Ramaiah Layout Kacharakanahalli,2022,2022-04-13
Ramamurthy Nagar,Bangalore,east,under_construction,Baiyappanahalli,yes,RMZ Infinity Old Madras Road,2.74,purple,3.63,yes,no,False,Krishnarajapura,1.35,0-3km,16,Krishnarajapuram,1.3,20.86,30,32,11,13.0120218,77.6777817,12.19,Ramamurthy Nagara,Karnataka,12,2022-05-10,2022-07-05,high,Ramamurthy Nagar,place/suburb,Ramamurthy Nagar,2022,2022-04-13
Ramaswami Palya kammanhalli,Bangalore,north,none,Cubbon Park,yes,Karle Town Centre,4.42,purple,2.86,no,no,True,Cubbon Park,2.86,3-6km,45,Bangalore Cantonment,1.45,24.18,34,41,25,13.0066144,77.5995171,4.52,Bengaluru,Karnataka,1,2022-06-27,2022-06-27,medium,Ramaswamy Palya,boundary/administrative,Ramaswami Palya kammanhalli,2022,2022-04-13
Rampura,Bangalore,east,none,Baiyappanahalli,no,RMZ Infinity Old Madras Road,7.3,purple,8.05,no,no,True,Krishnarajapura,6.03,6km+,1,Channasandra,5.47,16.22,9,0,0,13.052449,77.6912841,15.49,,Karnataka,1,2022-06-14,2022-06-14,high,Ramapura,place/village,Rampura,2022,2022-04-13
Rayasandra,Bangalore,south,none,Rashtreeya Vidyalaya Road,yes,Electronic City,3.52,green,12.13,no,no,True,Beratena Agrahara,2.98,3-6km,20,Huskuru,3.59,35.79,10,1,1,12.8765714,77.6821123,16.38,,Karnataka,5,2022-05-05,2022-06-20,medium,Rayasandra,boundary/administrative,Rayasandra,2022,2022-04-13
"Rbi Colony-Jayanagar, Jayanagar",Bangalore,south,operational,Jayanagar,yes,IBC Knowledge Park,2.19,green,0.25,yes,yes,True,Jayanagar,0.25,0-3km,49,Krantivira Sangolli Rayanna (Bengaluru),5.61,32.71,84,140,25,12.9292731,77.5824229,5.41,Tilak Nagara,Karnataka,1,2022-07-02,2022-07-02,high,Jayanagar,place/suburb,Jayanagar,2022,2022-04-13
"Rbi Layout, J P Nagar",Bangalore,south,operational,Yelachenahalli,yes,IBC Knowledge Park,5.47,green,1.41,yes,yes,True,Yelachenahalli,1.41,3-6km,21,Nayandahalli,8.71,36.98,65,19,30,12.8884396,77.580509,9.86,RBI Layout,Karnataka,1,2022-06-20,2022-06-20,high,RBI Layout,place/neighbourhood,Rbi Layout,2022,2022-04-13
"Richmond Town, Richmond Town",Bangalore,south,operational,Mahatma Gandhi Road,yes,IBC Knowledge Park,3.42,purple,1.45,yes,yes,True,Mahatma Gandhi Road,1.45,3-6km,86,Bangalore Cantonment,3.37,28.38,104,67,40,12.963555,77.6015856,3.59,Shanthinagar,Karnataka,1,2022-07-01,2022-07-01,high,Richmond Town,place/suburb,Richmond Town Richmond Town,2022,2022-04-13
Rmv Extension Stage 2,Bangalore,north,none,Yeshwantpur,yes,Karle Town Centre,4.84,green,2.56,no,no,True,Yeshwantpur,2.56,3-6km,9,Lottegollahalli,1.08,23.28,47,27,21,13.0360109,77.5695288,6.6,Nagashettyhalli,Karnataka,1,2022-05-31,2022-05-31,high,RMV 2nd Stage,place/suburb,Rmv Extension Stage 2,2022,2022-04-13
"Rmv Extension, Armane Nagar",Bangalore,north,operational,Yeshwantpur,yes,Karle Town Centre,5.23,green,2.03,yes,yes,True,Yeshwantpur,2.03,3-6km,8,Lottegollahalli,1.58,23.96,73,32,20,13.0298439,77.567371,5.92,Bengaluru,Karnataka,1,2022-04-30,2022-04-30,medium,Aramane Nagara,boundary/administrative,Armane Nagar,2022,2022-04-13
"Royal Lakefront Phase-3 North, JP Nagar Phase 8",Bangalore,south,operational,Konanakunte Cross,no,IBC Knowledge Park,6.59,green,2.34,yes,yes,True,Konanakunte Cross,2.34,6km+,12,Nayandahalli,9.6,38.12,62,10,25,12.8773766,77.5806683,11.09,Kothanur,Karnataka,1,2022-06-30,2022-06-30,low,JP Nagar 8th Phase 560076,amenity/post_office,JP Nagar Phase 8,2022,2022-04-13
RT Nagar,Bangalore,north,none,Mantri Square Sampige Road,yes,Karle Town Centre,3.04,green,4.49,no,no,True,Mantri Square Sampige Road,4.49,3-6km,24,Hebbal,2.43,22.83,34,36,26,13.0227204,77.595715,5.76,Dinnur,Karnataka,1,2022-05-11,2022-05-11,high,RT Nagar,place/suburb,RT Nagar,2022,2022-04-13
Rukmini Nagar,Bangalore,west,operational,Nagasandra,yes,Peenya Industrial Area,1.87,green,0.65,yes,yes,True,Nagasandra,0.65,0-3km,1,Chikka Banavara,3.57,27.98,20,12,5,13.0426689,77.5026011,10.45,Nagasandra,Karnataka,1,2022-06-04,2022-06-04,high,Rukmini Nagara,place/neighbourhood,Rukmini Nagar,2022,2022-04-13
Sadashiva Nagar,Bangalore,north,none,Srirampura,yes,Karle Town Centre,5.09,green,2.5,no,no,True,Srirampura,2.5,3-6km,14,Malleswaram,2.21,24.79,73,70,30,13.0110193,77.5808641,3.95,Sadashiva Nagara,Karnataka,1,2022-05-08,2022-05-08,high,Sadashivanagar,place/suburb,Sadashiva Nagar,2022,2022-04-13
Sahakara Nagar,Bangalore,north,none,Yeshwantpur,yes,Karle Town Centre,3.66,green,5.89,no,no,True,Yeshwantpur,5.89,3-6km,19,Kodigehalli,1.09,19.85,23,40,22,13.0629067,77.5858824,9.72,Rajiv Gandhi Nagar,Karnataka,2,2022-04-29,2022-05-30,high,Sahakaranagara,place/suburb,Sahakara Nagar,2022,2022-04-13
"Sai Colony, Krishnarajapura",Bangalore,east,under_construction,Baiyappanahalli,yes,RMZ Infinity Old Madras Road,1.96,purple,2.92,yes,no,False,Krishnarajapura,0.0,0-3km,27,Krishnarajapuram,0.25,22.2,29,47,23,12.9999024,77.6776703,11.81,A Narayanapura,Karnataka,1,2022-06-26,2022-06-26,medium,Krishnarajapura,railway/station,Krishnarajapura,2022,2022-04-13
Sanjay Nagar Stage 2,Bangalore,north,none,Yeshwantpur,yes,Karle Town Centre,4.24,green,3.18,no,no,True,Yeshwantpur,3.18,3-6km,16,Hebbal,1.33,22.71,43,28,13,13.0384308,77.5747683,6.87,Nagashettyhalli,Karnataka,1,2022-05-23,2022-05-23,low,RMV 2nd Stage Post Office,amenity/post_office,Sanjay Nagar Stage 2,2022,2022-04-13
"Sanjeevini Nagar, Hegganahalli",Bangalore,west,none,Peenya Industry,yes,Peenya Industrial Area,3.59,green,3.89,no,no,True,Peenya Industry,3.89,3-6km,4,Yesvantpur Junction,4.69,30.07,10,11,0,13.0035647,77.5127828,7.01,Hegganahalli,Karnataka,1,2022-05-18,2022-05-18,high,Hegganahalli,place/quarter,Hegganahalli,2022,2022-04-13
"Sarakki Nagar, J P Nagar",Bangalore,south,operational,Jaya Prakash Nagar,yes,IBC Knowledge Park,3.08,green,1.48,yes,yes,True,Ragigudda,0.84,3-6km,43,Krishnadevaraya Halt,7.44,34.54,73,96,39,12.9096941,77.5866067,7.63,,Karnataka,1,2022-05-27,2022-05-27,high,JP Nagar,place/suburb,Sarakki Nagar,2022,2022-04-13
Sarjapur Road,Bangalore,south,under_construction,Rashtreeya Vidyalaya Road,yes,IBC Knowledge Park,3.03,green,5.28,yes,no,False,Central Silk Board,1.24,3-6km,83,Baiyyappanahalli Junction,7.85,31.53,69,84,40,12.92419,77.6288841,8.55,Kormangala West,Karnataka,3,2022-05-11,2022-07-06,low,Sarjapur Road,highway/primary,Sarjapur Road,2022,2022-04-13
Sathnur,Bangalore,north,none,Baiyappanahalli,no,Karle Town Centre,10.48,purple,15.76,no,no,True,Krishnarajapura,15.1,6km+,0,Doddajala,5.41,9.69,3,0,0,13.1323718,77.6468592,19.15,,Karnataka,1,2022-05-22,2022-05-22,high,Satanuru,place/village,Sathnur,2022,2022-04-13
"Seetharampalya, Hoodi",Bangalore,east,under_construction,Baiyappanahalli,yes,ITPL Whitefield,2.47,purple,6.92,yes,no,False,Hoodi,0.63,0-3km,48,Hoodi,0.56,22.89,23,29,9,12.9919033,77.7162015,15.79,Kaveri Nagara,Karnataka,1,2022-05-30,2022-05-30,high,Hoodi,place/suburb,Hoodi,2022,2022-04-13
"Sena Vihar, Kammanahalli",Bangalore,north,none,Baiyappanahalli,yes,RMZ Infinity Old Madras Road,3.36,purple,3.09,no,no,True,Baiyappanahalli,3.09,3-6km,30,Banaswadi,1.48,21.61,47,74,29,13.0148544,77.6382029,8.4,HRBR Layout,Karnataka,1,2022-07-06,2022-07-06,high,Kammanahalli,place/suburb,Kammanahalli,2022,2022-04-13
Seshadripuram,Bangalore,west,operational,Mantri Square Sampige Road,no,Karle Town Centre,6.99,green,0.58,yes,yes,True,Mantri Square Sampige Road,0.58,6km+,32,Malleswaram,1.53,26.79,73,85,32,12.9931876,77.5753419,1.88,Seshadripuram,Karnataka,2,2022-05-19,2022-06-09,high,Seshadripuram,place/quarter,Seshadripuram,2022,2022-04-13
"Shamanna Garden, Wilson Garden",Bangalore,south,operational,Lalbagh,yes,IBC Knowledge Park,1.89,green,1.84,yes,yes,True,Lalbagh,1.84,0-3km,81,Krantivira Sangolli Rayanna (Bengaluru),4.39,30.08,95,95,17,12.9489339,77.5968273,4.15,Hombegowda Nagara,Karnataka,1,2022-05-30,2022-05-30,high,Wilson Garden,place/quarter,Shamanna Garden Wilson Garden,2022,2022-04-13
"Shampura, Kaval Byrasandra",Bangalore,north,none,Cubbon Park,yes,Karle Town Centre,2.7,purple,4.53,no,no,True,Cubbon Park,4.53,0-3km,23,Bengaluru East,2.32,22.36,25,40,21,13.0200235,77.6092887,6.34,Bengaluru,Karnataka,1,2022-06-04,2022-06-04,high,Kaval Byrasandra,place/suburb,Kaval Byrasandra,2022,2022-04-13
Shanti Nagar,Bangalore,south,operational,Lalbagh,yes,IBC Knowledge Park,2.75,green,1.68,yes,yes,True,Lalbagh,1.68,0-3km,75,Krantivira Sangolli Rayanna (Bengaluru),3.53,29.6,91,95,18,12.9555367,77.5924278,3.28,Hombegowda Nagara,Karnataka,1,2022-05-05,2022-05-05,high,Shanti Nagar,place/suburb,Shanti Nagar,2022,2022-04-13
Shivaji Nagar,Bangalore,north,operational,Cubbon Park,yes,IBC Knowledge Park,5.98,purple,0.78,yes,yes,True,Cubbon Park,0.78,3-6km,47,Bangalore Cantonment,0.89,26.04,84,49,42,12.9866099,77.6018957,3.49,Vasanth Nagar,Karnataka,3,2022-05-05,2022-06-23,low,Shivaji Road,highway/tertiary,Shivaji Nagar,2022,2022-04-13
"Shivananda Nagar, Vijayanagar",Bangalore,west,operational,Vijayanagar,no,Global Village Tech Park,7.0,purple,0.0,yes,yes,True,Vijayanagar,0.0,6km+,10,Krishnadevaraya Halt,1.49,31.14,42,146,26,12.9709559,77.5374044,3.73,Dr. Vishnuvardhan Ward,Karnataka,1,2022-06-16,2022-06-16,medium,Vijayanagar,railway/station,Vijayanagar,2022,2022-04-13
Singahalli,Bangalore,north,none,Baiyappanahalli,no,Manyata Tech Park,17.37,purple,20.53,no,no,True,Singayyanapalya,18.68,6km+,2,Kempegowda International Airport Halt,7.5,4.42,1,0,0,13.1617626,77.7238781,26.39,,Karnataka,1,2022-04-29,2022-04-29,high,Singahalli,place/village,Singahalli,2022,2022-04-13
"Singasandra, Hosur Road",Bangalore,south,under_construction,Yelachenahalli,yes,Electronic City,3.89,green,8.71,yes,no,False,Singasandra,0.45,3-6km,31,Carmelaram,6.82,35.74,34,16,8,12.8810223,77.6490068,13.57,Bandepalya,Karnataka,2,2022-05-23,2022-06-09,high,Singasandra,place/quarter,Singasandra,2022,2022-04-13
"Sinthan Nagar, Thanisandra",Bangalore,north,none,Baiyappanahalli,yes,Manyata Tech Park,1.99,purple,7.39,no,no,True,Baiyappanahalli,7.39,0-3km,19,Hebbal,5.34,17.71,31,10,12,13.054713,77.6339258,11.01,Thanisandra,Karnataka,1,2022-05-14,2022-05-14,high,Thanisandra,place/quarter,Thanisandra,2022,2022-04-13
Sir M V Nagar,Bangalore,east,operational,Baiyappanahalli,yes,RMZ Infinity Old Madras Road,2.2,purple,1.57,yes,yes,True,Baiyappanahalli,1.57,0-3km,60,Sir M Visvesvaraya Terminal,0.0,23.11,20,40,16,12.999655,77.6411538,7.99,Kasturi Nagar,Karnataka,1,2022-04-29,2022-04-29,medium,Sir M Visvesvaraya Terminal,railway/station,Sir M V Nagar,2022,2022-04-13
Sivanchetti Gardens,Bangalore,east,operational,Mahatma Gandhi Road,yes,Embassy Golf Links,5.04,purple,1.22,yes,yes,True,Mahatma Gandhi Road,1.22,3-6km,70,Bengaluru East,1.92,25.74,79,66,53,12.9845768,77.6131984,4.62,K Kamaraj Ward,Karnataka,1,2022-05-23,2022-05-23,high,Sivanchetti Gardens,place/neighbourhood,Sivanchetti Gardens,2022,2022-04-13
snv la,Bangalore,south,under_construction,Rashtreeya Vidyalaya Road,yes,IBC Knowledge Park,3.24,green,3.53,yes,no,False,BTM Layout,1.4,3-6km,62,Krantivira Sangolli Rayanna (Bengaluru),9.2,34.35,68,71,40,12.9040518,77.6073284,8.97,Bilekahalli,Karnataka,1,2022-05-26,2022-05-26,medium,SNN Raj Lake View,landuse/residential,snv la,2022,2022-04-13
"Srinagar, Banashankari",Bangalore,west,operational,Banashankari,yes,IBC Knowledge Park,4.98,green,2.31,yes,yes,True,Banashankari,2.31,3-6km,26,Krishnadevaraya Halt,3.84,34.09,40,110,16,12.9278196,77.556621,5.66,Kathriguppe,Karnataka,2,2022-05-05,2022-05-24,high,Banashankari,place/suburb,Banashankari,2022,2022-04-13
"Srinivasa Nagar-Banashankari, Banashankari",Bangalore,west,operational,Banashankari,yes,IBC Knowledge Park,4.98,green,2.31,yes,yes,True,Banashankari,2.31,3-6km,26,Krishnadevaraya Halt,3.84,34.09,40,110,16,12.9278196,77.556621,5.66,Kathriguppe,Karnataka,1,2022-05-14,2022-05-14,high,Banashankari,place/suburb,Banashankari,2022,2022-04-13
Srinivaspura,Bangalore,west,operational,Pattanagere,yes,Global Village Tech Park,1.8,purple,2.32,yes,yes,True,Pattanagere,2.32,0-3km,3,Jnanabharati,2.97,38.42,17,6,10,12.9083759,77.512241,9.93,Rajarajeshwari Nagara,Karnataka,2,2022-06-08,2022-07-07,high,Srinivasapura,place/neighbourhood,Srinivaspura,2022,2022-04-13
"State Bank Of India Colony, Hegganahalli",Bangalore,west,none,Peenya Industry,yes,Peenya Industrial Area,3.59,green,3.89,no,no,True,Peenya Industry,3.89,3-6km,4,Yesvantpur Junction,4.69,30.07,10,11,0,13.0035647,77.5127828,7.01,Hegganahalli,Karnataka,1,2022-07-04,2022-07-04,high,Hegganahalli,place/quarter,Hegganahalli,2022,2022-04-13
"Subhash Nagar, Kengeri Satellite Town",Bangalore,west,operational,Kengeri Bus Terminal,yes,Global Village Tech Park,1.72,purple,1.07,yes,yes,True,Kengeri Bus Terminal,1.07,0-3km,3,Kengeri,0.71,38.73,24,12,3,12.9239162,77.4850018,11.04,Kengeri,Karnataka,1,2022-05-30,2022-05-30,medium,Kengeri Satellite Town,highway/bus_stop,Kengeri Satellite Town,2022,2022-04-13
Subramanyapura,Bangalore,south,operational,Doddakallasandra,yes,Global Village Tech Park,4.81,green,2.08,yes,yes,True,Doddakallasandra,2.08,3-6km,10,Jnanabharati,5.19,38.14,22,15,8,12.8963963,77.5377864,9.64,Subramanyapura,Karnataka,2,2022-05-27,2022-07-04,high,Subramanyapura,place/quarter,Subramanyapura,2022,2022-04-13
Sun City Layout,Bangalore,south,operational,Yelachenahalli,yes,IBC Knowledge Park,5.58,green,2.04,yes,yes,True,Yelachenahalli,2.04,3-6km,19,Nayandahalli,9.33,37.1,69,16,33,12.8853616,77.5854089,10.27,RBI Layout,Karnataka,2,2022-04-29,2022-07-02,high,Sun City Layout,place/neighbourhood,Sun City Layout,2022,2022-04-13
Sunkadakatte,Bangalore,west,none,Vijayanagar,yes,Peenya Industrial Area,4.67,purple,4.28,no,no,True,Vijayanagar,4.28,3-6km,3,Krishnadevaraya Halt,5.43,31.23,13,10,0,12.995024,77.5065272,7.31,Chowdeshwari Nagar,Karnataka,3,2022-05-14,2022-06-08,high,Sunkadakatte,place/quarter,Sunkadakatte,2022,2022-04-13
"Syndicate Bank Colony, Arakere",Bangalore,north,none,Nagasandra,no,Peenya Industrial Area,18.45,green,17.43,no,no,True,Chikkabidarakallu,17.33,6km+,0,Rajanukunte,4.06,18.13,1,0,0,13.2001117,77.5387874,25.09,,Karnataka,1,2022-06-23,2022-06-23,high,Arakere,place/village,Arakere,2022,2022-04-13
T Dasarahalli,Bangalore,west,operational,"Sri Balagangadharanatha Swamiji Station, Hosahalli",no,Peenya Industrial Area,6.88,purple,0.56,yes,yes,True,"Sri Balagangadharanatha Swamiji Station, Hosahalli",0.56,6km+,14,Krishnadevaraya Halt,2.35,30.13,64,144,27,12.9784134,77.5427194,3.1,Thimmenahalli,Karnataka,5,2022-05-19,2022-06-20,high,Dasarahalli,place/neighbourhood,T Dasarahalli,2022,2022-04-13
Talagatta Pura,Bangalore,south,operational,Silk Institute,no,Global Village Tech Park,8.1,green,1.0,yes,yes,True,Silk Institute,1.0,6km+,0,Kengeri,8.8,42.82,8,4,1,12.8527766,77.5302443,14.48,Talagattapura,Karnataka,1,2022-06-30,2022-06-30,medium,Vajramuneshwara Temple,highway/bus_stop,Talagatta Pura,2022,2022-04-13
Talaghattapura,Bangalore,south,operational,Thalaghattapura,no,Global Village Tech Park,6.92,green,0.66,yes,yes,True,Thalaghattapura,0.66,6km+,0,Kengeri,7.87,41.21,7,7,2,12.8668939,77.5344087,12.85,,Karnataka,1,2022-06-04,2022-06-04,medium,Talagattapura,boundary/administrative,Talaghattapura,2022,2022-04-13
Tannery Road,Bangalore,north,none,Cubbon Park,yes,Manyata Tech Park,4.46,purple,2.85,no,no,True,Cubbon Park,2.85,3-6km,50,Bengaluru East,0.69,23.99,46,53,26,13.0023165,77.6120801,5.26,Doddanna Nagar,Karnataka,1,2022-05-19,2022-05-19,low,Tannery Road,highway/secondary,Tannery Road,2022,2022-04-13
Thambuchetty Palya,Bangalore,east,none,Baiyappanahalli,yes,RMZ Infinity Old Madras Road,5.26,purple,6.2,no,no,True,Singayyanapalya,2.89,3-6km,11,Hoodi,3.52,19.59,39,44,5,13.0215083,77.7000989,14.82,T.C Palya,Karnataka,1,2022-06-27,2022-06-27,medium,Thambuchetty Palya,highway/bus_stop,Thambuchetty Palya,2022,2022-04-13
Thammenahalli Apartmentge,Bangalore,west,operational,"Sri Balagangadharanatha Swamiji Station, Hosahalli",no,Peenya Industrial Area,6.62,purple,0.91,yes,yes,True,"Sri Balagangadharanatha Swamiji Station, Hosahalli",0.91,6km+,13,Krishnadevaraya Halt,2.45,30.24,58,140,24,12.9795885,77.5392549,3.49,Thimmenahalli,Karnataka,1,2022-05-23,2022-05-23,low,Raheja Apartment Junction,junction/yes,Thammenahalli Apartmentge,2022,2022-04-13
Thanisandra,Bangalore,north,none,Baiyappanahalli,yes,Manyata Tech Park,1.99,purple,7.39,no,no,True,Baiyappanahalli,7.39,0-3km,19,Hebbal,5.34,17.71,31,10,12,13.054713,77.6339258,11.01,Thanisandra,Karnataka,5,2022-05-04,2022-07-09,high,Thanisandra,place/quarter,Thanisandra,2022,2022-04-13
"Tilak Nagar, Jayanagar, bannerghatta main Road",Bangalore,south,operational,Jayanagar,yes,IBC Knowledge Park,2.19,green,0.25,yes,yes,True,Jayanagar,0.25,0-3km,49,Krantivira Sangolli Rayanna (Bengaluru),5.61,32.71,84,140,25,12.9292731,77.5824229,5.41,Tilak Nagara,Karnataka,1,2022-05-27,2022-05-27,high,Jayanagar,place/suburb,Jayanagar,2022,2022-04-13
Tumkur Road,Bangalore,west,operational,Sandal Soap Factory,yes,Peenya Industrial Area,4.59,green,0.17,yes,yes,True,Sandal Soap Factory,0.17,3-6km,9,Yesvantpur Junction,1.04,26.02,84,89,27,13.0155095,77.5553229,4.65,Subramanyanagara,Karnataka,2,2022-05-10,2022-07-02,low,Tumkur Road,highway/trunk,Tumkur Road,2022,2022-04-13
"Udayanagar Extension, Mahadevapura",Bangalore,east,under_construction,Baiyappanahalli,yes,RMZ Infinity Old Madras Road,3.17,purple,4.05,yes,no,False,Singayyanapalya,0.67,3-6km,53,Krishnarajapuram,1.86,23.01,23,49,10,12.9912395,77.6897334,12.93,,Karnataka,1,2022-06-16,2022-06-16,high,Mahadevapura,place/suburb,Mahadevapura,2022,2022-04-13
Ullal Main Road,Bangalore,west,operational,Jnanabharathi,yes,Global Village Tech Park,3.63,purple,2.36,yes,yes,True,Jnanabharathi,2.36,3-6km,4,Jnanabharati,2.3,35.35,21,18,7,12.9520729,77.4989268,8.31,Jnana Bharathi Ward,Karnataka,1,2022-05-27,2022-05-27,low,Ullal Main Road,highway/secondary,Ullal Main Road,2022,2022-04-13
Ullal Upnagar,Bangalore,west,none,Pattanagere,yes,Global Village Tech Park,4.86,purple,4.3,no,no,True,Pattanagere,4.3,3-6km,3,Jnanabharati,4.26,36.18,13,7,3,12.9583897,77.4797902,10.12,Ullal,Karnataka,1,2022-06-19,2022-06-19,high,Ullalu,place/quarter,Ullal Upnagar,2022,2022-04-13
Ulsoor Road,Bangalore,east,operational,Halasuru,yes,RMZ Infinity Old Madras Road,4.27,purple,1.0,yes,yes,True,Halasuru,1.0,3-6km,78,Bengaluru East,1.9,25.38,79,85,33,12.9844792,77.6223664,5.6,K Kamaraj Ward,Karnataka,1,2022-07-05,2022-07-05,medium,Ulsoor Park,highway/bus_stop,Ulsoor Road,2022,2022-04-13
Uttarahalli,Bangalore,south,operational,Doddakallasandra,yes,Global Village Tech Park,5.15,green,2.45,yes,yes,True,Doddakallasandra,2.45,3-6km,15,Nayandahalli,4.77,36.84,21,32,14,12.9055682,77.5455438,8.39,,Karnataka,4,2022-05-22,2022-06-15,high,Uttarahalli,place/suburb,Uttarahalli,2022,2022-04-13
Vaderahalli,Bangalore,north,none,Dasarahalli,no,Peenya Industrial Area,6.97,green,6.39,no,no,True,Dasarahalli,6.39,6km+,1,Chikka Banavara,4.2,21.46,10,12,3,13.0949471,77.5383791,13.62,Vaderahalli,Karnataka,1,2022-05-14,2022-05-14,high,Vaderahalli,place/neighbourhood,Vaderahalli,2022,2022-04-13
Varanasi,Bangalore,east,none,Baiyappanahalli,yes,RMZ Infinity Old Madras Road,4.91,purple,5.73,no,no,True,Krishnarajapura,3.52,3-6km,5,Channasandra,3.26,18.71,34,16,5,13.0304962,77.6860657,13.8,Byrathi,Karnataka,2,2022-06-20,2022-06-22,high,Varanasi,place/neighbourhood,Varanasi,2022,2022-04-13
Varthur,Bangalore,east,none,Baiyappanahalli,yes,Brigade Tech Gardens,3.7,purple,11.67,no,no,True,Nallurahalli,4.66,3-6km,24,Belandur Road,4.32,28.91,14,20,6,12.9406508,77.746988,19.46,,Karnataka,5,2022-04-28,2022-07-05,high,Varthur,place/suburb,Varthur,2022,2022-04-13
Vasanth Nagar,Bangalore,west,operational,Cubbon Park,no,Karle Town Centre,6.23,purple,1.41,yes,yes,True,Cubbon Park,1.41,6km+,39,Bangalore Cantonment,0.73,26.0,58,55,21,12.9921738,77.591459,2.78,Bengaluru,Karnataka,2,2022-05-18,2022-05-31,high,Vasanth Nagar,place/suburb,Vasanth Nagar,2022,2022-04-13
venkatapuram,Bangalore,south,under_construction,Rashtreeya Vidyalaya Road,yes,Embassy Golf Links,3.19,green,5.88,yes,no,False,Bommanahalli,1.59,3-6km,83,Baiyyappanahalli Junction,7.86,31.55,60,75,38,12.9225582,77.6344738,9.12,Jakkasandra,Karnataka,1,2022-05-20,2022-05-20,high,Venkatpura,place/neighbourhood,venkatapuram,2022,2022-04-13
"Venkateshappa Layout-Kammanahalli, Kammanahalli",Bangalore,north,none,Baiyappanahalli,yes,RMZ Infinity Old Madras Road,3.36,purple,3.09,no,no,True,Baiyappanahalli,3.09,3-6km,30,Banaswadi,1.48,21.61,47,74,29,13.0148544,77.6382029,8.4,HRBR Layout,Karnataka,1,2022-05-21,2022-05-21,high,Kammanahalli,place/suburb,Venkateshappa Layout-Kammanahalli Kammanahalli,2022,2022-04-13
"Venkatpura, HSR Layout",Bangalore,south,under_construction,Rashtreeya Vidyalaya Road,yes,Embassy Golf Links,4.29,green,6.45,yes,no,False,Hongasandra,1.33,3-6km,65,Carmelaram,7.27,32.62,67,59,33,12.9116225,77.6388622,10.29,,Karnataka,1,2022-04-29,2022-04-29,high,HSR Layout,place/suburb,Venkatpura HSR Layout,2022,2022-04-13
Vibhutipura,Bangalore,east,none,Indiranagar,yes,Bagmane Tech Park,2.67,purple,4.31,no,no,True,Indiranagar,4.31,0-3km,108,Belandur Road,4.37,27.17,21,26,18,12.9556625,77.6708734,11.04,,Karnataka,1,2022-06-23,2022-06-23,medium,Vibhootipura,boundary/administrative,Vibhutipura,2022,2022-04-13
Vidyaranyapura,Bangalore,north,none,Peenya,no,Peenya Industrial Area,6.27,green,5.53,no,no,True,Peenya,5.53,6km+,5,Kodigehalli,2.47,20.96,27,34,7,13.0766407,77.5577315,11.21,Singapura,Karnataka,5,2022-05-27,2022-07-05,high,Vidyaranyapura,place/suburb,Vidyaranyapura,2022,2022-04-13
Vijay Enclave,Bangalore,west,operational,Pattanagere,yes,Global Village Tech Park,1.0,purple,0.48,yes,yes,True,Pattanagere,0.48,0-3km,3,Kengeri,1.55,37.85,24,9,3,12.9266697,77.4946334,10.0,Kengeri,Karnataka,1,2022-04-29,2022-04-29,medium,Vijayalakshmi Enclave,landuse/residential,Vijay Enclave,2022,2022-04-13
"Vijaya Bank Colony -Bilekahalli, Bilekahalli",Bangalore,south,under_construction,Jaya Prakash Nagar,yes,IBC Knowledge Park,3.93,green,3.98,yes,no,False,BTM Layout,2.07,3-6km,56,Krantivira Sangolli Rayanna (Bengaluru),9.87,34.95,58,50,36,12.8979703,77.6085699,9.64,Bilekahalli,Karnataka,2,2022-06-24,2022-06-24,high,Bilekahalli,place/quarter,Bilekahalli,2022,2022-04-13
Vijaya Bank Layout,Bangalore,south,none,Jaya Prakash Nagar,yes,IBC Knowledge Park,4.47,green,4.09,no,no,True,BTM Layout,2.63,3-6km,49,Krantivira Sangolli Rayanna (Bengaluru),10.34,35.51,58,35,33,12.8929425,77.6077625,10.12,Vijaya Bank Layout,Karnataka,1,2022-04-28,2022-04-28,high,Vijaya Bank Layout,place/neighbourhood,Vijaya Bank Layout,2022,2022-04-13
Vijayanagar,Bangalore,west,operational,Vijayanagar,no,Global Village Tech Park,7.0,purple,0.0,yes,yes,True,Vijayanagar,0.0,6km+,10,Krishnadevaraya Halt,1.49,31.14,42,146,26,12.9709559,77.5374044,3.73,Dr. Vishnuvardhan Ward,Karnataka,12,2022-05-14,2022-07-04,medium,Vijayanagar,railway/station,Vijayanagar,2022,2022-04-13
"Vimanapura, Airport Road",Bangalore,east,none,Indiranagar,yes,Bagmane Tech Park,1.82,purple,3.24,no,no,True,Indiranagar,3.24,0-3km,107,Baiyyappanahalli Junction,3.47,26.58,41,40,30,12.96218,77.6635462,10.13,Jagadish Nagar,Karnataka,2,2022-05-23,2022-07-04,high,Vimanapura,place/quarter,Vimanapura,2022,2022-04-13
"Vinayak Nagar, Kattigenahalli",Bangalore,north,none,Yeshwantpur,no,Karle Town Centre,8.32,green,13.37,no,no,True,Yeshwantpur,13.37,6km+,3,Yelahanka Junction,3.97,12.41,20,20,3,13.1177735,77.6261222,16.77,,Karnataka,1,2022-04-29,2022-04-29,high,Kattigenahalli,place/village,Kattigenahalli,2022,2022-04-13
"Vinayakanagar, Hebbal",Bangalore,north,none,Yeshwantpur,yes,Karle Town Centre,2.42,green,4.85,no,no,True,Yeshwantpur,4.85,0-3km,22,Hebbal,0.78,21.62,45,38,28,13.0382184,77.5919,7.2,Bengaluru,Karnataka,1,2022-05-09,2022-05-09,high,Hebbal,place/suburb,Hebbal,2022,2022-04-13
"Virat Nagar, Bommanahalli",Bangalore,south,under_construction,Rashtreeya Vidyalaya Road,yes,IBC Knowledge Park,3.54,green,4.94,yes,no,False,Bommanahalli,0.34,3-6km,52,Carmelaram,8.88,33.31,81,59,33,12.9089453,77.6239038,9.45,Kodi Chikkanahalli,Karnataka,1,2022-07-07,2022-07-07,high,Bommanahalli,place/quarter,Bommanahalli,2022,2022-04-13
Virupakshapura,Bangalore,north,none,Yeshwantpur,yes,Karle Town Centre,5.03,green,5.09,no,no,True,Yeshwantpur,5.09,3-6km,7,Kodigehalli,0.45,20.82,27,28,10,13.0638109,77.5717581,9.69,Thindlu,Karnataka,1,2022-05-23,2022-05-23,medium,Virupakshapura,highway/bus_stop,Virupakshapura,2022,2022-04-13
"Vishwapriya Nagar, Begur",Bangalore,south,under_construction,Yelachenahalli,yes,Electronic City,5.36,green,6.18,yes,no,False,Kudlu Gate,2.46,3-6km,24,Huskuru,9.65,37.02,30,12,9,12.8747465,77.6227293,12.63,Yelenahalli,Karnataka,1,2022-06-28,2022-06-28,high,Beguru,place/suburb,Begur,2022,2022-04-13
"Vishweshwaraiah Layout, Annapurneshwari Nagar",Bangalore,west,operational,"Sir M. Visvesvaraya Stn., Central College",yes,IBC Knowledge Park,4.86,purple,0.41,yes,yes,True,"Sir M. Visvesvaraya Stn., Central College",0.41,3-6km,49,Krantivira Sangolli Rayanna (Bengaluru),2.05,27.95,83,60,22,12.9741713,77.5880263,1.83,Sampangirama Nagar,Karnataka,1,2022-06-24,2022-06-24,low,Annapurneshwari Canteen,amenity/restaurant,Annapurneshwari Nagar,2022,2022-04-13
Visthar,Bangalore,north,none,Baiyappanahalli,yes,Manyata Tech Park,5.15,purple,9.05,no,no,True,Krishnarajapura,8.31,3-6km,5,Channasandra,6.71,14.94,31,3,4,13.0719702,77.6573707,14.11,Byrathi,Karnataka,1,2022-06-04,2022-06-04,low,Visthar,amenity/college,Visthar,2022,2022-04-13
"Vv Nagar, Bikasipura",Bangalore,north,none,Sandal Soap Factory,yes,Karle Town Centre,2.67,green,4.69,no,no,True,Sandal Soap Factory,4.69,0-3km,24,Hebbal,1.88,22.38,36,35,26,13.0279472,77.5950711,6.25,Ganganagar,Karnataka,1,2022-06-16,2022-06-16,high,VV Nagar,place/neighbourhood,Vv Nagar Bikasipura,2022,2022-04-13
"Vyalikaval, Malleshwaram",Bangalore,west,operational,Srirampura,no,Karle Town Centre,6.05,green,1.56,yes,yes,True,Srirampura,1.56,6km+,18,Malleswaram,1.33,25.76,92,82,29,13.0042636,77.5751704,3.09,Kodandarampura,Karnataka,1,2022-05-23,2022-05-23,high,Vyalikaval,place/neighbourhood,Vyalikaval,2022,2022-04-13
Whitefield,Bangalore,east,under_construction,Baiyappanahalli,yes,ITPL Whitefield,2.11,purple,10.81,yes,no,False,Kadugodi Tree Park,1.81,0-3km,34,Whitefield,3.23,25.78,25,22,15,12.9696365,77.7497448,19.35,,Karnataka,2,2022-06-08,2022-07-07,high,Whitefield,place/suburb,Whitefield,2022,2022-04-13
whitefield,Bangalore,east,under_construction,Baiyappanahalli,yes,ITPL Whitefield,2.11,purple,10.81,yes,no,False,Kadugodi Tree Park,1.81,0-3km,34,Whitefield,3.23,25.78,25,22,15,12.9696365,77.7497448,19.35,,Karnataka,12,2022-04-29,2022-07-06,high,Whitefield,place/suburb,whitefield,2022,2022-04-13
Wilson Garden,Bangalore,south,operational,Lalbagh,yes,IBC Knowledge Park,1.89,green,1.84,yes,yes,True,Lalbagh,1.84,0-3km,81,Krantivira Sangolli Rayanna (Bengaluru),4.39,30.08,95,95,17,12.9489339,77.5968273,4.15,Hombegowda Nagara,Karnataka,1,2022-04-27,2022-04-27,high,Wilson Garden,place/quarter,Wilson Garden,2022,2022-04-13
Wilson garden Bangalore,Bangalore,south,operational,Lalbagh,yes,IBC Knowledge Park,1.89,green,1.84,yes,yes,True,Lalbagh,1.84,0-3km,81,Krantivira Sangolli Rayanna (Bengaluru),4.39,30.08,95,95,17,12.9489339,77.5968273,4.15,Hombegowda Nagara,Karnataka,1,2022-06-23,2022-06-23,high,Wilson Garden,place/quarter,Wilson garden Bangalore,2022,2022-04-13
"Yelachenahalli, Kumaraswamy Layout, Kanakapura Road",Bangalore,south,operational,Jaya Prakash Nagar,yes,IBC Knowledge Park,5.47,green,1.48,yes,yes,True,Jaya Prakash Nagar,1.48,3-6km,24,Nayandahalli,5.66,36.03,39,50,16,12.9067683,77.5595021,7.88,Gowdanapalya,Karnataka,1,2022-05-31,2022-05-31,high,Kumaraswamy Layout,place/quarter,Kumaraswamy Layout,2022,2022-04-13
Yelahanka,Bangalore,north,none,Yeshwantpur,no,Karle Town Centre,6.58,green,9.97,no,no,True,Yeshwantpur,9.97,6km+,7,Yelahanka Junction,0.68,16.05,30,52,10,13.1006982,77.5963454,14.05,Yelahanka Old Town,Karnataka,8,2022-05-01,2022-06-30,high,Yelahanka,place/suburb,Yelahanka,2022,2022-04-13
Yelahanka Dodda Ballapur Road,Bangalore,north,none,Nagasandra,no,Peenya Industrial Area,21.24,green,20.04,no,no,True,Madavara,19.68,6km+,0,Rajanukunte,7.06,19.61,0,0,0,13.226201,77.527476,28.15,Kadathanamale,Karnataka,1,2022-06-08,2022-06-08,low,"PHC, Dodda Tumkur",healthcare/centre,Yelahanka Dodda Ballapur Road,2022,2022-04-13
Yelahanka New Town,Bangalore,north,none,Goraguntepalya,no,Karle Town Centre,6.94,green,8.88,no,no,True,Goraguntepalya,8.88,6km+,7,Yelahanka Junction,1.41,17.51,35,72,22,13.0978039,77.5811889,13.51,Yelahanka Satellite Town,Karnataka,3,2022-05-27,2022-06-27,high,Yelahanka New Town,place/quarter,Yelahanka New Town,2022,2022-04-13
Yelechenahalli,Bangalore,south,operational,Yelachenahalli,yes,IBC Knowledge Park,5.22,green,0.21,yes,yes,True,Yelachenahalli,0.21,3-6km,24,Nayandahalli,7.16,36.43,62,41,30,12.897971,77.5700846,8.76,Yelachenahalli,Karnataka,1,2022-06-19,2022-06-19,high,Yelachenahalli,place/neighbourhood,Yelechenahalli,2022,2022-04-13
Yemalur,Bangalore,east,none,Indiranagar,yes,Prestige Tech Park ORR,1.35,purple,5.85,no,no,True,Seetharampalya,4.84,0-3km,102,Belandur Road,2.91,28.07,9,5,6,12.9463287,77.6815209,12.41,Yamalur,Karnataka,1,2022-06-23,2022-06-23,high,Yemaluru,place/quarter,Yemalur,2022,2022-04-13
Yeshwantpur,Bangalore,west,operational,Yeshwantpur,yes,Peenya Industrial Area,4.06,green,0.37,yes,yes,True,Yeshwantpur,0.37,3-6km,6,Yesvantpur Junction,0.31,25.6,63,48,21,13.0221838,77.5530824,5.43,Yeshwanthpura,Karnataka,6,2022-05-19,2022-06-20,high,Yeswanthpur,place/suburb,Yeshwantpur,2022,2022-04-13
2nd Main Road,Chennai,east,operational,Teynampet,yes,Tidel Park Taramani,5.15,blue,0.68,yes,yes,True,Bharathidasan Road Metro,0.25,3-6km,6,Mandaveli,1.21,10.39,51,91,22,13.0358003,80.2526924,5.57,Teynampet,Tamil Nadu,1,2022-06-02,2022-06-02,low,2nd Main Road,highway/residential,2nd Main Road,2022,2022-04-13
355 konnur highroad Ayanavaram,Chennai,unknown,unknown,unknown,unknown,unknown,,unknown,,unknown,unknown,,unknown,,unknown,,unknown,,,,,,,,,,,1,2022-05-10,2022-05-10,none,,,,2022,2022-04-13
5000,Chennai,unknown,unknown,unknown,unknown,unknown,,unknown,,unknown,unknown,,unknown,,unknown,,unknown,,,,,,,,,,,1,2022-06-29,2022-06-29,none,,,,2022,2022-04-13
58 block,Chennai,unknown,unknown,unknown,unknown,unknown,,unknown,,unknown,unknown,,unknown,,unknown,,unknown,,,,,,,,,,,1,2022-06-25,2022-06-25,none,,,,2022,2022-04-13
Abiramapuram,Chennai,east,operational,Teynampet,yes,Tidel Park Taramani,4.72,blue,1.44,yes,yes,True,Bharathidasan Road Metro,0.64,3-6km,4,Mandaveli,0.41,10.71,44,77,16,13.0310236,80.2582995,5.9,Teynampet,Tamil Nadu,2,2022-05-20,2022-06-17,high,Abhiramapuram,place/suburb,Abiramapuram,2022,2022-04-13
Adambakkam,Chennai,south,operational,Saint Thomas Mount,yes,Olympia Tech Park Guindy,3.66,green,1.82,yes,yes,True,Saint Thomas Mount,1.82,3-6km,27,Puzhudivakkam,0.69,4.7,26,30,25,12.9822215,80.209121,13.01,Adyar,Tamil Nadu,7,2022-04-29,2022-05-29,high,Adambakkam,place/suburb,Adambakkam,2022,2022-04-13
"Adyar, Sardar Patel Road",Chennai,east,none,Nandanam,yes,Tidel Park Taramani,2.11,blue,3.33,no,no,True,Boat Club Metro,2.77,0-3km,14,Kasturiba Nagar,1.08,9.91,42,59,14,13.00645,80.2577791,8.59,Chennai,Tamil Nadu,10,2022-05-16,2022-07-05,high,Adyar,place/suburb,Adyar,2022,2022-04-13
"Adyar, Thiruvanmiyur, Chennai",Chennai,east,none,Nandanam,yes,Tidel Park Taramani,2.11,blue,3.33,no,no,True,Boat Club Metro,2.77,0-3km,14,Kasturiba Nagar,1.08,9.91,42,59,14,13.00645,80.2577791,8.59,Chennai,Tamil Nadu,1,2022-07-08,2022-07-08,high,Adyar,place/suburb,Adyar,2022,2022-04-13
AGS Colony-Velachery,Chennai,east,none,Little Mount,yes,Prince Info Park OMR,1.12,blue,5.66,no,no,True,Little Mount,5.66,0-3km,22,Taramani,1.67,9.88,24,39,10,12.9745922,80.2564334,12.12,Perungudi,Tamil Nadu,2,2022-05-20,2022-06-13,high,AGS Colony,place/neighbourhood,AGS Colony-Velachery,2022,2022-04-13
Alandur,Chennai,west,operational,Meenambakkam,yes,DLF IT Park Ramapuram,2.17,blue,1.76,yes,yes,True,Meenambakkam,1.76,0-3km,9,Meenambakkam,2.04,1.16,1,2,3,13.0028216,80.1719186,13.91,,Tamil Nadu,2,2022-07-06,2022-07-08,medium,Alandur,boundary/administrative,Alandur,2022,2022-04-13
"Alapakkam, Porur",Chennai,west,under_construction,Nanganallur Road,yes,DLF IT Park Ramapuram,2.15,blue,5.27,yes,no,False,Porur Junction,0.46,0-3km,7,Meenambakkam,5.57,4.41,9,13,6,13.0320131,80.158304,13.42,Valasaravakkam,Tamil Nadu,1,2022-07-07,2022-07-07,high,Porur,place/suburb,Porur,2022,2022-04-13
Alwarpet,Chennai,east,operational,Teynampet,yes,Tidel Park Taramani,4.96,blue,0.94,yes,yes,True,Bharathidasan Road Metro,0.22,3-6km,5,Mandaveli,0.92,10.47,52,87,22,13.0338602,80.2545491,5.71,Teynampet,Tamil Nadu,5,2022-05-12,2022-07-06,high,Alwarpet,place/suburb,Alwarpet,2022,2022-04-13
Alwarthirunagar,Chennai,west,none,Ashok Nagar,yes,DLF IT Park Ramapuram,2.37,green,2.79,no,no,True,Ashok Nagar,2.79,0-3km,13,Saidapet,4.53,5.64,22,72,11,13.0407334,80.1859659,10.3,Valasaravakkam,Tamil Nadu,1,2022-06-14,2022-06-14,high,Alwarthiru Nagar,place/neighbourhood,Alwarthirunagar,2022,2022-04-13
Ambattur,Chennai,north,none,Thirumangalam,yes,Ambattur Industrial Estate,3.04,green,6.68,no,no,True,Thirumangalam,6.68,3-6km,1,Ambattur,0.64,14.13,13,18,12,13.1193746,80.1507648,13.61,,Tamil Nadu,14,2022-04-30,2022-07-08,high,Ambattur,place/suburb,Ambattur,2022,2022-04-13
"Ambattur Industrial Estate, Chennai Bypass Road",Chennai,north,none,Koyambedu,yes,Ambattur Industrial Estate,0.89,green,3.62,no,no,True,Koyambedu,3.62,0-3km,1,Pattaravakkam,2.46,11.0,9,12,5,13.0922855,80.1675492,11.22,Ambattur,Tamil Nadu,1,2022-05-11,2022-05-11,low,Ambattur Industrial Estate,leisure/park,Ambattur Industrial Estate,2022,2022-04-13
Ambattur railway station,Chennai,north,none,Thirumangalam,yes,Ambattur Industrial Estate,1.18,green,2.64,no,no,True,Thirumangalam,2.64,0-3km,3,Padi,1.6,11.77,13,17,5,13.0983192,80.1810968,9.86,Ambattur,Tamil Nadu,1,2022-04-30,2022-04-30,low,Railway Station Road,highway/tertiary,Ambattur railway station,2022,2022-04-13
"Aminjikarai, PH Road",Chennai,north,operational,Shenoy Nagar Metro,no,Ambattur Industrial Estate,6.25,green,0.91,yes,yes,True,Shenoy Nagar Metro,0.91,6km+,6,Nungambakkam,1.5,10.49,43,64,20,13.0721399,80.2205453,5.56,Anna Nagar,Tamil Nadu,3,2022-05-12,2022-07-06,high,Aminjikarai,place/suburb,Aminjikarai,2022,2022-04-13
Anakaputhur,Chennai,west,none,Chennai International Airport,yes,MEPZ Tambaram,4.32,blue,3.73,no,no,True,Chennai International Airport,3.73,3-6km,3,Pallavaram,2.82,4.31,7,26,3,12.9806162,80.1297551,19.03,Tharapakkam,Tamil Nadu,8,2022-04-29,2022-07-04,high,Anakaputhur,place/suburb,Anakaputhur,2022,2022-04-13
Andal Nagar,Chennai,south,operational,Saint Thomas Mount,yes,RMZ Millenia Perungudi,3.36,green,2.22,yes,yes,True,Saint Thomas Mount,2.22,3-6km,27,Puzhudivakkam,0.8,5.08,26,29,24,12.9800644,80.212188,13.05,Adyar,Tamil Nadu,1,2022-06-06,2022-06-06,low,Andal Nagar Extension 2nd Street,highway/residential,Andal Nagar,2022,2022-04-13
Anna Nagar,Chennai,north,operational,Thirumangalam,yes,Ambattur Industrial Estate,2.46,green,1.4,yes,yes,True,Thirumangalam,1.4,0-3km,4,Anna Nagar West,1.07,11.52,20,27,12,13.0940791,80.1922978,8.59,Ambattur,Tamil Nadu,8,2022-05-20,2022-07-08,high,Anna Nagar West,place/suburb,Anna Nagar,2022,2022-04-13
Anna Nagar East,Chennai,north,operational,Shenoy Nagar Metro,no,Ambattur Industrial Estate,6.23,green,0.7,yes,yes,True,Shenoy Nagar Metro,0.7,6km+,5,Chennai Chetpet,2.16,12.02,38,79,14,13.0852124,80.2258887,4.86,Anna Nagar,Tamil Nadu,1,2022-06-09,2022-06-09,high,Anna Nagar East,place/neighbourhood,Anna Nagar East,2022,2022-04-13
Anna Nagar West,Chennai,north,operational,Thirumangalam,yes,Ambattur Industrial Estate,2.46,green,1.4,yes,yes,True,Thirumangalam,1.4,0-3km,4,Anna Nagar West,1.07,11.52,20,27,12,13.0940791,80.1922978,8.59,Ambattur,Tamil Nadu,2,2022-07-06,2022-07-10,high,Anna Nagar West,place/suburb,Anna Nagar West,2022,2022-04-13
Anna Nagar West Extension,Chennai,north,operational,Thirumangalam,yes,Ambattur Industrial Estate,2.64,green,1.1,yes,yes,True,Thirumangalam,1.1,0-3km,5,Anna Nagar West,1.3,11.11,18,30,11,13.0901563,80.1926435,8.49,Ambattur,Tamil Nadu,4,2022-05-01,2022-06-29,low,ONGC Anna Nagar Office Complex,office/government,Anna Nagar West Extension,2022,2022-04-13
Anna Nagar-Pammal,Chennai,west,operational,Chennai International Airport,yes,MEPZ Tambaram,5.03,blue,1.91,yes,yes,True,Chennai International Airport,1.91,3-6km,1,Pallavaram,1.52,2.68,3,31,3,12.9801523,80.1465953,17.63,Pammal,Tamil Nadu,1,2022-05-16,2022-05-16,low,Anna Nagar - Pozhichalur Link Road,highway/residential,Anna Nagar-Pammal,2022,2022-04-13
Annanagar East,Chennai,unknown,unknown,unknown,unknown,unknown,,unknown,,unknown,unknown,,unknown,,unknown,,unknown,,,,,,,,,,,2,2022-04-30,2022-05-29,none,,,,2022,2022-04-13
Annanagar west,Chennai,north,operational,Anna Nagar East,yes,Ambattur Industrial Estate,5.02,green,0.53,yes,yes,True,Anna Nagar East,0.53,3-6km,6,Anna Nagar West,2.07,11.4,30,54,18,13.0851247,80.2141968,6.13,Anna Nagar,Tamil Nadu,1,2022-05-26,2022-05-26,low,Annanagar Plaza,building/commercial,Annanagar west,2022,2022-04-13
Arasankalani,Chennai,unknown,unknown,unknown,unknown,unknown,,unknown,,unknown,unknown,,unknown,,unknown,,unknown,,,,,,,,,,,1,2022-05-22,2022-05-22,none,,,,2022,2022-04-13
Arcot Road Virugambakkam,Chennai,north,operational,Vadapalani,yes,DLF IT Park Ramapuram,3.24,green,2.28,yes,yes,True,Vadapalani,2.28,3-6km,13,Mambalam,4.04,6.47,27,101,12,13.0465771,80.191524,9.47,Kodambakkam,Tamil Nadu,1,2022-06-29,2022-06-29,medium,Virugambakkam,highway/bus_stop,Arcot Road Virugambakkam,2022,2022-04-13
Arumbakkam,Chennai,north,operational,CMBT,yes,Ambattur Industrial Estate,4.98,green,0.79,yes,yes,True,CMBT,0.79,3-6km,6,Anna Nagar West,2.8,10.03,33,45,23,13.074371,80.2081312,6.84,Anna Nagar,Tamil Nadu,6,2022-05-16,2022-06-10,high,Arumbakkam,place/suburb,Arumbakkam,2022,2022-04-13
"Arunachalam Nagar, Madipakkam",Chennai,south,none,Saint Thomas Mount,yes,RMZ Millenia Perungudi,4.65,green,3.77,no,no,True,Saint Thomas Mount,3.77,3-6km,10,Puzhudivakkam,1.87,5.05,21,19,13,12.9611348,80.2001292,15.53,Perungudi,Tamil Nadu,1,2022-06-05,2022-06-05,high,Madipakkam,place/suburb,Madipakkam,2022,2022-04-13
Ashok Nagar,Chennai,east,operational,Ashok Nagar,yes,Olympia Tech Park Guindy,3.06,green,0.73,yes,yes,True,Ashok Nagar,0.73,3-6km,12,Mambalam,1.3,7.4,61,89,28,13.0400731,80.2159247,7.59,Kodambakkam,Tamil Nadu,7,2022-05-16,2022-06-29,high,Ashok Nagar,place/suburb,Ashok Nagar,2022,2022-04-13
"Ask Nagar, Adambakkam",Chennai,south,operational,Saint Thomas Mount,yes,Olympia Tech Park Guindy,3.66,green,1.82,yes,yes,True,Saint Thomas Mount,1.82,3-6km,27,Puzhudivakkam,0.69,4.7,26,30,25,12.9822215,80.209121,13.01,Adyar,Tamil Nadu,1,2022-06-17,2022-06-17,high,Adambakkam,place/suburb,Adambakkam,2022,2022-04-13
Avadi,Chennai,west,none,Koyambedu,no,Ambattur Industrial Estate,7.65,green,11.22,no,no,True,Poonamallee Bus Stand Metro,7.67,6km+,0,Avadi,0.18,15.67,12,5,2,13.1194809,80.1026704,18.65,,Tamil Nadu,1,2022-06-18,2022-06-18,medium,Avadi,place/city,Avadi,2022,2022-04-13
Ayanavaram,Chennai,north,operational,Kilpauk,no,Ambattur Industrial Estate,7.07,green,2.04,yes,yes,True,Kilpauk,2.04,6km+,5,Perambur Carriage Works,1.46,13.46,25,61,2,13.0946157,80.23541,4.05,Anna Nagar,Tamil Nadu,3,2022-05-02,2022-06-07,high,Ayanavaram,place/suburb,Ayanavaram,2022,2022-04-13
Ayappakkam,Chennai,west,none,Koyambedu,yes,Ambattur Industrial Estate,4.12,green,7.52,no,no,True,Kumananchavadi Metro,6.68,3-6km,1,Tirumullaivayil,1.42,12.79,3,0,1,13.1032642,80.132508,15.14,Kolladi,Tamil Nadu,5,2022-05-06,2022-07-06,high,Ayapakkam,place/suburb,Ayappakkam,2022,2022-04-13
"Ayyappa Nagar, Pallavaram",Chennai,west,none,Chennai International Airport,yes,MEPZ Tambaram,3.69,blue,2.68,no,no,True,Chennai International Airport,2.68,3-6km,4,Pallavaram,0.79,3.92,28,80,12,12.9654669,80.1451178,18.84,,Tamil Nadu,1,2022-06-22,2022-06-22,high,Pallavaram,place/suburb,Pallavaram,2022,2022-04-13
"Baby Nagar Extention, Velachery",Chennai,south,none,Saint Thomas Mount,yes,RMZ Millenia Perungudi,2.29,green,3.1,no,no,True,Saint Thomas Mount,3.1,0-3km,27,Perungudi,1.11,6.2,25,22,23,12.9801655,80.2228506,12.52,Chennai,Tamil Nadu,1,2022-06-16,2022-06-16,high,Velachery,place/suburb,Velachery,2022,2022-04-13
Banu Nagar,Chennai,north,none,Thirumangalam,yes,Ambattur Industrial Estate,3.95,green,7.07,no,no,True,Thirumangalam,7.07,3-6km,1,Pattaravakkam,2.28,15.63,9,15,13,13.1336747,80.1591518,13.34,Ambattur,Tamil Nadu,1,2022-06-02,2022-06-02,high,Banu Nagar,place/locality,Banu Nagar,2022,2022-04-13
Besant Nagar,Chennai,east,none,Nandanam,yes,Tidel Park Taramani,2.38,blue,4.61,no,no,True,Kutchery Road Metro,3.89,0-3km,15,Indira Nagar,2.05,10.96,26,45,13,12.9996907,80.2682259,9.23,Adyar,Tamil Nadu,3,2022-05-12,2022-07-03,high,Besant Nagar,place/suburb,Besant Nagar,2022,2022-04-13
besant nagar Chennai,Chennai,east,none,Nandanam,yes,Tidel Park Taramani,2.38,blue,4.61,no,no,True,Kutchery Road Metro,3.89,0-3km,15,Indira Nagar,2.05,10.96,26,45,13,12.9996907,80.2682259,9.23,Adyar,Tamil Nadu,1,2022-06-10,2022-06-10,high,Besant Nagar,place/suburb,besant nagar Chennai,2022,2022-04-13
"Bharath Nagar, Porur",Chennai,west,under_construction,Nanganallur Road,yes,DLF IT Park Ramapuram,2.15,blue,5.27,yes,no,False,Porur Junction,0.46,0-3km,7,Meenambakkam,5.57,4.41,9,13,6,13.0320131,80.158304,13.42,Valasaravakkam,Tamil Nadu,1,2022-06-22,2022-06-22,high,Porur,place/suburb,Porur,2022,2022-04-13
"Bharathidasan Colony, KK Nagar",Chennai,north,none,Thirumangalam,no,Ambattur Industrial Estate,10.67,green,13.01,no,no,True,Madhavaram Depot,9.49,6km+,0,Pattaravakkam,9.03,22.47,0,3,0,13.1953929,80.1610267,17.26,,Tamil Nadu,1,2022-05-25,2022-05-25,high,KK Nagar,place/locality,KK Nagar,2022,2022-04-13
BHEL Nagar-Medavakkam,Chennai,east,operational,Kilpauk,no,Ambattur Industrial Estate,8.23,green,0.96,yes,yes,True,Kilpauk,0.96,6km+,5,Chennai Chetpet,1.32,13.29,31,99,3,13.0859248,80.2449482,2.81,Anna Nagar,Tamil Nadu,1,2022-06-15,2022-06-15,low,Medavakkam Tank Road,highway/secondary,BHEL Nagar-Medavakkam,2022,2022-04-13
"Bunder Garden, Perambur",Chennai,north,none,Nehru Park,no,Ambattur Industrial Estate,8.2,green,3.75,no,no,True,Nehru Park,3.75,6km+,2,Perambur,0.49,15.66,27,38,0,13.1121242,80.245022,4.29,Ward 70,Tamil Nadu,1,2022-06-28,2022-06-28,high,Perambur,place/suburb,Perambur,2022,2022-04-13
C.R.R. Puram L&T Colony,Chennai,east,operational,AG-DMS,no,Tidel Park Taramani,6.2,blue,1.24,yes,yes,True,Alwarpet Metro,0.67,6km+,5,Mundakakanni Amman Koil,1.18,11.5,54,90,24,13.0443128,80.2596312,4.43,Teynampet,Tamil Nadu,1,2022-05-06,2022-05-06,medium,C.I.T. Colony,highway/bus_stop,C.R.R. Puram L&T Colony,2022,2022-04-13
Camp Road,Chennai,south,none,Chennai International Airport,yes,MEPZ Tambaram,3.4,blue,6.84,no,no,True,Chennai International Airport,6.84,3-6km,5,Tambaram Sanatorium,2.13,8.27,14,70,23,12.9226099,80.1436734,22.5,Chitlapakkam,Tamil Nadu,1,2022-05-26,2022-05-26,medium,Camp Road,highway/bus_stop,Camp Road,2022,2022-04-13
CBI Colony,Chennai,east,none,Little Mount,yes,Prince Info Park OMR,0.45,blue,5.84,no,no,True,Little Mount,5.84,0-3km,23,Taramani,1.44,8.93,20,20,11,12.9661234,80.2448639,13.26,Perungudi,Tamil Nadu,1,2022-06-14,2022-06-14,low,CBI Colony Main Road,highway/residential,CBI Colony,2022,2022-04-13
"Central Bank Colony, Chromepet",Chennai,west,none,Chennai International Airport,yes,MEPZ Tambaram,1.84,blue,4.64,no,no,True,Chennai International Airport,4.64,0-3km,6,Chromepet,0.66,5.95,42,91,13,12.9496841,80.135642,20.81,,Tamil Nadu,1,2022-05-29,2022-05-29,high,Chromepet,place/suburb,Chromepet,2022,2022-04-13
Chembarambakkam,Chennai,west,none,Chennai International Airport,no,MEPZ Tambaram,12.14,blue,13.05,no,no,True,Poonamallee Bypass,3.29,6km+,0,Pattabiram,9.64,12.82,2,1,0,13.0323819,80.055997,23.92,,Tamil Nadu,1,2022-05-13,2022-05-13,high,Chembarambakkam,place/village,Chembarambakkam,2022,2022-04-13
Chennai,Chennai,east,operational,Chennai Suburban Terminal (Moore Market Complex),no,Olympia Tech Park Guindy,10.44,green,0.42,yes,yes,True,Chennai Suburban Terminal (Moore Market Complex),0.42,6km+,4,Chennai Park,0.45,15.0,53,75,10,13.0836939,80.270186,0.12,,Tamil Nadu,2,2022-06-04,2022-07-02,medium,Chennai,place/city,Chennai,2022,2022-04-13
"Chetpet, PH Road",Chennai,east,operational,Kilpauk,no,Olympia Tech Park Guindy,7.62,green,0.67,yes,yes,True,Kilpauk,0.67,6km+,7,Chennai Chetpet,0.33,12.03,49,122,14,13.0717448,80.2437973,3.16,Anna Nagar,Tamil Nadu,3,2022-05-06,2022-07-04,high,Chetpet,place/suburb,Chetpet,2022,2022-04-13
chettipunniyam,Chennai,west,none,Chennai International Airport,yes,Mahindra World City,4.29,blue,32.66,no,no,True,Chennai International Airport,32.66,3-6km,1,Paranur,2.52,33.97,0,0,2,12.751364,79.9759688,48.76,,Tamil Nadu,1,2022-05-22,2022-05-22,low,Chettipunniyam,place/village,chettipunniyam,2022,2022-04-13
Chinna Porur,Chennai,west,under_construction,Ekkattuthangal,yes,DLF IT Park Ramapuram,1.76,green,4.44,yes,no,False,Porur Junction,1.43,0-3km,12,Palavanthangal,5.51,4.86,12,34,11,13.0369528,80.169935,12.04,Valasaravakkam,Tamil Nadu,1,2022-07-02,2022-07-02,low,Chinna Porur Government Hospital,amenity/hospital,Chinna Porur,2022,2022-04-13
Chintadripet,Chennai,east,operational,Central Metro,no,Olympia Tech Park Guindy,9.89,blue,0.71,yes,yes,True,Central Metro,0.71,6km+,3,Chintadaripet,0.42,14.5,43,65,11,13.0761258,80.270781,0.73,Royapuram,Tamil Nadu,1,2022-07-06,2022-07-06,high,Chintadripet,place/suburb,Chintadripet,2022,2022-04-13
Chitlapakkam,Chennai,west,none,Chennai International Airport,yes,MEPZ Tambaram,2.54,blue,5.85,no,no,True,Chennai International Airport,5.85,0-3km,5,Tambaram Sanatorium,1.23,7.27,40,101,24,12.9330984,80.1413832,21.75,Tambaram,Tamil Nadu,3,2022-05-20,2022-06-29,high,Chitlapakkam,place/suburb,Chitlapakkam,2022,2022-04-13
Choolaimedu,Chennai,north,operational,Pachaiyappa's College,no,Olympia Tech Park Guindy,6.41,green,1.02,yes,yes,True,Pachaiyappa's College,1.02,6km+,7,Nungambakkam,0.27,10.64,47,82,17,13.0666287,80.2305198,4.7,Teynampet,Tamil Nadu,11,2022-05-14,2022-07-11,medium,Choolaimedu,highway/bus_stop,Choolaimedu,2022,2022-04-13
Choolaimedu High Road,Chennai,north,operational,Pachaiyappa's College,no,Olympia Tech Park Guindy,6.53,green,0.92,yes,yes,True,Pachaiyappa's College,0.92,6km+,7,Nungambakkam,0.22,10.78,46,89,16,13.0673682,80.2316052,4.56,Teynampet,Tamil Nadu,1,2022-05-03,2022-05-03,low,Choolaimedu High Road,highway/tertiary,Choolaimedu High Road,2022,2022-04-13
"Chromepet, GST Road",Chennai,west,none,Chennai International Airport,yes,MEPZ Tambaram,1.84,blue,4.64,no,no,True,Chennai International Airport,4.64,0-3km,6,Chromepet,0.66,5.95,42,91,13,12.9496841,80.135642,20.81,,Tamil Nadu,15,2022-05-06,2022-07-10,high,Chromepet,place/suburb,Chromepet,2022,2022-04-13
CIT Nagar,Chennai,east,operational,Nandanam,yes,Olympia Tech Park Guindy,3.6,blue,0.79,yes,yes,True,Nandanam,0.79,3-6km,10,Mambalam,1.2,8.29,54,59,23,13.0293843,80.2342825,7.12,Kodambakkam,Tamil Nadu,1,2022-05-20,2022-05-20,high,CIT Nagar,place/neighbourhood,CIT Nagar,2022,2022-04-13
Cmbt,Chennai,north,operational,CMBT,yes,Ambattur Industrial Estate,5.04,green,0.0,yes,yes,True,CMBT,0.0,3-6km,6,Nungambakkam,3.14,9.25,34,58,22,13.0685197,80.2039836,7.4,Kodambakkam,Tamil Nadu,1,2022-06-22,2022-06-22,medium,CMBT,railway/station,Cmbt,2022,2022-04-13
Deepa Appartment Turnbulls,Chennai,north,operational,Koyambedu,yes,Ambattur Industrial Estate,3.83,green,2.19,yes,yes,True,Koyambedu,2.19,3-6km,8,Anna Nagar West,4.52,8.12,4,8,2,13.0658816,80.1761922,10.41,Valasaravakkam,Tamil Nadu,1,2022-06-14,2022-06-14,low,Deepika Lotus Apartment,building/yes,Deepa Appartment Turnbulls,2022,2022-04-13
"Devi Karumariamman Nagar, Velachery",Chennai,south,none,Saint Thomas Mount,yes,RMZ Millenia Perungudi,2.29,green,3.1,no,no,True,Saint Thomas Mount,3.1,0-3km,27,Perungudi,1.11,6.2,25,22,23,12.9801655,80.2228506,12.52,Chennai,Tamil Nadu,1,2022-07-06,2022-07-06,high,Velachery,place/suburb,Velachery,2022,2022-04-13
Dr Ranga Road,Chennai,east,operational,Teynampet,yes,Tidel Park Taramani,4.93,blue,1.5,yes,yes,True,Bharathidasan Road Metro,0.61,3-6km,4,Mandaveli,0.53,10.92,51,83,18,13.0327113,80.2596089,5.69,Teynampet,Tamil Nadu,1,2022-07-02,2022-07-02,low,Dr Ranga Road,highway/residential,Dr Ranga Road,2022,2022-04-13
Duraisamy Nagar,Chennai,south,none,Chennai International Airport,no,RMZ Millenia Perungudi,6.21,blue,3.88,no,no,True,Chennai International Airport,3.88,6km+,5,Puzhudivakkam,3.25,4.88,17,20,11,12.9539928,80.1871942,16.93,Keelkattalai,Tamil Nadu,1,2022-07-08,2022-07-08,low,Duraisamy Nagar Road,highway/residential,Duraisamy Nagar,2022,2022-04-13
East Coast Road,Chennai,east,none,Little Mount,yes,Tidel Park Taramani,1.38,blue,5.22,no,no,True,Little Mount,5.22,0-3km,19,Tiruvanmiyur,1.11,10.05,28,61,12,12.9826371,80.2594385,11.19,Adyar,Tamil Nadu,1,2022-05-16,2022-05-16,low,East Coast Road,highway/primary,East Coast Road,2022,2022-04-13
"Egmore, PH Road",Chennai,east,operational,Egmore,no,Olympia Tech Park Guindy,8.64,green,1.01,yes,yes,True,Egmore,1.01,6km+,6,Chennai Egmore,0.67,13.19,47,103,10,13.0728321,80.2576906,1.79,Royapuram,Tamil Nadu,4,2022-05-06,2022-07-05,high,Egmore,place/suburb,Egmore,2022,2022-04-13
Elango Nagar-Virugambakkam,Chennai,east,none,Little Mount,yes,Prince Info Park OMR,0.57,blue,5.68,no,no,True,Little Mount,5.68,0-3km,21,Taramani,1.41,9.53,24,37,13,12.9715538,80.2523792,12.52,Perungudi,Tamil Nadu,1,2022-05-26,2022-05-26,high,Elango Nagar,place/locality,Elango Nagar-Virugambakkam,2022,2022-04-13
Ennore,Chennai,north,none,Wimco Nagar Depot,no,Ambattur Industrial Estate,21.78,blue,4.94,no,no,True,Wimco Nagar Depot,4.94,6km+,0,Ennore,0.98,30.94,2,0,0,13.2258262,80.3243551,16.94,Tiruvottiyur,Tamil Nadu,1,2022-05-12,2022-05-12,high,Ennore,place/suburb,Ennore,2022,2022-04-13
"Erukkancheri, Kodungaiyur West",Chennai,east,operational,Washermanpet,no,Ambattur Industrial Estate,10.82,blue,1.19,yes,yes,True,Washermanpet,1.19,6km+,1,Basin Bridge Junction,0.49,16.78,51,36,4,13.1062748,80.2700612,2.62,Tondiarpet,Tamil Nadu,1,2022-07-04,2022-07-04,low,Erukkancheri High Road,highway/primary,Erukkancheri,2022,2022-04-13
G S T Road,Chennai,east,operational,Nandanam,yes,Tidel Park Taramani,3.58,blue,1.68,yes,yes,True,Boat Club Metro,1.02,3-6km,9,Greenways Road,0.0,9.77,42,60,18,13.0215846,80.2527292,7.07,Adyar,Tamil Nadu,1,2022-07-06,2022-07-06,medium,Greenways Road,railway/station,G S T Road,2022,2022-04-13
"Ganapathipuram, Chromepet",Chennai,west,none,Chennai International Airport,yes,MEPZ Tambaram,1.84,blue,4.64,no,no,True,Chennai International Airport,4.64,0-3km,6,Chromepet,0.66,5.95,42,91,13,12.9496841,80.135642,20.81,,Tamil Nadu,1,2022-05-23,2022-05-23,high,Chromepet,place/suburb,Chromepet,2022,2022-04-13
Gandhi Nagar Adyar,Chennai,east,under_construction,Nandanam,yes,Tidel Park Taramani,2.5,blue,2.67,yes,no,False,Boat Club Metro,2.12,0-3km,13,Kotturpuram,0.7,9.65,44,53,15,13.0114041,80.2544229,8.12,Adyar,Tamil Nadu,1,2022-07-08,2022-07-08,low,Gandhi Nagar Ground,leisure/park,Gandhi Nagar Adyar,2022,2022-04-13
"George Town, PH Road",Chennai,east,operational,Mannadi,no,Tidel Park Taramani,11.96,blue,0.55,yes,yes,True,Mannadi,0.55,6km+,3,Chennai Fort,0.96,16.6,57,34,8,13.0920917,80.2822426,1.63,Royapuram,Tamil Nadu,1,2022-05-06,2022-05-06,high,George Town,place/suburb,George Town,2022,2022-04-13
Gopalapuram,Chennai,east,operational,Thousand Lights,no,Tidel Park Taramani,6.76,blue,0.98,yes,yes,True,Royapettah Metro,0.84,6km+,5,Mundakakanni Amman Koil,1.62,11.67,57,87,24,13.0497324,80.2582028,3.91,Teynampet,Tamil Nadu,4,2022-06-14,2022-07-06,high,Gopalapuram,place/suburb,Gopalapuram,2022,2022-04-13
"Gowrivakkam, Sembakkam",Chennai,south,none,Chennai International Airport,no,Mahindra World City,13.33,blue,31.18,no,no,True,Chennai International Airport,31.18,6km+,0,Singaperumal Koil,15.49,32.61,0,0,0,12.7023624,80.1298612,44.96,,Tamil Nadu,1,2022-07-08,2022-07-08,high,Sembakkam,place/village,Sembakkam,2022,2022-04-13
Guduvancheri,Chennai,west,none,Chennai International Airport,no,Shriram Gateway Perungalathur,8.37,blue,18.89,no,no,True,Chennai International Airport,18.89,6km+,5,Guduvancheri,0.37,20.22,3,36,0,12.8439952,80.0608336,34.95,,Tamil Nadu,4,2022-04-30,2022-06-22,high,Guduvancheri,place/village,Guduvancheri,2022,2022-04-13
Guindy,Chennai,east,operational,Little Mount,yes,Olympia Tech Park Guindy,1.84,blue,0.78,yes,yes,True,Little Mount,0.78,0-3km,19,Guindy,0.84,6.0,28,22,13,13.0087095,80.2203646,9.87,Adyar,Tamil Nadu,1,2022-05-20,2022-05-20,high,Guindy,place/suburb,Guindy,2022,2022-04-13
"Guindy Race Course, Guindy",Chennai,east,operational,Little Mount,yes,Olympia Tech Park Guindy,1.84,blue,0.78,yes,yes,True,Little Mount,0.78,0-3km,19,Guindy,0.84,6.0,28,22,13,13.0087095,80.2203646,9.87,Adyar,Tamil Nadu,1,2022-06-18,2022-06-18,high,Guindy,place/suburb,Guindy,2022,2022-04-13
Harrington Road,Chennai,east,operational,Pachaiyappa's College,no,Olympia Tech Park Guindy,7.1,green,0.94,yes,yes,True,Pachaiyappa's College,0.94,6km+,6,Chennai Chetpet,0.69,11.46,49,100,21,13.0693126,80.2387634,3.77,Teynampet,Tamil Nadu,1,2022-06-24,2022-06-24,low,Harrington Road,highway/tertiary,Harrington Road,2022,2022-04-13
Housing Board,Chennai,east,under_construction,Little Mount,yes,Tidel Park Taramani,2.1,blue,2.62,yes,no,False,Boat Club Metro,2.32,0-3km,17,Kasturiba Nagar,0.34,8.86,43,37,13,13.0084674,80.2475552,8.63,Adyar,Tamil Nadu,1,2022-05-30,2022-05-30,medium,Housing Board,landuse/residential,Housing Board,2022,2022-04-13
in Saligramam,Chennai,north,operational,CMBT,yes,Guindy Industrial Estate,4.7,green,1.28,yes,yes,True,CMBT,1.28,3-6km,13,Kodambakkam,3.56,7.98,29,77,11,13.0583406,80.1985327,8.27,Kodambakkam,Tamil Nadu,1,2022-06-29,2022-06-29,high,Saligramam,place/suburb,in Saligramam,2022,2022-04-13
independent Apartment dhandeeshwatam nagar velachery,Chennai,unknown,unknown,unknown,unknown,unknown,,unknown,,unknown,unknown,,unknown,,unknown,,unknown,,,,,,,,,,,1,2022-07-02,2022-07-02,none,,,,2022,2022-04-13
Indira Colony,Chennai,east,operational,Ashok Nagar,yes,Olympia Tech Park Guindy,2.14,green,0.26,yes,yes,True,Ashok Nagar,0.26,0-3km,12,Saidapet,1.76,6.47,49,64,15,13.0331309,80.2109268,8.5,Kodambakkam,Tamil Nadu,1,2022-05-31,2022-05-31,high,Indira Colony,place/locality,Indira Colony,2022,2022-04-13
Indra Nagar,Chennai,west,operational,Ashok Nagar,yes,DLF IT Park Ramapuram,2.21,green,2.43,yes,yes,True,Ashok Nagar,2.43,0-3km,13,Guindy,4.08,5.39,23,72,12,13.0370804,80.1887213,10.23,Valasaravakkam,Tamil Nadu,1,2022-04-28,2022-04-28,high,Indra Nagar,place/neighbourhood,Indra Nagar,2022,2022-04-13
Injambakkam,Chennai,south,none,Saint Thomas Mount,yes,ELCOT SEZ Sholinganallur,3.83,green,10.21,no,no,True,Saint Thomas Mount,10.21,3-6km,12,Velachery,6.42,12.3,8,1,0,12.9189367,80.251295,18.33,Sholinganallur,Tamil Nadu,2,2022-06-02,2022-06-25,high,Injambakkam,place/suburb,Injambakkam,2022,2022-04-13
Irumbuliyur,Chennai,west,none,Chennai International Airport,yes,Shriram Gateway Perungalathur,2.28,blue,9.7,no,no,True,Chennai International Airport,9.7,0-3km,4,Perungalattur,1.69,11.02,9,48,8,12.9122029,80.1088976,25.82,Tambaram,Tamil Nadu,2,2022-05-25,2022-06-22,high,Irumbuliyur,place/suburb,Irumbuliyur,2022,2022-04-13
Iyyappanthangal,Chennai,west,under_construction,Chennai International Airport,yes,DLF IT Park Ramapuram,4.73,blue,7.12,yes,no,False,Iyappanthangal Metro,0.0,3-6km,3,Tirusulam,7.23,6.09,3,7,2,13.0381833,80.1349879,15.51,Moulivakkam,Tamil Nadu,17,2022-05-12,2022-07-10,medium,Iyappanthangal Metro,railway/station,Iyyappanthangal,2022,2022-04-13
"Iyyappanthangal Bus Stop, Iyyappanthangal, PH Road",Chennai,west,under_construction,Chennai International Airport,yes,DLF IT Park Ramapuram,4.73,blue,7.12,yes,no,False,Iyappanthangal Metro,0.0,3-6km,3,Tirusulam,7.23,6.09,3,7,2,13.0381833,80.1349879,15.51,Moulivakkam,Tamil Nadu,1,2022-06-05,2022-06-05,medium,Iyappanthangal Metro,railway/station,Iyyappanthangal PH Road,2022,2022-04-13
Jafferkhanpet,Chennai,north,operational,Ashok Nagar,yes,Guindy Industrial Estate,1.6,green,0.86,yes,yes,True,Ashok Nagar,0.86,0-3km,12,Saidapet,2.09,5.81,37,54,13,13.0299401,80.2056195,9.17,Kodambakkam,Tamil Nadu,1,2022-06-25,2022-06-25,high,Jafferkhanpet,place/suburb,Jafferkhanpet,2022,2022-04-13
Jalladian Pet,Chennai,south,none,Chennai International Airport,yes,ELCOT SEZ Sholinganallur,2.46,blue,7.91,no,no,True,Chennai International Airport,7.91,0-3km,9,Velachery,5.66,8.99,14,48,4,12.9197533,80.2016924,19.6,Perungudi,Tamil Nadu,3,2022-06-23,2022-07-06,high,Jalladampet,place/suburb,Jalladian Pet,2022,2022-04-13
Jawahar Nagar,Chennai,north,none,Washermanpet,no,Ambattur Industrial Estate,8.55,blue,4.14,no,no,True,Madhavaram Depot,3.78,6km+,1,Perambur,1.65,16.69,28,31,0,13.1225201,80.245785,5.19,Ward 69,Tamil Nadu,2,2022-04-29,2022-07-06,low,Jawahar Canal,waterway/drain,Jawahar Nagar,2022,2022-04-13
"Jaya Nagar, Porur, Chennai Bypass Road",Chennai,west,under_construction,Nanganallur Road,yes,DLF IT Park Ramapuram,2.15,blue,5.27,yes,no,False,Porur Junction,0.46,0-3km,7,Meenambakkam,5.57,4.41,9,13,6,13.0320131,80.158304,13.42,Valasaravakkam,Tamil Nadu,1,2022-05-02,2022-05-02,high,Porur,place/suburb,Porur,2022,2022-04-13
Jyothi Nagar-Ekkatuthangal,Chennai,south,none,Meenambakkam,yes,Olympia Tech Park Guindy,5.13,blue,2.58,no,no,True,Meenambakkam,2.58,3-6km,5,Adambakkam,1.43,3.72,21,38,16,12.9703147,80.1922429,15.11,,Tamil Nadu,1,2022-06-17,2022-06-17,low,Jyothi Ramalingam Street,highway/residential,Jyothi Nagar-Ekkatuthangal,2022,2022-04-13
Kailasapuram-Mylapore,Chennai,unknown,unknown,unknown,unknown,unknown,,unknown,,unknown,unknown,,unknown,,unknown,,unknown,,,,,,,,,,,1,2022-06-23,2022-06-23,none,,,,2022,2022-04-13
Kalavakkam,Chennai,south,none,Saint Thomas Mount,yes,ELCOT SEZ Sholinganallur,1.19,green,9.79,no,no,True,Saint Thomas Mount,9.79,0-3km,9,Velachery,6.28,11.19,9,9,0,12.9117073,80.2277203,19.58,Sholinganallur,Tamil Nadu,2,2022-05-01,2022-07-06,high,Karapakkam,place/suburb,Kalavakkam,2022,2022-04-13
Kallikuppam,Chennai,north,none,Thirumangalam,yes,Ambattur Industrial Estate,3.59,green,6.12,no,no,True,Thirumangalam,6.12,3-6km,1,Pattaravakkam,2.05,15.43,3,0,1,13.13207,80.1717346,12.04,Ambattur,Tamil Nadu,1,2022-06-22,2022-06-22,medium,Kallikuppam,highway/bus_stop,Kallikuppam,2022,2022-04-13
"Kamakoti Nagar, Pallikaranai",Chennai,south,none,Meenambakkam,yes,ELCOT SEZ Sholinganallur,3.05,blue,7.2,no,no,True,Meenambakkam,7.2,3-6km,12,Velachery,4.32,8.25,15,20,5,12.9304748,80.2077692,18.25,Perungudi,Tamil Nadu,2,2022-07-06,2022-07-08,high,Pallikaranai,place/suburb,Pallikaranai,2022,2022-04-13
"Kamakshiamman Nagar Layout, Iyyappanthangal",Chennai,west,under_construction,Chennai International Airport,yes,DLF IT Park Ramapuram,4.73,blue,7.12,yes,no,False,Iyappanthangal Metro,0.0,3-6km,3,Tirusulam,7.23,6.09,3,7,2,13.0381833,80.1349879,15.51,Moulivakkam,Tamil Nadu,1,2022-04-30,2022-04-30,medium,Iyappanthangal Metro,railway/station,Iyyappanthangal,2022,2022-04-13
"Kamaraj Nagar-Thiruvanmiyur, E Coast Road",Chennai,east,none,Little Mount,yes,Tidel Park Taramani,1.38,blue,5.22,no,no,True,Little Mount,5.22,0-3km,19,Tiruvanmiyur,1.11,10.05,28,61,12,12.9826371,80.2594385,11.19,Adyar,Tamil Nadu,1,2022-05-06,2022-05-06,low,East Coast Road,highway/primary,E Coast Road,2022,2022-04-13
Kamarajar Salai,Chennai,east,operational,Government Estate,no,Tidel Park Taramani,8.18,blue,1.81,yes,yes,True,Lighthouse Metro,1.34,6km+,3,Thiruvallikeni,0.12,14.2,24,33,3,13.0558187,80.2816671,3.22,Teynampet,Tamil Nadu,1,2022-06-14,2022-06-14,low,Kamarajar Salai,highway/primary,Kamarajar Salai,2022,2022-04-13
Kambar Colony,Chennai,unknown,unknown,unknown,unknown,unknown,,unknown,,unknown,unknown,,unknown,,unknown,,unknown,,,,,,,,,,,1,2022-06-25,2022-06-25,none,,,,2022,2022-04-13
Kambar Nagar-Kolathur,Chennai,north,none,Thirumangalam,yes,Ambattur Industrial Estate,4.59,green,4.33,no,no,True,Thirumangalam,4.33,3-6km,2,Villivakkam,1.61,15.09,4,31,4,13.1241127,80.2046276,8.51,Ward 65,Tamil Nadu,1,2022-05-01,2022-05-01,high,Kolathur,place/suburb,Kambar Nagar-Kolathur,2022,2022-04-13
Kanathur Reddikuppam,Chennai,unknown,unknown,unknown,unknown,unknown,,unknown,,unknown,unknown,,unknown,,unknown,,unknown,,,,,,,,,,,1,2022-05-12,2022-05-12,none,,,,2022,2022-04-13
"Kannan Colony, Pazhavanthangal",Chennai,south,operational,Saint Thomas Mount,yes,Guindy Industrial Estate,3.37,green,1.26,yes,yes,True,Saint Thomas Mount,1.26,3-6km,11,Palavanthangal,0.29,2.43,16,28,8,12.9883524,80.1891324,13.72,Ward 162,Tamil Nadu,2,2022-07-06,2022-07-06,high,Pazhavanthangal,place/suburb,Pazhavanthangal,2022,2022-04-13
"Kapaleeswarar Nagar, Neelankarai, E Coast Road",Chennai,east,none,Saint Thomas Mount,yes,Prince Info Park OMR,2.78,green,8.43,no,no,True,Saint Thomas Mount,8.43,0-3km,22,Taramani,4.07,11.13,11,7,4,12.9454955,80.2574692,15.32,Sholinganallur,Tamil Nadu,1,2022-07-06,2022-07-06,high,Neelankarai,place/suburb,Neelankarai,2022,2022-04-13
"Karambakkam, Porur",Chennai,west,under_construction,Nanganallur Road,yes,DLF IT Park Ramapuram,2.15,blue,5.27,yes,no,False,Porur Junction,0.46,0-3km,7,Meenambakkam,5.57,4.41,9,13,6,13.0320131,80.158304,13.42,Valasaravakkam,Tamil Nadu,1,2022-06-02,2022-06-02,high,Porur,place/suburb,Porur,2022,2022-04-13
Karanai,Chennai,south,none,Chennai International Airport,yes,SIPCOT IT Park Siruseri,3.77,blue,14.28,no,no,True,Chennai International Airport,14.28,3-6km,7,Tambaram Sanatorium,11.65,15.55,3,1,0,12.8573272,80.2005344,26.19,,Tamil Nadu,1,2022-07-06,2022-07-06,high,Karanai,place/hamlet,Karanai,2022,2022-04-13
Karapakkam,Chennai,south,none,Saint Thomas Mount,yes,ELCOT SEZ Sholinganallur,1.19,green,9.79,no,no,True,Saint Thomas Mount,9.79,0-3km,9,Velachery,6.28,11.19,9,9,0,12.9117073,80.2277203,19.58,Sholinganallur,Tamil Nadu,3,2022-06-17,2022-07-10,high,Karapakkam,place/suburb,Karapakkam,2022,2022-04-13
Kasi Estate,Chennai,east,operational,Ashok Nagar,yes,Guindy Industrial Estate,1.67,green,0.72,yes,yes,True,Ashok Nagar,0.72,0-3km,12,Saidapet,1.79,6.0,42,57,14,13.0294853,80.2084902,8.97,Kodambakkam,Tamil Nadu,1,2022-07-06,2022-07-06,low,Kasi Theatre,building/yes,Kasi Estate,2022,2022-04-13
Kasturibai Nagar,Chennai,east,none,Little Mount,yes,Tidel Park Taramani,1.62,blue,3.13,no,no,True,Boat Club Metro,2.84,0-3km,15,Kasturiba Nagar,0.37,9.14,47,48,12,13.0040436,80.2509384,9.0,Adyar,Tamil Nadu,1,2022-05-29,2022-05-29,high,Kasturibai Nagar,place/neighbourhood,Kasturibai Nagar,2022,2022-04-13
"Kattupakkam, PH Road",Chennai,west,under_construction,Chennai International Airport,yes,DLF IT Park Ramapuram,5.88,blue,7.88,yes,no,False,Kattupakkam,0.24,3-6km,2,Tirusulam,8.01,6.98,6,17,2,13.0400552,80.1243027,16.55,,Tamil Nadu,5,2022-05-12,2022-07-06,high,Kattupakkam,place/village,Kattupakkam,2022,2022-04-13
Kayarambedu,Chennai,south,none,Chennai International Airport,no,Mahindra World City,10.61,blue,21.6,no,no,True,Chennai International Airport,21.6,6km+,5,Potheri,4.24,23.0,0,2,0,12.8077914,80.0736034,37.29,,Tamil Nadu,2,2022-05-12,2022-06-21,high,Karayambedu,place/village,Kayarambedu,2022,2022-04-13
Kazhipattur,Chennai,south,none,Chennai International Airport,yes,SIPCOT IT Park Siruseri,1.54,blue,18.8,no,no,True,Chennai International Airport,18.8,0-3km,7,Velachery,15.92,19.97,6,3,3,12.8249568,80.2314251,28.97,,Tamil Nadu,1,2022-05-29,2022-05-29,high,Kazhipattur,place/suburb,Kazhipattur,2022,2022-04-13
Keelkatalai,Chennai,south,none,Chennai International Airport,no,RMZ Millenia Perungudi,6.38,blue,3.68,no,no,True,Chennai International Airport,3.68,6km+,3,Puzhudivakkam,3.31,4.7,15,20,10,12.9548473,80.1852685,16.96,,Tamil Nadu,1,2022-05-01,2022-05-01,high,Keelkattalai,place/suburb,Keelkatalai,2022,2022-04-13
Keelkattalai,Chennai,south,none,Chennai International Airport,no,RMZ Millenia Perungudi,6.38,blue,3.68,no,no,True,Chennai International Airport,3.68,6km+,3,Puzhudivakkam,3.31,4.7,15,20,10,12.9548473,80.1852685,16.96,,Tamil Nadu,3,2022-04-30,2022-05-19,high,Keelkattalai,place/suburb,Keelkattalai,2022,2022-04-13
"Kelambakkam, Old Mahabalipuram Road",Chennai,south,none,Chennai International Airport,yes,SIPCOT IT Park Siruseri,4.52,blue,22.36,no,no,True,Chennai International Airport,22.36,3-6km,5,Urappakkam,18.36,23.63,3,2,1,12.7871437,80.219987,33.32,,Tamil Nadu,8,2022-05-09,2022-07-10,high,Kelambakkam,place/town,Kelambakkam,2022,2022-04-13
Kellys,Chennai,east,operational,Kilpauk,no,Ambattur Industrial Estate,8.13,green,0.58,yes,yes,True,Kilpauk,0.58,6km+,5,Chennai Chetpet,0.95,12.91,34,107,3,13.0828189,80.2433281,2.96,Anna Nagar,Tamil Nadu,2,2022-06-18,2022-07-10,high,Kellys,place/neighbourhood,Kellys,2022,2022-04-13
"Kesari Nagar, Adambakkam",Chennai,south,operational,Saint Thomas Mount,yes,Olympia Tech Park Guindy,3.66,green,1.82,yes,yes,True,Saint Thomas Mount,1.82,3-6km,27,Puzhudivakkam,0.69,4.7,26,30,25,12.9822215,80.209121,13.01,Adyar,Tamil Nadu,1,2022-07-01,2022-07-01,high,Adambakkam,place/suburb,Adambakkam,2022,2022-04-13
Khurunjis zinnia Apartment Homes at Thambaram west,Chennai,unknown,unknown,unknown,unknown,unknown,,unknown,,unknown,unknown,,unknown,,unknown,,unknown,,,,,,,,,,,1,2022-06-22,2022-06-22,none,,,,2022,2022-04-13
Kilpauk,Chennai,north,operational,Kilpauk,no,Ambattur Industrial Estate,7.55,green,0.8,yes,yes,True,Kilpauk,0.8,6km+,5,Chennai Chetpet,1.1,12.59,33,96,4,13.0832149,80.2379864,3.54,Anna Nagar,Tamil Nadu,2,2022-06-20,2022-07-07,high,Kilpauk,place/suburb,Kilpauk,2022,2022-04-13
KK Nagar,Chennai,north,none,Thirumangalam,no,Ambattur Industrial Estate,10.67,green,13.01,no,no,True,Madhavaram Depot,9.49,6km+,0,Pattaravakkam,9.03,22.47,0,3,0,13.1953929,80.1610267,17.26,,Tamil Nadu,5,2022-05-07,2022-06-20,high,KK Nagar,place/locality,KK Nagar,2022,2022-04-13
"KK Nagar West, KK Nagar",Chennai,north,none,Thirumangalam,no,Ambattur Industrial Estate,10.67,green,13.01,no,no,True,Madhavaram Depot,9.49,6km+,0,Pattaravakkam,9.03,22.47,0,3,0,13.1953929,80.1610267,17.26,,Tamil Nadu,1,2022-06-20,2022-06-20,high,KK Nagar,place/locality,KK Nagar,2022,2022-04-13
Kodambakkam,Chennai,east,operational,Vadapalani,yes,Olympia Tech Park Guindy,4.38,green,1.34,yes,yes,True,Kodambakkam Metro,0.81,3-6km,12,Kodambakkam,0.75,8.76,57,74,28,13.049207,80.2242829,6.26,Chennai,Tamil Nadu,8,2022-05-06,2022-07-06,high,Kodambakkam,place/suburb,Kodambakkam,2022,2022-04-13
Kodungaiyur East,Chennai,unknown,unknown,unknown,unknown,unknown,,unknown,,unknown,unknown,,unknown,,unknown,,unknown,,,,,,,,,,,2,2022-05-29,2022-06-14,none,,,,2022,2022-04-13
Kodungaiyur West,Chennai,unknown,unknown,unknown,unknown,unknown,,unknown,,unknown,unknown,,unknown,,unknown,,unknown,,,,,,,,,,,1,2022-07-02,2022-07-02,none,,,,2022,2022-04-13
Kolapakkam - Vandalur-Kelambakkam Road,Chennai,south,none,Chennai International Airport,no,Shriram Gateway Perungalathur,6.17,blue,13.68,no,no,True,Chennai International Airport,13.68,6km+,0,Vandalur,4.43,15.11,1,0,0,12.8666978,80.116871,29.24,Rathinamangalam,Tamil Nadu,1,2022-06-14,2022-06-14,low,Vandalur - Mambakkam - Kelambakkam Road,highway/primary,Kolapakkam - Vandalur-Kelambakkam Road,2022,2022-04-13
Kolathur,Chennai,north,none,Thirumangalam,yes,Ambattur Industrial Estate,4.59,green,4.33,no,no,True,Thirumangalam,4.33,3-6km,2,Villivakkam,1.61,15.09,4,31,4,13.1241127,80.2046276,8.51,Ward 65,Tamil Nadu,11,2022-05-06,2022-07-06,high,Kolathur,place/suburb,Kolathur,2022,2022-04-13
"Korattur, Jawaharlal Nehru Road",Chennai,north,none,Thirumangalam,yes,Ambattur Industrial Estate,2.02,green,3.45,no,no,True,Thirumangalam,3.45,0-3km,2,Korattur,0.18,13.27,8,5,2,13.1115484,80.1846272,9.86,Ambattur,Tamil Nadu,6,2022-06-11,2022-07-08,high,Korattur,place/suburb,Korattur,2022,2022-04-13
Kovilambakkam,Chennai,south,none,Chennai International Airport,yes,ELCOT SEZ Sholinganallur,5.37,blue,4.9,no,no,True,Chennai International Airport,4.9,3-6km,7,Puzhudivakkam,4.03,5.97,14,25,11,12.9443516,80.1896918,17.71,Sunnambu Kulathur,Tamil Nadu,5,2022-06-04,2022-07-10,low,Kovilambakkam Lake,water/lake,Kovilambakkam,2022,2022-04-13
Kovilancheri,Chennai,south,none,Chennai International Airport,no,ELCOT SEZ Sholinganallur,6.06,blue,11.11,no,no,True,Chennai International Airport,11.11,6km+,0,Tambaram,7.43,12.5,1,5,2,12.8809951,80.1688055,25.0,,Tamil Nadu,1,2022-06-23,2022-06-23,high,Kovilanchery,place/village,Kovilancheri,2022,2022-04-13
Kovur,Chennai,west,none,Chennai International Airport,no,DLF IT Park Ramapuram,6.02,blue,5.8,no,no,True,Iyappanthangal Metro,3.35,6km+,2,Pallavaram,5.93,5.41,1,4,1,13.0113616,80.1208582,18.07,Thandalam,Tamil Nadu,5,2022-05-25,2022-06-29,high,Kovur,place/suburb,Kovur,2022,2022-04-13
Koyambedu,Chennai,north,operational,Koyambedu,yes,Ambattur Industrial Estate,3.95,green,0.0,yes,yes,True,Koyambedu,0.0,3-6km,6,Anna Nagar West,2.87,9.39,18,35,14,13.0734496,80.1948363,8.28,Valasaravakkam,Tamil Nadu,4,2022-05-12,2022-07-06,medium,Koyambedu,railway/station,Koyambedu,2022,2022-04-13
"Krishna Nagar-Chromepet, Chromepet",Chennai,west,none,Chennai International Airport,yes,MEPZ Tambaram,1.84,blue,4.64,no,no,True,Chennai International Airport,4.64,0-3km,6,Chromepet,0.66,5.95,42,91,13,12.9496841,80.135642,20.81,,Tamil Nadu,1,2022-07-06,2022-07-06,high,Chromepet,place/suburb,Chromepet,2022,2022-04-13
"Kubera Nagar, Madipakkam",Chennai,south,none,Saint Thomas Mount,yes,RMZ Millenia Perungudi,4.65,green,3.77,no,no,True,Saint Thomas Mount,3.77,3-6km,10,Puzhudivakkam,1.87,5.05,21,19,13,12.9611348,80.2001292,15.53,Perungudi,Tamil Nadu,1,2022-06-02,2022-06-02,high,Madipakkam,place/suburb,Madipakkam,2022,2022-04-13
kumari neo town,Chennai,east,operational,Saidapet,yes,Olympia Tech Park Guindy,2.96,blue,0.4,yes,yes,True,Saidapet,0.4,0-3km,17,Saidapet,0.8,7.59,55,47,16,13.0217381,80.2309677,8.03,Adyar,Tamil Nadu,1,2022-05-30,2022-05-30,low,Sri Kumaran Daily Needs and Provisions,shop/convenience,kumari neo town,2022,2022-04-13
"Kundrathur, Pallavaram Kundrathur Main Road",Chennai,west,none,Chennai International Airport,no,MEPZ Tambaram,6.38,blue,7.44,no,no,True,Karayanchavadi Metro,5.85,6km+,1,Pallavaram,6.71,7.59,4,19,0,12.9957704,80.0973114,21.12,,Tamil Nadu,2,2022-06-01,2022-06-18,high,Kundrathur,place/town,Kundrathur,2022,2022-04-13
Kuthanur,Chennai,north,none,Wimco Nagar Depot,no,Ambattur Industrial Estate,13.7,blue,12.74,no,no,True,Madhavaram Depot,8.45,6km+,0,Minjur,9.61,25.44,0,0,0,13.2202275,80.1974021,17.23,,Tamil Nadu,1,2022-06-12,2022-06-12,high,Kummanur,place/village,Kuthanur,2022,2022-04-13
"Lake Area, Nungambakkam",Chennai,east,operational,Pachaiyappa's College,no,Olympia Tech Park Guindy,6.53,green,1.71,yes,yes,True,Kodambakkam Metro,1.5,6km+,8,Nungambakkam,0.93,11.01,54,88,20,13.0620626,80.240487,4.0,Teynampet,Tamil Nadu,1,2022-05-05,2022-05-05,high,Nungambakkam,place/suburb,Nungambakkam,2022,2022-04-13
Lanchor Abode valley,Chennai,west,none,Chennai International Airport,no,Mahindra World City,9.65,blue,22.69,no,no,True,Chennai International Airport,22.69,6km+,5,Potheri,0.63,24.02,3,1,0,12.8162269,80.0404133,38.74,MM Nagar- Chennai,Tamil Nadu,1,2022-05-10,2022-05-10,low,"K Block, Abode Valley",building/yes,Lanchor Abode valley,2022,2022-04-13
"Loganathan Colony, Mylapore",Chennai,east,under_construction,Teynampet,yes,Tidel Park Taramani,5.21,blue,2.62,yes,no,False,Kutchery Road Metro,0.46,3-6km,4,Thirumayilai,0.5,11.91,41,68,13,13.0316473,80.2700166,5.68,Teynampet,Tamil Nadu,1,2022-06-27,2022-06-27,high,Mylapore,place/suburb,Mylapore,2022,2022-04-13
"Luz, Mylapore",Chennai,east,under_construction,Teynampet,yes,Tidel Park Taramani,5.21,blue,2.62,yes,no,False,Kutchery Road Metro,0.46,3-6km,4,Thirumayilai,0.5,11.91,41,68,13,13.0316473,80.2700166,5.68,Teynampet,Tamil Nadu,1,2022-06-18,2022-06-18,high,Mylapore,place/suburb,Mylapore,2022,2022-04-13
Madambakkam,Chennai,south,none,Chennai International Airport,no,ELCOT SEZ Sholinganallur,6.16,blue,8.79,no,no,True,Chennai International Airport,8.79,6km+,3,Tambaram Sanatorium,5.19,10.21,3,11,1,12.9017189,80.1621389,23.31,Noothanchery,Tamil Nadu,8,2022-05-01,2022-07-10,high,Madambakkam,place/suburb,Madambakkam,2022,2022-04-13
Madanankppam,Chennai,north,none,Thirumangalam,yes,Ambattur Industrial Estate,4.56,green,5.78,no,no,True,Madhavaram Depot,5.7,3-6km,0,Korattur,2.63,16.06,5,5,4,13.1360754,80.1900083,10.56,,Tamil Nadu,1,2022-05-12,2022-05-12,high,Madanankuppam,place/locality,Madanankppam,2022,2022-04-13
"Madhavaram, Guntur Chennai Highway",Chennai,north,under_construction,Sir Theagaraya College,no,Ambattur Industrial Estate,8.26,blue,6.41,yes,no,False,Madhavaram Depot,1.57,6km+,0,Perambur Loco Works,3.91,18.07,4,7,0,13.1429313,80.2325166,7.87,,Tamil Nadu,3,2022-05-06,2022-07-08,high,Madhavaram,place/suburb,Madhavaram,2022,2022-04-13
Madipakkam,Chennai,south,none,Saint Thomas Mount,yes,RMZ Millenia Perungudi,4.65,green,3.77,no,no,True,Saint Thomas Mount,3.77,3-6km,10,Puzhudivakkam,1.87,5.05,21,19,13,12.9611348,80.2001292,15.53,Perungudi,Tamil Nadu,20,2022-05-01,2022-07-06,high,Madipakkam,place/suburb,Madipakkam,2022,2022-04-13
Madras Boat Club Road,Chennai,east,operational,Nandanam,yes,Tidel Park Taramani,3.61,blue,1.36,yes,yes,True,Boat Club Metro,0.82,3-6km,13,Greenways Road,0.41,9.4,45,51,16,13.0220496,80.2489375,7.14,Teynampet,Tamil Nadu,2,2022-06-14,2022-07-10,low,Madras Boat Club,club/yes,Madras Boat Club Road,2022,2022-04-13
Maduravoyal,Chennai,west,none,Koyambedu,yes,DLF IT Park Ramapuram,4.34,green,3.4,no,no,True,Porur Junction,2.91,3-6km,5,Anna Nagar West,5.66,7.43,2,2,2,13.0601732,80.1665988,11.55,Valasaravakkam,Tamil Nadu,3,2022-06-13,2022-06-18,high,Maduravoyal,place/suburb,Maduravoyal,2022,2022-04-13
"MAHA BUILDERS, SAIMAA CASTLE, VELACHERY",Chennai,south,none,Saint Thomas Mount,yes,RMZ Millenia Perungudi,2.29,green,3.1,no,no,True,Saint Thomas Mount,3.1,0-3km,27,Perungudi,1.11,6.2,25,22,23,12.9801655,80.2228506,12.52,Chennai,Tamil Nadu,1,2022-06-25,2022-06-25,high,Velachery,place/suburb,VELACHERY,2022,2022-04-13
mahindra city,Chennai,south,none,Chennai International Airport,yes,Mahindra World City,0.0,blue,32.03,no,no,True,Chennai International Airport,32.03,0-3km,1,Paranur,3.01,33.41,1,1,2,12.7342024,80.0113801,47.87,Tenmelpākkam,Tamil Nadu,1,2022-07-07,2022-07-07,low,Mahindra World City,place/suburb,mahindra city,2022,2022-04-13
Mahindra World City,Chennai,south,none,Chennai International Airport,yes,Mahindra World City,0.0,blue,32.03,no,no,True,Chennai International Airport,32.03,0-3km,1,Paranur,3.01,33.41,1,1,2,12.7342024,80.0113801,47.87,Tenmelpākkam,Tamil Nadu,6,2022-05-23,2022-07-07,low,Mahindra World City,place/suburb,Mahindra World City,2022,2022-04-13
Mambakkam,Chennai,south,none,Chennai International Airport,yes,SIPCOT IT Park Siruseri,5.32,blue,16.15,no,no,True,Chennai International Airport,16.15,3-6km,0,Vandalur,11.04,17.54,4,2,1,12.8356188,80.1690978,29.6,,Tamil Nadu,1,2022-05-15,2022-05-15,high,Mambakkam,place/village,Mambakkam,2022,2022-04-13
Mambalam West,Chennai,east,operational,Vadapalani,yes,Olympia Tech Park Guindy,3.95,green,1.85,yes,yes,True,Panagal Park Metro,0.73,3-6km,12,Mambalam,0.54,8.49,58,74,24,13.0428296,80.2270184,6.48,Kodambakkam,Tamil Nadu,7,2022-05-13,2022-07-08,high,West Mambalam,place/suburb,Mambalam West,2022,2022-04-13
"Manali, Manali High Road",Chennai,north,none,Kaladipet,no,Ambattur Industrial Estate,12.25,blue,4.66,no,no,True,Madhavaram Depot,2.62,6km+,0,Tiruvottiyur,4.05,21.77,1,8,0,13.1672275,80.2598107,9.47,,Tamil Nadu,1,2022-06-25,2022-06-25,high,Manali,place/suburb,Manali,2022,2022-04-13
Manapakkam,Chennai,west,none,Nanganallur Road,yes,DLF IT Park Ramapuram,0.82,blue,2.69,no,no,True,Nanganallur Road,2.69,0-3km,11,Palavanthangal,3.05,2.5,5,10,9,13.0147531,80.1744935,12.87,Ward 157,Tamil Nadu,1,2022-06-25,2022-06-25,high,Manapakkam,place/suburb,Manapakkam,2022,2022-04-13
Mandaiveli,Chennai,east,operational,Teynampet,yes,Tidel Park Taramani,4.3,blue,2.15,yes,yes,True,Thirumayilai Metro,1.33,3-6km,10,Mandaveli,0.34,10.96,48,63,12,13.0258445,80.2627877,6.38,Teynampet,Tamil Nadu,4,2022-05-27,2022-07-06,high,Mandaveli,place/suburb,Mandaiveli,2022,2022-04-13
Mangadu,Chennai,west,under_construction,Chennai International Airport,no,DLF IT Park Ramapuram,7.19,blue,8.16,yes,no,False,Karayanchavadi Metro,1.7,6km+,2,Tirusulam,8.31,7.54,3,10,0,13.0314415,80.1096576,18.35,Agraharam,Tamil Nadu,8,2022-05-06,2022-06-25,high,Mangadu,place/suburb,Mangadu,2022,2022-04-13
Manikandan Nagar,Chennai,south,none,Chennai International Airport,yes,MEPZ Tambaram,5.32,blue,8.34,no,no,True,Chennai International Airport,8.34,3-6km,3,Tambaram Sanatorium,4.1,9.78,5,25,6,12.9066621,80.1523203,23.4,Madambakkam,Tamil Nadu,1,2022-05-12,2022-05-12,low,Manikandan Enclave,building/house,Manikandan Nagar,2022,2022-04-13
Mannivakkam,Chennai,west,none,Chennai International Airport,yes,Shriram Gateway Perungalathur,3.33,blue,14.4,no,no,True,Chennai International Airport,14.4,3-6km,0,Vandalur,2.16,15.61,1,4,0,12.8943694,80.0652271,30.56,Vandalur,Tamil Nadu,3,2022-06-13,2022-07-08,high,Mannivakkam,place/suburb,Mannivakkam,2022,2022-04-13
"Mappedu, Selaiyur",Chennai,west,none,Chennai International Airport,yes,MEPZ Tambaram,2.94,blue,7.77,no,no,True,Chennai International Airport,7.77,0-3km,4,Tambaram,1.63,9.18,19,74,21,12.9187445,80.1311172,23.69,Tambaram,Tamil Nadu,1,2022-07-06,2022-07-06,high,Selaiyur,place/suburb,Selaiyur,2022,2022-04-13
Mathur,Chennai,north,under_construction,Kaladipet,no,Ambattur Industrial Estate,10.97,blue,6.33,yes,no,False,Madhavaram Depot,1.45,6km+,0,V.O.C. Nagar,5.63,21.09,0,8,0,13.1678641,80.2436918,9.91,Manali,Tamil Nadu,2,2022-06-18,2022-06-27,high,Mathur,place/suburb,Mathur,2022,2022-04-13
"Mattan Kuppam, Triplicane",Chennai,east,operational,Government Estate,no,Tidel Park Taramani,8.37,blue,1.06,yes,yes,True,Government Estate,1.06,6km+,3,Chepauk,0.62,13.85,42,53,5,13.0604285,80.2750704,2.52,Teynampet,Tamil Nadu,1,2022-05-01,2022-05-01,high,Triplicane,place/suburb,Triplicane,2022,2022-04-13
Medavakkam,Chennai,south,none,Chennai International Airport,yes,ELCOT SEZ Sholinganallur,3.86,blue,6.94,no,no,True,Chennai International Airport,6.94,3-6km,7,Velachery,6.01,8.15,13,57,4,12.9229928,80.1882897,19.88,,Tamil Nadu,17,2022-04-30,2022-07-08,high,Medavakkam,place/suburb,Medavakkam,2022,2022-04-13
Menambedu,Chennai,north,none,Thirumangalam,yes,Ambattur Industrial Estate,2.63,green,5.72,no,no,True,Thirumangalam,5.72,0-3km,1,Pattaravakkam,0.96,14.42,10,12,13,13.1230211,80.1656093,12.23,Ambattur,Tamil Nadu,1,2022-06-14,2022-06-14,high,Menambedu,place/locality,Menambedu,2022,2022-04-13
Mogappair East,Chennai,north,operational,Koyambedu,yes,Ambattur Industrial Estate,2.35,green,1.62,yes,yes,True,Koyambedu,1.62,0-3km,5,Anna Nagar West,2.48,10.19,13,27,9,13.0835142,80.1840779,9.38,Ambattur,Tamil Nadu,4,2022-05-25,2022-07-03,high,Mogappair East,place/suburb,Mogappair East,2022,2022-04-13
Mogappair West,Chennai,north,none,Koyambedu,yes,Ambattur Industrial Estate,1.92,green,2.78,no,no,True,Koyambedu,2.78,0-3km,4,Padi,3.49,9.92,10,16,5,13.0825352,80.1709175,10.81,Ambattur,Tamil Nadu,3,2022-06-18,2022-07-09,low,Mogappair west park,leisure/park,Mogappair West,2022,2022-04-13
"Moulivakkam, Moulivakkam",Chennai,west,under_construction,Chennai International Airport,yes,DLF IT Park Ramapuram,3.68,blue,5.23,yes,no,False,Thelliyaragaram,1.62,3-6km,3,Tirusulam,5.35,4.27,3,6,2,13.0222692,80.1413929,15.54,Thelliyaragaram,Tamil Nadu,2,2022-05-24,2022-06-06,high,Moulivakkam,place/suburb,Moulivakkam Moulivakkam,2022,2022-04-13
MRC Nagar,Chennai,east,under_construction,Teynampet,yes,Tidel Park Taramani,4.09,blue,3.24,yes,no,False,Kutchery Road Metro,1.66,3-6km,8,Mandaveli,1.43,11.57,31,29,5,13.0196693,80.2706525,7.01,Adyar,Tamil Nadu,2,2022-05-27,2022-06-22,high,MRC Nagar,place/suburb,MRC Nagar,2022,2022-04-13
Mudichur,Chennai,west,none,Chennai International Airport,yes,Shriram Gateway Perungalathur,2.43,blue,13.41,no,no,True,Chennai International Airport,13.41,0-3km,0,Vandalur,2.43,14.58,0,3,0,12.9054047,80.0675789,29.55,Tambaram,Tamil Nadu,1,2022-06-06,2022-06-06,high,Mudichur,place/suburb,Mudichur,2022,2022-04-13
Mugalivakkam,Chennai,west,under_construction,Meenambakkam,yes,DLF IT Park Ramapuram,1.52,blue,3.89,yes,no,False,Porur Junction,1.89,0-3km,10,Meenambakkam,4.14,2.97,6,7,8,13.0195267,80.1616148,13.75,Zone 12 Alandur,Tamil Nadu,6,2022-05-06,2022-07-06,high,Mugalivakkam,place/neighbourhood,Mugalivakkam,2022,2022-04-13
Mylapore,Chennai,east,under_construction,Teynampet,yes,Tidel Park Taramani,5.21,blue,2.62,yes,no,False,Kutchery Road Metro,0.46,3-6km,4,Thirumayilai,0.5,11.91,41,68,13,13.0316473,80.2700166,5.68,Teynampet,Tamil Nadu,7,2022-05-06,2022-07-06,high,Mylapore,place/suburb,Mylapore,2022,2022-04-13
N G O nagar extn ponneri,Chennai,unknown,unknown,unknown,unknown,unknown,,unknown,,unknown,unknown,,unknown,,unknown,,unknown,,,,,,,,,,,1,2022-05-16,2022-05-16,none,,,,2022,2022-04-13
Nandambakkam,Chennai,west,operational,Ekkattuthangal,yes,Guindy Industrial Estate,1.1,green,1.54,yes,yes,True,Ekkattuthangal,1.54,0-3km,12,Guindy,2.48,3.66,15,23,8,13.0166484,80.1911885,11.32,Ward 158,Tamil Nadu,3,2022-07-10,2022-07-10,high,Nandambakkam,place/suburb,Nandambakkam,2022,2022-04-13
Nandanam,Chennai,east,operational,Nandanam,yes,Olympia Tech Park Guindy,4.16,blue,0.35,yes,yes,True,Nandanam,0.35,3-6km,11,Greenways Road,1.56,8.82,45,62,27,13.0286286,80.240256,6.86,Teynampet,Tamil Nadu,1,2022-06-26,2022-06-26,high,Nandanam,place/suburb,Nandanam,2022,2022-04-13
Nandanam Extension,Chennai,east,operational,Nandanam,yes,Tidel Park Taramani,4.33,blue,0.45,yes,yes,True,Nandanam,0.45,3-6km,12,Greenways Road,1.26,9.1,45,67,27,13.0281859,80.2433142,6.75,Teynampet,Tamil Nadu,2,2022-07-06,2022-07-06,high,Nandanam Extension,place/neighbourhood,Nandanam Extension,2022,2022-04-13
Nandivaram-Guduvancheri,Chennai,west,none,Chennai International Airport,no,Shriram Gateway Perungalathur,8.56,blue,18.9,no,no,True,Chennai International Airport,18.9,6km+,5,Guduvancheri,0.97,20.25,3,35,0,12.840725,80.0653482,34.92,Guduvancheri,Tamil Nadu,1,2022-06-25,2022-06-25,high,Nandhivaram,place/locality,Nandivaram-Guduvancheri,2022,2022-04-13
Nanganallur,Chennai,south,operational,Meenambakkam,yes,Guindy Industrial Estate,4.39,blue,1.24,yes,yes,True,Meenambakkam,1.24,3-6km,11,Meenambakkam,1.18,2.41,19,29,8,12.9801242,80.184902,14.71,Ward 167,Tamil Nadu,3,2022-04-30,2022-06-22,high,Nanganallur,place/suburb,Nanganallur,2022,2022-04-13
Nanmangalam,Chennai,south,none,Chennai International Airport,yes,ELCOT SEZ Sholinganallur,5.73,blue,4.97,no,no,True,Chennai International Airport,4.97,3-6km,1,Chromepet,4.31,6.25,7,18,4,12.9382161,80.1782483,18.93,,Tamil Nadu,4,2022-05-25,2022-07-08,high,Nanmangalam,place/suburb,Nanmangalam,2022,2022-04-13
"Narayanapuram, Kovilambakkam",Chennai,south,none,Saint Thomas Mount,yes,ELCOT SEZ Sholinganallur,4.22,green,6.01,no,no,True,Saint Thomas Mount,6.01,3-6km,17,Velachery,3.11,7.26,15,18,6,12.9417967,80.2083837,17.06,Perungudi,Tamil Nadu,1,2022-06-30,2022-06-30,high,Narayanapuram,place/suburb,Narayanapuram,2022,2022-04-13
Navalur,Chennai,south,none,Chennai International Airport,yes,SIPCOT IT Park Siruseri,2.25,blue,16.51,no,no,True,Chennai International Airport,16.51,0-3km,7,Velachery,13.59,17.67,4,2,3,12.84559,80.2272225,26.78,,Tamil Nadu,5,2022-05-24,2022-06-23,high,Navalur,place/suburb,Navalur,2022,2022-04-13
Near Jeyachandran textiles,Chennai,east,operational,Nandanam,yes,Olympia Tech Park Guindy,4.17,blue,1.47,yes,yes,True,Panagal Park Metro,0.17,3-6km,11,Mambalam,0.57,8.8,57,81,25,13.0413104,80.2318894,6.23,Kodambakkam,Tamil Nadu,1,2022-05-01,2022-05-01,low,Jeyachandran Textiles,shop/clothes,Near Jeyachandran textiles,2022,2022-04-13
"Neelankarai, E Coast Road",Chennai,east,none,Saint Thomas Mount,yes,Prince Info Park OMR,2.78,green,8.43,no,no,True,Saint Thomas Mount,8.43,0-3km,22,Taramani,4.07,11.13,11,7,4,12.9454955,80.2574692,15.32,Sholinganallur,Tamil Nadu,2,2022-05-20,2022-07-06,high,Neelankarai,place/suburb,Neelankarai,2022,2022-04-13
"Nemilichery, Chromepet",Chennai,west,none,Chennai International Airport,yes,MEPZ Tambaram,1.84,blue,4.64,no,no,True,Chennai International Airport,4.64,0-3km,6,Chromepet,0.66,5.95,42,91,13,12.9496841,80.135642,20.81,,Tamil Nadu,3,2022-05-03,2022-06-12,high,Chromepet,place/suburb,Chromepet,2022,2022-04-13
Nesapakkam,Chennai,west,none,Ashok Nagar,yes,DLF IT Park Ramapuram,1.82,green,2.59,no,no,True,Ashok Nagar,2.59,0-3km,13,Guindy,3.9,4.97,17,64,11,13.0336193,80.1873092,10.55,Valasaravakkam,Tamil Nadu,2,2022-06-07,2022-06-17,high,Nesapakkam,place/suburb,Nesapakkam,2022,2022-04-13
Nest bliss sholinganallur,Chennai,east,none,Saint Thomas Mount,yes,Prince Info Park OMR,1.18,green,6.15,no,no,True,Saint Thomas Mount,6.15,0-3km,23,Taramani,2.11,8.94,19,16,8,12.959704,80.2422362,14.02,Perungudi,Tamil Nadu,1,2022-06-25,2022-06-25,low,Ambika Nest Women's Hostel,tourism/hostel,Nest bliss sholinganallur,2022,2022-04-13
New Kumaran Nagar,Chennai,north,none,Thirumangalam,yes,Ambattur Industrial Estate,4.4,green,4.59,no,no,True,Thirumangalam,4.59,3-6km,1,Villivakkam,2.04,15.24,2,24,4,13.1265486,80.2003672,9.04,Ambattur,Tamil Nadu,1,2022-07-08,2022-07-08,medium,Kumaran nagar,landuse/residential,New Kumaran Nagar,2022,2022-04-13
New Perungalathur,Chennai,west,none,Chennai International Airport,yes,Shriram Gateway Perungalathur,1.46,blue,12.22,no,no,True,Chennai International Airport,12.22,0-3km,0,Perungalattur,1.06,13.48,0,15,1,12.9015194,80.0860686,28.39,Perungalathur,Tamil Nadu,3,2022-07-02,2022-07-05,low,New Perungalathur Lake,water/reservoir,New Perungalathur,2022,2022-04-13
Nungambakkam,Chennai,east,operational,Pachaiyappa's College,no,Olympia Tech Park Guindy,6.53,green,1.71,yes,yes,True,Kodambakkam Metro,1.5,6km+,8,Nungambakkam,0.93,11.01,54,88,20,13.0620626,80.240487,4.0,Teynampet,Tamil Nadu,5,2022-05-16,2022-07-10,high,Nungambakkam,place/suburb,Nungambakkam,2022,2022-04-13
"Okkiyam Thuraipakkam, E Coast Road",Chennai,south,none,Saint Thomas Mount,yes,Prince Info Park OMR,3.55,green,7.54,no,no,True,Saint Thomas Mount,7.54,3-6km,20,Velachery,3.76,9.72,16,14,5,12.9385525,80.2372132,16.43,,Tamil Nadu,2,2022-05-25,2022-06-07,high,Thuraipakkam,place/suburb,Okkiyam Thuraipakkam,2022,2022-04-13
Old Mahabalipuram Road,Chennai,east,none,Little Mount,yes,Ascendas IT Park CSIR,0.85,blue,4.97,no,no,True,Little Mount,4.97,0-3km,22,Tiruvanmiyur,1.06,9.37,28,46,11,12.9795343,80.2525849,11.64,Perungudi,Tamil Nadu,13,2022-05-06,2022-07-08,low,Rajiv Gandhi Salai,highway/primary,Old Mahabalipuram Road,2022,2022-04-13
"Old Pallavaram, Alandur",Chennai,south,operational,Chennai International Airport,yes,MEPZ Tambaram,5.51,blue,1.96,yes,yes,True,Chennai International Airport,1.96,3-6km,1,Pallavaram,1.64,3.34,2,4,1,12.9633042,80.1665389,17.42,,Tamil Nadu,1,2022-07-08,2022-07-08,high,Old Pallavaram,place/suburb,Old Pallavaram,2022,2022-04-13
Old Washermanpet,Chennai,east,operational,Sir Theagaraya College,no,Ambattur Industrial Estate,12.96,blue,0.63,yes,yes,True,Sir Theagaraya College,0.63,6km+,0,Washermanpet,0.88,18.7,46,53,0,13.1122762,80.2893812,3.86,Royapuram,Tamil Nadu,5,2022-05-12,2022-07-10,high,Old Washermanpet,place/neighbourhood,Old Washermanpet,2022,2022-04-13
Oliyas Green court,Chennai,south,none,Chennai International Airport,yes,ELCOT SEZ Sholinganallur,2.47,blue,7.96,no,no,True,Chennai International Airport,7.96,0-3km,9,Velachery,5.83,9.07,14,48,4,12.9185513,80.200564,19.77,Perungudi,Tamil Nadu,1,2022-05-12,2022-05-12,low,Green Court,highway/residential,Oliyas Green court,2022,2022-04-13
Oragadam,Chennai,north,none,Thirumangalam,yes,Ambattur Industrial Estate,3.93,green,7.3,no,no,True,Thirumangalam,7.3,3-6km,1,Ambattur,1.86,15.36,13,17,13,13.130791,80.1529145,13.83,Ambattur,Tamil Nadu,3,2022-06-20,2022-06-29,high,Oragadam,place/locality,Oragadam,2022,2022-04-13
Oragadam Sriperumbudur,Chennai,west,none,Chennai International Airport,no,Mahindra World City,10.52,blue,29.12,no,no,True,Chennai International Airport,29.12,6km+,0,Maraimalai Nagar Kamarajar,7.01,30.29,0,0,0,12.8130743,79.9578352,45.26,Chennai,Tamil Nadu,1,2022-06-11,2022-06-11,low,Hiranandani Parks Oragadam,landuse/residential,Oragadam Sriperumbudur,2022,2022-04-13
Pachaiyamman Nagar,Chennai,north,none,Thirumangalam,yes,Ambattur Industrial Estate,5.52,green,9.19,no,no,True,Thirumangalam,9.19,3-6km,0,Annanur,1.83,15.91,5,6,0,13.1321662,80.1316401,16.03,Tirumullaivoyal,Tamil Nadu,1,2022-07-05,2022-07-05,low,Pachaiamman Temple,amenity/place_of_worship,Pachaiyamman Nagar,2022,2022-04-13
Padapai,Chennai,west,none,Chennai International Airport,no,Shriram Gateway Perungalathur,7.75,blue,18.56,no,no,True,Chennai International Airport,18.56,6km+,0,Urappakkam,5.87,19.64,0,8,0,12.8876927,80.0220457,34.58,Sirumathur,Tamil Nadu,2,2022-06-13,2022-07-08,high,Padappai,place/suburb,Padapai,2022,2022-04-13
"Paddy field street,Perambur",Chennai,north,none,Nehru Park,no,Ambattur Industrial Estate,8.2,green,3.75,no,no,True,Nehru Park,3.75,6km+,2,Perambur,0.49,15.66,27,38,0,13.1121242,80.245022,4.29,Ward 70,Tamil Nadu,1,2022-05-01,2022-05-01,high,Perambur,place/suburb,Perambur,2022,2022-04-13
"Padur, Old Mahabalipuram Road",Chennai,south,none,Chennai International Airport,yes,SIPCOT IT Park Siruseri,2.6,blue,20.57,no,no,True,Chennai International Airport,20.57,0-3km,6,Tambaram,17.67,21.81,4,8,2,12.8052162,80.2240356,31.27,Kelambakkam,Tamil Nadu,9,2022-05-24,2022-07-06,high,Padur,place/suburb,Padur,2022,2022-04-13
"Palavakkam, E Coast Road",Chennai,east,none,Little Mount,yes,Prince Info Park OMR,1.3,blue,6.99,no,no,True,Little Mount,6.99,0-3km,23,Taramani,2.6,10.31,17,21,6,12.95999,80.2560268,13.74,Perungudi,Tamil Nadu,2,2022-06-25,2022-06-25,high,Palavakkam,place/suburb,Palavakkam,2022,2022-04-13
Pallavan Nagar-Thiruverkadu,Chennai,north,none,Washermanpet,no,Ambattur Industrial Estate,7.99,blue,4.64,no,no,True,Madhavaram Depot,3.78,6km+,2,Perambur,1.62,16.34,25,50,0,13.1218075,80.240576,5.44,Ward 69,Tamil Nadu,1,2022-05-06,2022-05-06,low,Pallavan Salai,highway/tertiary,Pallavan Nagar-Thiruverkadu,2022,2022-04-13
Pallavaram,Chennai,west,none,Chennai International Airport,yes,MEPZ Tambaram,3.69,blue,2.68,no,no,True,Chennai International Airport,2.68,3-6km,4,Pallavaram,0.79,3.92,28,80,12,12.9654669,80.1451178,18.84,,Tamil Nadu,5,2022-05-09,2022-07-10,high,Pallavaram,place/suburb,Pallavaram,2022,2022-04-13
Pallikaranai,Chennai,south,none,Meenambakkam,yes,ELCOT SEZ Sholinganallur,3.05,blue,7.2,no,no,True,Meenambakkam,7.2,3-6km,12,Velachery,4.32,8.25,15,20,5,12.9304748,80.2077692,18.25,Perungudi,Tamil Nadu,8,2022-04-30,2022-07-06,high,Pallikaranai,place/suburb,Pallikaranai,2022,2022-04-13
Pammal,Chennai,west,none,Chennai International Airport,yes,MEPZ Tambaram,4.1,blue,2.65,no,no,True,Chennai International Airport,2.65,3-6km,4,Pallavaram,1.4,3.6,9,43,8,12.9737938,80.1408,18.57,,Tamil Nadu,7,2022-05-12,2022-07-08,high,Pammal,place/suburb,Pammal,2022,2022-04-13
"Panaiyur, E Coast Road",Chennai,south,none,Saint Thomas Mount,yes,ELCOT SEZ Sholinganallur,3.45,green,12.94,no,no,True,Saint Thomas Mount,12.94,3-6km,8,Velachery,9.3,14.45,2,0,1,12.8878546,80.2451984,21.84,Sholinganallur,Tamil Nadu,1,2022-06-22,2022-06-22,high,Panaiyur,place/suburb,Panaiyur,2022,2022-04-13
Pattabiram,Chennai,west,none,Koyambedu,no,Ambattur Industrial Estate,11.85,green,15.24,no,no,True,Poonamallee Bypass,8.52,6km+,0,Pattabiram,0.46,18.24,7,3,0,13.1224924,80.0633914,22.88,Avadi,Tamil Nadu,2,2022-05-06,2022-06-18,high,Pattabiram,place/suburb,Pattabiram,2022,2022-04-13
"Pazhavanthangal, Jawaharlal Nehru Road",Chennai,south,operational,Saint Thomas Mount,yes,Guindy Industrial Estate,3.37,green,1.26,yes,yes,True,Saint Thomas Mount,1.26,3-6km,11,Palavanthangal,0.29,2.43,16,28,8,12.9883524,80.1891324,13.72,Ward 162,Tamil Nadu,1,2022-06-05,2022-06-05,high,Pazhavanthangal,place/suburb,Pazhavanthangal,2022,2022-04-13
Perambur,Chennai,north,none,Nehru Park,no,Ambattur Industrial Estate,8.2,green,3.75,no,no,True,Nehru Park,3.75,6km+,2,Perambur,0.49,15.66,27,38,0,13.1121242,80.245022,4.29,Ward 70,Tamil Nadu,7,2022-05-06,2022-06-29,high,Perambur,place/suburb,Perambur,2022,2022-04-13
Periyamet,Chennai,east,operational,Chennai Suburban Terminal (Moore Market Complex),no,Olympia Tech Park Guindy,10.44,green,0.53,yes,yes,True,Chennai Suburban Terminal (Moore Market Complex),0.53,6km+,4,Chennai Park,0.58,14.98,50,77,11,13.0844145,80.2692766,0.25,Royapuram,Tamil Nadu,1,2022-05-16,2022-05-16,high,Periamet,place/neighbourhood,Periyamet,2022,2022-04-13
Perumbakkam,Chennai,south,none,Chennai International Airport,yes,ELCOT SEZ Sholinganallur,2.39,blue,9.14,no,no,True,Chennai International Airport,9.14,0-3km,6,Velachery,7.38,10.33,7,37,3,12.9050095,80.1968629,21.32,,Tamil Nadu,7,2022-05-02,2022-07-08,high,Perumbakkam,place/suburb,Perumbakkam,2022,2022-04-13
"Perungalathur, Chennai Bypass Road",Chennai,west,none,Chennai International Airport,yes,Shriram Gateway Perungalathur,0.01,blue,11.07,no,no,True,Chennai International Airport,11.07,0-3km,4,Perungalattur,1.29,12.28,1,17,8,12.9145454,80.0879549,27.23,Tambaram,Tamil Nadu,14,2022-05-06,2022-07-06,high,Perungalathur,place/suburb,Perungalathur,2022,2022-04-13
Perungudi,Chennai,east,none,Little Mount,yes,RMZ Millenia Perungudi,0.0,blue,5.21,no,no,True,Little Mount,5.21,0-3km,24,Taramani,0.85,8.45,24,22,13,12.9710239,80.2418051,12.81,,Tamil Nadu,4,2022-06-10,2022-07-08,high,Perungudi,place/suburb,Perungudi,2022,2022-04-13
"Poes Garden, Teynampet",Chennai,east,operational,AG-DMS,yes,Olympia Tech Park Guindy,5.9,blue,0.24,yes,yes,True,AG-DMS,0.24,3-6km,6,Mandaveli,2.15,10.59,56,95,28,13.0443237,80.2498455,4.83,Chennai,Tamil Nadu,2,2022-07-06,2022-07-10,high,Teynampet,place/suburb,Teynampet,2022,2022-04-13
Polacheri,Chennai,unknown,unknown,unknown,unknown,unknown,,unknown,,unknown,unknown,,unknown,,unknown,,unknown,,,,,,,,,,,1,2022-05-20,2022-05-20,none,,,,2022,2022-04-13
Ponmar,Chennai,south,none,Chennai International Airport,yes,SIPCOT IT Park Siruseri,5.95,blue,13.73,no,no,True,Chennai International Airport,13.73,3-6km,0,Tambaram,9.59,15.12,2,0,0,12.8574825,80.1719383,27.23,,Tamil Nadu,1,2022-07-06,2022-07-06,high,Ponmar,place/village,Ponmar,2022,2022-04-13
Ponneri,Chennai,north,none,Wimco Nagar Depot,no,Ambattur Industrial Estate,26.41,blue,20.95,no,no,True,Madhavaram Depot,20.61,6km+,1,Ponneri,0.61,38.23,3,13,0,13.336164,80.1948281,29.36,,Tamil Nadu,1,2022-05-06,2022-05-06,high,Ponneri,place/town,Ponneri,2022,2022-04-13
"Ponniamman Nagar, Iyyappanthangal",Chennai,west,under_construction,Chennai International Airport,yes,DLF IT Park Ramapuram,4.73,blue,7.12,yes,no,False,Iyappanthangal Metro,0.0,3-6km,3,Tirusulam,7.23,6.09,3,7,2,13.0381833,80.1349879,15.51,Moulivakkam,Tamil Nadu,1,2022-05-20,2022-05-20,medium,Iyappanthangal Metro,railway/station,Iyyappanthangal,2022,2022-04-13
Ponniammanmedu,Chennai,unknown,unknown,unknown,unknown,unknown,,unknown,,unknown,unknown,,unknown,,unknown,,unknown,,,,,,,,,,,3,2022-05-12,2022-06-18,none,,,,2022,2022-04-13
Poonamalle,Chennai,west,under_construction,Chennai International Airport,no,DLF IT Park Ramapuram,8.59,blue,10.23,yes,no,False,Poonamallee Government Hospital Metro,0.12,6km+,0,Avadi,7.68,9.49,6,17,0,13.0492031,80.1010677,18.75,,Tamil Nadu,2,2022-05-12,2022-06-16,high,Poonamallee,place/town,Poonamalle,2022,2022-04-13
Poonamallee,Chennai,west,under_construction,Chennai International Airport,no,DLF IT Park Ramapuram,8.59,blue,10.23,yes,no,False,Poonamallee Government Hospital Metro,0.12,6km+,0,Avadi,7.68,9.49,6,17,0,13.0492031,80.1010677,18.75,,Tamil Nadu,4,2022-05-12,2022-06-25,high,Poonamallee,place/town,Poonamallee,2022,2022-04-13
Poongavanapuram,Chennai,unknown,unknown,unknown,unknown,unknown,,unknown,,unknown,unknown,,unknown,,unknown,,unknown,,,,,,,,,,,1,2022-05-12,2022-05-12,none,,,,2022,2022-04-13
Porur,Chennai,west,under_construction,Nanganallur Road,yes,DLF IT Park Ramapuram,2.15,blue,5.27,yes,no,False,Porur Junction,0.46,0-3km,7,Meenambakkam,5.57,4.41,9,13,6,13.0320131,80.158304,13.42,Valasaravakkam,Tamil Nadu,12,2022-04-29,2022-07-10,high,Porur,place/suburb,Porur,2022,2022-04-13
Porur Gardens,Chennai,unknown,unknown,unknown,unknown,unknown,,unknown,,unknown,unknown,,unknown,,unknown,,unknown,,,,,,,,,,,1,2022-05-29,2022-05-29,none,,,,2022,2022-04-13
"Potheri, Kattankulathur",Chennai,west,none,Chennai International Airport,no,Mahindra World City,9.8,blue,22.63,no,no,True,Chennai International Airport,22.63,6km+,5,Potheri,0.32,23.96,3,1,0,12.8183263,80.0384192,38.7,,Tamil Nadu,1,2022-05-29,2022-05-29,high,Potheri,place/village,Potheri,2022,2022-04-13
Prashant Collony Extension,Chennai,east,operational,Teynampet,yes,Tidel Park Taramani,5.0,blue,0.28,yes,yes,True,Teynampet,0.28,3-6km,5,Greenways Road,1.55,9.81,48,81,26,13.0344987,80.2474473,5.92,Teynampet,Tamil Nadu,1,2022-06-29,2022-06-29,high,Seethammal Colony Extension,place/neighbourhood,Prashant Collony Extension,2022,2022-04-13
Prestige Bellavista,Chennai,unknown,unknown,unknown,unknown,unknown,,unknown,,unknown,unknown,,unknown,,unknown,,unknown,,,,,,,,,,,1,2022-05-06,2022-05-06,none,,,,2022,2022-04-13
Pudupakkam,Chennai,north,none,Wimco Nagar Depot,no,Ambattur Industrial Estate,16.62,blue,11.94,no,no,True,Madhavaram Depot,9.92,6km+,0,Minjur,6.42,28.19,0,0,0,13.242356,80.2164515,18.7,Mettupalayam,Tamil Nadu,3,2022-06-05,2022-07-10,high,Pudupakkam,place/hamlet,Pudupakkam,2022,2022-04-13
Pudur,Chennai,north,none,Thirumangalam,yes,Ambattur Industrial Estate,3.55,green,6.75,no,no,True,Thirumangalam,6.75,3-6km,1,Pattaravakkam,1.88,15.2,12,16,13,13.1298206,80.1592132,13.16,Ambattur,Tamil Nadu,1,2022-05-15,2022-05-15,high,Pudur,place/locality,Pudur,2022,2022-04-13
Purasaiwakkam,Chennai,east,operational,Nehru Park,no,Ambattur Industrial Estate,9.24,green,1.27,yes,yes,True,Nehru Park,1.27,6km+,6,Chennai Egmore,1.45,14.29,34,89,3,13.0893275,80.2550331,1.85,Ward 78,Tamil Nadu,2,2022-05-25,2022-07-01,high,Purasawalkam,place/suburb,Purasaiwakkam,2022,2022-04-13
"Purasawalkam, PH Road",Chennai,east,operational,Nehru Park,no,Ambattur Industrial Estate,9.24,green,1.27,yes,yes,True,Nehru Park,1.27,6km+,6,Chennai Egmore,1.45,14.29,34,89,3,13.0893275,80.2550331,1.85,Ward 78,Tamil Nadu,6,2022-05-05,2022-07-02,high,Purasawalkam,place/suburb,Purasawalkam,2022,2022-04-13
"Pushpa Colony, Saligramam",Chennai,north,operational,CMBT,yes,Guindy Industrial Estate,4.7,green,1.28,yes,yes,True,CMBT,1.28,3-6km,13,Kodambakkam,3.56,7.98,29,77,11,13.0583406,80.1985327,8.27,Kodambakkam,Tamil Nadu,1,2022-06-28,2022-06-28,high,Saligramam,place/suburb,Saligramam,2022,2022-04-13
"Puzhuthivakkam, Madipakkam",Chennai,south,none,Saint Thomas Mount,yes,RMZ Millenia Perungudi,4.65,green,3.77,no,no,True,Saint Thomas Mount,3.77,3-6km,10,Puzhudivakkam,1.87,5.05,21,19,13,12.9611348,80.2001292,15.53,Perungudi,Tamil Nadu,1,2022-06-22,2022-06-22,high,Madipakkam,place/suburb,Madipakkam,2022,2022-04-13
"R.A Puram, Mandaiveli",Chennai,east,operational,Teynampet,yes,Tidel Park Taramani,4.3,blue,2.15,yes,yes,True,Thirumayilai Metro,1.33,3-6km,10,Mandaveli,0.34,10.96,48,63,12,13.0258445,80.2627877,6.38,Teynampet,Tamil Nadu,4,2022-05-20,2022-06-16,high,Mandaveli,place/suburb,Mandaiveli,2022,2022-04-13
"Radha Nagar, Chrompet",Chennai,west,none,Chennai International Airport,yes,MEPZ Tambaram,1.84,blue,4.64,no,no,True,Chennai International Airport,4.64,0-3km,6,Chromepet,0.66,5.95,42,91,13,12.9496841,80.135642,20.81,,Tamil Nadu,1,2022-06-03,2022-06-03,high,Chromepet,place/suburb,Chrompet,2022,2022-04-13
Raja Annamalai Puram,Chennai,east,operational,Teynampet,yes,Tidel Park Taramani,3.92,blue,1.59,yes,yes,True,Boat Club Metro,0.87,3-6km,9,Greenways Road,0.35,10.0,42,62,17,13.0244783,80.253937,6.72,Teynampet,Tamil Nadu,3,2022-05-20,2022-07-08,high,Raja Annamalai Puram,place/suburb,Raja Annamalai Puram,2022,2022-04-13
rajakillpakkam,Chennai,south,none,Chennai International Airport,yes,MEPZ Tambaram,5.16,blue,7.39,no,no,True,Chennai International Airport,7.39,3-6km,4,Tambaram Sanatorium,3.86,8.82,5,30,8,12.9145851,80.1579056,22.33,Tambaram,Tamil Nadu,1,2022-06-27,2022-06-27,high,Rajakilpakkam,place/suburb,rajakillpakkam,2022,2022-04-13
"Rajakilpakkam, Selaiyur",Chennai,west,none,Chennai International Airport,yes,MEPZ Tambaram,2.94,blue,7.77,no,no,True,Chennai International Airport,7.77,0-3km,4,Tambaram,1.63,9.18,19,74,21,12.9187445,80.1311172,23.69,Tambaram,Tamil Nadu,1,2022-07-03,2022-07-03,high,Selaiyur,place/suburb,Selaiyur,2022,2022-04-13
"Rajakipakkam, Sembakkam",Chennai,south,none,Chennai International Airport,no,Mahindra World City,13.33,blue,31.18,no,no,True,Chennai International Airport,31.18,6km+,0,Singaperumal Koil,15.49,32.61,0,0,0,12.7023624,80.1298612,44.96,,Tamil Nadu,1,2022-05-17,2022-05-17,high,Sembakkam,place/village,Sembakkam,2022,2022-04-13
"Ram Nagar South Extension, Madipakkam",Chennai,south,none,Saint Thomas Mount,yes,RMZ Millenia Perungudi,4.65,green,3.77,no,no,True,Saint Thomas Mount,3.77,3-6km,10,Puzhudivakkam,1.87,5.05,21,19,13,12.9611348,80.2001292,15.53,Perungudi,Tamil Nadu,1,2022-05-28,2022-05-28,high,Madipakkam,place/suburb,Madipakkam,2022,2022-04-13
Ram Nagar-Nanganallur,Chennai,south,operational,Meenambakkam,yes,Olympia Tech Park Guindy,4.21,blue,1.58,yes,yes,True,Meenambakkam,1.58,3-6km,11,Adambakkam,0.89,2.76,21,35,8,12.98024,80.1889394,14.43,Ward 167,Tamil Nadu,1,2022-05-25,2022-05-25,low,Nanganallur Telephone Exchange,building/yes,Ram Nagar-Nanganallur,2022,2022-04-13
Ramapuram,Chennai,west,under_construction,Ekkattuthangal,yes,DLF IT Park Ramapuram,0.91,green,3.3,yes,no,False,Porur Junction,2.4,0-3km,12,Guindy,4.43,4.22,12,44,15,13.0298609,80.1780333,11.63,Valasaravakkam,Tamil Nadu,3,2022-05-22,2022-06-02,high,Ramapuram,place/suburb,Ramapuram,2022,2022-04-13
Ranganathapuram-Medavakkam,Chennai,unknown,unknown,unknown,unknown,unknown,,unknown,,unknown,unknown,,unknown,,unknown,,unknown,,,,,,,,,,,1,2022-05-18,2022-05-18,none,,,,2022,2022-04-13
Rani Anna Nagar,Chennai,north,none,Thirumangalam,yes,Ambattur Industrial Estate,5.6,green,9.24,no,no,True,Thirumangalam,9.24,3-6km,0,Annanur,2.07,16.1,5,5,0,13.1341474,80.1325316,16.02,Tirumullaivoyal,Tamil Nadu,1,2022-06-22,2022-06-22,low,Rani Anna Street,highway/residential,Rani Anna Nagar,2022,2022-04-13
Ranjith Road,Chennai,east,operational,Saidapet,yes,Tidel Park Taramani,3.39,blue,1.28,yes,yes,True,Saidapet,1.28,3-6km,14,Kotturpuram,1.21,8.19,48,44,11,13.0183586,80.2383791,7.97,Adyar,Tamil Nadu,1,2022-07-06,2022-07-06,low,Ranjith Road,highway/residential,Ranjith Road,2022,2022-04-13
"RE Nagar, Porur",Chennai,west,under_construction,Nanganallur Road,yes,DLF IT Park Ramapuram,2.15,blue,5.27,yes,no,False,Porur Junction,0.46,0-3km,7,Meenambakkam,5.57,4.41,9,13,6,13.0320131,80.158304,13.42,Valasaravakkam,Tamil Nadu,1,2022-07-01,2022-07-01,high,Porur,place/suburb,Porur,2022,2022-04-13
Redhills,Chennai,north,none,Thirumangalam,no,Ambattur Industrial Estate,10.38,green,12.05,no,no,True,Madhavaram Depot,7.2,6km+,0,Korattur,8.8,22.19,2,2,1,13.1922788,80.1837662,15.4,Alinjivakkam,Tamil Nadu,1,2022-06-10,2022-06-10,high,Red Hills,place/suburb,Redhills,2022,2022-04-13
rgl bungalows,Chennai,unknown,unknown,unknown,unknown,unknown,,unknown,,unknown,unknown,,unknown,,unknown,,unknown,,,,,,,,,,,1,2022-07-02,2022-07-02,none,,,,2022,2022-04-13
Royapettah,Chennai,east,operational,Thousand Lights,no,Tidel Park Taramani,7.51,blue,0.66,yes,yes,True,Royapettah Metro,0.11,6km+,4,Mundakakanni Amman Koil,1.77,12.54,58,80,16,13.0554718,80.2639706,3.11,Teynampet,Tamil Nadu,4,2022-05-03,2022-07-10,high,Royapettah,place/suburb,Royapettah,2022,2022-04-13
S.Kolathur,Chennai,south,none,Meenambakkam,yes,ELCOT SEZ Sholinganallur,4.81,blue,5.45,no,no,True,Meenambakkam,5.45,3-6km,12,Velachery,3.72,6.46,19,33,10,12.9427371,80.1966166,17.51,,Tamil Nadu,2,2022-05-21,2022-05-30,high,Sunnambu Kulathur,place/suburb,S.Kolathur,2022,2022-04-13
Sadasiva Nagar Madipakkam,Chennai,south,none,Saint Thomas Mount,yes,RMZ Millenia Perungudi,4.27,green,3.35,no,no,True,Saint Thomas Mount,3.35,3-6km,14,Puzhudivakkam,1.37,4.97,18,19,14,12.9651292,80.2028543,15.0,Perungudi,Tamil Nadu,1,2022-06-16,2022-06-16,high,Sadasiva Nagar,place/neighbourhood,Sadasiva Nagar Madipakkam,2022,2022-04-13
Sadhanadhapuram,Chennai,unknown,unknown,unknown,unknown,unknown,,unknown,,unknown,unknown,,unknown,,unknown,,unknown,,,,,,,,,,,2,2022-06-28,2022-06-28,none,,,,2022,2022-04-13
Saidapet,Chennai,east,operational,Saidapet,yes,Olympia Tech Park Guindy,2.2,blue,0.57,yes,yes,True,Saidapet,0.57,0-3km,14,Saidapet,0.28,6.86,43,44,19,13.020817,80.2239536,8.54,Kodambakkam,Tamil Nadu,2,2022-06-14,2022-06-17,high,Saidapet,place/suburb,Saidapet,2022,2022-04-13
"Saidapet West, Saidapet",Chennai,east,operational,Saidapet,yes,Olympia Tech Park Guindy,2.2,blue,0.57,yes,yes,True,Saidapet,0.57,0-3km,14,Saidapet,0.28,6.86,43,44,19,13.020817,80.2239536,8.54,Kodambakkam,Tamil Nadu,1,2022-05-20,2022-05-20,high,Saidapet,place/suburb,Saidapet,2022,2022-04-13
"Sakthi Nagar, Adambakkam",Chennai,south,operational,Saint Thomas Mount,yes,Olympia Tech Park Guindy,3.66,green,1.82,yes,yes,True,Saint Thomas Mount,1.82,3-6km,27,Puzhudivakkam,0.69,4.7,26,30,25,12.9822215,80.209121,13.01,Adyar,Tamil Nadu,1,2022-06-22,2022-06-22,high,Adambakkam,place/suburb,Adambakkam,2022,2022-04-13
"Santhosapuram, Medavakkam",Chennai,south,none,Chennai International Airport,yes,ELCOT SEZ Sholinganallur,3.86,blue,6.94,no,no,True,Chennai International Airport,6.94,3-6km,7,Velachery,6.01,8.15,13,57,4,12.9229928,80.1882897,19.88,,Tamil Nadu,2,2022-05-20,2022-07-06,high,Medavakkam,place/suburb,Medavakkam,2022,2022-04-13
"Saraswathi Nagar-Neelankarai, Neelankarai, E Coast Road",Chennai,east,none,Saint Thomas Mount,yes,Prince Info Park OMR,2.78,green,8.43,no,no,True,Saint Thomas Mount,8.43,0-3km,22,Taramani,4.07,11.13,11,7,4,12.9454955,80.2574692,15.32,Sholinganallur,Tamil Nadu,1,2022-04-30,2022-04-30,high,Neelankarai,place/suburb,Neelankarai,2022,2022-04-13
Selaiyur,Chennai,west,none,Chennai International Airport,yes,MEPZ Tambaram,2.94,blue,7.77,no,no,True,Chennai International Airport,7.77,0-3km,4,Tambaram,1.63,9.18,19,74,21,12.9187445,80.1311172,23.69,Tambaram,Tamil Nadu,7,2022-05-12,2022-07-06,high,Selaiyur,place/suburb,Selaiyur,2022,2022-04-13
Sembakkam,Chennai,south,none,Chennai International Airport,no,Mahindra World City,13.33,blue,31.18,no,no,True,Chennai International Airport,31.18,6km+,0,Singaperumal Koil,15.49,32.61,0,0,0,12.7023624,80.1298612,44.96,,Tamil Nadu,4,2022-05-06,2022-06-29,high,Sembakkam,place/village,Sembakkam,2022,2022-04-13
Semmancheri,Chennai,south,none,Chennai International Airport,yes,ELCOT SEZ Sholinganallur,3.47,blue,12.77,no,no,True,Chennai International Airport,12.77,3-6km,6,Velachery,10.32,13.95,19,1,1,12.8751861,80.2106332,23.97,Sholinganallur,Tamil Nadu,4,2022-05-06,2022-07-06,low,Semmancheri PHC,healthcare/centre,Semmancheri,2022,2022-04-13
Semmenchery,Chennai,south,none,Saint Thomas Mount,yes,ELCOT SEZ Sholinganallur,1.11,green,10.94,no,no,True,Saint Thomas Mount,10.94,0-3km,7,Velachery,7.48,12.21,5,9,0,12.9008558,80.2280156,20.74,Sholinganallur,Tamil Nadu,1,2022-07-07,2022-07-07,low,J-10 Semmenchery Police Station,amenity/police,Semmenchery,2022,2022-04-13
"Shenoy Nagar, PH Road",Chennai,north,operational,Shenoy Nagar Metro,no,Ambattur Industrial Estate,6.6,green,0.22,yes,yes,True,Shenoy Nagar Metro,0.22,6km+,7,Nungambakkam,1.55,11.5,41,84,19,13.0786669,80.2272547,4.73,Anna Nagar,Tamil Nadu,1,2022-06-14,2022-06-14,high,Shenoy Nagar,place/suburb,Shenoy Nagar,2022,2022-04-13
Sholinganallur,Chennai,south,none,Saint Thomas Mount,yes,ELCOT SEZ Sholinganallur,1.94,green,11.85,no,no,True,Saint Thomas Mount,11.85,0-3km,8,Velachery,8.35,13.13,4,6,0,12.8935356,80.2320634,21.45,,Tamil Nadu,16,2022-05-17,2022-07-10,high,Sholinganallur,place/suburb,Sholinganallur,2022,2022-04-13
Sikkarayapuram,Chennai,unknown,unknown,unknown,unknown,unknown,,unknown,,unknown,unknown,,unknown,,unknown,,unknown,,,,,,,,,,,1,2022-05-24,2022-05-24,none,,,,2022,2022-04-13
"Singaperumal Koil, Tiruchi Chennai Highway",Chennai,west,none,Chennai International Airport,yes,Mahindra World City,3.11,blue,29.96,no,no,True,Chennai International Airport,29.96,3-6km,1,Singaperumal Koil,0.37,31.3,0,13,0,12.7612035,80.0040713,45.97,,Tamil Nadu,2,2022-05-15,2022-05-26,low,Singaperumal Koil,place/village,Singaperumal Koil,2022,2022-04-13
Siruseri,Chennai,south,none,Chennai International Airport,yes,SIPCOT IT Park Siruseri,0.68,blue,18.57,no,no,True,Chennai International Airport,18.57,0-3km,7,Velachery,16.02,19.79,6,5,3,12.8235752,80.2221501,29.29,,Tamil Nadu,3,2022-05-10,2022-07-06,high,Siruseri,place/suburb,Siruseri,2022,2022-04-13
Sithalapakkam,Chennai,south,none,Chennai International Airport,yes,ELCOT SEZ Sholinganallur,3.96,blue,10.16,no,no,True,Chennai International Airport,10.16,3-6km,3,Tambaram Sanatorium,7.75,11.47,1,5,3,12.8917047,80.1851133,23.17,,Tamil Nadu,3,2022-05-16,2022-06-18,high,Sithalapakkam,place/suburb,Sithalapakkam,2022,2022-04-13
Sivalingapuram,Chennai,unknown,unknown,unknown,unknown,unknown,,unknown,,unknown,unknown,,unknown,,unknown,,unknown,,,,,,,,,,,1,2022-05-31,2022-05-31,none,,,,2022,2022-04-13
Sriperumbudur,Chennai,west,none,Chennai International Airport,no,Shriram Gateway Perungalathur,16.46,blue,23.71,no,no,True,Poonamallee Bypass,17.29,6km+,0,Tiruvallur,17.03,24.18,2,14,0,12.9666144,79.9458077,37.49,,Tamil Nadu,1,2022-05-06,2022-05-06,high,Sriperumbudur,place/town,Sriperumbudur,2022,2022-04-13
sspdl Mayfair,Chennai,unknown,unknown,unknown,unknown,unknown,,unknown,,unknown,unknown,,unknown,,unknown,,unknown,,,,,,,,,,,1,2022-05-05,2022-05-05,none,,,,2022,2022-04-13
"Subramaniya Swamy Nagar, Valasaravakkam, Arcot Road",Chennai,west,under_construction,Ashok Nagar,yes,DLF IT Park Ramapuram,2.13,green,4.26,yes,no,False,Porur Junction,1.76,0-3km,12,Guindy,5.67,5.32,11,41,10,13.0410164,80.1721682,11.64,,Tamil Nadu,1,2022-05-22,2022-05-22,high,Valasaravakkam,place/suburb,Valasaravakkam,2022,2022-04-13
"Suriyammapet, Saidapet",Chennai,east,operational,Saidapet,yes,Olympia Tech Park Guindy,2.2,blue,0.57,yes,yes,True,Saidapet,0.57,0-3km,14,Saidapet,0.28,6.86,43,44,19,13.020817,80.2239536,8.54,Kodambakkam,Tamil Nadu,1,2022-04-30,2022-04-30,high,Saidapet,place/suburb,Saidapet,2022,2022-04-13
T Nagar,Chennai,east,none,Nandanam,yes,Tidel Park Taramani,1.57,blue,4.18,no,no,True,Boat Club Metro,3.65,0-3km,16,Indira Nagar,1.15,10.05,38,60,15,12.9987729,80.2599116,9.41,Adyar,Tamil Nadu,10,2022-05-17,2022-07-08,high,Shastri Nagar,place/neighbourhood,T Nagar,2022,2022-04-13
T.Nagar,Chennai,east,none,Nandanam,yes,Tidel Park Taramani,1.57,blue,4.18,no,no,True,Boat Club Metro,3.65,0-3km,16,Indira Nagar,1.15,10.05,38,60,15,12.9987729,80.2599116,9.41,Adyar,Tamil Nadu,1,2022-06-07,2022-06-07,high,Shastri Nagar,place/neighbourhood,T.Nagar,2022,2022-04-13
Tambaram East,Chennai,west,none,Chennai International Airport,yes,MEPZ Tambaram,2.19,blue,7.0,no,no,True,Chennai International Airport,7.0,0-3km,5,Tambaram Sanatorium,1.16,8.39,18,95,23,12.9265148,80.1314526,23.0,Tambaram,Tamil Nadu,5,2022-05-29,2022-06-25,high,East Tambaram,place/suburb,Tambaram East,2022,2022-04-13
Tambaram Sanatorium,Chennai,west,none,Chennai International Airport,yes,MEPZ Tambaram,1.32,blue,6.07,no,no,True,Chennai International Airport,6.07,0-3km,6,Tambaram Sanatorium,0.0,7.42,43,105,22,12.9369591,80.1307034,22.2,East Tambaram,Tamil Nadu,1,2022-05-16,2022-05-16,medium,Tambaram Sanatorium,railway/station,Tambaram Sanatorium,2022,2022-04-13
"Tambaram West, Tambaram, Chennai Bypass Road",Chennai,west,none,Chennai International Airport,yes,MEPZ Tambaram,2.12,blue,8.21,no,no,True,Chennai International Airport,8.21,0-3km,4,Tambaram,0.34,9.52,15,91,12,12.9245279,80.1150525,24.37,,Tamil Nadu,5,2022-04-30,2022-06-22,medium,Tambaram,place/city,Tambaram,2022,2022-04-13
"Tambaram, GST Road",Chennai,west,none,Chennai International Airport,yes,MEPZ Tambaram,2.12,blue,8.21,no,no,True,Chennai International Airport,8.21,0-3km,4,Tambaram,0.34,9.52,15,91,12,12.9245279,80.1150525,24.37,,Tamil Nadu,6,2022-04-30,2022-06-01,medium,Tambaram,place/city,Tambaram,2022,2022-04-13
Teachers's Colony-Lakshmipuram,Chennai,east,none,Saint Thomas Mount,yes,Prince Info Park OMR,3.25,green,8.59,no,no,True,Saint Thomas Mount,8.59,3-6km,23,Taramani,4.5,11.14,11,7,4,12.940182,80.2544439,15.94,Sholinganallur,Tamil Nadu,1,2022-06-29,2022-06-29,low,Teachers Colony Main road,highway/residential,Teachers's Colony-Lakshmipuram,2022,2022-04-13
Teynampet,Chennai,east,operational,AG-DMS,yes,Olympia Tech Park Guindy,5.9,blue,0.24,yes,yes,True,AG-DMS,0.24,3-6km,6,Mandaveli,2.15,10.59,56,95,28,13.0443237,80.2498455,4.83,Chennai,Tamil Nadu,2,2022-05-06,2022-05-16,high,Teynampet,place/suburb,Teynampet,2022,2022-04-13
Thalambur,Chennai,south,none,Chennai International Airport,yes,SIPCOT IT Park Siruseri,2.29,blue,15.88,no,no,True,Chennai International Airport,15.88,0-3km,7,Velachery,13.27,17.07,4,2,3,12.8482527,80.2187081,26.67,Thazhambur,Tamil Nadu,5,2022-05-18,2022-07-05,low,Thalambur Main Road,highway/tertiary,Thalambur,2022,2022-04-13
Thandalam,Chennai,west,none,Chennai International Airport,no,MEPZ Tambaram,6.52,blue,5.49,no,no,True,Iyappanthangal Metro,4.46,6km+,1,Pallavaram,5.26,5.4,1,4,0,13.00153,80.1182015,18.82,,Tamil Nadu,1,2022-04-30,2022-04-30,high,Thandalam,place/village,Thandalam,2022,2022-04-13
"Thanikachalam Nagar, Ponniammanmedu",Chennai,unknown,unknown,unknown,unknown,unknown,,unknown,,unknown,unknown,,unknown,,unknown,,unknown,,,,,,,,,,,1,2022-06-17,2022-06-17,none,,,,2022,2022-04-13
Tharamani,Chennai,east,none,Little Mount,yes,Ascendas IT Park CSIR,0.57,blue,3.75,no,no,True,Little Mount,3.75,0-3km,21,Taramani,0.73,8.03,29,22,11,12.9851573,80.2409748,11.31,Adyar,Tamil Nadu,2,2022-05-25,2022-07-06,low,Tharamani Pond,water/pond,Tharamani,2022,2022-04-13
"Thillai Ganga Nagar, Nanganallur",Chennai,south,operational,Meenambakkam,yes,Guindy Industrial Estate,4.39,blue,1.24,yes,yes,True,Meenambakkam,1.24,3-6km,11,Meenambakkam,1.18,2.41,19,29,8,12.9801242,80.184902,14.71,Ward 167,Tamil Nadu,1,2022-05-04,2022-05-04,high,Nanganallur,place/suburb,Nanganallur,2022,2022-04-13
Thirumangalam-Anna Nagar West,Chennai,north,operational,Thirumangalam,yes,Ambattur Industrial Estate,3.32,green,1.48,yes,yes,True,Thirumangalam,1.48,3-6km,4,Anna Nagar West,0.0,12.25,16,26,11,13.0985386,80.2010061,7.75,Anna Nagar,Tamil Nadu,1,2022-04-30,2022-04-30,medium,Anna Nagar West,railway/station,Thirumangalam-Anna Nagar West,2022,2022-04-13
Thirumazhisai,Chennai,west,under_construction,Chennai International Airport,no,DLF IT Park Ramapuram,12.91,blue,13.85,yes,no,False,Poonamallee Bypass,2.38,6km+,0,Pattabiram,7.2,13.37,3,1,0,13.0540139,80.0607568,22.96,,Tamil Nadu,2,2022-05-15,2022-06-15,high,Thirumazhisai,place/town,Thirumazhisai,2022,2022-04-13
Thirumullaivoyal,Chennai,north,none,Thirumangalam,yes,Ambattur Industrial Estate,3.98,green,7.73,no,no,True,Thirumangalam,7.73,3-6km,1,Tirumullaivayil,0.02,13.95,12,18,12,13.1153548,80.1372025,14.91,Ayapakkam,Tamil Nadu,2,2022-05-12,2022-06-10,low,Thirumullaivoyal,railway/platform,Thirumullaivoyal,2022,2022-04-13
Thirunagar,Chennai,north,operational,Arumbakkam,yes,Guindy Industrial Estate,4.78,green,0.41,yes,yes,True,Arumbakkam,0.41,3-6km,11,Kodambakkam,2.17,8.65,49,68,20,13.0580044,80.2116987,6.96,Kodambakkam,Tamil Nadu,1,2022-06-10,2022-06-10,medium,Thirunagar,highway/bus_stop,Thirunagar,2022,2022-04-13
Thiruneermalai,Chennai,west,none,Chennai International Airport,yes,MEPZ Tambaram,1.22,blue,5.43,no,no,True,Chennai International Airport,5.43,0-3km,6,Chromepet,2.02,6.56,22,33,4,12.9536587,80.1225484,21.53,Tiruneermalai,Tamil Nadu,1,2022-06-19,2022-06-19,low,Tiruneermalai Eri,water/reservoir,Thiruneermalai,2022,2022-04-13
Thiruporur,Chennai,south,none,Chennai International Airport,no,SIPCOT IT Park Siruseri,11.72,blue,28.48,no,no,True,Chennai International Airport,28.48,6km+,0,Guduvancheri,19.51,29.84,2,5,0,12.7258558,80.189518,40.64,,Tamil Nadu,1,2022-06-04,2022-06-04,high,Thiruporur,place/town,Thiruporur,2022,2022-04-13
Thiruvanmiyur,Chennai,east,none,Little Mount,yes,Tidel Park Taramani,1.73,blue,5.41,no,no,True,Boat Club Metro,5.16,0-3km,17,Tiruvanmiyur,1.43,10.56,25,61,12,12.9858948,80.2644215,10.79,Adyar,Tamil Nadu,10,2022-05-01,2022-05-30,high,Thiruvanmiyur,place/suburb,Thiruvanmiyur,2022,2022-04-13
Thiruverkkadu,Chennai,west,none,Koyambedu,no,Ambattur Industrial Estate,6.19,green,8.06,no,no,True,Karayanchavadi Metro,3.08,6km+,2,Annanur,4.9,10.18,4,2,0,13.0727699,80.1204591,16.31,Sundaram Shozhapuram,Tamil Nadu,2,2022-05-06,2022-06-14,high,Thiruverkadu,place/suburb,Thiruverkkadu,2022,2022-04-13
Thoraipakkam,Chennai,south,none,Saint Thomas Mount,yes,Prince Info Park OMR,3.55,green,7.54,no,no,True,Saint Thomas Mount,7.54,3-6km,20,Velachery,3.76,9.72,16,14,5,12.9385525,80.2372132,16.43,,Tamil Nadu,9,2022-04-30,2022-07-10,high,Thuraipakkam,place/suburb,Thoraipakkam,2022,2022-04-13
"Tirumudivakkam, Thiruvanmiyur",Chennai,east,none,Little Mount,yes,Tidel Park Taramani,1.73,blue,5.41,no,no,True,Boat Club Metro,5.16,0-3km,17,Tiruvanmiyur,1.43,10.56,25,61,12,12.9858948,80.2644215,10.79,Adyar,Tamil Nadu,1,2022-06-10,2022-06-10,high,Thiruvanmiyur,place/suburb,Thiruvanmiyur,2022,2022-04-13
Tiruvallur,Chennai,west,none,Koyambedu,no,Ambattur Industrial Estate,28.85,green,32.01,no,no,True,Poonamallee Bypass,21.48,6km+,0,Tiruvallur,2.64,32.53,1,22,0,13.1394221,79.9070839,39.88,,Tamil Nadu,1,2022-06-30,2022-06-30,high,Tiruvallur,place/town,Tiruvallur,2022,2022-04-13
"Tiruvallur, Kakkalur, Chennai",Chennai,east,operational,Chennai Suburban Terminal (Moore Market Complex),no,Olympia Tech Park Guindy,10.44,green,0.42,yes,yes,True,Chennai Suburban Terminal (Moore Market Complex),0.42,6km+,4,Chennai Park,0.45,15.0,53,75,10,13.0836939,80.270186,0.12,,Tamil Nadu,1,2022-07-06,2022-07-06,medium,Chennai,place/city,Chennai,2022,2022-04-13
Tiruvenkadam Nagar,Chennai,east,operational,Washermanpet,no,Ambattur Industrial Estate,9.81,blue,2.29,yes,yes,True,Washermanpet,2.29,6km+,4,Vyasarpadi Jeeva,0.98,15.7,36,25,4,13.1011598,80.2609624,2.31,Ward 73,Tamil Nadu,1,2022-06-22,2022-06-22,low,Tiruvenkataswamy Street,highway/residential,Tiruvenkadam Nagar,2022,2022-04-13
Tiruvottiyur,Chennai,east,operational,Thiruvottiyur Theradi,no,Ambattur Industrial Estate,15.44,blue,0.47,yes,yes,True,Thiruvottiyur Theradi,0.47,6km+,0,Tiruvottiyur,0.53,23.17,9,22,0,13.1563873,80.3005279,8.81,,Tamil Nadu,5,2022-05-25,2022-07-08,high,Tiruvottiyur,place/suburb,Tiruvottiyur,2022,2022-04-13
"Tondiarpet, Ennore High Road",Chennai,east,operational,Tondiarpet,no,Ambattur Industrial Estate,13.28,blue,0.37,yes,yes,True,Tondiarpet,0.37,6km+,0,Tondiarpet,0.83,19.97,16,35,0,13.1277669,80.2895845,5.41,Chennai,Tamil Nadu,1,2022-04-30,2022-04-30,high,Tondiarpet,place/suburb,Tondiarpet,2022,2022-04-13
Triplicane,Chennai,east,operational,Government Estate,no,Tidel Park Taramani,8.37,blue,1.06,yes,yes,True,Government Estate,1.06,6km+,3,Chepauk,0.62,13.85,42,53,5,13.0604285,80.2750704,2.52,Teynampet,Tamil Nadu,2,2022-05-07,2022-06-23,high,Triplicane,place/suburb,Triplicane,2022,2022-04-13
"TTK Nagar, Tambaram",Chennai,west,none,Chennai International Airport,yes,MEPZ Tambaram,2.12,blue,8.21,no,no,True,Chennai International Airport,8.21,0-3km,4,Tambaram,0.34,9.52,15,91,12,12.9245279,80.1150525,24.37,,Tamil Nadu,1,2022-05-15,2022-05-15,medium,Tambaram,place/city,Tambaram,2022,2022-04-13
"Ullagaram, Pallavaram-Thuraipakkam Road",Chennai,south,operational,Saint Thomas Mount,yes,Olympia Tech Park Guindy,4.34,green,2.06,yes,yes,True,Saint Thomas Mount,2.06,3-6km,12,Adambakkam,0.64,3.69,24,38,14,12.9765868,80.1967196,14.26,,Tamil Nadu,1,2022-06-23,2022-06-23,high,Ullagaram,place/suburb,Ullagaram,2022,2022-04-13
"Urapakkam, Vandalur R.F, GST Road",Chennai,west,none,Chennai International Airport,yes,Shriram Gateway Perungalathur,5.91,blue,16.4,no,no,True,Chennai International Airport,16.4,3-6km,3,Urappakkam,0.41,17.73,4,16,2,12.8636676,80.0721616,32.5,Vandalur,Tamil Nadu,8,2022-04-29,2022-06-27,high,Urapakkam,place/suburb,Urapakkam,2022,2022-04-13
Uthandi,Chennai,south,none,Saint Thomas Mount,yes,ELCOT SEZ Sholinganallur,5.09,green,14.99,no,no,True,Saint Thomas Mount,14.99,3-6km,2,Velachery,11.39,16.34,5,0,1,12.8687677,80.247209,23.92,Sholinganallur,Tamil Nadu,1,2022-05-12,2022-05-12,high,Uthandi,place/suburb,Uthandi,2022,2022-04-13
Vadapalani,Chennai,north,operational,Vadapalani,yes,Guindy Industrial Estate,4.03,green,0.0,yes,yes,True,Vadapalani,0.0,3-6km,14,Kodambakkam,2.02,8.03,48,81,16,13.0509367,80.212065,7.27,Kodambakkam,Tamil Nadu,15,2022-05-06,2022-07-06,medium,Vadapalani,railway/station,Vadapalani,2022,2022-04-13
"Valasaravakkam, Arcot Road",Chennai,west,under_construction,Ashok Nagar,yes,DLF IT Park Ramapuram,2.13,green,4.26,yes,no,False,Porur Junction,1.76,0-3km,12,Guindy,5.67,5.32,11,41,10,13.0410164,80.1721682,11.64,,Tamil Nadu,11,2022-05-05,2022-07-08,high,Valasaravakkam,place/suburb,Valasaravakkam,2022,2022-04-13
Vandalur,Chennai,west,none,Chennai International Airport,yes,Shriram Gateway Perungalathur,2.54,blue,13.21,no,no,True,Chennai International Airport,13.21,0-3km,0,Vandalur,0.23,14.5,3,7,0,12.8921486,80.0829603,29.37,,Tamil Nadu,2,2022-05-06,2022-06-10,high,Vandalur,place/town,Vandalur,2022,2022-04-13
Varadharajapuram,Chennai,west,under_construction,Chennai International Airport,no,DLF IT Park Ramapuram,10.6,blue,11.91,yes,no,False,Poonamallee Bypass,0.53,6km+,0,Hindu College,7.37,11.29,3,10,0,13.05268,80.0827219,20.63,Nazarathpet,Tamil Nadu,1,2022-06-29,2022-06-29,medium,Varadharajapuram,highway/bus_stop,Varadharajapuram,2022,2022-04-13
Veerapuram,Chennai,west,none,Thirumangalam,no,Ambattur Industrial Estate,13.54,green,17.11,no,no,True,Poonamallee Bus Stand Metro,15.13,6km+,0,Pattabiram E Depot,4.74,23.35,2,0,0,13.1864165,80.0824863,23.42,,Tamil Nadu,1,2022-05-24,2022-05-24,high,Veerapuram,place/village,Veerapuram,2022,2022-04-13
Velachery,Chennai,south,none,Saint Thomas Mount,yes,RMZ Millenia Perungudi,2.29,green,3.1,no,no,True,Saint Thomas Mount,3.1,0-3km,27,Perungudi,1.11,6.2,25,22,23,12.9801655,80.2228506,12.52,Chennai,Tamil Nadu,22,2022-05-01,2022-07-06,high,Velachery,place/suburb,Velachery,2022,2022-04-13
"Vengaivasal, Medavakkam",Chennai,south,none,Chennai International Airport,yes,ELCOT SEZ Sholinganallur,3.86,blue,6.94,no,no,True,Chennai International Airport,6.94,3-6km,7,Velachery,6.01,8.15,13,57,4,12.9229928,80.1882897,19.88,,Tamil Nadu,2,2022-05-30,2022-07-08,high,Medavakkam,place/suburb,Medavakkam,2022,2022-04-13
venkatesa perumal nagar,Chennai,south,none,Meenambakkam,yes,RMZ Millenia Perungudi,5.32,blue,3.02,no,no,True,Meenambakkam,3.02,3-6km,5,Puzhudivakkam,1.85,4.15,19,31,16,12.9657436,80.1930373,15.49,Keelkattalai,Tamil Nadu,1,2022-07-08,2022-07-08,low,Venkatesa Perumal 2nd Street,highway/residential,venkatesa perumal nagar,2022,2022-04-13
"Venkateshwara Nagar, Ramapuram, PH Road",Chennai,west,under_construction,Ekkattuthangal,yes,DLF IT Park Ramapuram,0.91,green,3.3,yes,no,False,Porur Junction,2.4,0-3km,12,Guindy,4.43,4.22,12,44,15,13.0298609,80.1780333,11.63,Valasaravakkam,Tamil Nadu,1,2022-06-14,2022-06-14,high,Ramapuram,place/suburb,Ramapuram,2022,2022-04-13
"Vetri Nagar, Perambur",Chennai,north,none,Nehru Park,no,Ambattur Industrial Estate,8.2,green,3.75,no,no,True,Nehru Park,3.75,6km+,2,Perambur,0.49,15.66,27,38,0,13.1121242,80.245022,4.29,Ward 70,Tamil Nadu,1,2022-06-29,2022-06-29,high,Perambur,place/suburb,Vetri Nagar Perambur,2022,2022-04-13
Vettuvankeni,Chennai,east,none,Saint Thomas Mount,yes,Prince Info Park OMR,2.17,green,7.87,no,no,True,Saint Thomas Mount,7.87,0-3km,22,Taramani,3.45,10.64,16,13,6,12.9504769,80.2550489,14.8,Sholinganallur,Tamil Nadu,1,2022-07-06,2022-07-06,medium,Vettuvankeni,highway/bus_stop,Vettuvankeni,2022,2022-04-13
"VGP Seethapathy Nagar, Velachery",Chennai,south,none,Saint Thomas Mount,yes,RMZ Millenia Perungudi,2.29,green,3.1,no,no,True,Saint Thomas Mount,3.1,0-3km,27,Perungudi,1.11,6.2,25,22,23,12.9801655,80.2228506,12.52,Chennai,Tamil Nadu,1,2022-05-28,2022-05-28,high,Velachery,place/suburb,Velachery,2022,2022-04-13
"Villivakkam, Jawaharlal Nehru Road",Chennai,north,none,Anna Nagar Tower,yes,Ambattur Industrial Estate,4.33,green,3.05,no,no,True,Anna Nagar Tower,3.05,3-6km,2,Villivakkam,0.28,13.98,12,31,4,13.1125875,80.2081378,7.55,Ward 65,Tamil Nadu,4,2022-05-20,2022-07-08,high,Villivakkam,place/suburb,Villivakkam,2022,2022-04-13
villvam towers tnhb colony,Chennai,unknown,unknown,unknown,unknown,unknown,,unknown,,unknown,unknown,,unknown,,unknown,,unknown,,,,,,,,,,,1,2022-05-28,2022-05-28,none,,,,2022,2022-04-13
"Vimalapuram, Manali",Chennai,north,none,Kaladipet,no,Ambattur Industrial Estate,12.25,blue,4.66,no,no,True,Madhavaram Depot,2.62,6km+,0,Tiruvottiyur,4.05,21.77,1,8,0,13.1672275,80.2598107,9.47,,Tamil Nadu,1,2022-07-06,2022-07-06,high,Manali,place/suburb,Manali,2022,2022-04-13
Virugambakkam,Chennai,north,operational,Vadapalani,yes,DLF IT Park Ramapuram,3.37,green,2.18,yes,yes,True,Vadapalani,2.18,3-6km,14,Mambalam,3.99,6.6,27,99,13,13.0475434,80.1922181,9.36,Kodambakkam,Tamil Nadu,6,2022-05-20,2022-07-10,high,Virugambakkam,place/suburb,Virugambakkam,2022,2022-04-13
Vivekanathanagar kolathur,Chennai,unknown,unknown,unknown,unknown,unknown,,unknown,,unknown,unknown,,unknown,,unknown,,unknown,,,,,,,,,,,1,2022-05-07,2022-05-07,none,,,,2022,2022-04-13
Washermanpet,Chennai,east,operational,Sir Theagaraya College,no,Ambattur Industrial Estate,12.13,blue,0.43,yes,yes,True,Sir Theagaraya College,0.43,6km+,0,Washermanpet,0.52,18.22,45,54,0,13.1136296,80.2814813,3.63,Tondiarpet,Tamil Nadu,1,2022-05-25,2022-05-25,high,Washermanpet,place/suburb,Washermanpet,2022,2022-04-13
YES YES SARAS,Chennai,east,operational,Mannadi,no,Ambattur Industrial Estate,11.82,blue,0.76,yes,yes,True,Mannadi,0.76,6km+,3,Chennai Central,0.93,16.47,64,36,8,13.0935349,80.2793254,1.52,Royapuram,Tamil Nadu,1,2022-06-10,2022-06-10,low,Yes Bank,amenity/bank,YES YES SARAS,2022,2022-04-13
"Zamin Pallavaram, Pallavaram",Chennai,west,none,Chennai International Airport,yes,MEPZ Tambaram,3.69,blue,2.68,no,no,True,Chennai International Airport,2.68,3-6km,4,Pallavaram,0.79,3.92,28,80,12,12.9654669,80.1451178,18.84,,Tamil Nadu,2,2022-06-06,2022-06-11,high,Pallavaram,place/suburb,Pallavaram,2022,2022-04-13
"Acharya Niketan, Mayur Vihar",Delhi,east,operational,Mayur Vihar - I (Pink Line),yes,Noida Film City Sector 16A,4.51,pink,0.71,yes,yes,True,Mayur Vihar - I (Pink Line),0.71,3-6km,0,Mandawli Chandra Vihar,2.21,20.03,46,31,2,28.6098555,77.2926318,7.56,Mayur Vihar Tehsil,,1,2022-07-01,2022-07-01,high,Mayur Vihar,place/suburb,Mayur Vihar,2022,2022-04-13
Adarsh Nagar,Delhi,north,operational,Adarsh Nagar,yes,Netaji Subhash Place,3.63,yellow,0.46,yes,yes,True,Adarsh Nagar,0.46,3-6km,1,Adarsh Nagar,0.84,19.74,44,34,2,28.7198544,77.1732678,10.69,Delhi,,1,2022-05-10,2022-05-10,high,Adarsh Nagar,place/suburb,Adarsh Nagar,2022,2022-04-13
"AGCR Enclave, Anand Vihar",Delhi,east,operational,IP Extension,yes,Noida Sector 62 IT Hub,5.53,pink,1.04,yes,yes,True,Anand Vihar (Blue Line),0.72,3-6km,3,Anand Vihar,0.82,23.09,31,24,7,28.641115,77.3125024,9.1,Vivek Vihar Tehsil,,3,2022-05-26,2022-07-04,high,Anand Vihar,place/suburb,Anand Vihar,2022,2022-04-13
"Amar Colony, Lajpat Nagar",Delhi,south,operational,Lajpat Nagar (Pink Line),yes,Nehru Place,2.42,violet,0.43,yes,yes,True,Lajpat Nagar (Pink Line),0.43,0-3km,1,Lajpat Nagar,1.2,14.3,42,33,11,28.5685701,77.2427575,7.49,Defence Colony Tehsil,,2,2022-07-03,2022-07-09,high,Lajpat Nagar,place/quarter,Lajpat Nagar,2022,2022-04-13
Amarpali Apartment,Delhi,unknown,unknown,unknown,unknown,unknown,,unknown,,unknown,unknown,,unknown,,unknown,,unknown,,,,,,,,,,,1,2022-04-28,2022-04-28,none,,,,2022,2022-04-13
Anand Niketan,Delhi,south,operational,Sir M. Vishweshwaraiah Moti Bagh,yes,Bhikaji Cama Place,2.55,pink,1.16,yes,yes,True,Sir M. Vishweshwaraiah Moti Bagh,1.16,0-3km,0,Chanakyapuri,1.65,7.01,29,15,1,28.5785457,77.1638649,8.13,Vasant Vihar Tehsil,,2,2022-06-11,2022-06-28,high,Anand Niketan,place/neighbourhood,Anand Niketan,2022,2022-04-13
Anand Parbat,Delhi,north,operational,Satguru Ramsingh Marg,yes,Netaji Subhash Place,4.09,green,1.26,yes,yes,True,Satguru Ramsingh Marg,1.26,3-6km,1,Dayabasti,0.77,13.68,13,25,3,28.6602309,77.1704149,5.7,Civil Lines Tehsil,,1,2022-04-29,2022-04-29,high,Anand Parbat,place/suburb,Anand Parbat,2022,2022-04-13
"Arjun Garh, Aya Nagar",Delhi,south,operational,Arjan Garh,yes,Golf Course Road Gurgaon,4.1,yellow,0.84,yes,yes,True,Arjan Garh,0.84,3-6km,11,Bijwasan,10.43,9.45,4,0,0,28.4764911,77.1329132,19.34,Mehrauli Tehsil,,1,2022-07-02,2022-07-02,high,Aya Nagar,place/locality,Aya Nagar,2022,2022-04-13
"Arjun Nagar, Safdarjung Enclave",Delhi,south,operational,Bhikaji Cama Place,yes,Bhikaji Cama Place,0.63,pink,0.74,yes,yes,True,Bhikaji Cama Place,0.74,0-3km,0,Sarojini Nagar,1.84,9.38,29,34,8,28.56502,77.1925584,7.99,Vasant Vihar Tehsil,,10,2022-05-09,2022-07-09,high,Safdarjung Enclave,place/suburb,Safdarjung Enclave,2022,2022-04-13
Ashok Nagar,Delhi,west,operational,Tilak Nagar,no,Netaji Subhash Place,8.01,blue,0.52,yes,yes,True,Tilak Nagar,0.52,6km+,1,Delhi Cantonment,3.02,8.98,29,13,5,28.6360207,77.101822,11.51,Rajouri Garden Tehsil,,1,2022-06-16,2022-06-16,high,Ashok Nagar,place/neighbourhood,Ashok Nagar,2022,2022-04-13
Ashok Vihar Phase 2,Delhi,north,operational,Shalimar Bagh,yes,Netaji Subhash Place,2.33,pink,1.2,yes,yes,True,Shalimar Bagh,1.2,0-3km,0,Delhi Azadpur,0.88,17.38,25,33,3,28.6957193,77.175505,8.22,Saraswati Vihar Tehsil,,1,2022-05-14,2022-05-14,medium,Ashok Vihar Phase-2,landuse/residential,Ashok Vihar Phase 2,2022,2022-04-13
"Ashoka Enclave Apartment, Dwarka Sector 11",Delhi,west,operational,Dwarka Sector 11,no,Aerocity,8.12,blue,0.0,yes,yes,True,Dwarka Sector 11,0.0,6km+,0,Shahbad Muhammadpur,3.62,5.8,27,25,5,28.586443,77.0494433,17.4,Dwarka,,1,2022-06-20,2022-06-20,medium,Dwarka Sector 11,railway/station,Dwarka Sector 11,2022,2022-04-13
Aya Nagar,Delhi,south,operational,Arjan Garh,yes,Golf Course Road Gurgaon,4.1,yellow,0.84,yes,yes,True,Arjan Garh,0.84,3-6km,11,Bijwasan,10.43,9.45,4,0,0,28.4764911,77.1329132,19.34,Mehrauli Tehsil,,3,2022-04-29,2022-07-04,high,Aya Nagar,place/locality,Aya Nagar,2022,2022-04-13
Aya Nagar Extension,Delhi,east,operational,Maujpur-Babarpur,no,Connaught Place CBD,9.19,pink,1.3,yes,yes,True,Maujpur-Babarpur,1.3,6km+,4,Delhi Shahdara Junction,1.34,23.79,13,24,6,28.6854297,77.290632,9.06,Shahdara Tehsil,,1,2022-07-04,2022-07-04,high,Balbir Nagar Extension,place/neighbourhood,Aya Nagar Extension,2022,2022-04-13
B-7 veer Singh colony Budh vihar phase 2 delhi,Delhi,unknown,unknown,unknown,unknown,unknown,,unknown,,unknown,unknown,,unknown,,unknown,,unknown,,,,,,,,,,,1,2022-04-29,2022-04-29,none,,,,2022,2022-04-13
Badarpur,Delhi,south,operational,Badarpur,yes,Mohan Cooperative Estate,3.15,violet,0.39,yes,yes,True,Badarpur,0.39,3-6km,0,Tughlakabad,1.4,21.59,12,12,3,28.4942102,77.3068634,17.61,Sarita Vihar Tehsil,,1,2022-05-05,2022-05-05,high,Badarpur,place/suburb,Badarpur,2022,2022-04-13
"Baljit Nagar, Patel Nagar",Delhi,north,operational,Shadipur,yes,Netaji Subhash Place,5.0,blue,0.63,yes,yes,True,Shadipur,0.63,3-6km,1,Patel Nagar,1.34,12.36,15,17,1,28.6496204,77.1643638,5.71,Delhi,,1,2022-05-23,2022-05-23,high,Patel Nagar,place/suburb,Baljit Nagar Patel Nagar,2022,2022-04-13
Ber Sarai,Delhi,south,operational,R. K. Puram,yes,Bhikaji Cama Place,2.23,magenta,0.45,yes,yes,True,R. K. Puram,0.45,0-3km,0,Delhi Safdarjang,3.78,8.27,23,17,5,28.548451,77.181444,10.1,Vasant Vihar Tehsil,,1,2022-06-18,2022-06-18,high,Ber Sarai,place/neighbourhood,Ber Sarai,2022,2022-04-13
Bhagwati Garden,Delhi,west,operational,Dwarka Mor,no,Aerocity,11.62,blue,0.16,yes,yes,True,Dwarka Mor,0.16,6km+,0,Palam,6.94,9.53,19,23,5,28.6206905,77.0338892,18.19,Patel Nagar,,1,2022-05-19,2022-05-19,medium,Bhagwati Garden,landuse/residential,Bhagwati Garden,2022,2022-04-13
Bhajanpura,Delhi,north,operational,Bhajanpura,no,Connaught Place CBD,8.77,pink,0.31,yes,yes,True,Bhajanpura,0.31,6km+,3,Gokulpur Saboli,3.92,22.81,1,13,2,28.7009399,77.2617817,8.62,Seelam Pur Tehsil,,2,2022-04-29,2022-06-22,high,Bhajanpura,place/suburb,Bhajanpura,2022,2022-04-13
Bhalswa,Delhi,north,operational,Samaypur Badli,yes,Netaji Subhash Place,5.86,yellow,2.01,yes,yes,True,Bhalaswa,1.31,3-6km,2,Badli,2.09,21.98,25,21,1,28.7454994,77.1588277,13.87,Model Town Tehsil,,1,2022-04-29,2022-04-29,high,Bhalswa,place/suburb,Bhalswa,2022,2022-04-13
"Bharthal, Dwarka",Delhi,west,operational,Dwarka Sector 12,no,Aerocity,9.52,blue,0.97,yes,yes,True,Dwarka Sector 12,0.97,6km+,0,Palam,5.13,7.31,36,31,7,28.6007245,77.0429417,17.62,Dwarka,,1,2022-05-10,2022-05-10,high,Dwarka,place/suburb,Dwarka,2022,2022-04-13
"Bhogal, Jangpura",Delhi,east,operational,Jangpura,yes,Nehru Place,3.86,violet,0.93,yes,yes,True,Jangpura,0.93,3-6km,1,Lajpat Nagar,0.61,15.12,29,17,6,28.5829056,77.2487873,6.23,Defence Colony Tehsil,,1,2022-06-07,2022-06-07,medium,Bhogal,landuse/residential,Bhogal,2022,2022-04-13
Bijwasan,Delhi,west,operational,Yashobhoomi Dwarka Sector 25,yes,Udyog Vihar Gurgaon,5.02,airport,1.95,yes,yes,True,Yashobhoomi Dwarka Sector 25,1.95,3-6km,0,Bijwasan,0.32,4.84,0,0,0,28.5348303,77.0534531,19.55,Kapashera Tehsil,,1,2022-05-28,2022-05-28,high,Bijwasan,place/locality,Bijwasan,2022,2022-04-13
Bindapur,Delhi,west,operational,Uttam Nagar East,no,Aerocity,8.84,blue,1.22,yes,yes,True,Uttam Nagar East,1.22,6km+,1,Palam,3.99,7.12,24,30,3,28.6142004,77.0681823,14.93,Dwarka,,2,2022-05-04,2022-05-10,high,Bindapur Village,place/neighbourhood,Bindapur,2022,2022-04-13
Burari,Delhi,north,operational,Burari,no,Netaji Subhash Place,6.19,pink,0.0,yes,yes,True,Burari,0.0,6km+,0,Adarsh Nagar,3.58,21.82,4,7,0,28.7298286,77.1995697,10.97,Civil Lines Tehsil,,3,2022-04-29,2022-07-04,medium,Burari,railway/station,Burari,2022,2022-04-13
Cghs apts.,Delhi,unknown,unknown,unknown,unknown,unknown,,unknown,,unknown,unknown,,unknown,,unknown,,unknown,,,,,,,,,,,1,2022-05-21,2022-05-21,none,,,,2022,2022-04-13
"Chanakya Place, Sitapuri",Delhi,west,operational,Dabri Mor - Janakpuri South,no,Aerocity,7.93,magenta,0.34,yes,yes,True,Dabri Mor - Janakpuri South,0.34,6km+,1,Nasirpur,2.61,6.55,17,23,4,28.613056,77.0835734,13.47,Dwarka,,1,2022-05-23,2022-05-23,high,Sitapuri,place/locality,Sitapuri,2022,2022-04-13
Chattarpur Extension,Delhi,south,operational,Chhatarpur,no,Bhikaji Cama Place,8.35,yellow,1.61,yes,yes,True,Chhatarpur,1.61,6km+,2,Sarojini Nagar,9.93,10.7,1,6,0,28.4930238,77.1804534,16.01,Saket Tehsil,,2,2022-05-18,2022-06-17,low,Chhattarpur Extension Road,highway/residential,Chattarpur Extension,2022,2022-04-13
Cherlopalli TIRUPATI,Delhi,unknown,unknown,unknown,unknown,unknown,,unknown,,unknown,unknown,,unknown,,unknown,,unknown,,,,,,,,,,,1,2022-06-08,2022-06-08,none,,,,2022,2022-04-13
Chhattarpur,Delhi,south,operational,Chhatarpur,no,Bhikaji Cama Place,7.13,yellow,0.85,yes,yes,True,Chhatarpur,0.85,6km+,2,Sarojini Nagar,8.7,10.16,5,13,7,28.503846,77.183032,14.78,Saket Tehsil,,14,2022-04-29,2022-07-04,high,Chhattarpur,place/suburb,Chhattarpur,2022,2022-04-13
Chhattarpur Enclave,Delhi,south,operational,Qutab Minar,no,Bhikaji Cama Place,7.44,yellow,1.34,yes,yes,True,Qutab Minar,1.34,6km+,2,Sarojini Nagar,8.95,10.75,6,13,7,28.5010059,77.1881049,14.98,Saket Tehsil,,10,2022-05-18,2022-05-18,high,Chhatarpur Enclave Phase 2,place/neighbourhood,Chhattarpur Enclave,2022,2022-04-13
"Chhattarpur Enclave Phase1, Chhattarpur",Delhi,south,operational,Chhatarpur,no,Bhikaji Cama Place,7.13,yellow,0.85,yes,yes,True,Chhatarpur,0.85,6km+,2,Sarojini Nagar,8.7,10.16,5,13,7,28.503846,77.183032,14.78,Saket Tehsil,,1,2022-05-18,2022-05-18,high,Chhattarpur,place/suburb,Chhattarpur,2022,2022-04-13
Chirag Delhi,Delhi,south,operational,Chirag Delhi,yes,Nehru Place,2.57,magenta,0.4,yes,yes,True,Chirag Delhi,0.4,0-3km,1,Okhla,4.37,12.93,42,52,39,28.5381411,77.2280694,10.56,Hauz Khas Tehsil,,1,2022-04-29,2022-04-29,high,Chirag Delhi,place/suburb,Chirag Delhi,2022,2022-04-13
"Chitra Vihar, Swasthya Vihar",Delhi,east,operational,Nirman Vihar,no,Connaught Place CBD,6.66,blue,0.64,yes,yes,True,Nirman Vihar,0.64,6km+,4,Mandawli Chandra Vihar,1.43,20.86,45,38,12,28.6422166,77.2864816,6.6,Preet Vihar Tehsil,,1,2022-06-08,2022-06-08,medium,Chitra Vihar,boundary/administrative,Chitra Vihar Swasthya Vihar,2022,2022-04-13
Chittaranjan Park,Delhi,south,operational,Nehru Enclave,yes,Nehru Place,1.18,magenta,0.93,yes,yes,True,Nehru Enclave,0.93,0-3km,1,Okhla,2.78,15.22,30,26,5,28.5376883,77.2516536,11.03,Kalkaji Tehsil,,4,2022-05-27,2022-07-09,high,Chittaranjan Park,place/suburb,Chittaranjan Park,2022,2022-04-13
Chittaranjan Park Block B,Delhi,south,operational,Nehru Enclave,yes,Nehru Place,1.15,magenta,0.9,yes,yes,True,Nehru Enclave,0.9,0-3km,1,Okhla,2.83,15.05,30,29,7,28.5380402,77.2499221,10.94,Kalkaji Tehsil,,1,2022-06-21,2022-06-21,low,"I Block Park, Chittaranjan Park",leisure/park,Chittaranjan Park Block B,2022,2022-04-13
Chittaranjan Park Block K,Delhi,south,operational,Nehru Enclave,yes,Nehru Place,1.15,magenta,0.9,yes,yes,True,Nehru Enclave,0.9,0-3km,1,Okhla,2.83,15.05,30,29,7,28.5380402,77.2499221,10.94,Kalkaji Tehsil,,1,2022-05-14,2022-05-14,low,"I Block Park, Chittaranjan Park",leisure/park,Chittaranjan Park Block K,2022,2022-04-13
Dakshini Pitampura,Delhi,unknown,unknown,unknown,unknown,unknown,,unknown,,unknown,unknown,,unknown,,unknown,,unknown,,,,,,,,,,,2,2022-05-06,2022-07-05,none,,,,2022,2022-04-13
"Dayanand Vihar, Anand Vihar",Delhi,east,operational,IP Extension,yes,Noida Sector 62 IT Hub,5.53,pink,1.04,yes,yes,True,Anand Vihar (Blue Line),0.72,3-6km,3,Anand Vihar,0.82,23.09,31,24,7,28.641115,77.3125024,9.1,Vivek Vihar Tehsil,,1,2022-06-08,2022-06-08,high,Anand Vihar,place/suburb,Anand Vihar,2022,2022-04-13
"DDA Akshardham Apartments, DS 19",Delhi,north,operational,GTB Nagar,yes,Netaji Subhash Place,4.56,yellow,1.26,yes,yes,True,GTB Nagar,1.26,3-6km,0,Subzimandi,2.32,17.86,47,34,8,28.6892446,77.1983433,6.61,Civil Lines Tehsil,,1,2022-05-10,2022-05-10,medium,DDA Kalyan Apartment,landuse/residential,DDA Akshardham Apartments,2022,2022-04-13
"DDA Devdoot Apartment, Vikaspuri",Delhi,west,operational,Janakpuri West,no,Netaji Subhash Place,9.78,magenta,1.18,yes,yes,True,Janakpuri West,1.18,6km+,1,Delhi Cantonment,5.12,9.55,34,19,3,28.638643,77.0731382,14.32,Patel Nagar,,1,2022-04-29,2022-04-29,high,Vikaspuri,place/suburb,Vikaspuri,2022,2022-04-13
"DDA Flat AD Block, Shalimar Bagh AD Block",Delhi,north,operational,Jahangirpuri,yes,Netaji Subhash Place,3.82,yellow,0.3,yes,yes,True,Jahangirpuri,0.3,3-6km,2,Adarsh Nagar,1.22,20.04,44,42,4,28.7252777,77.1656465,11.56,Model Town Tehsil,,1,2022-05-23,2022-05-23,high,DDA Flats D Block,place/neighbourhood,DDA Flat AD Block,2022,2022-04-13
"DDA Flats Block B3, Keshav Puram, Tri Nagar",Delhi,north,operational,Mahashrishi Dayanand Park,yes,Netaji Subhash Place,0.89,,0.38,yes,yes,True,Mahashrishi Dayanand Park,0.38,0-3km,1,Delhi Azadpur,2.59,15.83,27,32,12,28.6873352,77.157963,8.55,Saraswati Vihar Tehsil,,1,2022-05-31,2022-05-31,medium,Keshav Puram,boundary/administrative,Keshav Puram,2022,2022-04-13
"DDA Flats Sarita Vihar, Sarita Vihar, Mathura Road",Delhi,south,operational,Sarita Vihar,yes,Jasola District Centre,0.93,violet,0.74,yes,yes,True,Sarita Vihar,0.74,0-3km,1,Tughlkabad railway station,3.28,19.34,13,14,1,28.5334785,77.2935232,13.19,Defence Colony Tehsil,,2,2022-05-21,2022-05-28,high,Sarita Vihar,place/suburb,Sarita Vihar,2022,2022-04-13
"DDA Flats Sector E Pocket 1, Vasant Kunj",Delhi,south,none,Chhatarpur,yes,Aerocity,3.93,yellow,3.23,no,no,True,Chhatarpur,3.23,3-6km,2,Delhi Safdarjang,6.67,6.28,18,8,5,28.5292495,77.1541335,13.17,Vasant Vihar Tehsil,,1,2022-05-27,2022-05-27,high,Vasant Kunj,place/suburb,Vasant Kunj,2022,2022-04-13
"DDA Rose Apartments, Dwarka Sector 18B",Delhi,north,operational,Rohini East,yes,Netaji Subhash Place,2.71,red,0.57,yes,yes,True,Rohini East,0.57,0-3km,3,Shakurbasti,3.16,17.47,37,35,18,28.7096571,77.1312954,12.14,Alipur Tehsil,,1,2022-06-23,2022-06-23,medium,Rose Apartments,landuse/residential,DDA Rose Apartments,2022,2022-04-13
Defence Colony,Delhi,south,operational,Lajpat Nagar (Pink Line),yes,Nehru Place,3.15,violet,0.57,yes,yes,True,Lajpat Nagar (Pink Line),0.57,3-6km,1,Sewa Nagar,0.99,13.39,43,35,10,28.5713575,77.2330402,6.96,Defence Colony Tehsil,,6,2022-05-11,2022-07-07,high,Defence Colony,place/suburb,Defence Colony,2022,2022-04-13
Delhi estate Apartment,Delhi,east,operational,Akshardham,yes,Noida Film City Sector 16A,5.89,blue,1.25,yes,yes,True,Akshardham,1.25,3-6km,1,Mandawli Chandra Vihar,0.77,20.36,61,48,11,28.622841,77.2909498,7.04,Indraprastha Extension,DL,1,2022-07-07,2022-07-07,low,R.N. Estates,office/estate_agent,Delhi estate Apartment,2022,2022-04-13
"Devli, Sangam Vihar",Delhi,south,none,Greater Kailash,yes,Mohan Cooperative Estate,4.6,magenta,4.14,no,no,True,Greater Kailash,4.14,3-6km,0,Tughlkabad railway station,4.44,15.78,13,25,1,28.5057128,77.2484672,14.41,Kalkaji Tehsil,,1,2022-04-29,2022-04-29,high,Sangam Vihar,place/suburb,Devli Sangam Vihar,2022,2022-04-13
Dilshad Colony,Delhi,east,operational,Jhilmil,no,Noida Sector 62 IT Hub,7.92,red,0.46,yes,yes,True,Jhilmil,0.46,6km+,5,Vivek Vihar,0.62,25.37,27,26,4,28.6783839,77.3160636,10.68,Vivek Vihar Tehsil,,1,2022-06-04,2022-06-04,high,Rajendar Parsad Colony,place/neighbourhood,Dilshad Colony,2022,2022-04-13
Dilshad Garden,Delhi,east,operational,Dilshad Garden,no,Noida Sector 62 IT Hub,7.8,red,0.54,yes,yes,True,Dilshad Garden,0.54,6km+,5,Vivek Vihar,0.91,26.0,22,25,4,28.6806819,77.3220645,11.32,Vivek Vihar Tehsil,,1,2022-06-30,2022-06-30,high,Dilshad Garden,place/suburb,Dilshad Garden,2022,2022-04-13
"DJA Apartments, Dwarka Sector 13",Delhi,west,operational,Dwarka Sector 13,no,Aerocity,10.06,blue,0.0,yes,yes,True,Dwarka Sector 13,0.0,6km+,0,Shahbad Muhammadpur,5.52,7.74,26,25,6,28.597009,77.0335407,18.6,Dwarka,,1,2022-05-14,2022-05-14,medium,Dwarka Sector 13,railway/station,Dwarka Sector 13,2022,2022-04-13
Dori Walan,Delhi,unknown,unknown,unknown,unknown,unknown,,unknown,,unknown,unknown,,unknown,,unknown,,unknown,,,,,,,,,,,1,2022-06-08,2022-06-08,none,,,,2022,2022-04-13
Dr Mukherjee Nagar West,Delhi,north,operational,Jharoda Majra,no,Netaji Subhash Place,6.55,pink,1.17,yes,yes,True,Jharoda Majra,1.17,6km+,0,Delhi Azadpur,3.84,21.06,12,15,0,28.7144369,77.2143884,9.09,Model Town Tehsil,,1,2022-05-07,2022-05-07,low,"Gurudwara Shri Guru Singh Sabha, Mukherjee Nagar",amenity/place_of_worship,Dr Mukherjee Nagar West,2022,2022-04-13
DS 19,Delhi,east,operational,Rajiv Chowk,yes,Connaught Place CBD,0.18,yellow,0.3,yes,yes,True,Rajiv Chowk,0.3,0-3km,2,Shivaji Bridge,0.67,14.67,23,20,7,28.6303457,77.2208085,0.29,Chanakya Puri Tehsil,,5,2022-04-29,2022-07-04,low,DS Dosa Factory,amenity/restaurant,DS 19,2022,2022-04-13
Dwarka,Delhi,west,operational,Dwarka Sector 12,no,Aerocity,9.52,blue,0.97,yes,yes,True,Dwarka Sector 12,0.97,6km+,0,Palam,5.13,7.31,36,31,7,28.6007245,77.0429417,17.62,Dwarka,,3,2022-05-14,2022-06-18,high,Dwarka,place/suburb,Dwarka,2022,2022-04-13
Dwarka Mor,Delhi,west,operational,Dwarka Mor,no,Aerocity,11.56,blue,0.0,yes,yes,True,Dwarka Mor,0.0,6km+,0,Palam,6.9,9.45,19,23,5,28.61931,77.0332792,18.26,Patel Nagar,,5,2022-04-29,2022-06-30,medium,Dwarka Mor,railway/station,Dwarka Mor,2022,2022-04-13
Dwarka sec 19,Delhi,west,operational,Dwarka Sector 10,no,Aerocity,7.77,blue,1.07,yes,yes,True,Dwarka Sector 10,1.07,6km+,0,Shahbad Muhammadpur,2.93,5.35,13,17,6,28.5764755,77.0478533,17.91,Dwarka,,1,2022-07-07,2022-07-07,high,Sector 19,place/locality,Dwarka sec 19,2022,2022-04-13
Dwarka Sector 14,Delhi,west,operational,Dwarka Sector 14,no,Aerocity,10.84,blue,0.39,yes,yes,True,Dwarka Sector 14,0.39,6km+,0,Shahbad Muhammadpur,6.39,8.57,23,29,11,28.6041966,77.029238,18.86,Dwarka,,2,2022-04-29,2022-05-23,high,Sector 14,place/locality,Dwarka Sector 14,2022,2022-04-13
Dwarka Sector 17,Delhi,west,operational,Dwarka Sector 13,no,Aerocity,10.39,blue,0.82,yes,yes,True,Dwarka Sector 13,0.82,6km+,0,Shahbad Muhammadpur,5.65,8.01,13,22,6,28.5925935,77.0268297,19.35,Dwarka,,1,2022-05-10,2022-05-10,high,Sector 17,place/locality,Dwarka Sector 17,2022,2022-04-13
Dwarka Sector 22,Delhi,west,operational,Dwarka Sector 10,no,Aerocity,7.14,blue,0.0,yes,yes,True,Dwarka Sector 10,0.0,6km+,0,Shahbad Muhammadpur,2.68,4.81,23,23,9,28.5810577,77.0574996,16.85,Dwarka,,1,2022-06-07,2022-06-07,medium,Dwarka Sector 10,railway/station,Dwarka Sector 22,2022,2022-04-13
Dwarka Sector 23,Delhi,west,operational,Yashobhoomi Dwarka Sector 25,no,Aerocity,7.2,airport,1.3,yes,yes,True,Yashobhoomi Dwarka Sector 25,1.3,6km+,0,Shahbad Muhammadpur,2.2,4.75,15,3,8,28.5619923,77.0491008,18.42,Dwarka,,2,2022-04-29,2022-05-10,high,Sector 23,place/locality,Dwarka Sector 23,2022,2022-04-13
Dwarka Sector 23B,Delhi,west,operational,Dwarka Sector 12,no,Aerocity,9.18,blue,0.0,yes,yes,True,Dwarka Sector 12,0.0,6km+,0,Shahbad Muhammadpur,4.65,6.86,30,29,6,28.5922362,77.0407315,18.04,Dwarka,,1,2022-06-30,2022-06-30,medium,Dwarka Sector 12,railway/station,Dwarka Sector 23B,2022,2022-04-13
Dwarka Sector 5,Delhi,west,operational,Dwarka Sector 11,no,Aerocity,8.22,blue,1.43,yes,yes,True,Dwarka Sector 11,1.43,6km+,0,Palam,3.72,6.11,43,28,9,28.5975049,77.0569723,16.36,Dwarka,,1,2022-05-27,2022-05-27,high,Sector 5,place/locality,Dwarka Sector 5,2022,2022-04-13
Dwarka Sector 7,Delhi,west,operational,Dwarka Sector 10,no,Aerocity,6.73,blue,1.19,yes,yes,True,Dwarka Sector 10,1.19,6km+,0,Palam,2.47,4.6,28,22,9,28.5874118,77.0673052,15.71,Dwarka,,1,2022-05-02,2022-05-02,high,Sector 7,place/locality,Dwarka Sector 7,2022,2022-04-13
Dwarka Sector 8,Delhi,west,operational,Dwarka Sector 8,yes,Aerocity,5.6,blue,0.0,yes,yes,True,Dwarka Sector 8,0.0,3-6km,0,Shahbad Muhammadpur,0.73,3.15,14,6,7,28.5656109,77.0670366,16.67,New Delhi,,2,2022-04-29,2022-05-05,medium,Dwarka Sector 8,railway/station,Dwarka Sector 8,2022,2022-04-13
dwarka sector 8 Raj Nagar extension part 2,Delhi,unknown,unknown,unknown,unknown,unknown,,unknown,,unknown,unknown,,unknown,,unknown,,unknown,,,,,,,,,,,1,2022-06-20,2022-06-20,none,,,,2022,2022-04-13
Dwarka Sector 9,Delhi,west,operational,Dwarka Sector 9,no,Aerocity,6.33,blue,0.51,yes,yes,True,Dwarka Sector 9,0.51,6km+,0,Shahbad Muhammadpur,2.14,4.03,25,17,9,28.5788649,77.0656272,16.19,Dwarka,,1,2022-07-04,2022-07-04,high,Sector 9,place/locality,Dwarka Sector 9,2022,2022-04-13
"East End Apartments, Ph. 1ext near new Ashok nagar",Delhi,east,operational,Noida Sector 15,yes,Noida Film City Sector 16A,1.77,blue,0.78,yes,yes,True,New Ashok Nagar,0.33,0-3km,4,New Ashok Nagar,0.49,20.51,18,8,3,28.5871324,77.3040275,9.67,Mayur Vihar Tehsil,,1,2022-05-18,2022-05-18,medium,Eastend Apartments,landuse/residential,East End Apartments,2022,2022-04-13
East Of Kailash,Delhi,south,operational,Kailash Colony,yes,Nehru Place,1.19,violet,0.32,yes,yes,True,Kailash Colony,0.32,0-3km,1,Okhla,2.07,14.41,32,46,12,28.5570322,77.2446139,8.77,Kalkaji Tehsil,,4,2022-05-05,2022-07-07,medium,East of Kailash,boundary/administrative,East Of Kailash,2022,2022-04-13
"Everest Apartment, Kalkaji",Delhi,south,operational,Kalkaji Mandir,yes,Nehru Place,0.71,magenta,0.28,yes,yes,True,Kalkaji Mandir,0.28,0-3km,1,Okhla,1.54,15.82,27,24,6,28.5469476,77.258801,10.28,Kalkaji Tehsil,,1,2022-04-29,2022-04-29,high,Kalkaji,place/suburb,Kalkaji,2022,2022-04-13
Falt,Delhi,east,operational,Delta 1,no,Noida Sector 125-135 IT Belt,11.49,aqua,0.68,yes,yes,True,Delta 1,0.68,6km+,11,New Dadri Junction,2.78,42.64,7,5,0,28.4846068,77.5260675,34.16,Sector 20,Uttar Pradesh,1,2022-06-02,2022-06-02,low,Flat,tourism/guest_house,Falt,2022,2022-04-13
"Fateh Nagar, Janakpuri",Delhi,west,operational,Dabri Mor - Janakpuri South,no,Aerocity,8.66,magenta,0.73,yes,yes,True,Dabri Mor - Janakpuri South,0.73,6km+,1,Nasirpur,2.89,7.46,26,25,4,28.6219272,77.0874757,12.96,Patel Nagar,,1,2022-05-12,2022-05-12,high,Janakpuri,place/suburb,Fateh Nagar Janakpuri,2022,2022-04-13
Freedom Fighters Enclave,Delhi,south,operational,Qutab Minar,no,Bhikaji Cama Place,6.6,yellow,1.25,yes,yes,True,Qutab Minar,1.25,6km+,1,Sarojini Nagar,7.98,11.16,14,12,7,28.5094555,77.1986538,13.87,Saket Tehsil,,2,2022-05-04,2022-07-01,high,Freedom Fighters Enclave,place/neighbourhood,Freedom Fighters Enclave,2022,2022-04-13
"Gagan Vihar, Krishna Nagar",Delhi,east,operational,Shaheed Sthal,no,Noida Sector 62 IT Hub,9.87,red,2.46,yes,yes,True,Guldhar,1.95,6km+,0,Naya Ghaziabad,1.74,35.72,2,17,1,28.6885567,77.4301912,21.45,Ghaziabad,Uttar Pradesh,2,2022-05-14,2022-06-18,high,Krishna Nagar,place/locality,Krishna Nagar,2022,2022-04-13
Gandhi Nagar,Delhi,east,operational,Seelampur,yes,Connaught Place CBD,5.94,red,1.31,yes,yes,True,Seelampur,1.31,3-6km,4,Delhi Shahdara Junction,2.59,20.55,12,10,3,28.6587904,77.2715878,5.83,Vivek Vihar Tehsil,,1,2022-06-02,2022-06-02,high,Gandhi Nagar,place/suburb,Gandhi Nagar,2022,2022-04-13
"Ganesh Nagar, Tilak Nagar",Delhi,west,operational,Tilak Nagar,no,Netaji Subhash Place,8.28,blue,0.63,yes,yes,True,Tilak Nagar,0.63,6km+,1,Delhi Cantonment,3.95,9.47,26,13,4,28.6404307,77.0918369,12.51,Rajouri Garden Tehsil,,2,2022-05-14,2022-06-04,high,Tilak Nagar,place/suburb,Ganesh Nagar Tilak Nagar,2022,2022-04-13
Ganga Vihar,Delhi,west,none,Dwarka Mor,no,Netaji Subhash Place,12.58,blue,2.66,no,no,True,Dwarka Mor,2.66,6km+,0,Mundka,5.15,11.43,14,11,1,28.6431413,77.0360805,17.96,Patel Nagar,,1,2022-05-18,2022-05-18,medium,Ganga Vihar,boundary/administrative,Ganga Vihar,2022,2022-04-13
"Gangaram Vatika, Vishnu Garden",Delhi,west,operational,Subhash Nagar,no,Netaji Subhash Place,6.78,blue,1.42,yes,yes,True,Subhash Nagar,1.42,6km+,1,Mangolpuri,3.58,10.79,22,14,4,28.6524333,77.1000592,11.88,Patel Nagar,,1,2022-05-05,2022-05-05,high,Vishnu Garden,place/neighbourhood,Vishnu Garden,2022,2022-04-13
"Gaurav Apartment, Indraprastha Extension, Patparganj",Delhi,east,operational,Mayur Vihar - I (Pink Line),yes,Noida Film City Sector 16A,4.78,pink,0.88,yes,yes,True,Mayur Vihar - I (Pink Line),0.88,3-6km,0,Mandawli Chandra Vihar,1.99,19.89,49,30,2,28.6115923,77.2905644,7.31,Mayur Vihar Tehsil,,1,2022-06-07,2022-06-07,high,Patparganj,place/neighbourhood,Patparganj,2022,2022-04-13
Gautam Nagar,Delhi,south,operational,A.I.I.M.S.,yes,Bhikaji Cama Place,2.57,yellow,0.7,yes,yes,True,A.I.I.M.S.,0.7,0-3km,0,Lodhi Colony,2.01,11.29,32,34,9,28.5621177,77.2124515,7.89,Defence Colony Tehsil,,3,2022-05-10,2022-07-06,high,Gautam Nagar,place/neighbourhood,Gautam Nagar,2022,2022-04-13
Geeta Colony,Delhi,east,operational,Krishna Nagar,yes,Connaught Place CBD,5.85,pink,1.65,yes,yes,True,Krishna Nagar,1.65,3-6km,4,Mandawli Chandra Vihar,2.74,20.37,15,17,4,28.6510892,77.2749996,5.77,Preet Vihar Tehsil,,1,2022-04-29,2022-04-29,high,Geeta Colony,place/suburb,Geeta Colony,2022,2022-04-13
"Geeta Colony PRWS Block 3 And 7, Rajgarh Colony",Delhi,north,operational,Jahangirpuri,yes,Netaji Subhash Place,4.19,yellow,0.54,yes,yes,True,Jahangirpuri,0.54,3-6km,2,Adarsh Nagar,1.9,20.38,41,43,3,28.7301912,77.1598279,12.3,Model Town Tehsil,,1,2022-05-30,2022-05-30,low,Ramgarh road,highway/residential,Rajgarh Colony,2022,2022-04-13
gg1 vikas puri,Delhi,west,operational,Janakpuri East,no,Netaji Subhash Place,9.11,blue,1.29,yes,yes,True,Krishna Park Extension,0.83,6km+,1,Mangolpuri,4.78,9.82,32,16,3,28.642197,77.0786508,13.8,Patel Nagar,,1,2022-05-23,2022-05-23,medium,GG-2,landuse/residential,gg1 vikas puri,2022,2022-04-13
Gharoli,Delhi,east,operational,Trilokpuri Sanjay Lake,yes,Noida Sector 62 IT Hub,3.2,pink,2.29,yes,yes,True,Trilokpuri Sanjay Lake,2.29,3-6km,13,Anand Vihar,3.74,23.92,30,14,0,28.6165864,77.3319912,11.11,Mayur Vihar Tehsil,,1,2022-05-12,2022-05-12,high,Gharoli,place/suburb,Gharoli,2022,2022-04-13
Ghitorni,Delhi,south,operational,Ghitorni,yes,DLF Cyber City Gurgaon,4.98,yellow,0.66,yes,yes,True,Ghitorni,0.66,3-6km,4,Bijwasan,10.16,8.22,2,0,0,28.4931214,77.1424868,17.27,Vasant Vihar Tehsil,,3,2022-05-08,2022-06-30,high,Ghitorni,place/locality,Ghitorni,2022,2022-04-13
Gopalpur,Delhi,north,operational,Gokulpuri,no,Connaught Place CBD,10.24,pink,0.0,yes,yes,True,Gokulpuri,0.0,6km+,4,Gokulpur Saboli,1.54,24.65,7,21,4,28.7024752,77.2861253,10.1,Yamuna Vihar Tehsil,,1,2022-06-19,2022-06-19,medium,Gokulpuri,railway/station,Gopalpur,2022,2022-04-13
Govindpuri Main,Delhi,south,operational,Govind Puri,yes,Okhla Industrial Area,1.64,violet,0.94,yes,yes,True,Govind Puri,0.94,0-3km,1,Okhla,2.54,16.8,21,14,4,28.5367027,77.267782,11.67,Kalkaji Tehsil,,1,2022-05-14,2022-05-14,low,Kotak Mahindra Bank,amenity/bank,Govindpuri Main,2022,2022-04-13
Greater Kailash,Delhi,south,operational,Kailash Colony,yes,Nehru Place,1.14,violet,0.19,yes,yes,True,Kailash Colony,0.19,0-3km,1,Okhla,2.17,14.33,32,46,12,28.5558502,77.2438337,8.87,Kalkaji Tehsil,,1,2022-05-14,2022-05-14,high,Greater Kailash,place/suburb,Greater Kailash,2022,2022-04-13
Greater Kailash 1,Delhi,south,operational,Kailash Colony,yes,Nehru Place,1.14,violet,0.19,yes,yes,True,Kailash Colony,0.19,0-3km,1,Okhla,2.17,14.33,32,46,12,28.5558502,77.2438337,8.87,Kalkaji Tehsil,,4,2022-05-16,2022-06-30,high,Greater Kailash,place/suburb,Greater Kailash 1,2022,2022-04-13
Greater Kailash 2,Delhi,south,operational,Greater Kailash,yes,Nehru Place,1.38,magenta,0.1,yes,yes,True,Greater Kailash,0.1,0-3km,1,Okhla,3.2,13.98,40,39,7,28.5421712,77.2394788,10.26,Kalkaji Tehsil,,4,2022-05-23,2022-07-04,low,Greater Kailash Metro Gate No. 2,railway/subway_entrance,Greater Kailash 2,2022,2022-04-13
Green Park,Delhi,south,operational,Green Park,yes,Bhikaji Cama Place,2.08,yellow,0.33,yes,yes,True,Green Park,0.33,0-3km,0,Sarojini Nagar,2.85,10.43,32,35,10,28.5564421,77.2038699,8.63,Hauz Khas Tehsil,,2,2022-05-01,2022-06-20,high,Green Park,place/suburb,Green Park,2022,2022-04-13
"Guru Angad Nagar West, Laxmi Nagar",Delhi,east,operational,Laxmi Nagar,yes,Connaught Place CBD,5.47,blue,0.65,yes,yes,True,Laxmi Nagar,0.65,3-6km,1,Mandawli Chandra Vihar,1.5,19.55,32,25,10,28.6360238,77.2751283,5.42,Preet Vihar Tehsil,,2,2022-05-10,2022-07-07,high,Laxmi Nagar,place/suburb,Laxmi Nagar,2022,2022-04-13
Hari Nagar,Delhi,west,operational,Subhash Nagar,no,Netaji Subhash Place,8.06,blue,1.37,yes,yes,True,Subhash Nagar,1.37,6km+,1,Delhi Cantonment,2.03,8.38,23,12,6,28.6296489,77.1119344,10.52,Rajouri Garden Tehsil,,2,2022-07-02,2022-07-06,high,Hari Nagar,place/suburb,Hari Nagar,2022,2022-04-13
Hari Nagar Ashram,Delhi,west,operational,Subhash Nagar,no,Netaji Subhash Place,7.79,blue,1.43,yes,yes,True,Subhash Nagar,1.43,6km+,1,Delhi Cantonment,2.14,8.58,19,11,7,28.6309797,77.1150465,10.22,Rajouri Garden Tehsil,,2,2022-06-08,2022-06-16,medium,Swarg Ashram,highway/bus_stop,Hari Nagar Ashram,2022,2022-04-13
Hastsal,Delhi,west,operational,Uttam Nagar West,no,Netaji Subhash Place,11.89,blue,1.72,yes,yes,True,Uttam Nagar West,1.72,6km+,1,Nangloi,5.66,10.13,23,23,2,28.6359648,77.0487636,16.69,Patel Nagar,,1,2022-05-05,2022-05-05,high,Hastsal,place/suburb,Hastsal,2022,2022-04-13
Hauz Khas,Delhi,south,operational,IIT Delhi,yes,Bhikaji Cama Place,1.76,magenta,0.73,yes,yes,True,IIT Delhi,0.73,0-3km,0,Sarojini Nagar,3.07,9.54,28,28,12,28.5536023,77.1948144,9.14,Hauz Khas Tehsil,,1,2022-06-30,2022-06-30,high,Hauz Khas,place/suburb,Hauz Khas,2022,2022-04-13
"Highland Tower, Dwarka Sector 12",Delhi,west,operational,Dwarka Sector 12,no,Aerocity,9.18,blue,0.0,yes,yes,True,Dwarka Sector 12,0.0,6km+,0,Shahbad Muhammadpur,4.65,6.86,30,29,6,28.5922362,77.0407315,18.04,Dwarka,,1,2022-06-20,2022-06-20,medium,Dwarka Sector 12,railway/station,Dwarka Sector 12,2022,2022-04-13
"IGNOU Road, Saket",Delhi,south,operational,Malviya Nagar,yes,Nehru Place,4.56,yellow,1.01,yes,yes,True,Malviya Nagar,1.01,3-6km,1,Lodhi Colony,6.16,11.9,39,36,39,28.5244107,77.2137253,12.07,Hauz Khas Tehsil,,2,2022-04-29,2022-06-04,high,Saket,place/suburb,Saket,2022,2022-04-13
"Inder Puri Block A, Inder Puri",Delhi,north,operational,Rajiv Chowk,yes,Connaught Place CBD,0.22,yellow,0.14,yes,yes,True,Rajiv Chowk,0.14,0-3km,2,Shivaji Bridge,0.86,14.6,29,24,7,28.6329202,77.2178732,0.18,Chanakya Puri Tehsil,,1,2022-05-31,2022-05-31,low,A-Block,landuse/retail,Inder Puri Block A,2022,2022-04-13
"Indraprastha Extension, Patparganj",Delhi,east,operational,Mayur Vihar - I (Pink Line),yes,Noida Film City Sector 16A,4.78,pink,0.88,yes,yes,True,Mayur Vihar - I (Pink Line),0.88,3-6km,0,Mandawli Chandra Vihar,1.99,19.89,49,30,2,28.6115923,77.2905644,7.31,Mayur Vihar Tehsil,,3,2022-06-22,2022-07-01,high,Patparganj,place/neighbourhood,Patparganj,2022,2022-04-13
"Jagriti Enclave, Anand Vihar",Delhi,east,operational,IP Extension,yes,Noida Sector 62 IT Hub,5.53,pink,1.04,yes,yes,True,Anand Vihar (Blue Line),0.72,3-6km,3,Anand Vihar,0.82,23.09,31,24,7,28.641115,77.3125024,9.1,Vivek Vihar Tehsil,,2,2022-06-18,2022-06-18,high,Anand Vihar,place/suburb,Anand Vihar,2022,2022-04-13
"Jai laxmi Apartments, Indraprastha Extension, Patparganj",Delhi,east,operational,Mayur Vihar - I (Pink Line),yes,Noida Film City Sector 16A,4.78,pink,0.88,yes,yes,True,Mayur Vihar - I (Pink Line),0.88,3-6km,0,Mandawli Chandra Vihar,1.99,19.89,49,30,2,28.6115923,77.2905644,7.31,Mayur Vihar Tehsil,,1,2022-05-15,2022-05-15,high,Patparganj,place/neighbourhood,Patparganj,2022,2022-04-13
Jaitpur,Delhi,south,none,Ghitorni,yes,Golf Course Road Gurgaon,5.84,yellow,3.18,no,no,True,Ghitorni,3.18,3-6km,1,Bijwasan,12.85,11.46,0,2,0,28.4656042,77.1547305,19.64,Mehrauli Tehsil,,1,2022-05-05,2022-05-05,high,Jaunpur,place/village,Jaitpur,2022,2022-04-13
"Jamia Nagar, Okhla",Delhi,east,operational,Sukhdev Vihar,yes,Okhla Industrial Area,1.23,magenta,0.31,yes,yes,True,Sukhdev Vihar,0.31,0-3km,2,Okhla,1.22,17.68,18,13,4,28.5597172,77.2780805,9.93,Defence Colony Tehsil,,1,2022-05-10,2022-05-10,high,Okhla,place/suburb,Okhla,2022,2022-04-13
"Janak Park, Hari Nagar",Delhi,west,operational,Subhash Nagar,no,Netaji Subhash Place,8.06,blue,1.37,yes,yes,True,Subhash Nagar,1.37,6km+,1,Delhi Cantonment,2.03,8.38,23,12,6,28.6296489,77.1119344,10.52,Rajouri Garden Tehsil,,1,2022-05-19,2022-05-19,high,Hari Nagar,place/suburb,Hari Nagar,2022,2022-04-13
Janakpuri,Delhi,west,operational,Dabri Mor - Janakpuri South,no,Aerocity,8.66,magenta,0.73,yes,yes,True,Dabri Mor - Janakpuri South,0.73,6km+,1,Nasirpur,2.89,7.46,26,25,4,28.6219272,77.0874757,12.96,Patel Nagar,,8,2022-04-29,2022-07-09,high,Janakpuri,place/suburb,Janakpuri,2022,2022-04-13
Janakpuri Block B1,Delhi,west,operational,Janakpuri East,no,Netaji Subhash Place,9.16,blue,0.24,yes,yes,True,Janakpuri East,0.24,6km+,1,Delhi Cantonment,3.45,8.55,32,22,3,28.6319948,77.0888701,12.77,Patel Nagar,,1,2022-05-05,2022-05-05,high,Block B1,place/locality,Janakpuri Block B1,2022,2022-04-13
Jangpura,Delhi,east,operational,Jangpura,yes,Nehru Place,4.05,violet,0.0,yes,yes,True,Jangpura,0.0,3-6km,1,Lajpat Nagar,0.62,14.22,42,22,5,28.5830386,77.2393151,5.86,Defence Colony Tehsil,,1,2022-05-27,2022-05-27,medium,Jangpura,railway/station,Jangpura,2022,2022-04-13
"Jangpura Extension, Jangpura",Delhi,east,operational,Jangpura,yes,Nehru Place,3.85,violet,0.42,yes,yes,True,Jangpura,0.42,3-6km,1,Lajpat Nagar,0.32,14.59,39,26,5,28.5821286,77.2434423,6.09,Defence Colony Tehsil,,2,2022-05-22,2022-06-29,medium,Jangpura Extension,landuse/residential,Jangpura Extension Jangpura,2022,2022-04-13
Jhangir Puri,Delhi,unknown,unknown,unknown,unknown,unknown,,unknown,,unknown,unknown,,unknown,,unknown,,unknown,,,,,,,,,,,1,2022-06-28,2022-06-28,none,,,,2022,2022-04-13
Jhilmil Colony,Delhi,east,operational,Jhilmil,no,Noida Sector 62 IT Hub,7.77,red,0.82,yes,yes,True,Jhilmil,0.82,6km+,5,Vivek Vihar,1.14,24.14,29,22,7,28.6698142,77.3072827,9.49,Vivek Vihar Tehsil,,1,2022-07-07,2022-07-07,high,Jhilmil Colony,place/neighbourhood,Jhilmil Colony,2022,2022-04-13
Kadipur,Delhi,north,none,Samaypur Badli,no,Netaji Subhash Place,9.05,yellow,4.0,no,no,True,Samaypur Badli,4.0,6km+,0,Badli,3.88,25.12,1,1,0,28.7740425,77.1619861,16.68,Alipur Tehsil,,1,2022-05-10,2022-05-10,high,Kadipur,place/locality,Kadipur,2022,2022-04-13
"Kailash Colony, Greater Kailash",Delhi,south,operational,Kailash Colony,yes,Nehru Place,1.14,violet,0.19,yes,yes,True,Kailash Colony,0.19,0-3km,1,Okhla,2.17,14.33,32,46,12,28.5558502,77.2438337,8.87,Kalkaji Tehsil,,2,2022-04-29,2022-07-04,high,Greater Kailash,place/suburb,Greater Kailash,2022,2022-04-13
"Kailash hills, East Of Kailash",Delhi,south,operational,Kailash Colony,yes,Nehru Place,1.19,violet,0.32,yes,yes,True,Kailash Colony,0.32,0-3km,1,Okhla,2.07,14.41,32,46,12,28.5570322,77.2446139,8.77,Kalkaji Tehsil,,1,2022-07-07,2022-07-07,medium,East of Kailash,boundary/administrative,Kailash hills East Of Kailash,2022,2022-04-13
Kalkaji,Delhi,south,operational,Kalkaji Mandir,yes,Nehru Place,0.71,magenta,0.28,yes,yes,True,Kalkaji Mandir,0.28,0-3km,1,Okhla,1.54,15.82,27,24,6,28.5469476,77.258801,10.28,Kalkaji Tehsil,,6,2022-05-05,2022-06-16,high,Kalkaji,place/suburb,Kalkaji,2022,2022-04-13
Kalkaji Extension,Delhi,south,operational,Govind Puri,yes,Nehru Place,2.38,violet,1.69,yes,yes,True,Govind Puri,1.69,0-3km,1,Okhla,3.36,16.47,23,15,3,28.5293633,77.2630731,12.26,Kalkaji Tehsil,,1,2022-06-09,2022-06-09,high,Kalkaji Extension,place/neighbourhood,Kalkaji Extension,2022,2022-04-13
Kamla Nagar,Delhi,north,operational,Pul Bangash,yes,Netaji Subhash Place,5.28,red,1.62,yes,yes,True,Pul Bangash,1.62,3-6km,2,Subzimandi,1.39,17.4,42,30,7,28.6806752,77.2039504,5.54,Civil Lines Tehsil,,2,2022-05-10,2022-06-17,high,Kamla Nagar,place/suburb,Kamla Nagar,2022,2022-04-13
Kapi Bagan Basti,Delhi,north,operational,Pul Bangash,yes,Connaught Place CBD,4.72,red,0.7,yes,yes,True,Pul Bangash,0.7,3-6km,3,Subzimandi,0.88,16.95,38,29,6,28.6726571,77.2081144,4.57,Civil Lines Tehsil,,1,2022-06-14,2022-06-14,high,Kabir Basti,place/neighbourhood,Kapi Bagan Basti,2022,2022-04-13
Karawal Nagar,Delhi,north,operational,Shiv Vihar,no,Connaught Place CBD,12.34,pink,1.8,yes,yes,True,Shiv Vihar,1.8,6km+,0,Behta Hazipur,3.07,26.12,2,8,0,28.7311406,77.2747898,12.18,Karawal Nagar Tehsil,,1,2022-05-05,2022-05-05,high,Karawal Nagar,place/locality,Karawal Nagar,2022,2022-04-13
"Karkardooma, Anand Vihar",Delhi,east,operational,IP Extension,yes,Noida Sector 62 IT Hub,5.53,pink,1.04,yes,yes,True,Anand Vihar (Blue Line),0.72,3-6km,3,Anand Vihar,0.82,23.09,31,24,7,28.641115,77.3125024,9.1,Vivek Vihar Tehsil,,2,2022-06-18,2022-06-18,high,Anand Vihar,place/suburb,Anand Vihar,2022,2022-04-13
Karol Bagh,Delhi,north,operational,Karol Bagh,yes,Connaught Place CBD,3.81,blue,1.0,yes,yes,True,Karol Bagh,1.0,3-6km,2,Delhi Sarai Rohilla,1.15,14.08,30,26,2,28.6529982,77.1890227,3.74,Karol Bagh Tehsil,,4,2022-07-07,2022-07-07,high,Karol Bagh,place/suburb,Karol Bagh,2022,2022-04-13
"Kasturba Niketan, Lajpat Nagar 2",Delhi,south,operational,Vinobapuri,yes,Nehru Place,2.12,pink,0.33,yes,yes,True,Vinobapuri,0.33,0-3km,1,Lajpat Nagar,1.41,14.6,35,34,12,28.5667175,77.2460711,7.79,Defence Colony Tehsil,,1,2022-06-18,2022-06-18,low,"OnePlus, Samsung,iphone",shop/mobile_phone,Lajpat Nagar 2,2022,2022-04-13
"Keshav Puram, Tri Nagar",Delhi,north,operational,Mahashrishi Dayanand Park,yes,Netaji Subhash Place,0.89,,0.38,yes,yes,True,Mahashrishi Dayanand Park,0.38,0-3km,1,Delhi Azadpur,2.59,15.83,27,32,12,28.6873352,77.157963,8.55,Saraswati Vihar Tehsil,,1,2022-06-24,2022-06-24,medium,Keshav Puram,boundary/administrative,Keshav Puram,2022,2022-04-13
"Khanpur Extension, Sangam Vihar",Delhi,south,none,Greater Kailash,yes,Mohan Cooperative Estate,4.6,magenta,4.14,no,no,True,Greater Kailash,4.14,3-6km,0,Tughlkabad railway station,4.44,15.78,13,25,1,28.5057128,77.2484672,14.41,Kalkaji Tehsil,,1,2022-04-29,2022-04-29,high,Sangam Vihar,place/suburb,Sangam Vihar,2022,2022-04-13
"Khanpur, Madangir",Delhi,south,operational,Chirag Delhi,yes,Nehru Place,3.2,magenta,1.83,yes,yes,True,Chirag Delhi,1.83,3-6km,1,Okhla,5.02,13.68,34,38,31,28.5247893,77.2327927,12.08,Hauz Khas Tehsil,,2,2022-05-05,2022-05-10,high,Madangir,place/neighbourhood,Madangir,2022,2022-04-13
"Khirki extension, Malviya Nagar",Delhi,south,operational,Malviya Nagar,yes,Nehru Place,4.15,yellow,0.92,yes,yes,True,Malviya Nagar,0.92,3-6km,1,Lodhi Colony,5.11,11.52,44,38,43,28.5339201,77.2124474,11.02,Hauz Khas Tehsil,,2,2022-04-29,2022-05-10,high,Malviya Nagar,place/suburb,Malviya Nagar,2022,2022-04-13
"Kishangarh, Vasant Kunj",Delhi,south,none,Chhatarpur,yes,Aerocity,3.93,yellow,3.23,no,no,True,Chhatarpur,3.23,3-6km,2,Delhi Safdarjang,6.67,6.28,18,8,5,28.5292495,77.1541335,13.17,Vasant Vihar Tehsil,,1,2022-05-23,2022-05-23,high,Vasant Kunj,place/suburb,Vasant Kunj,2022,2022-04-13
"Kohinoor Apartment, Kalkaji Extention",Delhi,south,operational,Govind Puri,yes,Nehru Place,2.38,violet,1.69,yes,yes,True,Govind Puri,1.69,0-3km,1,Okhla,3.36,16.47,23,15,3,28.5293633,77.2630731,12.26,Kalkaji Tehsil,,1,2022-05-23,2022-05-23,high,Kalkaji Extension,place/neighbourhood,Kalkaji Extention,2022,2022-04-13
"Kotla Mubarakpur, South Extension",Delhi,south,operational,South Extension,yes,Bhikaji Cama Place,3.44,pink,0.17,yes,yes,True,South Extension,0.17,3-6km,1,Sewa Nagar,1.32,12.3,35,32,9,28.5681089,77.2221923,7.2,Defence Colony Tehsil,,1,2022-06-29,2022-06-29,high,South Extension,place/suburb,South Extension,2022,2022-04-13
"Kotla, Mayur Vihar",Delhi,east,operational,Mayur Vihar - I (Pink Line),yes,Noida Film City Sector 16A,4.51,pink,0.71,yes,yes,True,Mayur Vihar - I (Pink Line),0.71,3-6km,0,Mandawli Chandra Vihar,2.21,20.03,46,31,2,28.6098555,77.2926318,7.56,Mayur Vihar Tehsil,,1,2022-06-18,2022-06-18,high,Mayur Vihar,place/suburb,Mayur Vihar,2022,2022-04-13
Krishna Nagar,Delhi,south,operational,Bhikaji Cama Place,yes,Bhikaji Cama Place,0.78,pink,0.91,yes,yes,True,Bhikaji Cama Place,0.91,0-3km,0,Sarojini Nagar,1.97,9.45,30,36,9,28.5637017,77.1934098,8.1,Vasant Vihar Tehsil,,1,2022-06-11,2022-06-11,medium,Krishna Nagar,boundary/administrative,Krishna Nagar,2022,2022-04-13
Krishna Nagar Block D,Delhi,east,operational,Krishna Nagar,no,Connaught Place CBD,7.45,pink,0.43,yes,yes,True,Krishna Nagar,0.43,6km+,5,Delhi Shahdara Junction,1.44,22.02,21,21,9,28.6611224,77.2878045,7.35,Vivek Vihar Tehsil,,1,2022-05-21,2022-05-21,medium,Krishna Nagar A Block,highway/bus_stop,Krishna Nagar Block D,2022,2022-04-13
Krishna Park,Delhi,west,operational,Janakpuri East,no,Netaji Subhash Place,9.04,blue,0.72,yes,yes,True,Janakpuri East,0.72,6km+,1,Delhi Cantonment,4.37,9.36,34,17,4,28.6386323,77.0830488,13.35,Patel Nagar,,1,2022-06-30,2022-06-30,high,Krishna Park Extension,place/neighbourhood,Krishna Park,2022,2022-04-13
kst chattarpur Apartments,Delhi,south,operational,Qutab Minar,no,Bhikaji Cama Place,7.57,yellow,1.48,yes,yes,True,Qutab Minar,1.48,6km+,2,Sarojini Nagar,9.09,10.85,4,13,7,28.4997898,77.1883644,15.1,Saket Tehsil,,13,2022-05-14,2022-06-20,medium,Sangam Apartment,landuse/residential,kst chattarpur Apartments,2022,2022-04-13
Lado Sarai,Delhi,south,operational,Saket,yes,Bhikaji Cama Place,4.75,yellow,1.1,yes,yes,True,Saket,1.1,3-6km,1,Sarojini Nagar,6.22,9.85,24,20,5,28.5254347,77.1920657,12.24,Saket Tehsil,,2,2022-05-14,2022-06-27,high,Lado Sarai,place/suburb,Lado Sarai,2022,2022-04-13
Lajpat Nagar,Delhi,south,operational,Vinobapuri,yes,Nehru Place,2.14,pink,0.59,yes,yes,True,Vinobapuri,0.59,0-3km,1,Lajpat Nagar,1.47,14.32,40,35,11,28.5660924,77.2432851,7.77,Defence Colony Tehsil,,8,2022-05-10,2022-07-06,high,Lajpat Nagar,place/suburb,Lajpat Nagar,2022,2022-04-13
Lajpat Nagar 1,Delhi,south,operational,Vinobapuri,yes,Nehru Place,2.14,pink,0.59,yes,yes,True,Vinobapuri,0.59,0-3km,1,Lajpat Nagar,1.47,14.32,40,35,11,28.5660924,77.2432851,7.77,Defence Colony Tehsil,,5,2022-05-05,2022-06-16,high,Lajpat Nagar,place/suburb,Lajpat Nagar 1,2022,2022-04-13
Lajpat Nagar 3,Delhi,south,operational,Lajpat Nagar (Pink Line),yes,Nehru Place,2.3,violet,0.41,yes,yes,True,Lajpat Nagar (Pink Line),0.41,0-3km,1,Lajpat Nagar,1.41,14.14,41,36,11,28.5668581,77.2413617,7.63,Defence Colony Tehsil,,2,2022-06-09,2022-07-06,low,Park in I block Lajpat Nagar 3,leisure/park,Lajpat Nagar 3,2022,2022-04-13
Lajpat Nagar 4,Delhi,south,operational,Chirag Delhi,yes,Nehru Place,2.19,magenta,0.33,yes,yes,True,Chirag Delhi,0.33,0-3km,1,Okhla,4.01,13.32,44,50,36,28.5386595,77.2321529,10.54,Hauz Khas Tehsil,,8,2022-05-27,2022-07-02,low,Saket G Block to Lajpat Nagar (Phase-4),railway/proposed,Lajpat Nagar 4,2022,2022-04-13
"Lajpat Nagar II, null",Delhi,south,operational,Lajpat Nagar (Pink Line),yes,Nehru Place,2.56,violet,0.46,yes,yes,True,Lajpat Nagar (Pink Line),0.46,0-3km,1,Lajpat Nagar,1.03,14.36,41,31,11,28.5700938,77.2431796,7.34,Defence Colony Tehsil,,1,2022-04-29,2022-04-29,high,Lajpat Nagar II,place/neighbourhood,Lajpat Nagar II null,2022,2022-04-13
Laxmi Nagar,Delhi,east,operational,Laxmi Nagar,yes,Connaught Place CBD,5.47,blue,0.65,yes,yes,True,Laxmi Nagar,0.65,3-6km,1,Mandawli Chandra Vihar,1.5,19.55,32,25,10,28.6360238,77.2751283,5.42,Preet Vihar Tehsil,,19,2022-04-27,2022-07-09,high,Laxmi Nagar,place/suburb,Laxmi Nagar,2022,2022-04-13
"Laxmi Nagar District Centre, Laxmi Nagar",Delhi,east,operational,Laxmi Nagar,yes,Connaught Place CBD,5.47,blue,0.65,yes,yes,True,Laxmi Nagar,0.65,3-6km,1,Mandawli Chandra Vihar,1.5,19.55,32,25,10,28.6360238,77.2751283,5.42,Preet Vihar Tehsil,,1,2022-05-14,2022-05-14,high,Laxmi Nagar,place/suburb,Laxmi Nagar,2022,2022-04-13
"Maharani Bagh, New Friends Colony",Delhi,east,operational,Sukhdev Vihar,yes,Okhla Industrial Area,1.75,magenta,0.96,yes,yes,True,Sukhdev Vihar,0.96,0-3km,1,Okhla,0.94,16.91,19,17,5,28.5671008,77.2697643,8.79,Defence Colony Tehsil,,1,2022-06-14,2022-06-14,high,New Friends Colony,place/suburb,New Friends Colony,2022,2022-04-13
Mahaveer Nagar,Delhi,unknown,unknown,unknown,unknown,unknown,,unknown,,unknown,unknown,,unknown,,unknown,,unknown,,,,,,,,,,,1,2022-04-29,2022-04-29,none,,,,2022,2022-04-13
Mahavir Enclave Part 1,Delhi,west,operational,Dashrath Puri,no,Aerocity,8.03,magenta,1.13,yes,yes,True,Dashrath Puri,1.13,6km+,1,Palam,3.18,6.38,20,25,2,28.6091466,77.0743328,14.43,Dwarka,,3,2022-05-08,2022-06-02,high,Mahavir Enclave Part 3,place/locality,Mahavir Enclave Part 1,2022,2022-04-13
Mahavir Enclave Part 3,Delhi,west,operational,Dashrath Puri,no,Aerocity,8.03,magenta,1.13,yes,yes,True,Dashrath Puri,1.13,6km+,1,Palam,3.18,6.38,20,25,2,28.6091466,77.0743328,14.43,Dwarka,,1,2022-06-06,2022-06-06,high,Mahavir Enclave Part 3,place/locality,Mahavir Enclave Part 3,2022,2022-04-13
"Mahendru Enclave, Model Town",Delhi,north,operational,Azadpur (Pink Line),yes,Netaji Subhash Place,3.91,yellow,0.66,yes,yes,True,Azadpur (Pink Line),0.66,3-6km,0,Delhi Azadpur,1.2,19.1,20,26,0,28.707334,77.1885231,8.83,Model Town Tehsil,,1,2022-06-16,2022-06-16,high,Model Town,place/suburb,Model Town,2022,2022-04-13
Mahipalpur,Delhi,south,operational,Delhi Aerocity,yes,Aerocity,0.73,airport,0.68,yes,yes,True,Delhi Aerocity,0.68,0-3km,0,Shahbad Muhammadpur,5.57,3.04,2,4,2,28.5444849,77.1256912,13.44,Vasant Vihar Tehsil,,3,2022-04-29,2022-07-07,high,Mahipalpur,place/neighbourhood,Mahipalpur,2022,2022-04-13
"Maidan Garhi, Chhattarpur",Delhi,south,operational,Chhatarpur,no,Bhikaji Cama Place,7.13,yellow,0.85,yes,yes,True,Chhatarpur,0.85,6km+,2,Sarojini Nagar,8.7,10.16,5,13,7,28.503846,77.183032,14.78,Saket Tehsil,,1,2022-07-05,2022-07-05,high,Chhattarpur,place/suburb,Chhattarpur,2022,2022-04-13
Main Ghitorni,Delhi,unknown,unknown,unknown,unknown,unknown,,unknown,,unknown,unknown,,unknown,,unknown,,unknown,,,,,,,,,,,1,2022-05-11,2022-05-11,none,,,,2022,2022-04-13
Malviya Nagar,Delhi,south,operational,Malviya Nagar,yes,Nehru Place,4.15,yellow,0.92,yes,yes,True,Malviya Nagar,0.92,3-6km,1,Lodhi Colony,5.11,11.52,44,38,43,28.5339201,77.2124474,11.02,Hauz Khas Tehsil,,8,2022-05-01,2022-06-20,high,Malviya Nagar,place/suburb,Malviya Nagar,2022,2022-04-13
"Manak Vihar, Anand Vihar",Delhi,east,operational,IP Extension,yes,Noida Sector 62 IT Hub,5.53,pink,1.04,yes,yes,True,Anand Vihar (Blue Line),0.72,3-6km,3,Anand Vihar,0.82,23.09,31,24,7,28.641115,77.3125024,9.1,Vivek Vihar Tehsil,,1,2022-06-24,2022-06-24,high,Anand Vihar,place/suburb,Anand Vihar,2022,2022-04-13
"Mandakini Enclave, Alaknanda",Delhi,south,operational,Nehru Enclave,yes,Nehru Place,2.11,magenta,1.86,yes,yes,True,Nehru Enclave,1.86,0-3km,1,Okhla,3.62,15.37,31,24,3,28.5293364,77.2516323,11.92,Kalkaji Tehsil,,1,2022-06-29,2022-06-29,high,Alaknanda,place/suburb,Alaknanda,2022,2022-04-13
Mandawali,Delhi,east,operational,Nirman Vihar,no,Noida Film City Sector 16A,6.41,blue,1.1,yes,yes,True,Nirman Vihar,1.1,6km+,1,Mandawli Chandra Vihar,0.54,20.88,66,54,12,28.628772,77.2939554,7.26,Delhi,,2,2022-05-31,2022-06-29,high,Mandawali Fazalpur,place/suburb,Mandawali,2022,2022-04-13
Mansa Ram Park,Delhi,west,operational,Nawada,no,Aerocity,10.6,blue,0.4,yes,yes,True,Nawada,0.4,6km+,0,Palam,5.88,8.57,30,30,6,28.6167988,77.0440934,17.23,Patel Nagar,,1,2022-05-10,2022-05-10,high,Mansa Ram Park,place/locality,Mansa Ram Park,2022,2022-04-13
Mansarovar garden,Delhi,west,operational,Mayapuri,yes,Netaji Subhash Place,5.87,pink,0.72,yes,yes,True,Mayapuri,0.72,3-6km,1,Naraina Vihar,1.07,10.35,12,15,9,28.6432658,77.1322572,8.61,Patel Nagar,,1,2022-07-04,2022-07-04,high,Mansarovar Garden,place/neighbourhood,Mansarovar garden,2022,2022-04-13
Mansarover Garden,Delhi,west,operational,Mayapuri,yes,Netaji Subhash Place,5.87,pink,0.72,yes,yes,True,Mayapuri,0.72,3-6km,1,Naraina Vihar,1.07,10.35,12,15,9,28.6432658,77.1322572,8.61,Patel Nagar,,1,2022-05-27,2022-05-27,high,Mansarovar Garden,place/neighbourhood,Mansarover Garden,2022,2022-04-13
Mausam Vihar,Delhi,east,operational,Preet Vihar,no,Connaught Place CBD,6.91,blue,0.73,yes,yes,True,Preet Vihar,0.73,6km+,5,Mandawli Chandra Vihar,1.66,21.15,40,37,13,28.6443688,77.2886486,6.85,Preet Vihar Tehsil,,2,2022-05-05,2022-06-18,medium,Mausam Vihar,boundary/administrative,Mausam Vihar,2022,2022-04-13
Mayur Vihar,Delhi,east,operational,Mayur Vihar - I (Pink Line),yes,Noida Film City Sector 16A,4.51,pink,0.71,yes,yes,True,Mayur Vihar - I (Pink Line),0.71,3-6km,0,Mandawli Chandra Vihar,2.21,20.03,46,31,2,28.6098555,77.2926318,7.56,Mayur Vihar Tehsil,,1,2022-07-01,2022-07-01,high,Mayur Vihar,place/suburb,Mayur Vihar,2022,2022-04-13
Mayur Vihar 1,Delhi,east,operational,Mayur Vihar - I (Pink Line),yes,Noida Film City Sector 16A,3.87,pink,0.17,yes,yes,True,Mayur Vihar - I (Pink Line),0.17,3-6km,1,New Ashok Nagar,1.63,19.8,32,17,4,28.6030736,77.2924931,7.84,Pocket 4,,4,2022-05-10,2022-06-21,high,"Pocket - 4, Mayur Vihar Phase 1",place/neighbourhood,Mayur Vihar 1,2022,2022-04-13
Mayur Vihar 3,Delhi,east,operational,Shree Ram Mandir Mayur Vihar,yes,Noida Film City Sector 16A,3.77,pink,0.09,yes,yes,True,Shree Ram Mandir Mayur Vihar,0.09,3-6km,1,New Ashok Nagar,1.57,20.44,46,26,4,28.6050295,77.2987177,8.31,Mayur Vihar Tehsil,,1,2022-06-03,2022-06-03,high,"Pocket 3, Mayur Vihar Phase 1",place/neighbourhood,Mayur Vihar 3,2022,2022-04-13
Mayur Vihar Phase 1 Extension,Delhi,east,operational,Mayur Vihar - I (Pink Line),yes,Noida Film City Sector 16A,3.87,pink,0.17,yes,yes,True,Mayur Vihar - I (Pink Line),0.17,3-6km,1,New Ashok Nagar,1.63,19.8,32,17,4,28.6030736,77.2924931,7.84,Pocket 4,,3,2022-05-05,2022-06-15,high,"Pocket - 4, Mayur Vihar Phase 1",place/neighbourhood,Mayur Vihar Phase 1 Extension,2022,2022-04-13
Mehrauli,Delhi,south,operational,Qutab Minar,yes,Bhikaji Cama Place,5.19,yellow,1.27,yes,yes,True,Qutab Minar,1.27,3-6km,2,Delhi Safdarjang,6.76,8.77,14,10,1,28.5218262,77.1783232,12.98,Mehrauli Tehsil,,7,2022-04-29,2022-05-10,high,Mehrauli,place/suburb,Mehrauli,2022,2022-04-13
Model Town,Delhi,north,operational,Azadpur (Pink Line),yes,Netaji Subhash Place,3.91,yellow,0.66,yes,yes,True,Azadpur (Pink Line),0.66,3-6km,0,Delhi Azadpur,1.2,19.1,20,26,0,28.707334,77.1885231,8.83,Model Town Tehsil,,3,2022-05-31,2022-07-03,high,Model Town,place/suburb,Model Town,2022,2022-04-13
"Mohan Garden, Razapur Khurd",Delhi,west,operational,Dwarka Mor,no,Aerocity,12.04,blue,1.24,yes,yes,True,Dwarka Mor,1.24,6km+,0,Nangloi,6.57,10.07,11,33,5,28.6296564,77.0380083,17.74,Patel Nagar,,3,2022-05-04,2022-05-10,medium,Mohan Garden,boundary/administrative,Mohan Garden,2022,2022-04-13
Mukherjee Nagar,Delhi,north,operational,Soorghat,no,Netaji Subhash Place,6.48,pink,1.3,yes,yes,True,Soorghat,1.3,6km+,0,Delhi Azadpur,3.78,20.89,14,15,1,28.7125567,77.2144044,8.88,Model Town Tehsil,,2,2022-04-29,2022-06-04,medium,Mukherjee Nagar,boundary/administrative,Mukherjee Nagar,2022,2022-04-13
Munirka,Delhi,south,operational,Munirka,yes,Bhikaji Cama Place,2.12,magenta,0.45,yes,yes,True,Munirka,0.45,0-3km,0,Delhi Safdarjang,3.38,7.22,17,12,4,28.554886,77.1710841,9.88,Vasant Vihar Tehsil,,1,2022-07-09,2022-07-09,high,Munirka,place/locality,Munirka,2022,2022-04-13
"Munirka Vihar, Munirka",Delhi,south,operational,Munirka,yes,Bhikaji Cama Place,2.12,magenta,0.45,yes,yes,True,Munirka,0.45,0-3km,0,Delhi Safdarjang,3.38,7.22,17,12,4,28.554886,77.1710841,9.88,Vasant Vihar Tehsil,,1,2022-07-09,2022-07-09,high,Munirka,place/locality,Munirka Vihar Munirka,2022,2022-04-13
Najafgarh,Delhi,west,operational,Dhansa Bus Stand,no,Aerocity,15.25,grey,0.38,yes,yes,True,Dhansa Bus Stand,0.38,6km+,0,Ghevra,8.92,12.87,20,27,5,28.612304,76.9823908,23.27,Najafgarh Tehsil,,6,2022-04-29,2022-07-04,high,Najafgarh,place/suburb,Najafgarh,2022,2022-04-13
"Nalanda Apartment, Vikaspuri",Delhi,west,operational,Janakpuri West,no,Netaji Subhash Place,9.78,magenta,1.18,yes,yes,True,Janakpuri West,1.18,6km+,1,Delhi Cantonment,5.12,9.55,34,19,3,28.638643,77.0731382,14.32,Patel Nagar,,1,2022-07-01,2022-07-01,high,Vikaspuri,place/suburb,Vikaspuri,2022,2022-04-13
Narela,Delhi,north,none,Samaypur Badli,no,Netaji Subhash Place,17.61,yellow,11.8,no,no,True,Samaypur Badli,11.8,6km+,0,Narela,0.74,31.94,1,16,0,28.8426096,77.0918354,26.45,Narela Tehsil,,1,2022-06-08,2022-06-08,high,Narela,place/suburb,Narela,2022,2022-04-13
"Naveen Shahdara, Shahdara",Delhi,east,operational,Shahdara,no,Connaught Place CBD,8.6,red,0.43,yes,yes,True,Shahdara,0.43,6km+,5,Delhi Shahdara Junction,0.46,23.23,19,27,8,28.6773038,77.2903467,8.49,Vivek Vihar Tehsil,,1,2022-07-04,2022-07-04,high,Shahdara,place/suburb,Shahdara,2022,2022-04-13
Nawada,Delhi,west,operational,Nawada,no,Aerocity,11.4,blue,0.59,yes,yes,True,Nawada,0.59,6km+,0,Palam,6.62,9.41,20,31,5,28.6243467,77.0411968,17.45,Patel Nagar,,1,2022-05-27,2022-05-27,high,Nawada,place/suburb,Nawada,2022,2022-04-13
Neb Sarai,Delhi,south,operational,Qutab Minar,no,Nehru Place,6.83,yellow,1.69,yes,yes,True,Qutab Minar,1.69,6km+,1,Lodhi Colony,8.39,11.61,9,11,8,28.5055007,77.2014964,14.27,Saket Tehsil,,5,2022-05-29,2022-06-17,high,Neb Sarai,place/suburb,Neb Sarai,2022,2022-04-13
New Ashok Nagar,Delhi,east,operational,Noida Sector 15,yes,Noida Film City Sector 16A,2.26,blue,1.02,yes,yes,True,New Ashok Nagar,0.82,0-3km,5,New Ashok Nagar,0.6,21.04,28,12,4,28.5935582,77.3081345,9.67,Mayur Vihar Tehsil,,2,2022-05-12,2022-05-27,high,New Ashok Nagar,place/suburb,New Ashok Nagar,2022,2022-04-13
New Delhi,Delhi,east,operational,Central Secretariat,yes,Connaught Place CBD,2.19,yellow,0.39,yes,yes,True,Central Secretariat,0.39,0-3km,2,Shivaji Bridge,2.78,12.71,9,9,2,28.6138954,77.2090057,2.35,Delhi,,2,2022-05-03,2022-07-02,medium,New Delhi,place/city,New Delhi,2022,2022-04-13
New Friends Colony,Delhi,east,operational,Sukhdev Vihar,yes,Okhla Industrial Area,1.75,magenta,0.96,yes,yes,True,Sukhdev Vihar,0.96,0-3km,1,Okhla,0.94,16.91,19,17,5,28.5671008,77.2697643,8.79,Defence Colony Tehsil,,2,2022-06-16,2022-06-20,high,New Friends Colony,place/suburb,New Friends Colony,2022,2022-04-13
"New Mahavir Nagar, Tilak Nagar",Delhi,west,operational,Tilak Nagar,no,Netaji Subhash Place,8.28,blue,0.63,yes,yes,True,Tilak Nagar,0.63,6km+,1,Delhi Cantonment,3.95,9.47,26,13,4,28.6404307,77.0918369,12.51,Rajouri Garden Tehsil,,1,2022-05-28,2022-05-28,high,Tilak Nagar,place/suburb,Tilak Nagar,2022,2022-04-13
New Rajendra Nagar,Delhi,north,operational,Rajendra Place,yes,Connaught Place CBD,3.77,blue,0.8,yes,yes,True,Rajendra Place,0.8,3-6km,2,Delhi Sarai Rohilla,3.03,12.12,31,19,1,28.6357403,77.1810326,3.79,Patel Nagar,,1,2022-05-13,2022-05-13,medium,New Rajendra Nagar,boundary/administrative,New Rajendra Nagar,2022,2022-04-13
"Nirankari Colony, Mukherjee Nagar",Delhi,north,operational,Soorghat,no,Netaji Subhash Place,6.48,pink,1.3,yes,yes,True,Soorghat,1.3,6km+,0,Delhi Azadpur,3.78,20.89,14,15,1,28.7125567,77.2144044,8.88,Model Town Tehsil,,1,2022-05-27,2022-05-27,medium,Mukherjee Nagar,boundary/administrative,Mukherjee Nagar,2022,2022-04-13
"Nirman Vihar, Preet Vihar",Delhi,east,operational,Nirman Vihar,no,Connaught Place CBD,6.9,blue,0.33,yes,yes,True,Nirman Vihar,0.33,6km+,1,Mandawli Chandra Vihar,0.68,20.82,54,53,11,28.6353835,77.2899341,6.86,Preet Vihar Tehsil,,2,2022-06-09,2022-06-18,high,Preet Vihar,place/suburb,Preet Vihar,2022,2022-04-13
"Nizamuddin East, Nizamuddin",Delhi,east,operational,Jawaharlal Nehru Stadium,yes,Nehru Place,4.83,violet,0.89,yes,yes,True,Jawaharlal Nehru Stadium,0.89,3-6km,1,Hazrat Nizamuddin Junction,1.11,14.72,26,8,1,28.5909417,77.2423341,5.15,Defence Colony Tehsil,,1,2022-04-30,2022-04-30,high,Nizamuddin,place/suburb,Nizamuddin East Nizamuddin,2022,2022-04-13
north chajjupur shahdara,Delhi,north,operational,Maujpur-Babarpur,no,Connaught Place CBD,9.29,pink,0.68,yes,yes,True,Maujpur-Babarpur,0.68,6km+,4,Delhi Shahdara Junction,1.99,23.83,9,27,6,28.6906143,77.286485,9.15,Shahdara Tehsil,,1,2022-06-26,2022-06-26,medium,Chajjupur North,boundary/administrative,north chajjupur shahdara,2022,2022-04-13
Palam,Delhi,west,operational,Palam,yes,Aerocity,6.0,magenta,0.33,yes,yes,True,Palam,0.33,3-6km,0,Palam,1.19,4.29,23,21,11,28.5918933,77.0828242,14.11,Dwarka,,3,2022-04-29,2022-05-31,high,Palam,place/suburb,Palam,2022,2022-04-13
Palam - Dabri Marg,Delhi,west,operational,Dashrath Puri,no,Aerocity,7.8,magenta,1.05,yes,yes,True,Dashrath Puri,1.05,6km+,1,Palam,2.96,6.05,23,28,7,28.6053546,77.0724384,14.69,Dwarka,,1,2022-05-28,2022-05-28,low,Palam Dabri Marg,highway/residential,Palam - Dabri Marg,2022,2022-04-13
"Palam Colony, Palam",Delhi,west,operational,Palam,yes,Aerocity,6.0,magenta,0.33,yes,yes,True,Palam,0.33,3-6km,0,Palam,1.19,4.29,23,21,11,28.5918933,77.0828242,14.11,Dwarka,,2,2022-05-10,2022-06-30,high,Palam,place/suburb,Palam,2022,2022-04-13
Palam Extension,Delhi,west,none,IFFCO Chowk,yes,Udyog Vihar Gurgaon,4.67,yellow,4.48,no,no,True,IFFCO Chowk,4.48,3-6km,11,Palam Vihar,1.84,8.26,16,6,4,28.5007712,77.0398992,22.89,Gurgaon,Haryāna,1,2022-05-18,2022-05-18,high,Palam Vihar Extension,place/suburb,Palam Extension,2022,2022-04-13
Panchsheel Park,Delhi,south,operational,Panchsheel Park,yes,Nehru Place,3.72,magenta,0.69,yes,yes,True,Panchsheel Park,0.69,3-6km,0,Lodhi Colony,4.06,11.5,42,41,45,28.5433525,77.2140757,9.96,Hauz Khas Tehsil,,1,2022-06-27,2022-06-27,high,Panchsheel Park,place/neighbourhood,Panchsheel Park,2022,2022-04-13
"Panchsheel Vihar, Sheikh Sarai",Delhi,south,operational,Panchsheel Park,yes,Nehru Place,3.15,magenta,0.62,yes,yes,True,Panchsheel Park,0.62,3-6km,1,Sewa Nagar,4.71,12.39,44,51,40,28.5368964,77.2222387,10.67,Hauz Khas Tehsil,,2,2022-06-23,2022-07-01,medium,Sheikh Sarai,boundary/administrative,Sheikh Sarai,2022,2022-04-13
Pandav Nagar,Delhi,east,operational,Akshardham,yes,Noida Film City Sector 16A,5.91,blue,0.4,yes,yes,True,Akshardham,0.4,3-6km,0,Mandawli Chandra Vihar,1.22,19.5,44,38,7,28.619553,77.2830355,6.35,Mayur Vihar Tehsil,,4,2022-05-04,2022-06-04,high,Pandav Nagar,place/neighbourhood,Pandav Nagar,2022,2022-04-13
"Paryavaran Complex, Sainik Farm",Delhi,south,operational,Saket,yes,Nehru Place,5.64,yellow,2.26,yes,yes,True,Saket,2.26,3-6km,1,Tughlkabad railway station,7.36,13.04,15,21,9,28.5067758,77.21857,14.01,Hauz Khas Tehsil,,3,2022-05-05,2022-06-21,high,Sainik Farms,place/suburb,Sainik Farm,2022,2022-04-13
Paschim Vihar,Delhi,west,operational,Paschim Vihar West,no,Netaji Subhash Place,6.04,green,1.17,yes,yes,True,Paschim Vihar West,1.17,6km+,1,Mangolpuri,1.63,12.7,38,27,0,28.6695782,77.095956,12.75,Punjabi Bagh Tehsil,,10,2022-05-05,2022-06-17,high,Paschim Vihar,place/suburb,Paschim Vihar,2022,2022-04-13
Paschim Vihar Block A3,Delhi,south,operational,Vasant Vihar,yes,Bhikaji Cama Place,2.67,magenta,1.09,yes,yes,True,Vasant Vihar,1.09,0-3km,0,Chanakyapuri,2.93,6.25,25,14,1,28.5675716,77.1596317,9.33,Vasant Vihar,,2,2022-06-05,2022-06-15,medium,Vasant Vihar C Block,highway/bus_stop,Paschim Vihar Block A3,2022,2022-04-13
Paschim Vihar Block A6,Delhi,south,operational,Vasant Vihar,yes,Bhikaji Cama Place,2.67,magenta,1.09,yes,yes,True,Vasant Vihar,1.09,0-3km,0,Chanakyapuri,2.93,6.25,25,14,1,28.5675716,77.1596317,9.33,Vasant Vihar,,2,2022-06-15,2022-07-09,medium,Vasant Vihar C Block,highway/bus_stop,Paschim Vihar Block A6,2022,2022-04-13
Paschim Vihar Block B1,Delhi,south,operational,Vasant Vihar,yes,Bhikaji Cama Place,2.67,magenta,1.09,yes,yes,True,Vasant Vihar,1.09,0-3km,0,Chanakyapuri,2.93,6.25,25,14,1,28.5675716,77.1596317,9.33,Vasant Vihar,,1,2022-05-18,2022-05-18,medium,Vasant Vihar C Block,highway/bus_stop,Paschim Vihar Block B1,2022,2022-04-13
Patel Nagar West,Delhi,north,operational,Shadipur,yes,Netaji Subhash Place,4.71,blue,0.46,yes,yes,True,Shadipur,0.46,3-6km,1,Patel Nagar,1.05,12.51,16,14,3,28.6519279,77.162923,5.93,Patel Nagar,,3,2022-05-12,2022-06-08,high,West Patel Nagar,place/neighbourhood,Patel Nagar West,2022,2022-04-13
Patparganj,Delhi,east,operational,Mayur Vihar - I (Pink Line),yes,Noida Film City Sector 16A,4.78,pink,0.88,yes,yes,True,Mayur Vihar - I (Pink Line),0.88,3-6km,0,Mandawli Chandra Vihar,1.99,19.89,49,30,2,28.6115923,77.2905644,7.31,Mayur Vihar Tehsil,,3,2022-06-17,2022-07-09,high,Patparganj,place/neighbourhood,Patparganj,2022,2022-04-13
Peera Garhi,Delhi,west,operational,Peera Garhi,no,Netaji Subhash Place,6.3,green,0.54,yes,yes,True,Peera Garhi,0.54,6km+,2,Mangolpuri,0.93,13.35,44,25,0,28.6753398,77.0904777,13.47,Punjabi Bagh Tehsil,,1,2022-05-10,2022-05-10,medium,Peera Garhi,boundary/administrative,Peera Garhi,2022,2022-04-13
Pitampura,Delhi,north,operational,Madhuban Chowk,yes,Netaji Subhash Place,2.23,red,0.47,yes,yes,True,Madhuban Chowk,0.45,0-3km,3,Shakurbasti,2.03,16.34,43,50,14,28.6995123,77.1301047,11.46,Saraswati Vihar Tehsil,,8,2022-04-29,2022-07-08,high,Pitampura,place/suburb,Pitampura,2022,2022-04-13
Preet Vihar,Delhi,east,operational,Nirman Vihar,no,Connaught Place CBD,6.9,blue,0.33,yes,yes,True,Nirman Vihar,0.33,6km+,1,Mandawli Chandra Vihar,0.68,20.82,54,53,11,28.6353835,77.2899341,6.86,Preet Vihar Tehsil,,2,2022-05-26,2022-06-18,high,Preet Vihar,place/suburb,Preet Vihar,2022,2022-04-13
Prem Nagar,Delhi,south,operational,South Extension,yes,Bhikaji Cama Place,3.39,pink,1.11,yes,yes,True,South Extension,1.11,3-6km,0,Lodhi Colony,0.29,12.23,29,25,6,28.5785161,77.2195112,6.04,Defence Colony Tehsil,,1,2022-07-01,2022-07-01,high,Prem Nagar,place/neighbourhood,Prem Nagar,2022,2022-04-13
"Prem Nagar, Patel Nagar",Delhi,north,operational,Shadipur,yes,Netaji Subhash Place,5.0,blue,0.63,yes,yes,True,Shadipur,0.63,3-6km,1,Patel Nagar,1.34,12.36,15,17,1,28.6496204,77.1643638,5.71,Delhi,,1,2022-07-04,2022-07-04,high,Patel Nagar,place/suburb,Patel Nagar,2022,2022-04-13
Pul Prahlad Pur,Delhi,north,operational,Pul Bangash,yes,Connaught Place CBD,4.06,red,0.0,yes,yes,True,Pul Bangash,0.0,3-6km,3,Subzimandi,0.71,16.38,28,32,8,28.6664068,77.2074156,3.92,Civil Lines Tehsil,,1,2022-04-29,2022-04-29,medium,Pul Bangash,railway/station,Pul Prahlad Pur,2022,2022-04-13
Pusa Institutional Area,Delhi,west,operational,Dabri Mor - Janakpuri South,no,Aerocity,6.95,magenta,1.75,yes,yes,True,Dabri Mor - Janakpuri South,1.75,6km+,1,Nasirpur,0.97,6.1,14,13,2,28.6100845,77.1019708,11.77,Dwarka,,1,2022-04-28,2022-04-28,high,Institutional Area,place/neighbourhood,Pusa Institutional Area,2022,2022-04-13
"Pushpanjali, Anand Vihar",Delhi,east,operational,IP Extension,yes,Noida Sector 62 IT Hub,5.53,pink,1.04,yes,yes,True,Anand Vihar (Blue Line),0.72,3-6km,3,Anand Vihar,0.82,23.09,31,24,7,28.641115,77.3125024,9.1,Vivek Vihar Tehsil,,2,2022-05-26,2022-07-04,high,Anand Vihar,place/suburb,Anand Vihar,2022,2022-04-13
"Qutub Vihar, Dwarka",Delhi,west,operational,Dwarka Sector 12,no,Aerocity,9.52,blue,0.97,yes,yes,True,Dwarka Sector 12,0.97,6km+,0,Palam,5.13,7.31,36,31,7,28.6007245,77.0429417,17.62,Dwarka,,1,2022-06-08,2022-06-08,high,Dwarka,place/suburb,Dwarka,2022,2022-04-13
Radhey Shyam Park,Delhi,east,operational,Shyam Park,no,Noida Sector 62 IT Hub,6.38,red,0.0,yes,yes,True,Shyam Park,0.0,6km+,2,Sahibabad Junction,0.75,29.99,10,8,7,28.6782281,77.3706454,15.57,Rajendra Nagar,Uttar Pradesh,1,2022-06-30,2022-06-30,medium,Shyam Park,railway/station,Radhey Shyam Park,2022,2022-04-13
"Raghubir Nagar, Tagore Garden Extension",Delhi,west,operational,Rajouri Garden (Pink Line),yes,Netaji Subhash Place,5.83,pink,0.9,yes,yes,True,Rajouri Garden (Pink Line),0.9,3-6km,1,Naraina Vihar,2.99,10.86,21,15,11,28.6518058,77.1150797,10.43,Patel Nagar,,1,2022-05-29,2022-05-29,high,Tagore Garden Extension,place/neighbourhood,Raghubir Nagar Tagore Garden Extension,2022,2022-04-13
Raj Nagar 2,Delhi,east,under_construction,Shaheed Sthal,no,Noida Sector 62 IT Hub,10.45,red,3.24,yes,no,False,Guldhar,1.97,6km+,0,Naya Ghaziabad,1.16,36.85,4,38,1,28.6818623,77.4461161,22.76,Ghaziabad,Uttar Pradesh,2,2022-04-29,2022-06-08,medium,Raj Nagar,landuse/residential,Raj Nagar 2,2022,2022-04-13
Rajouri Garden,Delhi,west,operational,Rajouri Garden (Pink Line),yes,Netaji Subhash Place,5.99,pink,0.68,yes,yes,True,Rajouri Garden (Pink Line),0.68,3-6km,1,Naraina Vihar,1.87,10.31,17,16,11,28.6451121,77.1239332,9.45,Patel Nagar,,6,2022-05-05,2022-06-04,high,Rajouri Garden,place/suburb,Rajouri Garden,2022,2022-04-13
"Rajpur Khurd Extension, Rajpur",Delhi,north,operational,GTB Nagar,yes,Netaji Subhash Place,4.49,yellow,1.43,yes,yes,True,GTB Nagar,1.43,3-6km,1,Subzimandi,2.18,17.69,43,36,7,28.6879568,77.1974016,6.51,Civil Lines Tehsil,,1,2022-06-18,2022-06-18,high,Rajpura,place/neighbourhood,Rajpur,2022,2022-04-13
Ram Nagar,Delhi,north,operational,New Delhi,yes,Connaught Place CBD,1.91,yellow,0.89,yes,yes,True,New Delhi,0.89,0-3km,3,New Delhi,0.94,15.49,32,30,8,28.6482443,77.2154123,1.77,Kotwali Tehsil,,2,2022-06-22,2022-07-05,high,Ram Nagar,place/neighbourhood,Ram Nagar,2022,2022-04-13
Ramesh Nagar,Delhi,west,operational,Ramesh Nagar,yes,Netaji Subhash Place,5.07,blue,0.39,yes,yes,True,Ramesh Nagar,0.39,3-6km,1,Kirti Nagar,1.14,11.15,20,26,10,28.6501773,77.134332,8.55,Patel Nagar,,1,2022-05-05,2022-05-05,high,Ramesh Nagar,place/neighbourhood,Ramesh Nagar,2022,2022-04-13
Rangpuri,Delhi,south,operational,Govind Puri,yes,Nehru Place,1.63,violet,1.09,yes,yes,True,Govind Puri,1.09,0-3km,1,Okhla,2.72,16.06,29,18,4,28.5355002,77.2599602,11.51,Kalkaji Tehsil,,1,2022-05-10,2022-05-10,high,Rampuri,place/neighbourhood,Rangpuri,2022,2022-04-13
Rohini Sector 11,Delhi,north,operational,"Rohini Sector 18, 19",yes,Netaji Subhash Place,5.16,yellow,0.0,yes,yes,True,"Rohini Sector 18, 19",0.0,3-6km,3,Badli,0.94,20.77,27,25,5,28.7383795,77.1398526,14.09,Alipur Tehsil,,2,2022-05-14,2022-07-03,medium,"Rohini Sector 18, 19",railway/station,Rohini Sector 11,2022,2022-04-13
Rohini Sector 15,Delhi,north,operational,"Rohini Sector 18, 19",yes,Netaji Subhash Place,4.51,yellow,1.15,yes,yes,True,Haiderpur Village,1.11,3-6km,3,Badli,1.88,19.74,28,27,13,28.7301431,77.1327411,13.75,Alipur Tehsil,,1,2022-05-10,2022-05-10,low,ICICI Bank Rohini Sec-15,amenity/bank,Rohini Sector 15,2022,2022-04-13
Rohini Sector 16,Delhi,north,operational,Samaypur Badli,no,Netaji Subhash Place,6.2,yellow,1.8,yes,yes,True,Samaypur Badli,1.8,6km+,3,Badli,1.78,20.82,30,16,6,28.7415613,77.1201005,15.51,Alipur Tehsil,,1,2022-05-18,2022-05-18,medium,Bus Stop Sec-16 Rohini,highway/bus_stop,Rohini Sector 16,2022,2022-04-13
Rohini Sector 17,Delhi,north,operational,"Rohini Sector 18, 19",yes,Netaji Subhash Place,5.16,yellow,0.0,yes,yes,True,"Rohini Sector 18, 19",0.0,3-6km,3,Badli,0.94,20.77,27,25,5,28.7383795,77.1398526,14.09,Alipur Tehsil,,1,2022-04-29,2022-04-29,medium,"Rohini Sector 18, 19",railway/station,Rohini Sector 17,2022,2022-04-13
Rohini Sector 18,Delhi,north,operational,"Rohini Sector 18, 19",yes,Netaji Subhash Place,5.16,yellow,0.0,yes,yes,True,"Rohini Sector 18, 19",0.0,3-6km,3,Badli,0.94,20.77,27,25,5,28.7383795,77.1398526,14.09,Alipur Tehsil,,2,2022-06-08,2022-06-08,medium,"Rohini Sector 18, 19",railway/station,Rohini Sector 18,2022,2022-04-13
Rohini Sector 2,Delhi,north,operational,Peera Garhi,yes,Netaji Subhash Place,5.03,green,2.23,yes,yes,True,Deepali Chowk,1.72,3-6km,3,Mangolpuri,1.88,15.93,44,23,2,28.6986277,77.1006232,13.73,Rohini Tehsil,,1,2022-05-03,2022-05-03,medium,Sector 2,boundary/administrative,Rohini Sector 2,2022,2022-04-13
Rohini Sector 21,Delhi,north,none,Rithala,no,Netaji Subhash Place,8.5,red,3.66,no,no,True,Rithala,3.66,6km+,1,Nangloi,3.82,18.37,10,3,0,28.7188681,77.069694,17.49,Rohini Tehsil,,2,2022-06-08,2022-06-29,medium,Rohini Sec 21,highway/bus_stop,Rohini Sector 21,2022,2022-04-13
Rohini Sector 22,Delhi,north,none,Nangloi,no,Netaji Subhash Place,9.3,green,4.06,no,no,True,Nangloi,4.06,6km+,1,Nangloi,3.63,18.5,3,2,0,28.7187495,77.0609462,18.2,Rohini Tehsil,,1,2022-05-27,2022-05-27,medium,Sector 22,boundary/administrative,Rohini Sector 22,2022,2022-04-13
Rohini Sector 23,Delhi,north,none,Rithala,no,Netaji Subhash Place,7.66,red,2.65,no,no,True,Rithala,2.65,6km+,3,Mangolpuri,4.32,18.51,20,2,1,28.7212288,77.0800085,16.8,Rohini Tehsil,,2,2022-04-27,2022-05-14,medium,Sector 23,boundary/administrative,Rohini Sector 23,2022,2022-04-13
Rohini Sector 24,Delhi,north,operational,Rithala,no,Netaji Subhash Place,7.35,red,2.06,yes,yes,True,Rithala,2.06,6km+,3,Mangolpuri,4.97,19.25,17,1,1,28.728312,77.08789,16.68,Rohini Tehsil,,6,2022-05-23,2022-06-27,medium,Sector 24,boundary/administrative,Rohini Sector 24,2022,2022-04-13
Rohini Sector 3,Delhi,north,none,Rithala,no,Netaji Subhash Place,11.25,red,5.95,no,no,True,Rithala,5.95,6km+,0,Khera Kalan,6.61,21.65,0,0,0,28.7462934,77.0535775,20.54,Narela Tehsil,,2,2022-04-29,2022-05-19,low,Rohini Sector 37 Bus Depot 1,landuse/industrial,Rohini Sector 3,2022,2022-04-13
Rohini Sector 38,Delhi,north,operational,"Rohini Sector 18, 19",yes,Netaji Subhash Place,5.16,yellow,0.0,yes,yes,True,"Rohini Sector 18, 19",0.0,3-6km,3,Badli,0.94,20.77,27,25,5,28.7383795,77.1398526,14.09,Alipur Tehsil,,2,2022-04-29,2022-05-27,medium,"Rohini Sector 18, 19",railway/station,Rohini Sector 38,2022,2022-04-13
Rohini Sector 4,Delhi,north,operational,"Rohini Sector 18, 19",yes,Netaji Subhash Place,5.16,yellow,0.0,yes,yes,True,"Rohini Sector 18, 19",0.0,3-6km,3,Badli,0.94,20.77,27,25,5,28.7383795,77.1398526,14.09,Alipur Tehsil,,1,2022-04-29,2022-04-29,medium,"Rohini Sector 18, 19",railway/station,Rohini Sector 4,2022,2022-04-13
Rohini Sector 5,Delhi,north,operational,Rithala,yes,Netaji Subhash Place,5.13,red,0.28,yes,yes,True,Rithala,0.28,3-6km,3,Mangolpuri,4.16,18.14,33,17,14,28.7183155,77.1076881,14.49,Rohini Tehsil,,1,2022-04-27,2022-04-27,medium,Sector 5,boundary/administrative,Rohini Sector 5,2022,2022-04-13
Rohini Sector 7,Delhi,north,operational,"Rohini Sector 18, 19",yes,Netaji Subhash Place,5.11,yellow,0.33,yes,yes,True,"Rohini Sector 18, 19",0.33,3-6km,3,Badli,1.05,20.58,23,27,4,28.7371515,77.136764,14.15,Alipur Tehsil,Delhi,2,2022-05-05,2022-06-30,low,DGD Rohini Sector18,amenity/clinic,Rohini Sector 7,2022,2022-04-13
Rohini Sector 8,Delhi,north,operational,Rithala,yes,Netaji Subhash Place,5.15,red,1.21,yes,yes,True,Rithala,1.21,3-6km,3,Mangolpuri,3.19,17.27,35,25,11,28.7106328,77.1028595,14.31,Rohini Tehsil,,1,2022-05-05,2022-05-05,medium,Westend Apartments,landuse/residential,Rohini Sector 8,2022,2022-04-13
RWA triveni residents,Delhi,unknown,unknown,unknown,unknown,unknown,,unknown,,unknown,unknown,,unknown,,unknown,,unknown,,,,,,,,,,,1,2022-05-04,2022-05-04,none,,,,2022,2022-04-13
"Safdarjung Development Area, Hauz Khas",Delhi,south,operational,IIT Delhi,yes,Bhikaji Cama Place,1.76,magenta,0.73,yes,yes,True,IIT Delhi,0.73,0-3km,0,Sarojini Nagar,3.07,9.54,28,28,12,28.5536023,77.1948144,9.14,Hauz Khas Tehsil,,3,2022-05-22,2022-07-08,high,Hauz Khas,place/suburb,Hauz Khas,2022,2022-04-13
Safdarjung Enclave,Delhi,south,operational,Bhikaji Cama Place,yes,Bhikaji Cama Place,0.63,pink,0.74,yes,yes,True,Bhikaji Cama Place,0.74,0-3km,0,Sarojini Nagar,1.84,9.38,29,34,8,28.56502,77.1925584,7.99,Vasant Vihar Tehsil,,8,2022-05-21,2022-07-05,high,Safdarjung Enclave,place/suburb,Safdarjung Enclave,2022,2022-04-13
Sagar Pur,Delhi,south,none,Raja Nahar Singh,no,Noida Sector 125-135 IT Belt,26.2,violet,7.23,no,no,True,Raja Nahar Singh,7.23,6km+,0,Asaoti,2.64,38.53,0,0,0,28.2761564,77.3304032,41.11,,Haryāna,2,2022-04-29,2022-05-05,high,Sagar Pur,place/village,Sagar Pur,2022,2022-04-13
"Saini Enclave, Anand Vihar",Delhi,east,operational,IP Extension,yes,Noida Sector 62 IT Hub,5.53,pink,1.04,yes,yes,True,Anand Vihar (Blue Line),0.72,3-6km,3,Anand Vihar,0.82,23.09,31,24,7,28.641115,77.3125024,9.1,Vivek Vihar Tehsil,,2,2022-06-18,2022-06-18,high,Anand Vihar,place/suburb,Anand Vihar,2022,2022-04-13
Saket,Delhi,south,operational,Malviya Nagar,yes,Nehru Place,4.56,yellow,1.01,yes,yes,True,Malviya Nagar,1.01,3-6km,1,Lodhi Colony,6.16,11.9,39,36,39,28.5244107,77.2137253,12.07,Hauz Khas Tehsil,,12,2022-05-05,2022-07-07,high,Saket,place/suburb,Saket,2022,2022-04-13
Sangam Vihar,Delhi,south,none,Greater Kailash,yes,Mohan Cooperative Estate,4.6,magenta,4.14,no,no,True,Greater Kailash,4.14,3-6km,0,Tughlkabad railway station,4.44,15.78,13,25,1,28.5057128,77.2484672,14.41,Kalkaji Tehsil,,2,2022-05-10,2022-06-29,high,Sangam Vihar,place/suburb,Sangam Vihar,2022,2022-04-13
Sant Nagar,Delhi,south,operational,Nehru Place,yes,Nehru Place,0.76,violet,0.44,yes,yes,True,Nehru Place,0.44,0-3km,1,Okhla,1.66,14.88,33,43,12,28.5548352,77.2495194,9.15,Defence Colony Tehsil,,1,2022-06-04,2022-06-04,high,Sant Nagar,place/neighbourhood,Sant Nagar,2022,2022-04-13
Sarita Vihar Pocket C,Delhi,south,operational,Sarita Vihar,yes,Jasola District Centre,1.03,violet,0.38,yes,yes,True,Sarita Vihar,0.38,0-3km,1,Tughlkabad railway station,3.01,19.15,12,13,1,28.5309655,77.2911851,13.3,Defence Colony Tehsil,,1,2022-06-27,2022-06-27,medium,Sarita Vihar Pocket C,landuse/residential,Sarita Vihar Pocket C,2022,2022-04-13
Sarita Vihar Pocket K,Delhi,east,operational,Jasola Apollo,yes,Jasola District Centre,0.69,violet,0.98,yes,yes,True,Jasola Apollo,0.98,0-3km,2,Okhla,3.67,19.27,14,14,2,28.5371045,77.2932613,12.84,Sarita Vihar Tehsil,,1,2022-06-22,2022-06-22,low,Pocket K,place/city_block,Sarita Vihar Pocket K,2022,2022-04-13
Sarita Vihar Pocket M,Delhi,east,operational,Jasola Vihar Shaheen Bagh,yes,Jasola District Centre,1.15,magenta,0.75,yes,yes,True,Jasola Vihar Shaheen Bagh,0.75,0-3km,5,Okhla,3.91,19.74,14,13,3,28.5392589,77.298424,12.93,Sarita Vihar Tehsil,,1,2022-05-17,2022-05-17,high,Pocket M,place/neighbourhood,Sarita Vihar Pocket M,2022,2022-04-13
"Sarita Vihar, Mathura Road",Delhi,south,operational,Sarita Vihar,yes,Jasola District Centre,0.93,violet,0.74,yes,yes,True,Sarita Vihar,0.74,0-3km,1,Tughlkabad railway station,3.28,19.34,13,14,1,28.5334785,77.2935232,13.19,Defence Colony Tehsil,,1,2022-06-22,2022-06-22,high,Sarita Vihar,place/suburb,Sarita Vihar,2022,2022-04-13
Sarojini Nagar,Delhi,south,operational,Sarojini Nagar,yes,Bhikaji Cama Place,1.17,pink,0.23,yes,yes,True,Sarojini Nagar,0.23,0-3km,0,Sarojini Nagar,0.75,9.92,23,28,9,28.5744778,77.1963144,6.88,Vasant Vihar Tehsil,,1,2022-06-20,2022-06-20,high,Sarojini Nagar,place/suburb,Sarojini Nagar,2022,2022-04-13
Sarvodaya Enclave,Delhi,south,operational,Hauz Khas (Yellow Line),yes,Bhikaji Cama Place,3.69,magenta,0.9,yes,yes,True,Hauz Khas (Yellow Line),0.9,3-6km,1,Sarojini Nagar,4.9,10.42,44,35,39,28.5374084,77.2018601,10.75,Hauz Khas Tehsil,,4,2022-05-09,2022-06-28,high,Sarvodaya Enclave,place/neighbourhood,Sarvodaya Enclave,2022,2022-04-13
Sethi floor nihal vihar,Delhi,unknown,unknown,unknown,unknown,unknown,,unknown,,unknown,unknown,,unknown,,unknown,,unknown,,,,,,,,,,,1,2022-06-08,2022-06-08,none,,,,2022,2022-04-13
Shadipur,Delhi,north,operational,Kirti Nagar (Blue Line),yes,Netaji Subhash Place,4.51,green,0.45,yes,yes,True,Kirti Nagar (Blue Line),0.45,3-6km,1,Patel Nagar,0.86,12.13,24,22,4,28.6526021,77.1536389,6.81,Patel Nagar,,3,2022-06-12,2022-07-07,high,Shadipur,place/neighbourhood,Shadipur,2022,2022-04-13
Shahdara,Delhi,east,operational,Shahdara,no,Connaught Place CBD,8.6,red,0.43,yes,yes,True,Shahdara,0.43,6km+,5,Delhi Shahdara Junction,0.46,23.23,19,27,8,28.6773038,77.2903467,8.49,Vivek Vihar Tehsil,,1,2022-04-29,2022-04-29,high,Shahdara,place/suburb,Shahdara,2022,2022-04-13
Shakarpur,Delhi,east,operational,Laxmi Nagar,yes,Connaught Place CBD,5.87,blue,0.33,yes,yes,True,Laxmi Nagar,0.33,3-6km,0,Mandawli Chandra Vihar,0.9,19.54,47,39,9,28.628076,77.2793769,5.85,Gandhi Nagar Tehsil,,2,2022-05-05,2022-06-15,high,Shakarpur,place/suburb,Shakarpur,2022,2022-04-13
"Shakarpur Khas, Shakarpur",Delhi,east,operational,Laxmi Nagar,yes,Connaught Place CBD,5.87,blue,0.33,yes,yes,True,Laxmi Nagar,0.33,3-6km,0,Mandawli Chandra Vihar,0.9,19.54,47,39,9,28.628076,77.2793769,5.85,Gandhi Nagar Tehsil,,1,2022-05-14,2022-05-14,high,Shakarpur,place/suburb,Shakarpur Khas Shakarpur,2022,2022-04-13
Shakti Nagar,Delhi,north,operational,Pratap Nagar,yes,Netaji Subhash Place,4.44,red,1.46,yes,yes,True,Pratap Nagar,1.46,3-6km,1,Subzimandi,1.34,16.74,32,37,7,28.6793047,77.19448,5.73,Civil Lines Tehsil,,1,2022-06-06,2022-06-06,medium,Shakti Nagar,boundary/administrative,Shakti Nagar,2022,2022-04-13
Shalimar bagh,Delhi,north,operational,Shalimar Bagh,yes,Netaji Subhash Place,1.9,pink,0.8,yes,yes,True,Shalimar Bagh,0.8,0-3km,2,Adarsh Nagar,0.92,18.1,32,37,10,28.7081295,77.1611881,10.14,Saraswati Vihar Tehsil,,4,2022-06-28,2022-07-04,high,Shalimar Bagh,place/suburb,Shalimar bagh,2022,2022-04-13
Shanti Niketan,Delhi,south,operational,Sir M. Vishweshwaraiah Moti Bagh,yes,Bhikaji Cama Place,2.37,pink,1.35,yes,yes,True,Sir M. Vishweshwaraiah Moti Bagh,1.35,0-3km,0,Chanakyapuri,2.23,6.76,27,19,3,28.5730261,77.1634214,8.62,Vasant Vihar Tehsil,,1,2022-06-10,2022-06-10,medium,Shanti Niketan,highway/bus_stop,Shanti Niketan,2022,2022-04-13
Sheikh Sarai,Delhi,south,operational,Panchsheel Park,yes,Nehru Place,3.15,magenta,0.62,yes,yes,True,Panchsheel Park,0.62,3-6km,1,Sewa Nagar,4.71,12.39,44,51,40,28.5368964,77.2222387,10.67,Hauz Khas Tehsil,,1,2022-05-14,2022-05-14,medium,Sheikh Sarai,boundary/administrative,Sheikh Sarai,2022,2022-04-13
Sheikh Sarai Phase 1,Delhi,south,operational,Chirag Delhi,yes,Nehru Place,2.51,magenta,0.85,yes,yes,True,Chirag Delhi,0.85,0-3km,1,Okhla,4.35,13.42,43,45,35,28.5336125,77.2322454,11.1,Hauz Khas Tehsil,,1,2022-04-28,2022-04-28,medium,Sheikh Sarai,highway/bus_stop,Sheikh Sarai Phase 1,2022,2022-04-13
"Shiva Enclave, Paschim Vihar",Delhi,west,operational,Paschim Vihar West,no,Netaji Subhash Place,6.04,green,1.17,yes,yes,True,Paschim Vihar West,1.17,6km+,1,Mangolpuri,1.63,12.7,38,27,0,28.6695782,77.095956,12.75,Punjabi Bagh Tehsil,,1,2022-05-21,2022-05-21,high,Paschim Vihar,place/suburb,Paschim Vihar,2022,2022-04-13
"Shivalik, Malviya Nagar",Delhi,south,operational,Malviya Nagar,yes,Nehru Place,4.15,yellow,0.92,yes,yes,True,Malviya Nagar,0.92,3-6km,1,Lodhi Colony,5.11,11.52,44,38,43,28.5339201,77.2124474,11.02,Hauz Khas Tehsil,,3,2022-05-28,2022-07-06,high,Malviya Nagar,place/suburb,Malviya Nagar,2022,2022-04-13
South,Delhi,east,operational,Mandi House,yes,Connaught Place CBD,1.28,violet,0.48,yes,yes,True,Mandi House,0.48,0-3km,2,Tilak Bridge,0.52,15.57,18,21,4,28.6296343,77.2323808,1.29,Chanakya Puri Tehsil,,1,2022-05-04,2022-05-04,low,Southy,amenity/fast_food,South,2022,2022-04-13
South Extension 1,Delhi,south,operational,South Extension,yes,Bhikaji Cama Place,3.44,pink,0.17,yes,yes,True,South Extension,0.17,3-6km,1,Sewa Nagar,1.32,12.3,35,32,9,28.5681089,77.2221923,7.2,Defence Colony Tehsil,,3,2022-05-21,2022-06-26,high,South Extension,place/suburb,South Extension 1,2022,2022-04-13
Subhash Nagar,Delhi,west,operational,Tagore Garden,no,Netaji Subhash Place,7.26,blue,0.85,yes,yes,True,Tagore Garden,0.85,6km+,1,Naraina Vihar,2.55,9.17,23,15,12,28.6363458,77.1152112,10.21,Rajouri Garden Tehsil,,2,2022-04-29,2022-05-14,high,Subhash Nagar,place/neighbourhood,Subhash Nagar,2022,2022-04-13
Sudarshan Park,Delhi,north,operational,ESI - Basaidarapur,yes,Netaji Subhash Place,3.93,pink,0.76,yes,yes,True,ESI - Basaidarapur,0.76,3-6km,1,Kirti Nagar,1.92,12.33,26,30,9,28.6614996,77.1339838,8.95,Patel Nagar,,1,2022-07-04,2022-07-04,high,Sudarshan Park,place/neighbourhood,Sudarshan Park,2022,2022-04-13
Sultanpur,Delhi,south,operational,Sultanpur,no,DLF Cyber City Gurgaon,6.73,yellow,0.37,yes,yes,True,Sultanpur,0.37,6km+,2,Delhi Safdarjang,9.92,9.07,2,0,0,28.4958744,77.1606444,16.28,Mehrauli Tehsil,,2,2022-06-17,2022-07-04,high,Sultanpur,place/quarter,Sultanpur,2022,2022-04-13
Sundar Nagar,Delhi,west,operational,Dhansa Bus Stand,no,Aerocity,17.4,grey,1.83,yes,yes,True,Dhansa Bus Stand,1.83,6km+,0,Ghevra,8.79,15.0,8,9,2,28.61893,76.961584,25.24,Najafgarh Tehsil,,1,2022-04-29,2022-04-29,high,Sundar Nagar,place/locality,Sundar Nagar,2022,2022-04-13
Surajmal Vihar,Delhi,east,operational,Karkarduma (Pink Line),no,Noida Sector 62 IT Hub,7.08,pink,1.28,yes,yes,True,Karkarduma (Pink Line),1.28,6km+,5,Anand Vihar,1.4,23.65,30,21,4,28.6608095,77.3075455,9.12,Vivek Vihar Tehsil,,4,2022-05-26,2022-07-04,medium,Surajmal Vihar,boundary/administrative,Surajmal Vihar,2022,2022-04-13
Surya Apartment pocket a11,Delhi,unknown,unknown,unknown,unknown,unknown,,unknown,,unknown,unknown,,unknown,,unknown,,unknown,,,,,,,,,,,1,2022-05-10,2022-05-10,none,,,,2022,2022-04-13
"Tagore Garden, Rajouri Garden, Najafgarh Road",Delhi,west,operational,Rajouri Garden (Pink Line),yes,Netaji Subhash Place,5.99,pink,0.68,yes,yes,True,Rajouri Garden (Pink Line),0.68,3-6km,1,Naraina Vihar,1.87,10.31,17,16,11,28.6451121,77.1239332,9.45,Patel Nagar,,1,2022-06-03,2022-06-03,high,Rajouri Garden,place/suburb,Rajouri Garden,2022,2022-04-13
"The Shabad Apartment, Dwarka Sector 13",Delhi,west,operational,Dwarka Sector 13,no,Aerocity,10.06,blue,0.0,yes,yes,True,Dwarka Sector 13,0.0,6km+,0,Shahbad Muhammadpur,5.52,7.74,26,25,6,28.597009,77.0335407,18.6,Dwarka,,1,2022-05-27,2022-05-27,medium,Dwarka Sector 13,railway/station,Dwarka Sector 13,2022,2022-04-13
Tri Nagar,Delhi,east,operational,Mayur Vihar Extension,yes,Noida Film City Sector 16A,2.09,blue,0.88,yes,yes,True,New Ashok Nagar,0.0,0-3km,4,New Ashok Nagar,0.27,20.31,21,10,3,28.5890885,77.3015085,9.35,Mayur Vihar Tehsil,,1,2022-05-05,2022-05-05,medium,New Ashok Nagar,railway/station,Tri Nagar,2022,2022-04-13
Trilokpuri,Delhi,east,operational,Shree Ram Mandir Mayur Vihar,yes,Noida Film City Sector 16A,3.61,pink,0.78,yes,yes,True,Shree Ram Mandir Mayur Vihar,0.78,3-6km,2,New Ashok Nagar,1.64,21.21,58,27,6,28.6056473,77.3066482,9.01,Mayur Vihar Tehsil,,1,2022-04-29,2022-04-29,medium,Trilokpuri,boundary/administrative,Trilokpuri,2022,2022-04-13
"Unity the Amaryllis, Karol Bagh",Delhi,north,operational,Karol Bagh,yes,Connaught Place CBD,3.81,blue,1.0,yes,yes,True,Karol Bagh,1.0,3-6km,2,Delhi Sarai Rohilla,1.15,14.08,30,26,2,28.6529982,77.1890227,3.74,Karol Bagh Tehsil,,1,2022-05-18,2022-05-18,high,Karol Bagh,place/suburb,Karol Bagh,2022,2022-04-13
Uttam Nagar,Delhi,west,operational,Uttam Nagar West,no,Aerocity,9.9,blue,0.53,yes,yes,True,Uttam Nagar West,0.53,6km+,1,Nasirpur,4.99,8.15,28,41,2,28.6215226,77.0611064,15.53,Patel Nagar,,8,2022-05-18,2022-07-07,high,Uttam Nagar,place/suburb,Uttam Nagar,2022,2022-04-13
"V3s East Centre, Laxmi Nagar",Delhi,east,operational,Laxmi Nagar,yes,Connaught Place CBD,5.47,blue,0.65,yes,yes,True,Laxmi Nagar,0.65,3-6km,1,Mandawli Chandra Vihar,1.5,19.55,32,25,10,28.6360238,77.2751283,5.42,Preet Vihar Tehsil,,1,2022-05-10,2022-05-10,high,Laxmi Nagar,place/suburb,Laxmi Nagar,2022,2022-04-13
Vasant Kunj,Delhi,south,none,Chhatarpur,yes,Aerocity,3.93,yellow,3.23,no,no,True,Chhatarpur,3.23,3-6km,2,Delhi Safdarjang,6.67,6.28,18,8,5,28.5292495,77.1541335,13.17,Vasant Vihar Tehsil,,11,2022-05-05,2022-06-16,high,Vasant Kunj,place/suburb,Vasant Kunj,2022,2022-04-13
"Vasant Kunj 2, Vasant Kunj",Delhi,south,none,Chhatarpur,yes,Aerocity,3.93,yellow,3.23,no,no,True,Chhatarpur,3.23,3-6km,2,Delhi Safdarjang,6.67,6.28,18,8,5,28.5292495,77.1541335,13.17,Vasant Vihar Tehsil,,1,2022-07-01,2022-07-01,high,Vasant Kunj,place/suburb,Vasant Kunj,2022,2022-04-13
Vasant Kunj Sector B,Delhi,south,none,Vasant Vihar,yes,Aerocity,3.52,magenta,2.89,no,no,True,Vasant Vihar,2.89,3-6km,2,Delhi Safdarjang,6.41,5.91,18,8,5,28.5330599,77.1519912,12.91,Vasant Vihar Tehsil,,1,2022-06-22,2022-06-22,medium,"Sector B-11, Vasant Kunj",highway/bus_stop,Vasant Kunj Sector B,2022,2022-04-13
Vasant Kunj Sector C,Delhi,south,operational,Chhatarpur,no,Aerocity,6.43,yellow,0.68,yes,yes,True,Chhatarpur,0.68,6km+,2,Delhi Safdarjang,8.15,8.66,11,9,1,28.5103793,77.1694181,14.47,Mehrauli Tehsil,,1,2022-05-27,2022-05-27,medium,Vasant Kunj Sector A Pocket B & C,highway/bus_stop,Vasant Kunj Sector C,2022,2022-04-13
Vasant Vihar,Delhi,south,operational,Vasant Vihar,yes,Bhikaji Cama Place,2.51,magenta,0.32,yes,yes,True,Vasant Vihar,0.32,0-3km,0,Delhi Safdarjang,3.34,6.44,20,12,2,28.5602932,77.1628475,9.79,Vasant Vihar,,2,2022-05-23,2022-06-28,high,Vasant Vihar,place/suburb,Vasant Vihar,2022,2022-04-13
Vasundhara Enclave,Delhi,east,operational,Trilokpuri Sanjay Lake,yes,Noida Film City Sector 16A,3.17,pink,1.77,yes,yes,True,Trilokpuri Sanjay Lake,1.77,3-6km,9,New Ashok Nagar,2.15,22.47,34,21,1,28.6017308,77.3211059,10.48,Mayur Vihar Tehsil,,1,2022-05-05,2022-05-05,medium,Vasundhara Enclave,boundary/administrative,Vasundhara Enclave,2022,2022-04-13
Vikash Nagar,Delhi,west,operational,Janakpuri West,no,Netaji Subhash Place,9.78,magenta,1.18,yes,yes,True,Janakpuri West,1.18,6km+,1,Delhi Cantonment,5.12,9.55,34,19,3,28.638643,77.0731382,14.32,Patel Nagar,,1,2022-04-29,2022-04-29,high,Vikaspuri,place/suburb,Vikash Nagar,2022,2022-04-13
Vikaspuri,Delhi,west,operational,Janakpuri West,no,Netaji Subhash Place,9.78,magenta,1.18,yes,yes,True,Janakpuri West,1.18,6km+,1,Delhi Cantonment,5.12,9.55,34,19,3,28.638643,77.0731382,14.32,Patel Nagar,,3,2022-04-29,2022-07-02,high,Vikaspuri,place/suburb,Vikaspuri,2022,2022-04-13
"Vikram Vihar, Lajpat Nagar",Delhi,south,operational,Moolchand,yes,Nehru Place,2.26,violet,0.3,yes,yes,True,Moolchand,0.3,0-3km,1,Lajpat Nagar,1.81,13.72,41,43,12,28.564122,77.2372705,7.83,Defence Colony Tehsil,,2,2022-05-05,2022-07-03,high,Vikram Vihar,place/neighbourhood,Vikram Vihar Lajpat Nagar,2022,2022-04-13
Vinod Nagar East,Delhi,east,operational,East Vinod Nagar - Mayur Vihar - II,yes,Noida Film City Sector 16A,5.47,pink,0.37,yes,yes,True,East Vinod Nagar - Mayur Vihar - II,0.37,3-6km,2,Mandawli Chandra Vihar,2.0,21.86,51,36,2,28.6227661,77.3075035,8.64,Preet Vihar Tehsil,,1,2022-05-14,2022-05-14,high,East Vinod Nagar,place/neighbourhood,Vinod Nagar East,2022,2022-04-13
Vinod Nagar West,Delhi,east,operational,Mandawali - West Vinod Nagar,yes,Noida Film City Sector 16A,5.73,pink,0.79,yes,yes,True,Mandawali - West Vinod Nagar,0.79,3-6km,1,Mandawli Chandra Vihar,1.06,20.89,64,51,11,28.6231348,77.2966849,7.59,Preet Vihar Tehsil,,1,2022-05-14,2022-05-14,high,West Vinod Nagar,place/neighbourhood,Vinod Nagar West,2022,2022-04-13
"Viswas Park, Matiala",Delhi,west,operational,Nawada,no,Aerocity,10.31,blue,0.67,yes,yes,True,Nawada,0.67,6km+,0,Palam,5.6,8.26,26,32,7,28.6142279,77.0454274,17.13,Patel Nagar,,1,2022-04-29,2022-04-29,medium,Matiala Extension,boundary/administrative,Matiala,2022,2022-04-13
Vivek Vihar,Delhi,east,operational,Dilshad Garden,no,Noida Sector 62 IT Hub,6.81,red,0.89,yes,yes,True,Dilshad Garden,0.89,6km+,5,Vivek Vihar,0.58,25.06,33,20,2,28.668035,77.3194706,10.49,Vivek Vihar Tehsil,,1,2022-06-18,2022-06-18,high,Vivek Vihar,place/suburb,Vivek Vihar,2022,2022-04-13
Vivek Vihar Phase 1,Delhi,east,operational,Jhilmil,no,Noida Sector 62 IT Hub,7.74,red,0.84,yes,yes,True,Jhilmil,0.84,6km+,5,Vivek Vihar,1.14,24.14,30,22,7,28.6696109,77.3073786,9.48,Vivek Vihar Tehsil,,1,2022-06-18,2022-06-18,low,G.G.S.S.S. VIVEK VIHAR PHASE 2,amenity/school,Vivek Vihar Phase 1,2022,2022-04-13
Vivek Vihar Phase 2,Delhi,east,operational,Jhilmil,no,Noida Sector 62 IT Hub,7.74,red,0.84,yes,yes,True,Jhilmil,0.84,6km+,5,Vivek Vihar,1.14,24.14,30,22,7,28.6696109,77.3073786,9.48,Vivek Vihar Tehsil,,1,2022-07-04,2022-07-04,low,G.G.S.S.S. VIVEK VIHAR PHASE 2,amenity/school,Vivek Vihar Phase 2,2022,2022-04-13
West End,Delhi,south,operational,Sir M. Vishweshwaraiah Moti Bagh,yes,Bhikaji Cama Place,2.46,pink,1.31,yes,yes,True,Sir M. Vishweshwaraiah Moti Bagh,1.31,0-3km,0,Chanakyapuri,2.06,6.79,27,16,2,28.5747614,77.1630662,8.5,Vasant Vihar Tehsil,,1,2022-06-28,2022-06-28,high,West End,place/neighbourhood,West End,2022,2022-04-13
" Beeramguda, Ramachandra Puram, NH 9",Hyderabad,west,none,miyapur metro,no,Gachibowli IT Corridor,9.35,red,7.92,no,no,True,miyapur metro,7.92,6km+,1,Ramachandrapuram TS,2.09,32.12,10,13,6,17.5163573,78.3010473,24.52,,Telangana,1,2022-06-06,2022-06-06,high,Beeramguda,place/neighbourhood,Beeramguda,2022,2022-04-13
" in Boduppal, NH 2 2",Hyderabad,east,operational,L. B. Nagar Metro Station,yes,Uppal IT Park,4.7,red,2.32,yes,yes,True,L. B. Nagar Metro Station,2.32,3-6km,1,Vidyanagar,7.49,19.85,7,16,9,17.3605753,78.5666476,8.91,,Telangana,1,2022-06-24,2022-06-24,high,Hanuman Nagar 2,place/neighbourhood,NH 2 2,2022,2022-04-13
" in Erragadda, NH 9",Hyderabad,north,operational,ESI Hospital,yes,Jubilee Hills Road No 36 Commercial,3.35,red,0.33,yes,yes,True,ESI Hospital,0.33,3-6km,40,Sanat Nagar,1.5,22.11,45,90,30,17.4487999,78.4356074,8.93,Ward 101 Erragadda,Telangana,1,2022-06-29,2022-06-29,high,Erragadda,place/suburb,in Erragadda,2022,2022-04-13
" in Miyapur, NH 9",Hyderabad,north,operational,miyapur metro,yes,HITEC City Madhapur,5.89,red,1.71,yes,yes,True,miyapur metro,1.71,3-6km,14,Hafeezpet,1.87,28.33,21,20,16,17.4981608,78.3567628,18.66,Ward 108 Miyapur,Telangana,1,2022-06-30,2022-06-30,high,Miyapur,place/suburb,in Miyapur,2022,2022-04-13
5-20 Adharshnagar,Hyderabad,east,operational,Victoria Memorial,yes,Uppal IT Park,4.62,red,0.69,yes,yes,True,Victoria Memorial,0.69,3-6km,2,Vidyanagar,6.08,18.65,14,46,31,17.3622691,78.5504213,7.22,,Telangana,1,2022-06-18,2022-06-18,medium,Ward 20 RK Puram,boundary/administrative,5-20 Adharshnagar,2022,2022-04-13
A 307 Blossom Heights,Hyderabad,unknown,unknown,unknown,unknown,unknown,,unknown,,unknown,unknown,,unknown,,unknown,,unknown,,,,,,,,,,,1,2022-04-29,2022-04-29,none,,,,2022,2022-04-13
Abhyudaya Nagar,Hyderabad,east,operational,L. B. Nagar Metro Station,no,Uppal IT Park,7.22,red,2.24,yes,yes,True,L. B. Nagar Metro Station,2.24,6km+,1,Yakutpura,8.09,18.22,11,44,21,17.3376608,78.564716,9.81,Ward 15 Vanasthalipuram,Telangana,1,2022-05-25,2022-05-25,high,Abhyudaya Nagar,place/neighbourhood,Abhyudaya Nagar,2022,2022-04-13
"Abids, NH 7",Hyderabad,south,operational,Gandhi Bhavan,no,Jubilee Hills Road No 36 Commercial,8.46,red,0.57,yes,yes,True,Gandhi Bhavan,0.57,6km+,4,Hyderabad Deccan Nampally,1.07,16.62,50,92,13,17.3894783,78.477182,1.13,Ward 77 Jambagh,Telangana,1,2022-05-12,2022-05-12,high,Abids,place/suburb,Abids NH 7,2022,2022-04-13
Adibatla,Hyderabad,south,none,L. B. Nagar Metro Station,no,Uppal IT Park,18.9,red,12.94,no,no,True,L. B. Nagar Metro Station,12.94,6km+,0,Falaknuma,13.1,11.66,0,0,0,17.2335629,78.5418961,17.83,,Telangana,1,2022-06-09,2022-06-09,high,Adibhatla,place/village,Adibatla,2022,2022-04-13
Adikmet,Hyderabad,east,operational,Musheerabad,yes,Uppal IT Park,5.17,green,1.71,yes,yes,True,Musheerabad,1.71,3-6km,2,Jamai Osmania,0.58,20.29,92,46,16,17.4095495,78.5130943,3.91,Ward 85 Adikmet,Telangana,1,2022-05-12,2022-05-12,high,Adikmet,place/neighbourhood,Adikmet,2022,2022-04-13
Akhilandeswari Nagar,Hyderabad,south,none,L. B. Nagar Metro Station,no,Uppal IT Park,9.83,red,4.87,no,no,True,L. B. Nagar Metro Station,4.87,6km+,0,Yakutpura,10.2,17.9,7,14,14,17.3152495,78.5760196,12.25,Ward 14 BN Reddy Nagar,Telangana,1,2022-05-12,2022-05-12,high,Akhilandeshwari Colony,place/neighbourhood,Akhilandeswari Nagar,2022,2022-04-13
Akkineni Homes Yousufguda,Hyderabad,north,operational,Madhura Nagar,yes,Jubilee Hills Road No 36 Commercial,3.26,blue,0.13,yes,yes,True,Madhura Nagar,0.13,3-6km,27,Nature Cure Hospital,1.56,20.91,64,119,35,17.4374808,78.4402092,7.64,Ward 99 Vengal Rao Nagar,Telangana,1,2022-06-29,2022-06-29,low,Positive Homeopathy clinic,amenity/clinic,Akkineni Homes Yousufguda,2022,2022-04-13
"Akshya nagar, Raghavendra colony, Road no:4,Boduppal",Hyderabad,north,none,JBS,no,Nacharam Industrial Area,6.98,green,5.47,no,no,True,JBS,5.47,6km+,2,Ammuguda,0.34,28.7,5,7,7,17.4859267,78.5302953,12.14,Malkajgiri,Telangana,1,2022-05-25,2022-05-25,high,Raghavendra Colony,place/neighbourhood,Raghavendra colony,2022,2022-04-13
Ali Bagh Kala pather,Hyderabad,unknown,unknown,unknown,unknown,unknown,,unknown,,unknown,unknown,,unknown,,unknown,,unknown,,,,,,,,,,,1,2022-06-25,2022-06-25,none,,,,2022,2022-04-13
"Alijapur, Qutub Shahi Tombs",Hyderabad,west,none,Peddamma Gudi,yes,Jubilee Hills Road No 36 Commercial,4.97,blue,4.86,no,no,True,Peddamma Gudi,4.86,3-6km,20,Borabanda,7.82,15.98,7,11,12,17.391189,78.3886329,10.43,Ibrahim Bagh,Telangana,1,2022-05-06,2022-05-06,high,Alijapur,place/neighbourhood,Alijapur,2022,2022-04-13
"Alkapur Township, Hyderabad",Hyderabad,west,none,Raidurg,yes,Kokapet SEZ,3.62,blue,5.39,no,no,True,Raidurg,5.39,3-6km,31,Borabanda,8.18,16.74,8,7,13,17.3940158,78.3717906,12.23,Narsingi,Telangana,1,2022-07-06,2022-07-06,high,Alkapur Township,place/neighbourhood,Alkapur Township Hyderabad,2022,2022-04-13
"Alkapur Township, Manikonda, Outer Ring Road",Hyderabad,west,none,Raidurg,yes,Kokapet SEZ,3.62,blue,5.39,no,no,True,Raidurg,5.39,3-6km,31,Borabanda,8.18,16.74,8,7,13,17.3940158,78.3717906,12.23,Narsingi,Telangana,3,2022-07-05,2022-07-08,high,Alkapur Township,place/neighbourhood,Alkapur Township,2022,2022-04-13
Allwyn Colony,Hyderabad,north,operational,KPHB Colony,no,HITEC City Madhapur,7.72,red,1.83,yes,yes,True,KPHB Colony,1.83,6km+,9,Bharath Nagar,4.91,28.23,18,34,19,17.5043618,78.4149849,15.3,Ward 124 Alwyn Colony,Telangana,2,2022-04-30,2022-07-02,high,Allwyn Colony,place/neighbourhood,Allwyn Colony,2022,2022-04-13
Almasguda,Hyderabad,south,none,L. B. Nagar Metro Station,no,Uppal IT Park,10.89,red,4.88,no,no,True,L. B. Nagar Metro Station,4.88,6km+,0,Huppuguda,6.51,13.67,3,3,4,17.3083337,78.5330493,9.84,,Telangana,3,2022-06-14,2022-07-07,high,Almasguda,place/suburb,Almasguda,2022,2022-04-13
Alwal,Hyderabad,north,none,JBS,no,Nacharam Industrial Area,9.78,green,6.08,no,no,True,JBS,6.08,6km+,1,Alwal,0.69,29.55,2,11,4,17.5022292,78.5088584,13.25,Ward 134 Alwal,Telangana,5,2022-05-17,2022-07-10,high,Alwal,place/suburb,Alwal,2022,2022-04-13
"Ambedkar Nagar-Boduppal, Secunderabad",Hyderabad,east,operational,Secunderabad West,no,Nacharam Industrial Area,6.97,green,0.12,yes,yes,True,Secunderabad West,0.12,6km+,3,Secunderabad Junction,0.15,22.12,33,64,12,17.4337246,78.5006827,5.62,Hyderabad,Telangana,1,2022-05-02,2022-05-02,medium,Secunderabad,place/city,Secunderabad,2022,2022-04-13
Amberpet,Hyderabad,east,operational,New Market,yes,Uppal IT Park,5.59,red,1.67,yes,yes,True,New Market,1.67,3-6km,3,Kacheguda,1.34,17.97,69,57,9,17.3861776,78.5114709,2.63,,Telangana,8,2022-04-30,2022-07-02,medium,Amberpet mandal,boundary/administrative,Amberpet,2022,2022-04-13
Ameenpur,Hyderabad,north,none,miyapur metro,no,Gachibowli IT Corridor,11.74,red,8.67,no,no,True,miyapur metro,8.67,6km+,0,Ramachandrapuram TS,4.57,34.68,0,0,0,17.5435893,78.3076646,25.92,,Telangana,2,2022-05-25,2022-07-05,medium,Ameenpur mandal,boundary/administrative,Ameenpur,2022,2022-04-13
Aminpur,Hyderabad,south,none,Synchrony @ Raidurg,no,Kokapet SEZ,14.65,blue,20.52,no,no,True,Synchrony @ Raidurg,20.52,6km+,0,Umdanagar,11.1,14.1,0,0,0,17.2776155,78.2896631,24.08,,Telangana,2,2022-05-02,2022-05-25,high,Amdapur,place/village,Aminpur,2022,2022-04-13
Ammenpur,Hyderabad,north,none,miyapur metro,no,Gachibowli IT Corridor,9.08,red,5.99,no,no,True,miyapur metro,5.99,6km+,1,Chandanagar,4.15,32.03,1,0,1,17.523826,78.3241948,23.14,,Telangana,1,2022-05-05,2022-05-05,high,Ameenapur,place/village,Ammenpur,2022,2022-04-13
"Anand Nagar-Khairatabad, NH 7",Hyderabad,west,operational,Khairatabad,yes,Jubilee Hills Road No 36 Commercial,5.01,red,0.78,yes,yes,True,Khairatabad,0.78,3-6km,7,Khairatabad,0.78,18.45,44,82,25,17.4131969,78.4537417,4.7,Ward 91 Khairatabad,Telangana,2,2022-07-02,2022-07-02,high,Anand Nagar,place/neighbourhood,Anand Nagar-Khairatabad,2022,2022-04-13
"Anandbagh, Secunderabad, Moula Ali Road",Hyderabad,east,none,Mettuguda,yes,Nacharam Industrial Area,3.56,blue,3.43,no,no,True,Mettuguda,3.43,3-6km,2,Safilguda,1.2,26.41,12,22,6,17.456628,78.5431747,9.97,Ward 139 East Anand Bagh,Telangana,1,2022-07-06,2022-07-06,high,Anand Bagh,place/neighbourhood,Anandbagh,2022,2022-04-13
Anupuram Colony,Hyderabad,east,none,Mettuguda,yes,Nacharam Industrial Area,5.37,blue,6.52,no,no,True,Mettuguda,6.52,3-6km,1,Neredmet,2.31,29.57,9,28,16,17.4811263,78.5581937,13.11,Ward 2 Dr A S Rao Nagar,Telangana,1,2022-06-25,2022-06-25,low,Brindavan Colony,highway/residential,Anupuram Colony,2022,2022-04-13
aparna sarovar grande,Hyderabad,west,none,miyapur metro,yes,Gachibowli IT Corridor,4.57,red,7.45,no,no,True,miyapur metro,7.45,3-6km,2,Lingampalli,2.14,26.5,12,7,6,17.4650661,78.3106773,20.69,,Telangana,1,2022-06-29,2022-06-29,medium,Aparna Sarovar Grande,landuse/residential,aparna sarovar grande,2022,2022-04-13
"APHB Colony-Moula Ali, Moula Ali Road",Hyderabad,east,none,Tarnaka,yes,Nacharam Industrial Area,3.43,blue,5.33,no,no,True,Tarnaka,5.33,3-6km,1,Moula Ali,2.85,28.15,10,27,11,17.4640196,78.5619593,11.87,,Telangana,1,2022-06-02,2022-06-02,low,Moula-ali - SP Nagar - ECIL Road,highway/primary,APHB Colony-Moula Ali Moula Ali Road,2022,2022-04-13
Aruna Colony,Hyderabad,west,none,Jubilee Hills Checkpost,yes,Jubilee Hills Road No 36 Commercial,3.6,blue,3.35,no,no,True,Jubilee Hills Checkpost,3.35,3-6km,34,Khairatabad,5.86,16.51,10,20,8,17.3985623,78.4079777,8.49,,Telangana,1,2022-05-17,2022-05-17,high,Aruna Colony,place/neighbourhood,Aruna Colony,2022,2022-04-13
"Arvind Nagar Colony, Toli Chowki",Hyderabad,west,none,Jubilee Hills Checkpost,yes,Jubilee Hills Road No 36 Commercial,3.3,blue,3.11,no,no,True,Jubilee Hills Checkpost,3.11,3-6km,55,Khairatabad,6.2,16.91,12,19,13,17.4018341,78.4037871,8.99,Ward 94 Shaikpet,Telangana,1,2022-05-10,2022-05-10,high,Arvind Nagar Colony,place/neighbourhood,Arvind Nagar Colony,2022,2022-04-13
"Ashok Nagar, Himayath Nagar",Hyderabad,west,none,Synchrony @ Raidurg,no,Kokapet SEZ,7.21,blue,13.26,no,no,True,Synchrony @ Raidurg,13.26,6km+,0,Umdanagar,12.63,15.65,5,1,0,17.3428259,78.3081392,19.52,,Telangana,4,2022-05-18,2022-07-10,high,Himayath Nagar,place/village,Himayath Nagar,2022,2022-04-13
Asif Nagar,Hyderabad,south,none,Nampally,no,Jubilee Hills Road No 36 Commercial,6.17,red,3.11,no,no,True,Nampally,3.11,6km+,4,Hyderabad Deccan Nampally,2.85,15.08,62,46,15,17.3843701,78.4421052,4.73,,Telangana,1,2022-07-06,2022-07-06,medium,Asif Nagar mandal,boundary/administrative,Asif Nagar,2022,2022-04-13
Attapur,Hyderabad,south,none,Gandhi Bhavan,no,Jubilee Hills Road No 36 Commercial,7.4,red,4.96,no,no,True,Gandhi Bhavan,4.96,6km+,0,Shah Ali Banda Metro Station,4.71,13.03,20,23,9,17.3672244,78.4307278,6.26,Ward 61 Attapur,Telangana,14,2022-04-30,2022-07-08,high,Attapur,place/suburb,Attapur,2022,2022-04-13
"Ayodhya Nagar, Quthbullapur",Hyderabad,north,none,Balanagar,no,Jubilee Hills Road No 36 Commercial,10.06,red,5.26,no,no,True,Balanagar,5.26,6km+,0,Suchitra Centre,2.61,28.99,19,26,5,17.508515,78.4588376,14.05,Ward 132 Jeedimetla,Telangana,1,2022-06-29,2022-06-29,high,Ayodhya Nagar,place/neighbourhood,Ayodhya Nagar Quthbullapur,2022,2022-04-13
"B N Reddy Nagar, Nagarjuna Sagar Road",Hyderabad,south,none,L. B. Nagar Metro Station,no,Uppal IT Park,9.2,red,3.68,no,no,True,L. B. Nagar Metro Station,3.68,6km+,0,Yakutpura,8.69,16.96,7,21,8,17.3197609,78.5623061,10.82,Ward 14 BN Reddy Nagar,Telangana,1,2022-05-20,2022-05-20,high,BN Reddy Nagar,place/neighbourhood,B N Reddy Nagar,2022,2022-04-13
B.S.Maktha,Hyderabad,north,operational,Begumpet,yes,Jubilee Hills Road No 36 Commercial,5.23,blue,0.89,yes,yes,True,Begumpet,0.89,3-6km,7,Necklace Road,0.83,20.41,31,75,35,17.4299852,78.459582,5.77,Ward 97 Somajiguda,Telangana,1,2022-06-14,2022-06-14,high,B.S.Makhta,place/neighbourhood,B.S.Maktha,2022,2022-04-13
Bachupally,Hyderabad,north,none,Miyapur,no,HITEC City Madhapur,10.45,red,5.05,no,no,True,Miyapur,5.05,6km+,0,Hafeezpet,6.52,32.85,14,5,3,17.5410548,78.3635484,21.72,,Telangana,3,2022-05-06,2022-07-02,high,Bachupally,place/suburb,Bachupally,2022,2022-04-13
Badesahebguda,Hyderabad,unknown,unknown,unknown,unknown,unknown,,unknown,,unknown,unknown,,unknown,,unknown,,unknown,,,,,,,,,,,1,2022-06-28,2022-06-28,none,,,,2022,2022-04-13
Balanagar,Hyderabad,north,none,Erragadda,no,Jubilee Hills Road No 36 Commercial,6.2,red,2.54,no,no,True,Erragadda,2.54,6km+,4,Ferozguda,0.53,24.29,7,16,2,17.4661977,78.4554851,9.62,,Telangana,2,2022-05-12,2022-05-12,medium,Balanagar mandal,boundary/administrative,Balanagar,2022,2022-04-13
Balapur,Hyderabad,south,none,L. B. Nagar Metro Station,no,Uppal IT Park,12.21,red,6.78,no,no,True,L. B. Nagar Metro Station,6.78,6km+,0,Falaknuma,3.67,10.78,0,5,0,17.3096061,78.4999427,8.5,,Telangana,1,2022-05-04,2022-05-04,high,Balapur,place/village,Balapur,2022,2022-04-13
"Balapur X road,Triveni nagar",Hyderabad,south,none,L. B. Nagar Metro Station,no,Uppal IT Park,8.3,red,3.05,no,no,True,L. B. Nagar Metro Station,3.05,6km+,2,Yakutpura,4.01,14.6,9,35,3,17.3379464,78.5220315,6.44,Jillelaguda,Telangana,1,2022-07-05,2022-07-05,low,jellelaguda x road,highway/residential,Balapur X road Triveni nagar,2022,2022-04-13
Bandam Kommu,Hyderabad,west,none,miyapur metro,no,Gachibowli IT Corridor,8.1,red,6.09,no,no,True,miyapur metro,6.09,6km+,1,Chandanagar,3.16,31.03,11,18,3,17.5121587,78.3177607,22.83,Ameenapur,Telangana,2,2022-05-18,2022-05-28,high,Bandam Kommu,place/hamlet,Bandam Kommu,2022,2022-04-13
Bandari Layout,Hyderabad,unknown,unknown,unknown,unknown,unknown,,unknown,,unknown,unknown,,unknown,,unknown,,unknown,,,,,,,,,,,1,2022-07-09,2022-07-09,none,,,,2022,2022-04-13
Bandlaguda Jagir,Hyderabad,south,none,Jubilee Hills Checkpost,no,Kokapet SEZ,7.87,blue,8.96,no,no,True,Jubilee Hills Checkpost,8.96,6km+,0,NPA Shivaram Pally,5.75,11.54,15,6,6,17.3506317,78.3907531,10.88,,Telangana,11,2022-05-06,2022-07-08,high,Bandlaguda Jagir,place/village,Bandlaguda Jagir,2022,2022-04-13
"Bandlaguda Jagir,, Hyderabad",Hyderabad,south,none,Jubilee Hills Checkpost,no,Kokapet SEZ,7.87,blue,8.96,no,no,True,Jubilee Hills Checkpost,8.96,6km+,0,NPA Shivaram Pally,5.75,11.54,15,6,6,17.3506317,78.3907531,10.88,,Telangana,1,2022-07-02,2022-07-02,high,Bandlaguda Jagir,place/village,Bandlaguda Jagir,2022,2022-04-13
"Banjara Hills, NH 9",Hyderabad,west,operational,Panjagutta,yes,Jubilee Hills Road No 36 Commercial,3.46,red,1.7,yes,yes,True,Panjagutta,1.7,3-6km,11,Khairatabad,2.31,18.72,32,80,22,17.4177464,78.4399014,6.16,Ward 92 Venkateshwara Colony,Telangana,17,2022-04-30,2022-07-08,high,Banjara Hills,place/suburb,Banjara Hills NH 9,2022,2022-04-13
"Bapu Nagar, Lakdikapul",Hyderabad,east,operational,Gandhi Hospital,yes,Uppal IT Park,5.97,green,0.89,yes,yes,True,Gandhi Hospital,0.89,3-6km,3,Arts College,1.28,21.09,71,44,16,17.4201763,78.5081639,4.53,Ward 86 Musheerabad,Telangana,1,2022-06-30,2022-06-30,high,Bapu Nagar,place/neighbourhood,Bapu Nagar Lakdikapul,2022,2022-04-13
Bapu Nagar-Langar Houz,Hyderabad,south,none,Nampally,no,Jubilee Hills Road No 36 Commercial,6.06,red,5.54,no,no,True,Nampally,5.54,6km+,0,Hyderabad Deccan Nampally,5.28,14.09,10,24,10,17.3772282,78.4204488,7.08,,Telangana,1,2022-05-25,2022-05-25,low,Langar House Flyover,highway/trunk,Bapu Nagar-Langar Houz,2022,2022-04-13
"Basheer Bagh, Hyderabad,",Hyderabad,east,operational,Assembly,no,Jubilee Hills Road No 36 Commercial,7.69,red,1.09,yes,yes,True,Assembly,1.09,6km+,5,Lakdi-ka-pul,1.51,18.3,56,93,26,17.4053896,78.4776447,2.46,,Telangana,1,2022-05-18,2022-05-18,high,Basheer Bagh,place/suburb,Basheer Bagh Hyderabad,2022,2022-04-13
"Basheer Bagh, NH 7",Hyderabad,east,operational,Assembly,no,Jubilee Hills Road No 36 Commercial,7.69,red,1.09,yes,yes,True,Assembly,1.09,6km+,5,Lakdi-ka-pul,1.51,18.3,56,93,26,17.4053896,78.4776447,2.46,,Telangana,3,2022-05-14,2022-06-24,high,Basheer Bagh,place/suburb,Basheer Bagh,2022,2022-04-13
"Beeramguda, Ramachandra Puram, NH 9",Hyderabad,west,none,miyapur metro,no,Gachibowli IT Corridor,9.35,red,7.92,no,no,True,miyapur metro,7.92,6km+,1,Ramachandrapuram TS,2.09,32.12,10,13,6,17.5163573,78.3010473,24.52,,Telangana,10,2022-05-06,2022-07-06,high,Beeramguda,place/neighbourhood,Beeramguda,2022,2022-04-13
Begumpet,Hyderabad,north,operational,Prakash Nagar,yes,Jubilee Hills Road No 36 Commercial,5.85,blue,0.34,yes,yes,True,Prakash Nagar,0.34,3-6km,8,Begumpet,0.98,22.24,20,36,20,17.446195,78.463016,7.25,Ward 149 Begumpet,Telangana,6,2022-05-12,2022-07-06,high,Begumpet,place/suburb,Begumpet,2022,2022-04-13
"Bhagya Nagar Colony, Secunderabad",Hyderabad,south,operational,L. B. Nagar Metro Station,no,Uppal IT Park,7.02,red,1.64,yes,yes,True,L. B. Nagar Metro Station,1.64,6km+,2,Yakutpura,4.65,16.03,8,36,12,17.3452888,78.5332108,6.62,Ward 18 Lingojiguda,Telangana,2,2022-06-14,2022-06-30,high,Bhagya Nagar Colony,place/neighbourhood,Bhagya Nagar Colony Secunderabad,2022,2022-04-13
"Bharat Nagar, Moosapet",Hyderabad,north,operational,Moosapet,yes,Jubilee Hills Road No 36 Commercial,4.33,red,0.69,yes,yes,True,Moosapet,0.69,3-6km,68,Bharath Nagar,1.2,24.24,20,33,14,17.4685307,78.4206695,11.63,Ward 117 Moosapet,Telangana,1,2022-06-19,2022-06-19,high,Moosapet,place/suburb,Moosapet,2022,2022-04-13
Bheeram guda,Hyderabad,unknown,unknown,unknown,unknown,unknown,,unknown,,unknown,unknown,,unknown,,unknown,,unknown,,,,,,,,,,,1,2022-05-05,2022-05-05,none,,,,2022,2022-04-13
BHEL,Hyderabad,west,none,miyapur metro,no,Gachibowli IT Corridor,6.82,red,7.15,no,no,True,miyapur metro,7.15,6km+,2,Lingampalli,1.57,29.35,32,17,8,17.4911038,78.3055757,22.55,,Telangana,4,2022-05-06,2022-06-09,high,BHEL Township,place/suburb,BHEL,2022,2022-04-13
BN Reddy Nagar,Hyderabad,south,none,L. B. Nagar Metro Station,no,Uppal IT Park,9.2,red,3.68,no,no,True,L. B. Nagar Metro Station,3.68,6km+,0,Yakutpura,8.69,16.96,7,21,8,17.3197609,78.5623061,10.82,Ward 14 BN Reddy Nagar,Telangana,1,2022-06-28,2022-06-28,high,BN Reddy Nagar,place/neighbourhood,BN Reddy Nagar,2022,2022-04-13
"Boduppal, NH 2 2",Hyderabad,east,operational,L. B. Nagar Metro Station,yes,Uppal IT Park,4.7,red,2.32,yes,yes,True,L. B. Nagar Metro Station,2.32,3-6km,1,Vidyanagar,7.49,19.85,7,16,9,17.3605753,78.5666476,8.91,,Telangana,11,2022-05-06,2022-07-05,high,Hanuman Nagar 2,place/neighbourhood,NH 2 2,2022,2022-04-13
"Bolarum, Medchal Road",Hyderabad,north,none,JBS,no,Nacharam Industrial Area,12.0,green,9.23,no,no,True,JBS,9.23,6km+,0,Bolarum,0.36,32.69,3,2,0,17.529823,78.5155062,16.39,Ward 133 Macha Bolarum,Telangana,7,2022-05-06,2022-07-06,high,Bolarum,place/suburb,Bolarum,2022,2022-04-13
"Bollaram, Outer Ring Road",Hyderabad,north,none,Miyapur,no,HITEC City Madhapur,12.06,red,6.76,no,no,True,Miyapur,6.76,6km+,0,Chandanagar,7.77,34.5,6,3,3,17.5542504,78.3530366,23.56,,Telangana,1,2022-05-16,2022-05-16,high,Bollaram,place/suburb,Bollaram,2022,2022-04-13
"Bongloor, Outer Ring Road",Hyderabad,south,none,Jubilee Hills Checkpost,no,Kokapet SEZ,9.06,blue,12.07,no,no,True,Jubilee Hills Checkpost,12.07,6km+,0,Budvel,5.76,9.76,4,0,1,17.3266093,78.3736356,13.64,,Telangana,1,2022-05-12,2022-05-12,low,Outer Ring Road,highway/motorway,Bongloor Outer Ring Road,2022,2022-04-13
Borabanda,Hyderabad,north,operational,Erragadda,yes,Jubilee Hills Road No 36 Commercial,2.38,red,2.01,yes,yes,True,Erragadda,2.01,0-3km,91,Borabanda,1.15,22.37,25,34,17,17.45167,78.415421,10.59,,Telangana,3,2022-05-20,2022-06-25,high,Borabanda,place/suburb,Borabanda,2022,2022-04-13
Bowenpally,Hyderabad,north,operational,Prakash Nagar,no,Jubilee Hills Road No 36 Commercial,7.52,blue,2.03,yes,yes,True,Prakash Nagar,2.03,6km+,4,Ferozguda,1.43,24.17,14,30,10,17.4617293,78.4733842,8.65,Rasoolpura,Telangana,2,2022-06-15,2022-06-25,medium,Bowenpally,highway/bus_stop,Bowenpally,2022,2022-04-13
"Buddha Nagar Colony, Boduppal",Hyderabad,east,none,Uppal,yes,Nacharam Industrial Area,2.29,blue,3.28,no,no,True,Uppal,3.28,0-3km,1,Moula Ali,4.11,25.62,17,15,14,17.4200755,78.5827841,10.92,,Telangana,1,2022-06-04,2022-06-04,high,Boduppal,place/suburb,Boduppal,2022,2022-04-13
Budwel,Hyderabad,south,none,Gandhi Bhavan,no,Kokapet SEZ,10.42,red,9.24,no,no,True,Gandhi Bhavan,9.24,6km+,0,Budvel,3.25,9.28,13,1,0,17.33298,78.406191,10.32,Ward 60 Rajendra Nagar,Telangana,1,2022-06-02,2022-06-02,high,Budvel,place/suburb,Budwel,2022,2022-04-13
Camelot Layout,Hyderabad,unknown,unknown,unknown,unknown,unknown,,unknown,,unknown,unknown,,unknown,,unknown,,unknown,,,,,,,,,,,1,2022-05-16,2022-05-16,none,,,,2022,2022-04-13
"Champapet, Koti",Hyderabad,south,operational,Sultan Bazar,no,Uppal IT Park,8.47,green,0.05,yes,yes,True,Sultan Bazar,0.05,6km+,3,Malakpet,1.5,16.41,46,84,14,17.3847309,78.4836642,0.32,Ward 77 Jambagh,Telangana,1,2022-05-01,2022-05-01,high,Koti,place/suburb,Koti,2022,2022-04-13
Chanchalguda,Hyderabad,south,operational,New Market,no,Uppal IT Park,7.9,red,0.97,yes,yes,True,New Market,0.97,6km+,2,Dabirpura,0.69,15.36,16,49,7,17.3673732,78.4965799,2.22,Ward 29 Chawni,Telangana,1,2022-05-20,2022-05-20,high,Chanchalguda,place/neighbourhood,Chanchalguda,2022,2022-04-13
Chanda Nagar,Hyderabad,west,none,Synchrony @ Raidurg,no,Kokapet SEZ,8.73,blue,14.46,no,no,True,Synchrony @ Raidurg,14.46,6km+,0,Nagalapalli,10.17,21.68,0,0,0,17.373791,78.2612479,23.96,,Telangana,6,2022-05-12,2022-07-06,high,Chanda Nagar,place/village,Chanda Nagar,2022,2022-04-13
"Chanda Naik Nagar, Madhapur",Hyderabad,west,operational,Durgam Cheruvu,yes,Mindspace IT Park,0.75,blue,0.49,yes,yes,True,Durgam Cheruvu,0.49,0-3km,90,Borabanda,2.66,21.37,41,26,20,17.4408924,78.3916304,11.85,Ward 104 Kondapur,Telangana,2,2022-05-10,2022-07-04,high,Madhapur,place/suburb,Madhapur,2022,2022-04-13
"Chandanagar, NH 9",Hyderabad,west,none,miyapur metro,yes,Gachibowli IT Corridor,5.92,red,5.11,no,no,True,miyapur metro,5.11,3-6km,3,Chandanagar,1.07,28.84,28,36,18,17.4936092,78.3246428,21.01,Ward 109 Hafeezpet,Telangana,5,2022-05-06,2022-07-08,high,Chandanagar,place/suburb,Chandanagar,2022,2022-04-13
Chandrayanguttabalguda,Hyderabad,unknown,unknown,unknown,unknown,unknown,,unknown,,unknown,unknown,,unknown,,unknown,,unknown,,,,,,,,,,,1,2022-04-30,2022-04-30,none,,,,2022,2022-04-13
"Chandulal bela colony, shahalibanda",Hyderabad,south,none,Mahatma Gandhi Bus Station (Red Line),no,Jubilee Hills Road No 36 Commercial,10.83,red,3.35,no,no,True,Mahatma Gandhi Bus Station (Red Line),3.35,6km+,1,Shah Ali Banda Metro Station,0.16,12.68,12,35,2,17.3530537,78.4717538,3.89,Hyderabad,Telangana,1,2022-05-13,2022-05-13,high,Shah Ali Banda,place/suburb,shahalibanda,2022,2022-04-13
Chilakalguda,Hyderabad,east,operational,Secunderabad East,no,Nacharam Industrial Area,6.29,blue,0.5,yes,yes,True,Secunderabad East,0.5,6km+,4,Secunderabad Junction,0.6,22.18,42,58,15,17.4315325,78.5071619,5.61,Ward 144 Mettuguda,Telangana,1,2022-06-10,2022-06-10,high,Chilkalguda,place/suburb,Chilakalguda,2022,2022-04-13
"Chintal, NH 7",Hyderabad,south,operational,Khairatabad,yes,Jubilee Hills Road No 36 Commercial,5.49,red,0.45,yes,yes,True,Khairatabad,0.45,3-6km,7,Khairatabad,0.56,18.14,48,83,22,17.4096785,78.4570516,4.17,Ward 93 Banjara Hills,Telangana,1,2022-06-18,2022-06-18,high,Chintal Basti,place/neighbourhood,Chintal,2022,2022-04-13
Chintalakunta,Hyderabad,east,operational,L. B. Nagar Metro Station,no,Uppal IT Park,6.5,red,1.79,yes,yes,True,L. B. Nagar Metro Station,1.79,6km+,1,Yakutpura,7.79,18.52,9,39,19,17.3441101,78.5636781,9.35,Ward 12 Mansoorabad,Telangana,2,2022-05-06,2022-05-25,high,Chintalkunta,place/suburb,Chintalakunta,2022,2022-04-13
Dammaiguda,Hyderabad,east,none,Tarnaka,no,Infosys Pocharam SEZ,7.99,blue,10.73,no,no,True,Tarnaka,10.73,6km+,1,Charlapalli,5.29,33.56,1,9,8,17.5038613,78.5913259,17.26,,Telangana,5,2022-05-03,2022-07-06,high,Dammaiguda,place/village,Dammaiguda,2022,2022-04-13
Deepthisri nagar colony,Hyderabad,west,none,miyapur metro,no,Gachibowli IT Corridor,6.09,red,3.52,no,no,True,miyapur metro,3.52,6km+,2,Chandanagar,1.59,28.96,20,33,22,17.499603,78.3397686,20.13,Ward 110 Chandanagar,Telangana,1,2022-05-06,2022-05-06,high,Deepthisree Nagar,place/neighbourhood,Deepthisri nagar colony,2022,2022-04-13
Defence Colony Layout,Hyderabad,east,none,L. B. Nagar Metro Station,no,Uppal IT Park,10.85,red,7.66,no,no,True,L. B. Nagar Metro Station,7.66,6km+,0,Yakutpura,13.53,21.35,6,4,4,17.3176682,78.6117136,15.23,Ward 13 Hayath Nagar,Telangana,1,2022-07-06,2022-07-06,high,Defence Colony,place/neighbourhood,Defence Colony Layout,2022,2022-04-13
Dellapur,Hyderabad,unknown,unknown,unknown,unknown,unknown,,unknown,,unknown,unknown,,unknown,,unknown,,unknown,,,,,,,,,,,1,2022-06-24,2022-06-24,none,,,,2022,2022-04-13
Dharmapuri Colony,Hyderabad,east,operational,Uppal,yes,Uppal IT Park,0.51,blue,0.82,yes,yes,True,Uppal,0.82,0-3km,2,Moula Ali,4.01,23.12,18,23,25,17.4067125,78.5632555,8.47,Ward 7 Chilka Nagar,Telangana,1,2022-06-14,2022-06-14,high,Dharmapuri Colony,place/neighbourhood,Dharmapuri Colony,2022,2022-04-13
Dhulapally,Hyderabad,unknown,unknown,unknown,unknown,unknown,,unknown,,unknown,unknown,,unknown,,unknown,,unknown,,,,,,,,,,,1,2022-06-02,2022-06-02,none,,,,2022,2022-04-13
"Dilsukh Nagar, NH 9",Hyderabad,east,operational,Dilsukh Nagar,yes,Uppal IT Park,5.32,red,0.04,yes,yes,True,Dilsukh Nagar,0.04,3-6km,2,Malakpet,3.38,17.33,52,57,25,17.3688679,78.5256198,4.5,,Telangana,2,2022-05-11,2022-06-14,high,Dilsukh Nagar,place/suburb,Dilsukh Nagar,2022,2022-04-13
"DNM Colony, Sanath Nagar",Hyderabad,north,operational,ESI Hospital,yes,Jubilee Hills Road No 36 Commercial,4.36,red,0.86,yes,yes,True,ESI Hospital,0.86,3-6km,12,Fateh Nagar,0.71,22.59,31,86,23,17.4522594,78.4446705,8.71,,Telangana,1,2022-07-01,2022-07-01,high,Sanath Nagar,place/suburb,Sanath Nagar,2022,2022-04-13
"Domalguda, Himayath Nagar, NH 7",Hyderabad,west,none,Synchrony @ Raidurg,no,Kokapet SEZ,7.21,blue,13.26,no,no,True,Synchrony @ Raidurg,13.26,6km+,0,Umdanagar,12.63,15.65,5,1,0,17.3428259,78.3081392,19.52,,Telangana,1,2022-05-22,2022-05-22,high,Himayath Nagar,place/village,Himayath Nagar,2022,2022-04-13
Dr A.S. Rao Nagar,Hyderabad,east,none,Mettuguda,yes,Nacharam Industrial Area,5.37,blue,6.43,no,no,True,Mettuguda,6.43,3-6km,1,Neredmet,2.19,29.49,9,29,16,17.4809269,78.5571144,13.02,,Telangana,5,2022-06-18,2022-07-06,medium,Ward 2 Dr A S Rao Nagar,boundary/administrative,Dr A.S. Rao Nagar,2022,2022-04-13
"Dwarakapuri, Punjagutta, NH 9",Hyderabad,east,operational,Victoria Memorial,yes,Uppal IT Park,4.83,red,0.44,yes,yes,True,Victoria Memorial,0.44,3-6km,2,Malakpet,5.9,18.36,16,52,30,17.3609376,78.5480044,7.03,Ward 20 RK Puram,Telangana,1,2022-06-06,2022-06-06,high,Dwarkapuri,place/neighbourhood,Dwarakapuri,2022,2022-04-13
East Nehru Nagar,Hyderabad,east,operational,Stadium,yes,Uppal IT Park,2.38,blue,1.9,yes,yes,True,Stadium,1.9,0-3km,3,Jamai Osmania,2.72,20.76,43,22,16,17.3979322,78.5393741,5.77,Ward 9 Ramanthapur,Telangana,1,2022-07-02,2022-07-02,high,Nehru Nagar,place/neighbourhood,East Nehru Nagar,2022,2022-04-13
ECIL,Hyderabad,east,none,Habsiguda,yes,Nacharam Industrial Area,3.59,blue,6.16,no,no,True,Habsiguda,6.16,3-6km,1,Charlapalli,3.41,28.99,8,21,5,17.4647128,78.5751457,12.91,Ward 2 Dr A S Rao Nagar,Telangana,1,2022-07-08,2022-07-08,low,ECIL Guest House road,highway/service,ECIL,2022,2022-04-13
Fathenagar,Hyderabad,north,operational,ESI Hospital,yes,Jubilee Hills Road No 36 Commercial,5.31,red,1.82,yes,yes,True,ESI Hospital,1.82,3-6km,7,Fateh Nagar,0.26,23.34,16,40,12,17.4581554,78.4513374,8.96,Ward 118 Fateh Nagar,Telangana,1,2022-05-12,2022-05-12,high,Fateh Nagar,place/suburb,Fathenagar,2022,2022-04-13
Film Nagar,Hyderabad,west,operational,Jubilee Hills Checkpost,yes,Jubilee Hills Road No 36 Commercial,1.87,blue,1.61,yes,yes,True,Jubilee Hills Checkpost,1.61,0-3km,75,Borabanda,5.01,18.21,18,26,11,17.4140574,78.4105031,8.71,Ward 95 Jubilee Hills,Telangana,1,2022-07-06,2022-07-06,high,Film Nagar,place/neighbourhood,Film Nagar,2022,2022-04-13
filmnagar. hydrabad,Hyderabad,west,operational,Jubilee Hills Checkpost,yes,Jubilee Hills Road No 36 Commercial,1.71,blue,1.46,yes,yes,True,Jubilee Hills Checkpost,1.46,0-3km,78,Borabanda,4.85,18.37,19,26,11,17.4154822,78.4103661,8.78,Ward 95 Jubilee Hills,Telangana,1,2022-07-04,2022-07-04,low,Filmnagar Temple,amenity/place_of_worship,filmnagar. hydrabad,2022,2022-04-13
"Financial District, Nanakram Guda",Hyderabad,west,none,Synchrony @ Raidurg,yes,Financial District Nanakramguda,0.05,blue,5.22,no,no,True,Synchrony @ Raidurg,5.22,0-3km,29,HITEC City,8.03,20.0,6,2,3,17.4129831,78.338635,16.02,,Telangana,5,2022-06-14,2022-07-06,high,Financial District,place/suburb,Financial District,2022,2022-04-13
Gachibowli,Hyderabad,west,none,Synchrony @ Raidurg,yes,Gachibowli IT Corridor,0.42,blue,2.68,no,no,True,Synchrony @ Raidurg,2.68,0-3km,100,Hafeezpet,4.47,22.63,9,10,15,17.4436222,78.3519638,15.71,,Telangana,29,2022-05-06,2022-07-10,high,Gachibowli,place/suburb,Gachibowli,2022,2022-04-13
"Gachibowli CUC, Outer Ring Road",Hyderabad,west,operational,Synchrony @ Raidurg,yes,HITEC City Madhapur,1.44,blue,1.5,yes,yes,True,Synchrony @ Raidurg,1.5,0-3km,104,HITEC City,4.19,21.71,10,15,17,17.4383379,78.3636268,14.34,Gachibowli,Telangana,2,2022-07-06,2022-07-06,low,Outer Ring Road,highway/motorway,Gachibowli CUC Outer Ring Road,2022,2022-04-13
Gajularamaram,Hyderabad,north,none,KPHB Colony,no,HITEC City Madhapur,10.15,red,4.18,no,no,True,KPHB Colony,4.18,6km+,3,Suchitra Centre,7.02,30.76,8,11,1,17.5271759,78.4200077,17.32,Ward 125 Gajularamaram,Telangana,2,2022-06-10,2022-06-25,high,Gajularamaram,place/suburb,Gajularamaram,2022,2022-04-13
"Gandhamguda, Bairagiguda",Hyderabad,west,none,Peddamma Gudi,yes,Kokapet SEZ,4.84,blue,7.72,no,no,True,Peddamma Gudi,7.72,3-6km,4,NPA Shivaram Pally,8.71,14.31,11,0,2,17.3708181,78.3715279,12.32,,Telangana,3,2022-05-25,2022-07-02,high,Bairagiguda,place/village,Bairagiguda,2022,2022-04-13
"Gangaram, Chandanagar, NH 9",Hyderabad,west,none,miyapur metro,yes,Gachibowli IT Corridor,5.92,red,5.11,no,no,True,miyapur metro,5.11,3-6km,3,Chandanagar,1.07,28.84,28,36,18,17.4936092,78.3246428,21.01,Ward 109 Hafeezpet,Telangana,1,2022-05-01,2022-05-01,high,Chandanagar,place/suburb,Chandanagar,2022,2022-04-13
"Gayatri Hills, Jubilee Hills",Hyderabad,west,operational,Jubilee Hills Checkpost,yes,Jubilee Hills Road No 36 Commercial,0.88,blue,1.02,yes,yes,True,Jubilee Hills Checkpost,1.02,0-3km,86,Borabanda,2.54,20.78,54,30,16,17.4373128,78.4150472,9.57,Ward 95 Jubilee Hills,Telangana,1,2022-06-03,2022-06-03,high,Gayatri Hills,place/neighbourhood,Gayatri Hills Jubilee Hills,2022,2022-04-13
"Ghatkesar, NH 2 2",Hyderabad,east,operational,L. B. Nagar Metro Station,yes,Uppal IT Park,4.7,red,2.32,yes,yes,True,L. B. Nagar Metro Station,2.32,3-6km,1,Vidyanagar,7.49,19.85,7,16,9,17.3605753,78.5666476,8.91,,Telangana,3,2022-06-24,2022-07-10,high,Hanuman Nagar 2,place/neighbourhood,NH 2 2,2022,2022-04-13
"Godavari Homes, Quthbullapur",Hyderabad,north,none,Balanagar,no,Jubilee Hills Road No 36 Commercial,9.7,red,5.0,no,no,True,Balanagar,5.0,6km+,0,Suchitra Centre,2.27,28.57,16,26,6,17.5047122,78.4589164,13.63,Ward 132 Jeedimetla,Telangana,1,2022-07-06,2022-07-06,high,Qutubullapur,place/suburb,Quthbullapur,2022,2022-04-13
Gopanapalli,Hyderabad,west,none,Synchrony @ Raidurg,yes,Wipro Gopanpally,4.72,blue,8.51,no,no,True,Synchrony @ Raidurg,8.51,3-6km,7,Telapur,4.5,24.38,4,0,0,17.4361778,78.297217,20.89,,Telangana,3,2022-05-12,2022-07-06,low,Wipro Gopanapally,landuse/commercial,Gopanapalli,2022,2022-04-13
"Gouri Shankar Nagar Colony, Banjara Hills",Hyderabad,west,operational,Irrum Manzil,yes,Jubilee Hills Road No 36 Commercial,3.83,red,1.66,yes,yes,True,Irrum Manzil,1.66,3-6km,11,Khairatabad,2.03,18.36,26,75,21,17.4142573,78.4419309,5.76,Ward 92 Venkateshwara Colony,Telangana,1,2022-07-08,2022-07-08,high,Gauri Shankar Nagar,place/neighbourhood,Gouri Shankar Nagar Colony Banjara Hills,2022,2022-04-13
Gudimalkapur,Hyderabad,south,none,Lakdi-ka-pul,yes,Jubilee Hills Road No 36 Commercial,5.56,red,3.45,no,no,True,Lakdi-ka-pul,3.45,3-6km,5,Hyderabad Deccan Nampally,3.27,15.39,53,41,14,17.3879203,78.4371165,5.27,Ward 70 Mehdipatnam,Telangana,1,2022-06-14,2022-06-14,high,Gudimalkapur,place/suburb,Gudimalkapur,2022,2022-04-13
"Gulmohar Park Colony, Serilingampally",Hyderabad,west,none,miyapur metro,yes,Gachibowli IT Corridor,4.63,red,6.14,no,no,True,miyapur metro,6.14,3-6km,4,Lingampalli,0.79,27.26,27,8,8,17.476107,78.3189014,20.48,,Telangana,1,2022-05-06,2022-05-06,high,Gulmohar Park Colony,place/neighbourhood,Gulmohar Park Colony,2022,2022-04-13
"Gundlapochampally, Outer Ring Road",Hyderabad,north,none,Kukatpally Metro,no,Genome Valley Shameerpet,16.74,red,12.34,no,no,True,Kukatpally Metro,12.34,6km+,0,Gundla Pochampally,0.0,36.13,2,0,0,17.5687096,78.4882373,20.43,,Telangana,1,2022-07-06,2022-07-06,medium,Gundla Pochampally,railway/station,Gundlapochampally,2022,2022-04-13
Gurramguda balaj homes p no 4,Hyderabad,unknown,unknown,unknown,unknown,unknown,,unknown,,unknown,unknown,,unknown,,unknown,,unknown,,,,,,,,,,,1,2022-07-08,2022-07-08,none,,,,2022,2022-04-13
Gwachiwali,Hyderabad,unknown,unknown,unknown,unknown,unknown,,unknown,,unknown,unknown,,unknown,,unknown,,unknown,,,,,,,,,,,1,2022-06-06,2022-06-06,none,,,,2022,2022-04-13
"Habsiguda, NH 2 2",Hyderabad,east,operational,L. B. Nagar Metro Station,yes,Uppal IT Park,4.7,red,2.32,yes,yes,True,L. B. Nagar Metro Station,2.32,3-6km,1,Vidyanagar,7.49,19.85,7,16,9,17.3605753,78.5666476,8.91,,Telangana,3,2022-05-20,2022-06-02,high,Hanuman Nagar 2,place/neighbourhood,NH 2 2,2022,2022-04-13
"Hafeezpet, NH 9",Hyderabad,west,operational,miyapur metro,yes,HITEC City Madhapur,4.19,red,1.89,yes,yes,True,miyapur metro,1.89,3-6km,39,Hafeezpet,0.23,26.63,16,11,15,17.4834409,78.3611316,17.24,Ward 107 Madhapur,Telangana,7,2022-05-12,2022-06-22,high,Hafeezpet,place/neighbourhood,Hafeezpet,2022,2022-04-13
"Hari Hara Puram, B N Reddy Nagar",Hyderabad,south,none,L. B. Nagar Metro Station,no,Uppal IT Park,9.2,red,3.68,no,no,True,L. B. Nagar Metro Station,3.68,6km+,0,Yakutpura,8.69,16.96,7,21,8,17.3197609,78.5623061,10.82,Ward 14 BN Reddy Nagar,Telangana,1,2022-06-20,2022-06-20,high,BN Reddy Nagar,place/neighbourhood,B N Reddy Nagar,2022,2022-04-13
Hastinapuram,Hyderabad,south,operational,L. B. Nagar Metro Station,no,Uppal IT Park,8.19,red,2.4,yes,yes,True,L. B. Nagar Metro Station,2.4,6km+,1,Yakutpura,7.43,16.77,9,35,8,17.3291354,78.5542145,9.48,Ward 15 Vanasthalipuram,Telangana,1,2022-05-20,2022-05-20,high,Hastinapuram,place/neighbourhood,Hastinapuram,2022,2022-04-13
"Hayathnagar, NH 9",Hyderabad,east,none,L. B. Nagar Metro Station,no,Uppal IT Park,9.46,red,6.48,no,no,True,L. B. Nagar Metro Station,6.48,6km+,0,Yakutpura,12.44,21.23,7,6,5,17.3281147,78.6045399,14.02,,Telangana,6,2022-04-30,2022-06-25,high,Hayathnagar,place/suburb,Hayathnagar,2022,2022-04-13
"Himayath Nagar, NH 7",Hyderabad,west,none,Synchrony @ Raidurg,no,Kokapet SEZ,7.21,blue,13.26,no,no,True,Synchrony @ Raidurg,13.26,6km+,0,Umdanagar,12.63,15.65,5,1,0,17.3428259,78.3081392,19.52,,Telangana,9,2022-06-14,2022-07-10,high,Himayath Nagar,place/village,Himayath Nagar,2022,2022-04-13
Hitech City,Hyderabad,north,operational,HITEC City,yes,HITEC City Madhapur,2.78,blue,2.32,yes,yes,True,HITEC City,2.32,0-3km,89,HITEC City,0.02,24.64,6,21,17,17.469728,78.3852406,14.3,,Telangana,2,2022-05-29,2022-07-07,medium,Hitech City,railway/stop,Hitech City,2022,2022-04-13
HMT Swarnapuri Colony,Hyderabad,north,none,miyapur metro,no,Gachibowli IT Corridor,7.91,red,3.56,no,no,True,miyapur metro,3.56,6km+,2,Chandanagar,3.61,30.58,13,1,6,17.5166401,78.3467914,20.85,Ward 108 Miyapur,Telangana,1,2022-07-02,2022-07-02,low,HMT Swarnapuri Water Tower,man_made/water_tower,HMT Swarnapuri Colony,2022,2022-04-13
"Hormany nest Apartments gandipet Apartmentge hyderabad, Hyderabad",Hyderabad,south,none,Mahatma Gandhi Bus Station (Red Line),no,Jubilee Hills Road No 36 Commercial,10.33,red,2.5,no,no,True,Mahatma Gandhi Bus Station (Red Line),2.5,6km+,1,Shah Ali Banda Metro Station,0.75,13.54,6,43,2,17.360589,78.4740613,3.03,,Telangana,1,2022-07-06,2022-07-06,medium,Hyderabad,place/city,Hyderabad,2022,2022-04-13
Humayun Nagar,Hyderabad,south,operational,Lakdi-ka-pul,yes,Jubilee Hills Road No 36 Commercial,5.24,red,2.28,yes,yes,True,Lakdi-ka-pul,2.28,3-6km,6,Lakdi-ka-pul,2.12,16.52,63,66,18,17.397111,78.4447655,4.65,Ward 73 Vijay Nagar Colony,Telangana,1,2022-07-07,2022-07-07,high,Humayun Nagar,place/neighbourhood,Humayun Nagar,2022,2022-04-13
"Hyder Nagar, NH 9",Hyderabad,west,operational,Jubilee Hills Checkpost,yes,Jubilee Hills Road No 36 Commercial,1.87,blue,1.61,yes,yes,True,Jubilee Hills Checkpost,1.61,0-3km,75,Borabanda,5.01,18.21,18,26,11,17.4140574,78.4105031,8.71,Ward 95 Jubilee Hills,Telangana,3,2022-05-01,2022-07-06,high,Film Nagar,place/neighbourhood,Hyder Nagar NH 9,2022,2022-04-13
"Hyder Shah Kote, Chevella Road",Hyderabad,south,none,Mahatma Gandhi Bus Station (Red Line),no,Jubilee Hills Road No 36 Commercial,10.83,red,3.35,no,no,True,Mahatma Gandhi Bus Station (Red Line),3.35,6km+,1,Shah Ali Banda Metro Station,0.16,12.68,12,35,2,17.3530537,78.4717538,3.89,Hyderabad,Telangana,3,2022-05-06,2022-06-26,high,Shah Ali Banda,place/suburb,Hyder Shah Kote,2022,2022-04-13
Hyderabad,Hyderabad,south,none,Mahatma Gandhi Bus Station (Red Line),no,Jubilee Hills Road No 36 Commercial,10.33,red,2.5,no,no,True,Mahatma Gandhi Bus Station (Red Line),2.5,6km+,1,Shah Ali Banda Metro Station,0.75,13.54,6,43,2,17.360589,78.4740613,3.03,,Telangana,2,2022-05-08,2022-05-14,medium,Hyderabad,place/city,Hyderabad,2022,2022-04-13
Hyderabad Shah Guda,Hyderabad,east,none,Uppal,yes,Infosys Pocharam SEZ,2.93,blue,10.54,no,no,True,Uppal,10.54,0-3km,0,Ghatkesar,3.5,32.02,3,1,0,17.4319811,78.653627,18.47,Rajeev Gruha Kalpa,Telangana,1,2022-05-24,2022-05-24,low,Hyderabad-Janagam Highway,highway/trunk,Hyderabad Shah Guda,2022,2022-04-13
Hyderaguda-Attapur,Hyderabad,south,none,Gandhi Bhavan,no,Jubilee Hills Road No 36 Commercial,8.21,red,5.18,no,no,True,Gandhi Bhavan,5.18,6km+,0,NPA Shivaram Pally,4.15,12.27,11,13,7,17.3601307,78.4325282,6.38,Ward 61 Attapur,Telangana,1,2022-07-10,2022-07-10,low,Iskcon attapur,amenity/place_of_worship,Hyderaguda-Attapur,2022,2022-04-13
Hyderguda,Hyderabad,east,operational,Assembly,no,Jubilee Hills Road No 36 Commercial,8.14,red,1.09,yes,yes,True,Assembly,1.09,6km+,6,Hyderabad Deccan Nampally,1.69,17.97,51,96,28,17.4012791,78.4804894,1.93,,Telangana,5,2022-05-12,2022-06-10,high,Hyderguda,place/suburb,Hyderguda,2022,2022-04-13
Hydershakote,Hyderabad,west,none,Jubilee Hills Checkpost,no,Kokapet SEZ,6.77,blue,7.27,no,no,True,Jubilee Hills Checkpost,7.27,6km+,0,NPA Shivaram Pally,6.83,13.24,11,3,6,17.3664976,78.3911166,10.35,,Telangana,4,2022-06-03,2022-07-06,high,Hydershakote,place/village,Hydershakote,2022,2022-04-13
IAS Colony,Hyderabad,west,none,Jubilee Hills Checkpost,yes,Jubilee Hills Road No 36 Commercial,2.92,blue,2.55,no,no,True,Jubilee Hills Checkpost,2.55,0-3km,42,Khairatabad,4.65,17.25,14,29,8,17.4056403,78.4178824,7.65,Ward 94 Shaikpet,Telangana,1,2022-06-27,2022-06-27,low,"IAS Colony, hakeempet road",highway/residential,IAS Colony,2022,2022-04-13
IDA Uppal,Hyderabad,unknown,unknown,unknown,unknown,unknown,,unknown,,unknown,unknown,,unknown,,unknown,,unknown,,,,,,,,,,,1,2022-05-25,2022-05-25,none,,,,2022,2022-04-13
in 1-71/1/a,Hyderabad,north,operational,S. R. Nagar,yes,Jubilee Hills Road No 36 Commercial,4.41,red,0.88,yes,yes,True,S. R. Nagar,0.88,3-6km,10,Nature Cure Hospital,0.33,21.8,45,102,35,17.4444448,78.4493457,7.71,Ward 98 Ameerpet,Telangana,1,2022-06-24,2022-06-24,low,7-1-222,building/yes,in 1-71/1/a,2022,2022-04-13
in Bandlaguda Jagir,Hyderabad,south,none,Jubilee Hills Checkpost,no,Kokapet SEZ,7.87,blue,8.96,no,no,True,Jubilee Hills Checkpost,8.96,6km+,0,NPA Shivaram Pally,5.75,11.54,15,6,6,17.3506317,78.3907531,10.88,,Telangana,1,2022-05-25,2022-05-25,high,Bandlaguda Jagir,place/village,in Bandlaguda Jagir,2022,2022-04-13
in Kushaiguda,Hyderabad,east,none,Tarnaka,yes,Nacharam Industrial Area,5.49,blue,7.64,no,no,True,Tarnaka,7.64,3-6km,1,Neredmet,3.85,30.5,8,19,11,17.4825451,78.5726444,14.17,Ward 3 Cherlapally,Telangana,1,2022-07-08,2022-07-08,high,Kushaiguda,place/suburb,in Kushaiguda,2022,2022-04-13
in Maruthi Nagar-Dr A.S. Rao Nagar,Hyderabad,east,none,Mettuguda,yes,Nacharam Industrial Area,5.37,blue,6.43,no,no,True,Mettuguda,6.43,3-6km,1,Neredmet,2.19,29.49,9,29,16,17.4809269,78.5571144,13.02,,Telangana,1,2022-05-24,2022-05-24,medium,Ward 2 Dr A S Rao Nagar,boundary/administrative,in Maruthi Nagar-Dr A.S. Rao Nagar,2022,2022-04-13
in Syed Ali Guda,Hyderabad,south,none,Nampally,no,Jubilee Hills Road No 36 Commercial,6.06,red,2.57,no,no,True,Nampally,2.57,6km+,6,Hyderabad Deccan Nampally,2.31,15.6,61,52,15,17.3884988,78.4462402,4.31,Ward 73 Vijay Nagar Colony,Telangana,1,2022-04-30,2022-04-30,high,Syed Ali Guda,place/neighbourhood,in Syed Ali Guda,2022,2022-04-13
in Trimulgherry,Hyderabad,north,operational,JBS,no,Jubilee Hills Road No 36 Commercial,8.62,green,2.16,yes,yes,True,JBS,2.16,6km+,3,Ferozguda,2.49,24.69,18,32,13,17.4639543,78.4837317,8.78,,Telangana,1,2022-07-10,2022-07-10,medium,Tirumalagiri mandal,boundary/administrative,in Trimulgherry,2022,2022-04-13
"Indis VB CITY, Bollaram railway station",Hyderabad,north,operational,KPHB Colony,yes,HITEC City Madhapur,3.61,red,2.36,yes,yes,True,KPHB Colony,2.36,3-6km,87,HITEC City,0.83,25.19,11,46,19,17.4753616,78.3906831,14.31,Ward 114 KPHB Colony,Telangana,1,2022-06-29,2022-06-29,medium,Indis One City,landuse/residential,Indis VB CITY,2022,2022-04-13
"Indra Nagar, Moti Nagar",Hyderabad,north,operational,Erragadda,yes,Jubilee Hills Road No 36 Commercial,2.56,red,1.39,yes,yes,True,Erragadda,1.39,0-3km,72,Bharath Nagar,1.56,22.27,38,51,18,17.4508069,78.422242,10.02,Ward 101 Erragadda,Telangana,1,2022-07-08,2022-07-08,high,Moti Nagar,place/neighbourhood,Indra Nagar Moti Nagar,2022,2022-04-13
Jagadgiri Gutta,Hyderabad,north,operational,Kukatpally Metro,no,Jubilee Hills Road No 36 Commercial,8.09,red,2.42,yes,yes,True,Kukatpally Metro,2.42,6km+,7,Bharath Nagar,4.41,27.98,14,15,6,17.5020614,78.4260712,14.52,Ward 126 Jagathgirigutta,Telangana,4,2022-05-12,2022-05-16,medium,jagathgiri gutta bus stop,highway/bus_stop,Jagadgiri Gutta,2022,2022-04-13
"Janachaitanya colony, Hyderabad Expressway",Hyderabad,south,none,Lakdi-ka-pul,yes,Jubilee Hills Road No 36 Commercial,5.12,red,2.7,no,no,True,Lakdi-ka-pul,2.7,3-6km,6,Lakdi-ka-pul,2.54,16.28,55,52,17,17.3954359,78.44122,4.96,Ward 73 Vijay Nagar Colony,Telangana,1,2022-05-12,2022-05-12,low,P.V. Narasimha Rao Flyover,highway/motorway,Janachaitanya colony Hyderabad Expressway,2022,2022-04-13
"Jaya Puri Colony, Nagole",Hyderabad,east,operational,Nagole,yes,Uppal IT Park,2.78,blue,1.48,yes,yes,True,Nagole,1.48,0-3km,2,Jamai Osmania,5.85,20.56,5,13,11,17.3775306,78.5601231,7.84,Ward 11 Nagole,Telangana,1,2022-06-17,2022-06-17,high,Nagole,place/suburb,Nagole,2022,2022-04-13
Jeedimetla,Hyderabad,north,none,Moosapet,no,Jubilee Hills Road No 36 Commercial,11.38,red,6.98,no,no,True,Moosapet,6.98,6km+,1,Suchitra Centre,2.35,29.49,4,14,5,17.5096516,78.4786567,13.89,Ward 132 Jeedimetla,Telangana,2,2022-05-12,2022-06-18,high,Jeedimetla Village,place/suburb,Jeedimetla,2022,2022-04-13
"Jillelguda, Medbowli",Hyderabad,south,none,L. B. Nagar Metro Station,no,Uppal IT Park,8.79,red,3.19,no,no,True,L. B. Nagar Metro Station,3.19,6km+,2,Huppuguda,4.61,14.36,5,26,3,17.3316081,78.5247077,7.18,,Telangana,2,2022-05-20,2022-05-25,high,Jillelaguda,place/suburb,Jillelguda,2022,2022-04-13
Jubilee Hills,Hyderabad,west,operational,Peddamma Gudi,yes,Jubilee Hills Road No 36 Commercial,0.0,blue,0.2,yes,yes,True,Peddamma Gudi,0.2,0-3km,85,Borabanda,3.15,20.07,58,26,12,17.4308362,78.4102882,9.58,Ward 95 Jubilee Hills,Telangana,11,2022-05-07,2022-07-06,high,Jubilee Hills,place/suburb,Jubilee Hills,2022,2022-04-13
K P H B Phase 4,Hyderabad,north,none,JBS,no,Nacharam Industrial Area,12.8,green,9.93,no,no,True,JBS,9.93,6km+,0,Bolarum,0.49,33.34,1,1,0,17.5367247,78.5129614,17.1,Ward 133 Macha Bolarum,Telangana,1,2022-06-11,2022-06-11,medium,TShravanKumar,landuse/residential,K P H B Phase 4,2022,2022-04-13
K P H B Phase 9,Hyderabad,north,operational,JNTU College,yes,HITEC City Madhapur,4.84,red,1.12,yes,yes,True,JNTU College,1.12,3-6km,45,HITEC City,2.11,26.67,32,89,39,17.4885668,78.3883649,15.54,Ward 114 KPHB Colony,Telangana,1,2022-07-06,2022-07-06,low,vijaya kanakadurga temple,amenity/place_of_worship,K P H B Phase 9,2022,2022-04-13
"Kachiguda, NH 2 2",Hyderabad,east,operational,L. B. Nagar Metro Station,yes,Uppal IT Park,4.7,red,2.32,yes,yes,True,L. B. Nagar Metro Station,2.32,3-6km,1,Vidyanagar,7.49,19.85,7,16,9,17.3605753,78.5666476,8.91,,Telangana,5,2022-05-06,2022-06-10,high,Hanuman Nagar 2,place/neighbourhood,NH 2 2,2022,2022-04-13
"Kakateeya Nagar, Secunderabad",Hyderabad,east,operational,Secunderabad West,no,Nacharam Industrial Area,6.97,green,0.12,yes,yes,True,Secunderabad West,0.12,6km+,3,Secunderabad Junction,0.15,22.12,33,64,12,17.4337246,78.5006827,5.62,Hyderabad,Telangana,1,2022-07-06,2022-07-06,medium,Secunderabad,place/city,Secunderabad,2022,2022-04-13
Kakatiya Hills Madhapur,Hyderabad,west,operational,Madhapur,yes,Mindspace IT Park,1.45,blue,0.56,yes,yes,True,Madhapur,0.56,0-3km,89,Borabanda,2.15,21.4,48,26,22,17.4419194,78.3984172,11.3,Ward 107 Madhapur,Telangana,1,2022-06-18,2022-06-18,low,Orchard,amenity/school,Kakatiya Hills Madhapur,2022,2022-04-13
"Kanaka Durga Colony, Gudimalkapur",Hyderabad,south,none,Nampally,no,Jubilee Hills Road No 36 Commercial,6.17,red,4.46,no,no,True,Nampally,4.46,6km+,1,Hyderabad Deccan Nampally,4.21,14.31,42,37,16,17.3788061,78.4306087,5.99,,Telangana,1,2022-07-03,2022-07-03,high,Kanaka Durga Colony,place/neighbourhood,Kanaka Durga Colony Gudimalkapur,2022,2022-04-13
Kanchan Bagh,Hyderabad,south,none,Musarambagh,no,Uppal IT Park,8.81,red,3.44,no,no,True,Musarambagh,3.44,6km+,2,Yakutpura,2.91,13.85,11,25,3,17.3401943,78.5099445,5.56,,Telangana,1,2022-07-06,2022-07-06,high,Kanchan Bagh,place/suburb,Kanchan Bagh,2022,2022-04-13
Kapra,Hyderabad,east,none,Mettuguda,yes,Nacharam Industrial Area,5.72,blue,7.01,no,no,True,Mettuguda,7.01,3-6km,1,Neredmet,2.68,30.06,7,28,14,17.4846356,78.5610095,13.6,Ward 1 Kapra,Telangana,9,2022-05-12,2022-07-07,high,Kapra,place/suburb,Kapra,2022,2022-04-13
Karmanghat,Hyderabad,south,operational,L. B. Nagar Metro Station,no,Uppal IT Park,7.47,red,1.86,yes,yes,True,L. B. Nagar Metro Station,1.86,6km+,2,Yakutpura,4.82,15.7,5,32,8,17.3410061,78.5329747,6.93,Jillelaguda,Telangana,2,2022-07-05,2022-07-06,high,Karmanghat,place/suburb,Karmanghat,2022,2022-04-13
Kattedan Rd,Hyderabad,south,none,Gandhi Bhavan,no,Jubilee Hills Road No 36 Commercial,13.77,red,10.01,no,no,True,Gandhi Bhavan,10.01,6km+,0,Budvel,0.26,6.43,5,2,0,17.3079405,78.4263005,10.7,Ward 59 Mailardevpally,Telangana,1,2022-07-08,2022-07-08,low,Station Rd,highway/residential,Kattedan Rd,2022,2022-04-13
KBR Laxmi Residency,Hyderabad,east,operational,RTC Cross Roads,no,Uppal IT Park,7.43,green,0.76,yes,yes,True,RTC Cross Roads,0.76,6km+,5,Vidyanagar,2.3,19.55,72,74,25,17.4120776,78.4919824,3.06,Ward 89 Gandhinagar,Telangana,1,2022-05-31,2022-05-31,low,Sri Laxmi Chakra Residency,building/apartments,KBR Laxmi Residency,2022,2022-04-13
"Khairatabad, NH 7",Hyderabad,east,operational,Khairatabad,yes,Jubilee Hills Road No 36 Commercial,5.9,red,0.15,yes,yes,True,Khairatabad,0.15,3-6km,7,Khairatabad,0.18,18.5,42,80,21,17.4117706,78.4622003,3.95,Ward 91 Khairatabad,Telangana,2,2022-05-12,2022-06-10,high,Khairatabad,place/suburb,Khairatabad,2022,2022-04-13
"Khaja Guda, Outer Ring Road",Hyderabad,west,none,Synchrony @ Raidurg,no,Financial District Nanakramguda,7.5,blue,11.71,no,no,True,Synchrony @ Raidurg,11.71,6km+,0,Nagalapalli,5.97,24.82,2,0,0,17.4213806,78.2689055,23.46,Mirja Guda,Telangana,2,2022-05-12,2022-07-10,low,Outer Ring Road,highway/motorway,Khaja Guda Outer Ring Road,2022,2022-04-13
Khanapur,Hyderabad,west,none,Synchrony @ Raidurg,yes,Kokapet SEZ,4.05,blue,9.35,no,no,True,Synchrony @ Raidurg,9.35,3-6km,5,Telapur,8.38,20.97,0,0,0,17.4009847,78.3002955,19.86,,Telangana,1,2022-04-30,2022-04-30,high,Khanapur,place/village,Khanapur,2022,2022-04-13
"Kismatpur, Outer Ring Road",Hyderabad,south,none,Gandhi Bhavan,no,Kokapet SEZ,9.3,red,10.24,no,no,True,Gandhi Bhavan,10.24,6km+,0,Budvel,4.43,9.83,9,1,1,17.3351206,78.3926988,11.41,,Telangana,1,2022-07-02,2022-07-02,high,Kismatpur,place/village,Kismatpur,2022,2022-04-13
Kistareddypet,Hyderabad,north,none,miyapur metro,no,Gachibowli IT Corridor,12.59,red,9.93,no,no,True,miyapur metro,9.93,6km+,0,Ramachandrapuram TS,4.29,35.47,0,0,0,17.5467403,78.2954405,27.11,Krishtareddipet,Telangana,1,2022-05-16,2022-05-16,low,Kistareddypet,tourism/apartment,Kistareddypet,2022,2022-04-13
"KMR Estates, Serilingampally",Hyderabad,west,none,Synchrony @ Raidurg,yes,Gachibowli IT Corridor,2.51,blue,4.76,no,no,True,Synchrony @ Raidurg,4.76,0-3km,32,Chandanagar,2.45,25.46,13,3,4,17.4667166,78.340421,17.98,,Telangana,1,2022-06-25,2022-06-25,medium,Ward 106 Serilingampally,boundary/administrative,Serilingampally,2022,2022-04-13
"Kokapet, Outer Ring Road",Hyderabad,west,none,Synchrony @ Raidurg,yes,Kokapet SEZ,0.7,blue,6.8,no,no,True,Synchrony @ Raidurg,6.8,0-3km,22,HITEC City,9.81,18.3,5,1,1,17.3948624,78.3365214,15.97,Manchirevula,Telangana,2,2022-07-06,2022-07-06,high,Kokapet,place/suburb,Kokapet,2022,2022-04-13
Kompally,Hyderabad,north,none,Balanagar,no,Nacharam Industrial Area,14.31,red,10.15,no,no,True,Balanagar,10.15,6km+,0,Bolarum,2.72,33.09,3,9,1,17.5401462,78.4909369,17.26,,Telangana,7,2022-05-31,2022-07-01,medium,kompally,highway/bus_stop,Kompally,2022,2022-04-13
Kondapur,Hyderabad,west,operational,HITEC City,yes,HITEC City Madhapur,1.25,blue,1.53,yes,yes,True,HITEC City,1.53,0-3km,100,HITEC City,1.79,23.68,10,31,25,17.4587912,78.3730556,14.58,Ward 107 Madhapur,Telangana,18,2022-05-06,2022-07-10,high,Kondapur,place/suburb,Kondapur,2022,2022-04-13
Kothapet,Hyderabad,east,operational,Victoria Memorial,yes,Uppal IT Park,3.93,red,1.41,yes,yes,True,Victoria Memorial,1.41,3-6km,2,Vidyanagar,6.11,19.47,7,32,23,17.36755,78.5558104,7.59,,Telangana,6,2022-04-30,2022-07-02,medium,Ward 21 Kothapet,boundary/administrative,Kothapet,2022,2022-04-13
"Koti, NH 9",Hyderabad,south,operational,Sultan Bazar,no,Uppal IT Park,8.47,green,0.05,yes,yes,True,Sultan Bazar,0.05,6km+,3,Malakpet,1.5,16.41,46,84,14,17.3847309,78.4836642,0.32,Ward 77 Jambagh,Telangana,1,2022-05-16,2022-05-16,high,Koti,place/suburb,Koti,2022,2022-04-13
KPHB Road,Hyderabad,north,operational,KPHB Colony,yes,HITEC City Madhapur,5.97,red,0.0,yes,yes,True,KPHB Colony,0.0,3-6km,17,HITEC City,3.18,27.12,43,104,47,17.4938025,78.4017651,15.08,Ward 123 Hydernagar,Telangana,2,2022-06-18,2022-07-07,medium,KPHB Colony,railway/station,KPHB Road,2022,2022-04-13
KTR Colony,Hyderabad,north,operational,JNTU College,no,HITEC City Madhapur,7.13,red,1.76,yes,yes,True,JNTU College,1.76,6km+,10,Hafeezpet,3.65,29.33,21,19,11,17.5114342,78.3791346,18.11,Bachupally,Telangana,1,2022-06-28,2022-06-28,low,KTR Colony Number 2,highway/residential,KTR Colony,2022,2022-04-13
"Kukatpally Housing Board Colony, NH 9",Hyderabad,north,operational,Irrum Manzil,yes,Jubilee Hills Road No 36 Commercial,5.08,red,0.18,yes,yes,True,Irrum Manzil,0.18,3-6km,7,Khairatabad,0.82,19.14,48,80,26,17.4189582,78.456512,4.95,Ward 91 Khairatabad,Telangana,1,2022-07-06,2022-07-06,low,"NH, D&P wing, Roads and Buildings Department",office/government,NH 9,2022,2022-04-13
"Kukatpally, NH 9",Hyderabad,north,operational,JNTU College,yes,HITEC City Madhapur,4.32,red,1.61,yes,yes,True,JNTU College,1.61,3-6km,59,HITEC City,1.73,26.38,27,74,30,17.485211,78.383241,15.64,Ward 114 KPHB Colony,Telangana,13,2022-05-06,2022-07-10,high,KPHB Colony 9th Phase,place/neighbourhood,Kukatpally NH 9,2022,2022-04-13
Kuntloor,Hyderabad,east,none,L. B. Nagar Metro Station,no,Uppal IT Park,9.81,red,8.51,no,no,True,L. B. Nagar Metro Station,8.51,6km+,0,Charlapalli,13.26,24.07,2,0,0,17.3410735,78.6276055,15.73,Abdullapur,Telangana,1,2022-07-06,2022-07-06,high,Kuntloor,place/village,Kuntloor,2022,2022-04-13
"Lakdikapul, NH 9",Hyderabad,south,operational,Lakdi-ka-pul,yes,Jubilee Hills Road No 36 Commercial,5.98,red,0.56,yes,yes,True,Lakdi-ka-pul,0.56,3-6km,7,Lakdi-ka-pul,0.41,17.75,54,85,16,17.405368,78.4599489,3.63,Ward 91 Khairatabad,Telangana,2,2022-05-12,2022-06-14,high,Lakdi-ka-pul,place/suburb,Lakdikapul NH 9,2022,2022-04-13
Lal Darwaza,Hyderabad,south,none,Mahatma Gandhi Bus Station (Red Line),no,Uppal IT Park,10.86,red,3.84,no,no,True,Mahatma Gandhi Bus Station (Red Line),3.84,6km+,1,Huppuguda,0.76,12.31,9,26,1,17.3463862,78.4774507,4.4,Ward 35 Gowlipura,Telangana,1,2022-05-06,2022-05-06,high,Lal Darwaza,place/neighbourhood,Lal Darwaza,2022,2022-04-13
"Lalaguda, Secunderabad",Hyderabad,east,operational,Tarnaka,yes,Nacharam Industrial Area,3.72,blue,1.42,yes,yes,True,Tarnaka,1.42,3-6km,2,Lalaguda Gate,0.78,24.28,17,35,11,17.4405722,78.5321477,7.84,Ward 142 Addagutta,Telangana,1,2022-06-30,2022-06-30,high,Lalaguda,place/neighbourhood,Lalaguda,2022,2022-04-13
Langar Houz,Hyderabad,west,none,Jubilee Hills Checkpost,yes,Jubilee Hills Road No 36 Commercial,5.67,blue,5.53,no,no,True,Jubilee Hills Checkpost,5.53,3-6km,6,Lakdi-ka-pul,7.89,14.98,8,4,5,17.3827733,78.392535,10.0,,Telangana,4,2022-05-12,2022-07-06,medium,Ward 66 Langar Houz,boundary/administrative,Langar Houz,2022,2022-04-13
"LB Nagar, NH 9",Hyderabad,east,operational,L. B. Nagar Metro Station,yes,Uppal IT Park,5.92,red,0.34,yes,yes,True,L. B. Nagar Metro Station,0.34,3-6km,1,Yakutpura,6.35,17.84,6,40,28,17.3501617,78.5510938,7.86,Ward 18 Lingojiguda,Telangana,7,2022-05-07,2022-07-06,high,LB Nagar,place/suburb,LB Nagar,2022,2022-04-13
LIG Colony,Hyderabad,west,none,miyapur metro,no,Gachibowli IT Corridor,8.86,red,8.63,no,no,True,miyapur metro,8.63,6km+,2,BHEL,1.02,31.26,11,15,5,17.5038844,78.2917735,24.54,Ramachandrapuram,Telangana,1,2022-06-22,2022-06-22,high,BHEL LIG Colony,place/neighbourhood,LIG Colony,2022,2022-04-13
"Lingampally-Serilingampally, NH 2 2",Hyderabad,east,operational,L. B. Nagar Metro Station,yes,Uppal IT Park,4.7,red,2.32,yes,yes,True,L. B. Nagar Metro Station,2.32,3-6km,1,Vidyanagar,7.49,19.85,7,16,9,17.3605753,78.5666476,8.91,,Telangana,1,2022-04-29,2022-04-29,high,Hanuman Nagar 2,place/neighbourhood,NH 2 2,2022,2022-04-13
Madhapur,Hyderabad,west,operational,Durgam Cheruvu,yes,Mindspace IT Park,0.75,blue,0.49,yes,yes,True,Durgam Cheruvu,0.49,0-3km,90,Borabanda,2.66,21.37,41,26,20,17.4408924,78.3916304,11.85,Ward 104 Kondapur,Telangana,11,2022-04-29,2022-07-10,high,Madhapur,place/suburb,Madhapur,2022,2022-04-13
Madhura Nagar,Hyderabad,east,none,Dilsukh Nagar,yes,Uppal IT Park,3.35,red,2.75,no,no,True,Dilsukh Nagar,2.75,3-6km,3,Vidyanagar,2.41,19.78,65,22,7,17.3927046,78.531403,4.82,Ward 8 Habsiguda,Telangana,1,2022-06-05,2022-06-05,high,Madhura Nagar,place/neighbourhood,Madhura Nagar,2022,2022-04-13
Madhura Nagar-Nizampet,Hyderabad,east,none,Dilsukh Nagar,yes,Uppal IT Park,3.35,red,2.75,no,no,True,Dilsukh Nagar,2.75,3-6km,3,Vidyanagar,2.41,19.78,65,22,7,17.3927046,78.531403,4.82,Ward 8 Habsiguda,Telangana,1,2022-07-06,2022-07-06,high,Madhura Nagar,place/neighbourhood,Madhura Nagar-Nizampet,2022,2022-04-13
"Madinaguda, Hafeezpet, NH 9",Hyderabad,west,none,miyapur metro,yes,Gachibowli IT Corridor,5.19,red,3.27,no,no,True,miyapur metro,3.27,3-6km,6,Chandanagar,1.18,28.05,21,29,18,17.4917948,78.342306,19.38,Ward 109 Hafeezpet,Telangana,3,2022-06-06,2022-07-10,high,Madinaguda,place/suburb,Madinaguda,2022,2022-04-13
"Malakpet, NH 9",Hyderabad,south,operational,New Market,no,Uppal IT Park,7.28,red,0.38,yes,yes,True,New Market,0.38,6km+,2,Malakpet,0.6,16.13,19,52,7,17.3736706,78.4996484,1.86,,Telangana,4,2022-05-20,2022-06-22,high,Malakpet,place/suburb,Malakpet,2022,2022-04-13
Malkajgiri,Hyderabad,east,none,Mettuguda,yes,Nacharam Industrial Area,3.7,blue,2.53,no,no,True,Mettuguda,2.53,3-6km,4,Dayanand Nagar,0.79,25.56,10,25,6,17.4511764,78.5368997,9.08,,Telangana,3,2022-05-20,2022-06-22,high,Malkajgiri,place/town,Malkajgiri,2022,2022-04-13
"Mallampet, Outer Ring Road",Hyderabad,north,none,Miyapur,no,HITEC City Madhapur,12.26,red,6.85,no,no,True,Miyapur,6.85,6km+,0,Hafeezpet,8.34,34.64,7,2,3,17.5574261,78.36328,23.22,,Telangana,2,2022-05-21,2022-06-06,high,Mallampet,place/suburb,Mallampet,2022,2022-04-13
"Mallepally, NH 7",Hyderabad,south,operational,Nampally,no,Jubilee Hills Road No 36 Commercial,6.38,red,1.65,yes,yes,True,Nampally,1.65,6km+,5,Hyderabad Deccan Nampally,1.38,16.18,54,65,13,17.3920728,78.4546129,3.49,Ward 73 Vijay Nagar Colony,Telangana,1,2022-05-12,2022-05-12,high,Mallepally,place/suburb,Mallepally NH 7,2022,2022-04-13
"Mallikarjuna Nagar, Secunderabad",Hyderabad,east,none,Uppal,yes,Uppal IT Park,2.6,blue,2.79,no,no,True,Uppal,2.79,0-3km,1,Moula Ali,5.13,24.83,21,18,16,17.4082331,78.5850137,10.75,Boduppal,Telangana,1,2022-07-07,2022-07-07,high,Mallikarjuna Nagar,place/neighbourhood,Mallikarjuna Nagar Secunderabad,2022,2022-04-13
Manigunda,Hyderabad,west,none,Raidurg,yes,Raheja Mindspace Cyberabad,3.74,blue,4.28,no,no,True,Raidurg,4.28,3-6km,66,Borabanda,6.99,17.63,10,12,17,17.4037073,78.3766148,11.86,,Telangana,1,2022-07-05,2022-07-05,high,Manikonda,place/suburb,Manigunda,2022,2022-04-13
"Manikonda, Hyderabad",Hyderabad,west,none,Raidurg,yes,Raheja Mindspace Cyberabad,3.74,blue,4.28,no,no,True,Raidurg,4.28,3-6km,66,Borabanda,6.99,17.63,10,12,17,17.4037073,78.3766148,11.86,,Telangana,1,2022-05-15,2022-05-15,high,Manikonda,place/suburb,Manikonda,2022,2022-04-13
"Manikonda, Outer Ring Road",Hyderabad,west,none,Raidurg,yes,Raheja Mindspace Cyberabad,3.74,blue,4.28,no,no,True,Raidurg,4.28,3-6km,66,Borabanda,6.99,17.63,10,12,17,17.4037073,78.3766148,11.86,,Telangana,14,2022-05-03,2022-07-09,high,Manikonda,place/suburb,Manikonda,2022,2022-04-13
Manneguda,Hyderabad,east,none,L. B. Nagar Metro Station,no,Uppal IT Park,25.73,red,22.65,no,no,True,L. B. Nagar Metro Station,22.65,6km+,0,Ghatkesar,25.72,30.15,0,0,0,17.2243329,78.7159252,30.19,,Telangana,1,2022-05-29,2022-05-29,high,Manne Guda,place/village,Manneguda,2022,2022-04-13
Masab Tank,Hyderabad,south,operational,Khairatabad,yes,Jubilee Hills Road No 36 Commercial,5.3,red,1.43,yes,yes,True,Khairatabad,1.43,3-6km,7,Lakdi-ka-pul,1.36,17.27,64,76,22,17.4029622,78.450754,4.31,Ward 74 Ahmed Nagar,Telangana,4,2022-05-18,2022-07-06,high,Masab Tank,place/suburb,Masab Tank,2022,2022-04-13
Medipally,Hyderabad,east,none,Uppal,yes,Nacharam Industrial Area,3.07,blue,4.09,no,no,True,Uppal,4.09,3-6km,0,Charlapalli,4.49,26.34,13,12,10,17.4206569,78.5920428,11.86,,Telangana,2,2022-06-10,2022-06-22,medium,Medipally mandal,boundary/administrative,Medipally,2022,2022-04-13
Meerpet,Hyderabad,east,none,Habsiguda,yes,Nacharam Industrial Area,2.41,blue,5.05,no,no,True,Habsiguda,5.05,0-3km,1,Moula Ali,2.7,27.85,8,13,3,17.4546432,78.5715499,11.87,,Telangana,5,2022-05-12,2022-06-18,medium,Ward 4 Meerpet H.B Colony,boundary/administrative,Meerpet,2022,2022-04-13
Mehdipatnam,Hyderabad,west,none,Khairatabad,yes,Jubilee Hills Road No 36 Commercial,4.8,red,3.41,no,no,True,Khairatabad,3.41,3-6km,7,Lakdi-ka-pul,3.28,16.06,46,45,15,17.3942627,78.4342514,5.66,Ward 70 Mehdipatnam,Telangana,8,2022-05-12,2022-07-02,high,Mehdipatnam,place/suburb,Mehdipatnam,2022,2022-04-13
Mithila Nagar-Banjara Hills,Hyderabad,west,operational,Road No 5 Jubilee Hills,yes,Jubilee Hills Road No 36 Commercial,3.06,blue,1.88,yes,yes,True,Road No 5 Jubilee Hills,1.88,3-6km,21,Khairatabad,2.73,18.73,31,67,16,17.4182104,78.4358973,6.53,Ward 92 Venkateshwara Colony,Telangana,1,2022-05-20,2022-05-20,low,Mithila Nagar Road,highway/residential,Mithila Nagar-Banjara Hills,2022,2022-04-13
"Miyapur, NH 9",Hyderabad,north,operational,miyapur metro,yes,HITEC City Madhapur,5.89,red,1.71,yes,yes,True,miyapur metro,1.71,3-6km,14,Hafeezpet,1.87,28.33,21,20,16,17.4981608,78.3567628,18.66,Ward 108 Miyapur,Telangana,22,2022-04-30,2022-07-10,high,Miyapur,place/suburb,Miyapur,2022,2022-04-13
"MLA Colony, Banjara Hills",Hyderabad,west,operational,Panjagutta,yes,Jubilee Hills Road No 36 Commercial,3.46,red,1.7,yes,yes,True,Panjagutta,1.7,3-6km,11,Khairatabad,2.31,18.72,32,80,22,17.4177464,78.4399014,6.16,Ward 92 Venkateshwara Colony,Telangana,1,2022-06-27,2022-06-27,high,Banjara Hills,place/suburb,MLA Colony Banjara Hills,2022,2022-04-13
"Model Town Colony, Nawab Saheb Kunta",Hyderabad,south,none,Osmania Medical College,no,Jubilee Hills Road No 36 Commercial,11.31,red,5.34,no,no,True,Osmania Medical College,5.34,6km+,0,Falaknuma,2.01,10.73,7,16,0,17.3397918,78.4578365,5.89,Ward 54 Jahanuma,Telangana,1,2022-06-14,2022-06-14,high,Nawab Saheb Kunta,place/suburb,Nawab Saheb Kunta,2022,2022-04-13
"Modi Paradise, Hayathnagar, Hyderabad",Hyderabad,east,none,L. B. Nagar Metro Station,no,Uppal IT Park,9.46,red,6.48,no,no,True,L. B. Nagar Metro Station,6.48,6km+,0,Yakutpura,12.44,21.23,7,6,5,17.3281147,78.6045399,14.02,,Telangana,1,2022-07-02,2022-07-02,high,Hayathnagar,place/suburb,Hayathnagar,2022,2022-04-13
Mokila,Hyderabad,west,none,Synchrony @ Raidurg,no,Financial District Nanakramguda,16.08,blue,20.13,no,no,True,Synchrony @ Raidurg,20.13,6km+,0,Nagalapalli,5.84,31.38,0,0,0,17.4263216,78.1880987,32.01,,Telangana,1,2022-06-20,2022-06-20,high,Mokila,place/village,Mokila,2022,2022-04-13
"Moosarambagh, NH 9",Hyderabad,east,operational,Moosarambagh,yes,Uppal IT Park,5.73,red,0.57,yes,yes,True,Moosarambagh,0.57,3-6km,3,Malakpet,2.27,17.17,61,60,22,17.3743532,78.5160835,3.34,Ward 25 Moosarambagh,Telangana,1,2022-06-28,2022-06-28,high,Moosarambagh,place/suburb,Moosarambagh,2022,2022-04-13
Moti Nagar,Hyderabad,north,operational,Erragadda,yes,Jubilee Hills Road No 36 Commercial,2.56,red,1.39,yes,yes,True,Erragadda,1.39,0-3km,72,Bharath Nagar,1.56,22.27,38,51,18,17.4508069,78.422242,10.02,Ward 101 Erragadda,Telangana,2,2022-05-12,2022-06-25,high,Moti Nagar,place/neighbourhood,Moti Nagar,2022,2022-04-13
Moula Ali,Hyderabad,east,none,Tarnaka,yes,Nacharam Industrial Area,3.29,blue,4.8,no,no,True,Tarnaka,4.8,3-6km,1,Moula Ali,2.43,27.66,8,27,10,17.46171,78.5571396,11.34,Ward 138 Moula Ali,Telangana,4,2022-05-12,2022-07-06,high,Moula Ali,place/suburb,Moula Ali,2022,2022-04-13
"Murad Nagar, Lal Darwaza, Falaknuma Road",Hyderabad,south,none,Mahatma Gandhi Bus Station (Red Line),no,Uppal IT Park,10.87,red,3.65,no,no,True,Mahatma Gandhi Bus Station (Red Line),3.65,6km+,1,Shah Ali Banda Metro Station,0.67,12.44,10,30,1,17.3486115,78.475765,4.21,,Telangana,1,2022-06-10,2022-06-10,high,Murad Nagar,place/neighbourhood,Murad Nagar,2022,2022-04-13
Musheerabad,Hyderabad,east,operational,Musheerabad,no,Uppal IT Park,6.9,green,0.17,yes,yes,True,Musheerabad,0.17,6km+,4,Secunderabad Junction,1.68,20.55,52,58,18,17.4191423,78.4985732,4.0,Ward 88 Bholakpur,Telangana,3,2022-05-30,2022-06-22,high,Musheerabad,place/neighbourhood,Musheerabad,2022,2022-04-13
"Mythri Nagar, Hafeezpet, NH 9",Hyderabad,east,none,L. B. Nagar Metro Station,no,Uppal IT Park,10.81,red,7.17,no,no,True,L. B. Nagar Metro Station,7.17,6km+,0,Yakutpura,12.95,20.49,7,4,4,17.3144046,78.604374,14.75,Ward 13 Hayath Nagar,Telangana,1,2022-04-29,2022-04-29,high,Mythri Vihar,place/neighbourhood,Mythri Nagar,2022,2022-04-13
Nacharam,Hyderabad,east,operational,Habsiguda,yes,Nacharam Industrial Area,1.55,blue,1.6,yes,yes,True,Habsiguda,1.6,0-3km,2,Moula Ali,1.38,24.33,23,25,8,17.4284936,78.5528098,8.52,Ward 6 Nacharam,Telangana,2,2022-07-05,2022-07-06,high,Nacharam,place/suburb,Nacharam,2022,2022-04-13
Nadeem Colony,Hyderabad,unknown,unknown,unknown,unknown,unknown,,unknown,,unknown,unknown,,unknown,,unknown,,unknown,,,,,,,,,,,1,2022-06-02,2022-06-02,none,,,,2022,2022-04-13
Nagaram,Hyderabad,east,none,Habsiguda,no,Infosys Pocharam SEZ,6.03,blue,10.05,no,no,True,Habsiguda,10.05,6km+,1,Charlapalli,3.44,32.84,3,10,8,17.4891828,78.6017275,16.83,Dammaiguda,Telangana,3,2022-05-20,2022-07-06,high,Nagaram,place/suburb,Nagaram,2022,2022-04-13
Nagole,Hyderabad,east,operational,Nagole,yes,Uppal IT Park,2.78,blue,1.48,yes,yes,True,Nagole,1.48,0-3km,2,Jamai Osmania,5.85,20.56,5,13,11,17.3775306,78.5601231,7.84,Ward 11 Nagole,Telangana,6,2022-04-30,2022-07-09,high,Nagole,place/suburb,Nagole,2022,2022-04-13
Nalagandla,Hyderabad,west,none,miyapur metro,yes,Gachibowli IT Corridor,5.74,red,7.38,no,no,True,miyapur metro,7.38,3-6km,2,Lingampalli,1.39,27.96,27,7,7,17.4774828,78.3060359,21.75,,Telangana,1,2022-05-06,2022-05-06,high,Nallagandla,place/neighbourhood,Nalagandla,2022,2022-04-13
"Nallagandla, Serilingampally",Hyderabad,west,none,miyapur metro,yes,Gachibowli IT Corridor,5.74,red,7.38,no,no,True,miyapur metro,7.38,3-6km,2,Lingampalli,1.39,27.96,27,7,7,17.4774828,78.3060359,21.75,,Telangana,11,2022-05-06,2022-07-10,high,Nallagandla,place/neighbourhood,Nallagandla,2022,2022-04-13
Namalagundu,Hyderabad,east,operational,Mettuguda,yes,Nacharam Industrial Area,5.64,blue,0.99,yes,yes,True,Mettuguda,0.99,3-6km,3,Sitaphalmandi,0.79,22.2,46,46,11,17.4288453,78.5134584,5.64,Malkajgiri,Telangana,1,2022-06-28,2022-06-28,high,Namala Gundu,place/neighbourhood,Namalagundu,2022,2022-04-13
Nanakaramguda,Hyderabad,west,none,Synchrony @ Raidurg,yes,Wipro Gopanpally,0.5,blue,4.74,no,no,True,Synchrony @ Raidurg,4.74,0-3km,40,Lingampalli,7.15,20.91,7,2,5,17.4217796,78.3379784,16.3,Gowlidoddi,Telangana,2,2022-07-06,2022-07-08,high,Nanakramguda,place/neighbourhood,Nanakaramguda,2022,2022-04-13
Nanakram Guda,Hyderabad,west,none,Raidurg,yes,Raheja Mindspace Cyberabad,2.54,blue,2.71,no,no,True,Raidurg,2.71,0-3km,103,HITEC City,5.9,19.53,10,7,10,17.4192733,78.3685249,13.11,Khajaguda,Telangana,2,2022-06-10,2022-06-21,low,Khaja guda,amenity/childcare,Nanakram Guda,2022,2022-04-13
Narayanaguda,Hyderabad,east,operational,Narayanaguda,no,Uppal IT Park,7.62,green,0.0,yes,yes,True,Narayanaguda,0.0,6km+,3,Kacheguda,1.13,17.66,63,98,28,17.3943658,78.4899578,1.1,,Telangana,1,2022-05-29,2022-05-29,medium,Narayanaguda,railway/station,Narayanaguda,2022,2022-04-13
Narayanguda,Hyderabad,east,operational,Narayanaguda,no,Uppal IT Park,7.74,green,0.44,yes,yes,True,Narayanaguda,0.44,6km+,3,Kacheguda,1.5,17.98,60,103,30,17.3981159,78.4885006,1.47,,Telangana,2,2022-04-30,2022-05-23,high,Narayanguda,place/suburb,Narayanguda,2022,2022-04-13
"Narsingi, Outer Ring Road",Hyderabad,west,none,Raidurg,yes,Kokapet SEZ,2.5,blue,5.92,no,no,True,Raidurg,5.92,0-3km,27,Borabanda,9.07,16.9,5,6,4,17.3915187,78.3598924,13.48,Manchirevula,Telangana,7,2022-04-30,2022-07-06,high,Narsingi,place/suburb,Narsingi,2022,2022-04-13
"Naseeb Nagar, Hyderabad",Hyderabad,south,none,New Market,no,Uppal IT Park,11.07,red,4.71,no,no,True,New Market,4.71,6km+,1,Huppuguda,0.76,11.66,10,14,1,17.3349459,78.4845848,5.57,Ward 44 Uppuguda,Telangana,1,2022-06-14,2022-06-14,high,Naseeb Nagar,place/neighbourhood,Naseeb Nagar Hyderabad,2022,2022-04-13
Nawab Saheb Kunta,Hyderabad,south,none,Osmania Medical College,no,Jubilee Hills Road No 36 Commercial,11.31,red,5.34,no,no,True,Osmania Medical College,5.34,6km+,0,Falaknuma,2.01,10.73,7,16,0,17.3397918,78.4578365,5.89,Ward 54 Jahanuma,Telangana,1,2022-05-06,2022-05-06,high,Nawab Saheb Kunta,place/suburb,Nawab Saheb Kunta,2022,2022-04-13
"Neknampur, Manikonda, Outer Ring Road",Hyderabad,west,none,Peddamma Gudi,yes,Kokapet SEZ,4.03,blue,5.6,no,no,True,Peddamma Gudi,5.6,3-6km,27,Borabanda,8.27,16.37,8,7,12,17.3915525,78.375176,11.86,Ibrahim Bagh,Telangana,1,2022-05-29,2022-05-29,high,Neknampur,place/neighbourhood,Neknampur,2022,2022-04-13
"Netaji Nagar Colony, Langar Houz",Hyderabad,west,none,Jubilee Hills Checkpost,yes,Jubilee Hills Road No 36 Commercial,5.67,blue,5.53,no,no,True,Jubilee Hills Checkpost,5.53,3-6km,6,Lakdi-ka-pul,7.89,14.98,8,4,5,17.3827733,78.392535,10.0,,Telangana,1,2022-06-25,2022-06-25,medium,Ward 66 Langar Houz,boundary/administrative,Langar Houz,2022,2022-04-13
"New Boiguda, Boiguda",Hyderabad,east,operational,Gandhi Hospital,no,Nacharam Industrial Area,7.39,green,0.63,yes,yes,True,Gandhi Hospital,0.63,6km+,3,Secunderabad Junction,0.79,21.45,49,59,13,17.4286363,78.4969962,4.97,,Telangana,1,2022-05-16,2022-05-16,high,Boiguda,place/suburb,Boiguda,2022,2022-04-13
New Malakpet,Hyderabad,south,operational,New Market,no,Uppal IT Park,6.96,red,0.0,yes,yes,True,New Market,0.0,6km+,2,Malakpet,0.95,16.3,25,50,10,17.3734268,78.5031775,2.17,Ward 26 Old Malakpet,Telangana,1,2022-06-02,2022-06-02,medium,New Market,railway/station,New Malakpet,2022,2022-04-13
New Mallepally,Hyderabad,unknown,unknown,unknown,unknown,unknown,,unknown,,unknown,unknown,,unknown,,unknown,,unknown,,,,,,,,,,,1,2022-06-29,2022-06-29,none,,,,2022,2022-04-13
"New Nagole Colony, Kothapet",Hyderabad,east,operational,Victoria Memorial,yes,Uppal IT Park,3.93,red,1.41,yes,yes,True,Victoria Memorial,1.41,3-6km,2,Vidyanagar,6.11,19.47,7,32,23,17.36755,78.5558104,7.59,,Telangana,1,2022-06-10,2022-06-10,medium,Ward 21 Kothapet,boundary/administrative,Kothapet,2022,2022-04-13
New Nallakunta,Hyderabad,east,operational,Chikkadpally,yes,Uppal IT Park,5.57,green,1.6,yes,yes,True,Chikkadpally,1.6,3-6km,4,Vidyanagar,0.67,18.77,87,46,10,17.3959752,78.5092275,2.68,Ward 81 Nallakunta,Telangana,3,2022-05-29,2022-06-13,high,New Nallakunta,place/neighbourhood,New Nallakunta,2022,2022-04-13
Nizam Colony,Hyderabad,north,operational,KPHB Colony,yes,HITEC City Madhapur,5.97,red,0.0,yes,yes,True,KPHB Colony,0.0,3-6km,17,HITEC City,3.18,27.12,43,104,47,17.4938025,78.4017651,15.08,Ward 123 Hydernagar,Telangana,1,2022-05-29,2022-05-29,medium,KPHB Colony,railway/station,Nizam Colony,2022,2022-04-13
Nizampet,Hyderabad,north,operational,JNTU College,no,HITEC City Madhapur,7.6,red,2.01,yes,yes,True,JNTU College,2.01,6km+,8,Hafeezpet,4.17,29.72,24,20,15,17.515397,78.3817156,18.28,Bachupally,Telangana,9,2022-04-28,2022-07-08,high,Nizampet,place/suburb,Nizampet,2022,2022-04-13
Old Alwal,Hyderabad,north,none,JBS,no,Nacharam Industrial Area,10.66,green,6.38,no,no,True,JBS,6.38,6km+,1,Bhudevi Nagar,1.46,29.69,2,11,3,17.5060381,78.5007272,13.54,Ward 134 Alwal,Telangana,2,2022-06-02,2022-06-22,high,Old Alwal,place/neighbourhood,Old Alwal,2022,2022-04-13
Old Bowenpally,Hyderabad,north,operational,Prakash Nagar,no,Jubilee Hills Road No 36 Commercial,7.52,blue,2.03,yes,yes,True,Prakash Nagar,2.03,6km+,4,Ferozguda,1.43,24.17,14,30,10,17.4617293,78.4733842,8.65,Rasoolpura,Telangana,8,2022-05-06,2022-07-05,medium,Bowenpally,highway/bus_stop,Old Bowenpally,2022,2022-04-13
"Old Malakpet, NH 9",Hyderabad,south,operational,Malakpet,no,Uppal IT Park,7.13,red,0.55,yes,yes,True,Malakpet,0.55,6km+,2,Malakpet,0.5,16.56,30,59,10,17.3787081,78.4988983,1.47,Ward 26 Old Malakpet,Telangana,3,2022-05-12,2022-07-06,high,Old Malakpet,place/neighbourhood,Old Malakpet,2022,2022-04-13
Old Nallakunta,Hyderabad,unknown,unknown,unknown,unknown,unknown,,unknown,,unknown,unknown,,unknown,,unknown,,unknown,,,,,,,,,,,5,2022-05-12,2022-07-09,none,,,,2022,2022-04-13
"Opp. Deccan college, Darusalam",Hyderabad,south,operational,Gandhi Bhavan,no,Jubilee Hills Road No 36 Commercial,7.9,red,0.81,yes,yes,True,Gandhi Bhavan,0.81,6km+,4,Hyderabad Deccan Nampally,0.99,15.61,37,60,5,17.383695,78.4659427,2.21,Ward 77 Jambagh,Telangana,1,2022-05-09,2022-05-09,high,Dar Us Salaam,place/neighbourhood,Darusalam,2022,2022-04-13
Opposite andhra mahila sabha,Hyderabad,east,operational,RTC Cross Roads,yes,Uppal IT Park,5.4,green,1.53,yes,yes,True,RTC Cross Roads,1.53,3-6km,4,Vidyanagar,0.08,19.45,93,48,12,17.4023771,78.5103285,3.17,Ward 81 Nallakunta,Telangana,1,2022-05-31,2022-05-31,low,Andhra Mahila Sabha Durgabhai Deshmukh Hospital's Blood Bank,healthcare/blood_bank,Opposite andhra mahila sabha,2022,2022-04-13
Osman Nagar,Hyderabad,west,none,Synchrony @ Raidurg,no,Wipro Gopanpally,6.82,blue,10.49,no,no,True,Synchrony @ Raidurg,10.49,6km+,1,Telapur,3.75,26.02,5,0,0,17.4418133,78.2782231,23.0,,Telangana,1,2022-05-12,2022-05-12,high,Osman Nagar,place/village,Osman Nagar,2022,2022-04-13
OU Colony-Shaikpet,Hyderabad,west,none,Jubilee Hills Checkpost,yes,Jubilee Hills Road No 36 Commercial,3.2,blue,3.11,no,no,True,Jubilee Hills Checkpost,3.11,3-6km,57,Borabanda,6.17,17.25,11,17,16,17.4043457,78.3984046,9.61,,Telangana,1,2022-06-10,2022-06-10,low,Shaikpet-II(Mini),amenity/childcare,OU Colony-Shaikpet,2022,2022-04-13
"Padmanabha Nagar, Mehdipatnam",Hyderabad,west,none,Lakdi-ka-pul,yes,Jubilee Hills Road No 36 Commercial,4.9,red,4.05,no,no,True,Lakdi-ka-pul,4.05,3-6km,6,Lakdi-ka-pul,3.89,15.63,42,38,12,17.3907279,78.4294643,6.11,Ward 71 Gudimalkapur,Telangana,1,2022-06-03,2022-06-03,high,Padmanabha Nagar,place/neighbourhood,Padmanabha Nagar Mehdipatnam,2022,2022-04-13
"Padmarao Nagar, Hyderabad-Karimnagar Highway",Hyderabad,east,none,L. B. Nagar Metro Station,no,Uppal IT Park,8.64,red,5.18,no,no,True,L. B. Nagar Metro Station,5.18,6km+,0,Yakutpura,11.13,20.3,8,10,14,17.3307869,78.5924555,12.74,Hayathnagar,Telangana,4,2022-05-16,2022-06-25,low,Vijaywada Highway,highway/trunk,Padmarao Nagar Hyderabad-Karimnagar Highway,2022,2022-04-13
Panjagutta Colony,Hyderabad,north,operational,Panjagutta,yes,Jubilee Hills Road No 36 Commercial,4.27,red,0.47,yes,yes,True,Panjagutta,0.47,3-6km,9,Necklace Road,1.4,19.63,50,106,37,17.4245834,78.4500162,5.88,Ward 91 Khairatabad,Telangana,1,2022-04-29,2022-04-29,high,Dwarkapuri Colony,place/neighbourhood,Panjagutta Colony,2022,2022-04-13
Patelguda,Hyderabad,east,none,L. B. Nagar Metro Station,no,Uppal IT Park,9.48,red,4.95,no,no,True,L. B. Nagar Metro Station,4.95,6km+,0,Yakutpura,10.55,18.7,7,14,17,17.3196157,78.5821034,12.47,Ward 14 BN Reddy Nagar,Telangana,1,2022-05-29,2022-05-29,high,Patelguda,place/neighbourhood,Patelguda,2022,2022-04-13
"Pathar Gatti, NH 7",Hyderabad,south,none,Gandhi Bhavan,no,Kokapet SEZ,29.59,red,34.09,no,no,True,Gandhi Bhavan,34.09,6km+,0,HBL Nagar,1.02,18.96,0,3,0,17.1404107,78.2811306,34.87,Kothur,Telangana,1,2022-05-06,2022-05-06,low,Old NH 7 Hyderabad Road,highway/primary,NH 7,2022,2022-04-13
"Patrika Nagar, Hitech City",Hyderabad,west,operational,HITEC City,yes,HITEC City Madhapur,1.06,blue,0.0,yes,yes,True,HITEC City,0.0,0-3km,105,HITEC City,2.33,22.4,30,28,23,17.4490055,78.3831376,13.09,Ward 104 Kondapur,Telangana,1,2022-07-08,2022-07-08,medium,HITEC City,railway/station,Patrika Nagar Hitech City,2022,2022-04-13
Peeramcheru,Hyderabad,west,none,Jubilee Hills Checkpost,no,Kokapet SEZ,6.38,blue,8.74,no,no,True,Jubilee Hills Checkpost,8.74,6km+,0,Budvel,7.29,12.68,13,5,5,17.3574342,78.3777885,11.96,Bandlaguda Jagir,Telangana,3,2022-06-14,2022-07-08,low,Peerancheru,amenity/childcare,Peeramcheru,2022,2022-04-13
"Peerzadiguda, NH 2 2",Hyderabad,east,operational,L. B. Nagar Metro Station,yes,Uppal IT Park,4.7,red,2.32,yes,yes,True,L. B. Nagar Metro Station,2.32,3-6km,1,Vidyanagar,7.49,19.85,7,16,9,17.3605753,78.5666476,8.91,,Telangana,3,2022-05-12,2022-06-18,high,Hanuman Nagar 2,place/neighbourhood,NH 2 2,2022,2022-04-13
Petbasheerabad,Hyderabad,north,none,JBS,no,Jubilee Hills Road No 36 Commercial,11.8,green,7.34,no,no,True,JBS,7.34,6km+,1,Suchitra Centre,2.77,29.91,4,14,5,17.5130521,78.4806147,14.25,Ward 132 Jeedimetla,Telangana,1,2022-06-06,2022-06-06,high,PET Bashirabad,place/neighbourhood,Petbasheerabad,2022,2022-04-13
"Pocharam, Hyderabad near infosys",Hyderabad,south,none,L. B. Nagar Metro Station,no,Uppal IT Park,25.49,red,20.1,no,no,True,L. B. Nagar Metro Station,20.1,6km+,0,Falaknuma,21.98,19.08,0,0,0,17.1766905,78.6024034,26.22,,Telangana,1,2022-06-29,2022-06-29,high,Pocharam,place/village,Pocharam,2022,2022-04-13
"Pocharam, NH 2 2",Hyderabad,east,operational,L. B. Nagar Metro Station,yes,Uppal IT Park,4.7,red,2.32,yes,yes,True,L. B. Nagar Metro Station,2.32,3-6km,1,Vidyanagar,7.49,19.85,7,16,9,17.3605753,78.5666476,8.91,,Telangana,3,2022-05-12,2022-07-02,high,Hanuman Nagar 2,place/neighbourhood,NH 2 2,2022,2022-04-13
poush,Hyderabad,unknown,unknown,unknown,unknown,unknown,,unknown,,unknown,unknown,,unknown,,unknown,,unknown,,,,,,,,,,,1,2022-06-11,2022-06-11,none,,,,2022,2022-04-13
"Pragathi Nagar, Kukatpally",Hyderabad,north,operational,KPHB Colony,no,HITEC City Madhapur,6.11,red,0.4,yes,yes,True,KPHB Colony,0.4,6km+,15,HITEC City,3.35,27.01,42,95,42,17.4930841,78.4054408,14.79,Ward 122 Vivekananda Nagar Colony,Telangana,7,2022-05-12,2022-07-06,high,Kukatpally,place/suburb,Kukatpally,2022,2022-04-13
"Pragathi Nagar, Moosapet",Hyderabad,north,operational,Moosapet,yes,Jubilee Hills Road No 36 Commercial,4.33,red,0.69,yes,yes,True,Moosapet,0.69,3-6km,68,Bharath Nagar,1.2,24.24,20,33,14,17.4685307,78.4206695,11.63,Ward 117 Moosapet,Telangana,1,2022-05-28,2022-05-28,high,Moosapet,place/suburb,Moosapet,2022,2022-04-13
Prakash Nagar,Hyderabad,north,operational,Prakash Nagar,no,Jubilee Hills Road No 36 Commercial,6.51,blue,0.55,yes,yes,True,Prakash Nagar,0.55,6km+,7,Sanjeevaiah Park,0.99,22.03,17,28,8,17.4425252,78.4704161,6.63,Ward 149 Begumpet,Telangana,1,2022-05-06,2022-05-06,high,Prakash Nagar,place/neighbourhood,Prakash Nagar,2022,2022-04-13
Prashanth hills,Hyderabad,north,none,JNTU College,no,HITEC City Madhapur,9.02,red,3.11,no,no,True,JNTU College,3.11,6km+,7,Hafeezpet,5.86,30.78,19,8,12,17.5262528,78.3936846,18.55,Bachupally,Telangana,1,2022-06-25,2022-06-25,high,Prashanthi Hills,place/neighbourhood,Prashanth hills,2022,2022-04-13
Prashanth Nagar,Hyderabad,east,operational,Stadium,yes,Uppal IT Park,0.43,blue,0.61,yes,yes,True,Stadium,0.61,0-3km,2,Moula Ali,3.96,22.84,18,25,25,17.4061779,78.5598445,8.11,Ward 7 Chilka Nagar,Telangana,1,2022-07-02,2022-07-02,high,Prashanth Nagar,place/neighbourhood,Prashanth Nagar,2022,2022-04-13
Prem nagar-Erragadda,Hyderabad,north,operational,Erragadda,yes,Jubilee Hills Road No 36 Commercial,3.84,red,0.0,yes,yes,True,Erragadda,0.0,3-6km,40,Sanat Nagar,0.64,23.04,21,69,19,17.4573276,78.4334618,9.83,Ward 100 Sanath Nagar,Telangana,2,2022-06-10,2022-07-06,medium,Erragadda,railway/station,Prem nagar-Erragadda,2022,2022-04-13
Punjagutta X Roads,Hyderabad,east,operational,RTC Cross Roads,no,Uppal IT Park,6.32,green,0.58,yes,yes,True,RTC Cross Roads,0.58,6km+,3,Vidyanagar,1.02,19.27,110,80,28,17.4049531,78.5017667,2.73,Ward 87 Ramnagar,Telangana,1,2022-06-20,2022-06-20,high,VST X Roads,place/locality,Punjagutta X Roads,2022,2022-04-13
Puppalaguda,Hyderabad,west,none,Raidurg,yes,Kokapet SEZ,3.99,blue,5.15,no,no,True,Raidurg,5.15,3-6km,37,Borabanda,7.81,16.82,8,8,13,17.3959138,78.3756838,11.84,Ibrahim Bagh,Telangana,5,2022-05-12,2022-07-02,high,Puppalguda,place/neighbourhood,Puppalaguda,2022,2022-04-13
"Quthbullapur, NH 7",Hyderabad,north,none,Balanagar,no,Jubilee Hills Road No 36 Commercial,9.7,red,5.0,no,no,True,Balanagar,5.0,6km+,0,Suchitra Centre,2.27,28.57,16,26,6,17.5047122,78.4589164,13.63,Ward 132 Jeedimetla,Telangana,4,2022-05-06,2022-06-10,high,Qutubullapur,place/suburb,Quthbullapur,2022,2022-04-13
Qutub Shahi Tombs,Hyderabad,west,none,Jubilee Hills Checkpost,yes,Jubilee Hills Road No 36 Commercial,4.17,blue,4.04,no,no,True,Jubilee Hills Checkpost,4.04,3-6km,33,Khairatabad,7.07,16.31,8,16,16,17.3956054,78.396923,9.6,Ward 94 Shaikpet,Telangana,3,2022-05-12,2022-07-06,low,Qutub Shahi Tombs,historic/archaeological_site,Qutub Shahi Tombs,2022,2022-04-13
"Ragannaguda, Outer Ring Road",Hyderabad,south,none,L. B. Nagar Metro Station,no,Uppal IT Park,15.2,red,9.17,no,no,True,L. B. Nagar Metro Station,9.17,6km+,0,Falaknuma,8.65,10.69,1,1,0,17.2705033,78.5241367,13.34,Kurmalguda,Telangana,1,2022-06-26,2022-06-26,high,Ragannaguda,place/neighbourhood,Ragannaguda,2022,2022-04-13
railway employees housing colony Bollarum,Hyderabad,north,none,JBS,no,Nacharam Industrial Area,13.09,green,10.01,no,no,True,JBS,10.01,6km+,0,Bolarum,0.83,33.37,1,1,0,17.5379769,78.5095908,17.18,Ward 133 Macha Bolarum,Telangana,1,2022-05-06,2022-05-06,low,Railway Employees’ Colony Park,leisure/park,railway employees housing colony Bollarum,2022,2022-04-13
Raj Bhawan Road,Hyderabad,north,operational,Irrum Manzil,yes,Jubilee Hills Road No 36 Commercial,5.41,red,0.44,yes,yes,True,Irrum Manzil,0.44,3-6km,7,Khairatabad,0.61,19.13,42,70,23,17.4182676,78.4595212,4.69,Ward 91 Khairatabad,Telangana,3,2022-05-09,2022-06-08,medium,Raj Bhavan Quarters,landuse/residential,Raj Bhawan Road,2022,2022-04-13
Rajendra Mandal,Hyderabad,south,none,Gandhi Bhavan,no,Kokapet SEZ,11.24,red,10.53,no,no,True,Gandhi Bhavan,10.53,6km+,0,Budvel,2.69,7.95,12,3,0,17.3200305,78.4020096,11.53,Ward 60 Rajendra Nagar,Telangana,1,2022-06-27,2022-06-27,high,Rajendra Nagar,place/suburb,Rajendra Mandal,2022,2022-04-13
"Rajendra Nagar, Outer Ring Road",Hyderabad,south,none,Gandhi Bhavan,no,Kokapet SEZ,11.24,red,10.53,no,no,True,Gandhi Bhavan,10.53,6km+,0,Budvel,2.69,7.95,12,3,0,17.3200305,78.4020096,11.53,Ward 60 Rajendra Nagar,Telangana,6,2022-05-28,2022-07-03,high,Rajendra Nagar,place/suburb,Rajendra Nagar,2022,2022-04-13
Ram Bagh Colony,Hyderabad,north,operational,Rasoolpura,no,Jubilee Hills Road No 36 Commercial,7.52,blue,0.63,yes,yes,True,Rasoolpura,0.63,6km+,7,Sanjeevaiah Park,0.62,22.0,16,41,9,17.4396078,78.4805683,6.11,Ward 148 Ramgopalpet,Telangana,1,2022-06-29,2022-06-29,high,Bapu Bagh Colony,place/neighbourhood,Ram Bagh Colony,2022,2022-04-13
Ram nagar,Hyderabad,east,operational,Musheerabad,yes,Uppal IT Park,5.78,green,1.12,yes,yes,True,Musheerabad,1.12,3-6km,2,Vidyanagar,1.12,20.19,87,57,23,17.4114232,78.5076081,3.68,Ward 86 Musheerabad,Telangana,4,2022-05-12,2022-07-08,high,Ram Nagar,place/suburb,Ram nagar,2022,2022-04-13
"Ramachandra Puram, NH 9",Hyderabad,north,operational,Irrum Manzil,yes,Jubilee Hills Road No 36 Commercial,5.08,red,0.18,yes,yes,True,Irrum Manzil,0.18,3-6km,7,Khairatabad,0.82,19.14,48,80,26,17.4189582,78.456512,4.95,Ward 91 Khairatabad,Telangana,4,2022-04-30,2022-07-06,low,"NH, D&P wing, Roads and Buildings Department",office/government,NH 9,2022,2022-04-13
"Ramanthapur, NH 2 2",Hyderabad,east,operational,L. B. Nagar Metro Station,yes,Uppal IT Park,4.7,red,2.32,yes,yes,True,L. B. Nagar Metro Station,2.32,3-6km,1,Vidyanagar,7.49,19.85,7,16,9,17.3605753,78.5666476,8.91,,Telangana,4,2022-05-16,2022-07-02,high,Hanuman Nagar 2,place/neighbourhood,NH 2 2,2022,2022-04-13
Ramchandrapuram Mandal,Hyderabad,west,none,miyapur metro,no,Gachibowli IT Corridor,10.67,red,10.41,no,no,True,miyapur metro,10.41,6km+,1,Ramachandrapuram TS,0.72,32.82,2,6,6,17.5119496,78.2759356,26.44,,Telangana,1,2022-06-25,2022-06-25,high,Ramachandrapuram,place/village,Ramchandrapuram Mandal,2022,2022-04-13
Rampally,Hyderabad,east,none,Stadium,yes,Infosys Pocharam SEZ,3.55,blue,11.6,no,no,True,Stadium,11.6,3-6km,0,Charlapalli,3.95,33.94,0,2,1,17.4697905,78.641907,18.97,,Telangana,6,2022-05-07,2022-07-09,high,Rampally,place/village,Rampally,2022,2022-04-13
"Rasoolpura, Mahatma Gandhi Road",Hyderabad,north,operational,Rasoolpura,no,Jubilee Hills Road No 36 Commercial,7.47,blue,0.46,yes,yes,True,Rasoolpura,0.46,6km+,7,Sanjeevaiah Park,1.3,22.75,16,37,14,17.4471569,78.4786038,6.96,,Telangana,2,2022-05-06,2022-05-26,high,Rasoolpura,place/suburb,Rasoolpura,2022,2022-04-13
"Red Hills, Lakdikapul, NH 7",Hyderabad,south,operational,Lakdi-ka-pul,yes,Jubilee Hills Road No 36 Commercial,5.98,red,0.56,yes,yes,True,Lakdi-ka-pul,0.56,3-6km,7,Lakdi-ka-pul,0.41,17.75,54,85,16,17.405368,78.4599489,3.63,Ward 91 Khairatabad,Telangana,2,2022-07-02,2022-07-08,high,Lakdi-ka-pul,place/suburb,Lakdikapul,2022,2022-04-13
"Rethibowli, Mehdipatnam",Hyderabad,west,none,Khairatabad,yes,Jubilee Hills Road No 36 Commercial,4.58,red,3.92,no,no,True,Khairatabad,3.92,3-6km,7,Lakdi-ka-pul,3.83,15.96,42,39,12,17.3937454,78.4289691,6.2,Ward 70 Mehdipatnam,Telangana,1,2022-06-15,2022-06-15,high,Rethibowli,place/neighbourhood,Rethibowli Mehdipatnam,2022,2022-04-13
Rhoda Mistri Nagar,Hyderabad,unknown,unknown,unknown,unknown,unknown,,unknown,,unknown,unknown,,unknown,,unknown,,unknown,,,,,,,,,,,1,2022-07-06,2022-07-06,none,,,,2022,2022-04-13
Road no 3 banjara hills hyderabad 500035,Hyderabad,west,operational,Madhura Nagar,yes,Jubilee Hills Road No 36 Commercial,2.78,blue,1.28,yes,yes,True,Madhura Nagar,1.28,0-3km,29,Begumpet,2.74,19.57,48,96,30,17.4258368,78.4359253,7.05,Ward 92 Venkateshwara Colony,Telangana,1,2022-06-29,2022-06-29,medium,Banjara Hills Road No.2 Lumbini Mall,highway/bus_stop,Road no 3 banjara hills hyderabad 500035,2022,2022-04-13
Rock Town Colony,Hyderabad,east,operational,Victoria Memorial,yes,Uppal IT Park,4.43,red,2.12,yes,yes,True,Victoria Memorial,2.12,3-6km,1,Vidyanagar,7.11,19.77,6,19,12,17.3627658,78.5638404,8.55,,Telangana,2,2022-06-10,2022-07-01,medium,Chanikyapuri Colony Bus Stop,highway/bus_stop,Rock Town Colony,2022,2022-04-13
Rodamestri Nagar,Hyderabad,north,none,Kukatpally Metro,no,Jubilee Hills Road No 36 Commercial,9.33,red,3.64,no,no,True,Kukatpally Metro,3.64,6km+,7,Suchitra Centre,5.18,29.15,24,34,8,17.5124751,78.4305687,15.37,Ward 126 Jagathgirigutta,Telangana,1,2022-05-21,2022-05-21,high,Roadamestry Nagar,place/neighbourhood,Rodamestri Nagar,2022,2022-04-13
RTC Colony-Chandanagar,Hyderabad,west,none,miyapur metro,yes,Gachibowli IT Corridor,4.96,red,4.42,no,no,True,miyapur metro,4.42,3-6km,5,Chandanagar,0.0,27.91,29,39,18,17.4872976,78.3322142,19.95,Ward 109 Hafeezpet,Telangana,1,2022-05-06,2022-05-06,medium,Chandanagar,railway/station,RTC Colony-Chandanagar,2022,2022-04-13
RTC Cross Road,Hyderabad,east,operational,RTC Cross Roads,no,Uppal IT Park,6.86,green,0.0,yes,yes,True,RTC Cross Roads,0.0,6km+,5,Vidyanagar,1.59,19.24,92,91,29,17.4070321,78.4968023,2.67,Ward 87 Ramnagar,Telangana,1,2022-07-06,2022-07-06,medium,RTC Cross Roads,railway/station,RTC Cross Road,2022,2022-04-13
"Safilguda, Secunderabad",Hyderabad,east,none,Mettuguda,yes,Nacharam Industrial Area,4.63,blue,4.06,no,no,True,Mettuguda,4.06,3-6km,3,Safilguda,0.9,27.21,12,23,9,17.4665153,78.5398739,10.68,Ward 137 Vinayak Nagar,Telangana,2,2022-05-12,2022-06-18,high,Safilguda,place/suburb,Safilguda,2022,2022-04-13
Sai Nagar-Uppal,Hyderabad,east,operational,Victoria Memorial,yes,Uppal IT Park,4.13,red,1.76,yes,yes,True,Victoria Memorial,1.76,3-6km,1,Vidyanagar,6.62,19.65,8,29,20,17.3654011,78.5601025,8.09,Ward 11 Nagole,Telangana,1,2022-07-01,2022-07-01,high,Sai Nagar,place/neighbourhood,Sai Nagar-Uppal,2022,2022-04-13
"Sai Raghavendra Colony, uppal",Hyderabad,east,operational,Stadium,yes,Uppal IT Park,1.28,blue,0.81,yes,yes,True,Stadium,0.81,0-3km,1,Moula Ali,3.12,23.37,27,33,26,17.4136455,78.5582415,8.23,Ward 7 Chilka Nagar,Telangana,1,2022-05-01,2022-05-01,high,Raghavendra Nagar Colony,place/neighbourhood,Sai Raghavendra Colony uppal,2022,2022-04-13
Saidabad,Hyderabad,south,operational,Musarambagh,no,Uppal IT Park,6.87,red,1.32,yes,yes,True,Musarambagh,1.32,6km+,2,Yakutpura,2.4,15.79,44,60,21,17.359533,78.5147979,4.11,,Telangana,1,2022-07-02,2022-07-02,high,Saidabad,place/suburb,Saidabad,2022,2022-04-13
"Saidabad Colony, Sayeedabad",Hyderabad,south,operational,Dilsukh Nagar,no,Uppal IT Park,6.25,red,0.95,yes,yes,True,Dilsukh Nagar,0.95,6km+,2,Yakutpura,2.76,16.42,50,68,21,17.3645088,78.5178118,4.01,Ward 24 Saidabad,Telangana,3,2022-04-30,2022-06-18,high,Tirumala Hill Colony,place/neighbourhood,Saidabad Colony,2022,2022-04-13
Sainikpuri,Hyderabad,north,none,Mettuguda,no,Nacharam Industrial Area,6.7,blue,6.45,no,no,True,Mettuguda,6.45,6km+,1,Neredmet,1.38,29.58,4,20,15,17.4892154,78.5424889,13.01,Ward 1 Kapra,Telangana,11,2022-04-30,2022-07-04,high,Sainikpuri,place/suburb,Sainikpuri,2022,2022-04-13
"Saket, Secunderabad",Hyderabad,east,none,Mettuguda,no,Nacharam Industrial Area,6.99,blue,8.97,no,no,True,Mettuguda,8.97,6km+,1,Neredmet,4.6,31.92,1,3,6,17.4956748,78.575906,15.52,Ward 1 Kapra,Telangana,1,2022-05-29,2022-05-29,high,Saket,place/suburb,Saket,2022,2022-04-13
sanath nagar Ashok colony,Hyderabad,north,operational,ESI Hospital,yes,Jubilee Hills Road No 36 Commercial,4.7,red,1.2,yes,yes,True,ESI Hospital,1.2,3-6km,9,Fateh Nagar,0.49,22.62,32,89,26,17.4519836,78.4486395,8.47,Ward 100 Sanath Nagar,Telangana,1,2022-05-07,2022-05-07,low,Ashok Colony road,highway/residential,sanath nagar Ashok colony,2022,2022-04-13
"Sanath Nagar, NH 9",Hyderabad,north,operational,ESI Hospital,yes,Jubilee Hills Road No 36 Commercial,4.36,red,0.86,yes,yes,True,ESI Hospital,0.86,3-6km,12,Fateh Nagar,0.71,22.59,31,86,23,17.4522594,78.4446705,8.71,,Telangana,3,2022-05-31,2022-07-06,high,Sanath Nagar,place/suburb,Sanath Nagar,2022,2022-04-13
Sangareddy District,Hyderabad,unknown,unknown,unknown,unknown,unknown,,unknown,,unknown,unknown,,unknown,,unknown,,unknown,,,,,,,,,,,1,2022-05-18,2022-05-18,none,,,,2022,2022-04-13
Santosh Nagar,Hyderabad,south,none,Musarambagh,no,Uppal IT Park,8.58,red,2.72,no,no,True,Musarambagh,2.72,6km+,2,Yakutpura,1.89,14.08,15,28,4,17.3477116,78.5043699,4.55,Ward 39 Santhosh Nagar,Telangana,2,2022-05-12,2022-05-25,high,Santosh Nagar,place/neighbourhood,Santosh Nagar,2022,2022-04-13
"Saroornagar, NH 9",Hyderabad,east,operational,Chaitanyapuri,yes,Uppal IT Park,6.0,red,1.39,yes,yes,True,Chaitanyapuri,1.39,3-6km,2,Yakutpura,4.23,16.77,35,70,35,17.3564017,78.5318948,5.75,Ward 19 Saroornagar,Telangana,2,2022-05-06,2022-06-22,high,Saroor Nagar,place/suburb,Saroornagar,2022,2022-04-13
Secretariat Hills,Hyderabad,west,none,Peddamma Gudi,yes,Kokapet SEZ,4.81,blue,5.27,no,no,True,Peddamma Gudi,5.27,3-6km,18,Borabanda,8.11,16.03,8,6,12,17.3903003,78.3823827,11.09,Ibrahim Bagh,Telangana,1,2022-04-30,2022-04-30,low,Secretariat hills community hall,amenity/community_centre,Secretariat Hills,2022,2022-04-13
Secunderabad,Hyderabad,east,operational,Secunderabad West,no,Nacharam Industrial Area,6.97,green,0.12,yes,yes,True,Secunderabad West,0.12,6km+,3,Secunderabad Junction,0.15,22.12,33,64,12,17.4337246,78.5006827,5.62,Hyderabad,Telangana,2,2022-06-19,2022-07-02,medium,Secunderabad,place/city,Secunderabad,2022,2022-04-13
Seri Lingampally,Hyderabad,west,none,miyapur metro,yes,Gachibowli IT Corridor,5.86,red,6.08,no,no,True,miyapur metro,6.08,3-6km,3,Lingampalli,0.59,28.61,35,28,11,17.4881832,78.316112,21.43,Ward 106 Serilingampally,Telangana,1,2022-06-17,2022-06-17,high,Lingampally,place/suburb,Seri Lingampally,2022,2022-04-13
Serilingampally,Hyderabad,west,none,Synchrony @ Raidurg,yes,Gachibowli IT Corridor,2.51,blue,4.76,no,no,True,Synchrony @ Raidurg,4.76,0-3km,32,Chandanagar,2.45,25.46,13,3,4,17.4667166,78.340421,17.98,,Telangana,5,2022-04-30,2022-06-22,medium,Ward 106 Serilingampally,boundary/administrative,Serilingampally,2022,2022-04-13
Shaikpet,Hyderabad,west,none,Jubilee Hills Checkpost,yes,Jubilee Hills Road No 36 Commercial,2.97,blue,2.85,no,no,True,Jubilee Hills Checkpost,2.85,0-3km,60,Borabanda,5.97,17.38,17,19,15,17.4057955,78.4006536,9.42,Ward 94 Shaikpet,Telangana,2,2022-05-12,2022-06-23,high,Shaikpet,place/suburb,Shaikpet,2022,2022-04-13
Shamirpet,Hyderabad,north,none,JBS,no,Genome Valley Shameerpet,9.73,green,18.16,no,no,True,JBS,18.16,6km+,0,Bolarum,9.24,41.61,0,1,0,17.5942672,78.5743878,25.06,,Telangana,1,2022-05-29,2022-05-29,high,Shamirpet,place/village,Shamirpet,2022,2022-04-13
Shamshabad,Hyderabad,south,none,Gandhi Bhavan,no,Kokapet SEZ,16.59,red,16.28,no,no,True,Gandhi Bhavan,16.28,6km+,0,Umdanagar,0.25,3.03,0,4,0,17.2611444,78.3931943,16.98,Vellanki Agros,Telangana,2,2022-05-06,2022-07-06,high,Shamshabad,place/village,Shamshabad,2022,2022-04-13
Shivaji Nagar,Hyderabad,south,none,Mahatma Gandhi Bus Station (Red Line),no,Uppal IT Park,11.64,red,4.7,no,no,True,Mahatma Gandhi Bus Station (Red Line),4.7,6km+,1,Falaknuma,0.75,11.43,8,20,1,17.3392935,78.4737879,5.26,,Telangana,1,2022-05-06,2022-05-06,high,Shivaji Nagar,place/neighbourhood,Shivaji Nagar,2022,2022-04-13
"Siddhi Vinayak Nagar, Madhapur",Hyderabad,east,none,L. B. Nagar Metro Station,no,Uppal IT Park,9.49,red,7.45,no,no,True,L. B. Nagar Metro Station,7.45,6km+,0,Vidyanagar,13.43,22.74,5,3,1,17.3354066,78.6164875,14.84,Hayathnagar,Telangana,1,2022-05-02,2022-05-02,high,Siddi Vinayak Nagar,place/neighbourhood,Siddhi Vinayak Nagar Madhapur,2022,2022-04-13
"Sikh Apartmentge, NH 7",Hyderabad,north,operational,JBS,no,Nacharam Industrial Area,8.79,green,1.51,yes,yes,True,JBS,1.51,6km+,3,Sanjeevaiah Park,2.97,24.4,19,37,15,17.4598929,78.4883185,8.33,Gunrock Enclave,Telangana,1,2022-07-06,2022-07-06,medium,Srinidhi Apartments,landuse/residential,Sikh Apartmentge,2022,2022-04-13
"Sitaphalmandi, Padmarao Nagar",Hyderabad,east,operational,Mettuguda,yes,Nacharam Industrial Area,5.21,blue,0.68,yes,yes,True,Mettuguda,0.68,3-6km,2,Sitaphalmandi,0.44,22.48,30,44,14,17.4297326,78.5174265,5.95,Ward 144 Mettuguda,Telangana,1,2022-05-21,2022-05-21,high,Sitaphalmandi,place/suburb,Sitaphalmandi,2022,2022-04-13
"Sivarampalli, Hyderabad Expressway",Hyderabad,south,none,Gandhi Bhavan,no,Jubilee Hills Road No 36 Commercial,10.0,red,7.23,no,no,True,Gandhi Bhavan,7.23,6km+,0,NPA Shivaram Pally,2.51,10.15,0,3,4,17.341739,78.4233521,8.27,Ward 57 Suleman Nagar,Telangana,1,2022-07-06,2022-07-06,low,P.V. Narasimha Rao Flyover,highway/motorway,Sivarampalli Hyderabad Expressway,2022,2022-04-13
"Somajiguda, NH 9",Hyderabad,north,operational,Irrum Manzil,yes,Jubilee Hills Road No 36 Commercial,5.15,red,0.61,yes,yes,True,Irrum Manzil,0.61,3-6km,7,Necklace Road,0.55,19.9,46,72,32,17.4255053,78.4585197,5.41,Ward 97 Somajiguda,Telangana,7,2022-05-07,2022-06-30,high,Somajiguda,place/suburb,Somajiguda,2022,2022-04-13
Sri BALAJI CLASSIC BHAVANI NAGAR RD NO 5,Hyderabad,north,operational,KPHB Colony,no,HITEC City Madhapur,6.08,red,0.49,yes,yes,True,KPHB Colony,0.49,6km+,17,HITEC City,3.33,26.92,41,94,42,17.4922912,78.4061527,14.67,Ward 122 Vivekananda Nagar Colony,Telangana,1,2022-07-05,2022-07-05,low,Sri Chaitanya Junior College,amenity/college,Sri BALAJI CLASSIC BHAVANI NAGAR RD NO 5,2022,2022-04-13
Sri Nagar Colony,Hyderabad,east,operational,Moosarambagh,yes,Uppal IT Park,5.97,red,0.64,yes,yes,True,Moosarambagh,0.64,3-6km,2,Malakpet,1.8,17.13,53,53,17,17.3768805,78.5117854,2.81,Ward 25 Moosarambagh,Telangana,1,2022-07-06,2022-07-06,high,Sri Nagar Colony,place/neighbourhood,Sri Nagar Colony,2022,2022-04-13
sri sai arcade madinaguda,Hyderabad,west,operational,miyapur metro,yes,Gachibowli IT Corridor,4.69,red,2.28,yes,yes,True,miyapur metro,2.28,3-6km,24,Hafeezpet,1.15,27.25,21,23,13,17.4873701,78.3534615,18.15,Ward 109 Hafeezpet,Telangana,1,2022-07-05,2022-07-05,medium,Sri Sairam Towers,landuse/residential,sri sai arcade madinaguda,2022,2022-04-13
"Srinagar Colony, Old Malakpet, NH 9",Hyderabad,west,operational,Yusufguda,yes,Jubilee Hills Road No 36 Commercial,2.49,blue,0.81,yes,yes,True,Yusufguda,0.81,0-3km,39,Nature Cure Hospital,2.52,20.15,62,108,26,17.431231,78.4337951,7.61,Ward 97 Somajiguda,Telangana,1,2022-07-10,2022-07-10,high,Srinagar Colony,place/neighbourhood,Srinagar Colony,2022,2022-04-13
"Srini kunj Anasuya Enclave, Lingampally, Kachiguda, Hyderabad",Hyderabad,east,operational,Narayanaguda,no,Uppal IT Park,7.47,green,0.28,yes,yes,True,Narayanaguda,0.28,6km+,2,Kacheguda,0.87,17.54,66,89,24,17.3923945,78.4916581,0.98,Ward 80 Kachiguda,Telangana,1,2022-05-09,2022-05-09,high,Lingampally,place/neighbourhood,Lingampally Kachiguda Hyderabad,2022,2022-04-13
"Srinivasa Colony, Secunderabad",Hyderabad,east,operational,Uppal,yes,Uppal IT Park,1.55,blue,1.8,yes,yes,True,Uppal,1.8,0-3km,1,Moula Ali,4.31,24.1,27,31,19,17.40911,78.5741236,9.66,Boduppal,Telangana,1,2022-07-03,2022-07-03,high,Srinivasa Colony,place/neighbourhood,Srinivasa Colony Secunderabad,2022,2022-04-13
Srisailam Highway,Hyderabad,south,none,New Market,no,Uppal IT Park,12.71,red,6.57,no,no,True,New Market,6.57,6km+,0,Falaknuma,1.63,9.93,2,10,1,17.3186548,78.4798674,7.41,Ward 42 Barkas,Telangana,1,2022-06-06,2022-06-06,low,Srisailam Highway,highway/trunk,Srisailam Highway,2022,2022-04-13
"Subhash Nagar, Secunderabad",Hyderabad,north,none,JBS,no,Nacharam Industrial Area,9.09,green,4.22,no,no,True,JBS,4.22,6km+,1,Bhudevi Nagar,0.73,27.64,7,9,8,17.4865053,78.5011252,11.39,Ward 135 Venkatapuram,Telangana,1,2022-05-06,2022-05-06,high,Subhash Nagar,place/neighbourhood,Subhash Nagar,2022,2022-04-13
Suchitra Circle,Hyderabad,unknown,unknown,unknown,unknown,unknown,,unknown,,unknown,unknown,,unknown,,unknown,,unknown,,,,,,,,,,,5,2022-05-04,2022-07-08,none,,,,2022,2022-04-13
"Sun City, Bandlaguda, Chevella Road",Hyderabad,east,none,Nagole,yes,Uppal IT Park,3.66,blue,2.6,no,no,True,Nagole,2.6,3-6km,1,Jamai Osmania,7.31,21.11,5,9,4,17.3714879,78.5727265,9.25,Ward 11 Nagole,Telangana,1,2022-05-19,2022-05-19,high,Bandlaguda,place/suburb,Bandlaguda,2022,2022-04-13
Suraram,Hyderabad,north,none,KPHB Colony,no,HITEC City Madhapur,10.96,red,5.03,no,no,True,KPHB Colony,5.03,6km+,1,Suchitra Centre,7.76,31.75,6,6,1,17.5360946,78.4186386,18.29,,Telangana,2,2022-04-30,2022-06-06,medium,Ward 129 Suraram,boundary/administrative,Suraram,2022,2022-04-13
"SV Nagar, Secunderabad",Hyderabad,east,operational,Secunderabad West,no,Nacharam Industrial Area,6.97,green,0.12,yes,yes,True,Secunderabad West,0.12,6km+,3,Secunderabad Junction,0.15,22.12,33,64,12,17.4337246,78.5006827,5.62,Hyderabad,Telangana,1,2022-06-29,2022-06-29,medium,Secunderabad,place/city,Secunderabad,2022,2022-04-13
"Tarapuri Colony, Secunderabad",Hyderabad,north,operational,Paradise,no,Jubilee Hills Road No 36 Commercial,8.01,blue,0.57,yes,yes,True,Paradise,0.57,6km+,7,James Street,0.64,22.03,22,41,7,17.4384001,78.4853766,5.94,Ward 148 Ramgopalpet,Telangana,1,2022-06-22,2022-06-22,high,Jawahar Nagar Colony,place/neighbourhood,Tarapuri Colony Secunderabad,2022,2022-04-13
Tarnaka,Hyderabad,east,operational,Tarnaka,yes,Nacharam Industrial Area,4.07,blue,0.0,yes,yes,True,Tarnaka,0.0,3-6km,2,Sitaphalmandi,0.83,22.91,31,41,15,17.4282965,78.5284415,6.54,Ward 144 Mettuguda,Telangana,3,2022-05-12,2022-06-21,medium,Tarnaka,railway/station,Tarnaka,2022,2022-04-13
"Tellapur, Outer Ring Road",Hyderabad,south,none,Jubilee Hills Checkpost,no,Kokapet SEZ,9.06,blue,12.07,no,no,True,Jubilee Hills Checkpost,12.07,6km+,0,Budvel,5.76,9.76,4,0,1,17.3266093,78.3736356,13.64,,Telangana,2,2022-06-14,2022-07-02,low,Outer Ring Road,highway/motorway,Tellapur Outer Ring Road,2022,2022-04-13
Thumukunta,Hyderabad,north,none,JBS,no,Genome Valley Shameerpet,13.44,green,14.31,no,no,True,JBS,14.31,6km+,0,Bolarum,5.45,37.79,0,0,0,17.5649983,78.5545036,21.27,Shamirpet,Telangana,1,2022-07-06,2022-07-06,high,Thumukunta,place/village,Thumukunta,2022,2022-04-13
TNGOS Colony,Hyderabad,unknown,unknown,unknown,unknown,unknown,,unknown,,unknown,unknown,,unknown,,unknown,,unknown,,,,,,,,,,,1,2022-07-06,2022-07-06,none,,,,2022,2022-04-13
Toli Chowki,Hyderabad,unknown,unknown,unknown,unknown,unknown,,unknown,,unknown,unknown,,unknown,,unknown,,unknown,,,,,,,,,,,11,2022-05-09,2022-07-07,none,,,,2022,2022-04-13
Trimulgherry,Hyderabad,north,operational,JBS,no,Jubilee Hills Road No 36 Commercial,8.62,green,2.16,yes,yes,True,JBS,2.16,6km+,3,Ferozguda,2.49,24.69,18,32,13,17.4639543,78.4837317,8.78,,Telangana,2,2022-05-29,2022-07-06,medium,Tirumalagiri mandal,boundary/administrative,Trimulgherry,2022,2022-04-13
"Troop Bazaar, Koti",Hyderabad,south,operational,Osmania Medical College,no,Jubilee Hills Road No 36 Commercial,8.86,red,0.4,yes,yes,True,Osmania Medical College,0.4,6km+,3,Hyderabad Deccan Nampally,1.42,16.22,35,75,8,17.3849929,78.4785324,0.87,Ward 77 Jambagh,Telangana,1,2022-05-25,2022-05-25,high,Troop Bazaar,place/neighbourhood,Troop Bazaar Koti,2022,2022-04-13
"Uppal, NH 2 2",Hyderabad,east,operational,L. B. Nagar Metro Station,yes,Uppal IT Park,4.7,red,2.32,yes,yes,True,L. B. Nagar Metro Station,2.32,3-6km,1,Vidyanagar,7.49,19.85,7,16,9,17.3605753,78.5666476,8.91,,Telangana,11,2022-04-28,2022-07-08,high,Hanuman Nagar 2,place/neighbourhood,NH 2 2,2022,2022-04-13
"Upparpally, Hyderabad Expressway",Hyderabad,south,none,Gandhi Bhavan,no,Jubilee Hills Road No 36 Commercial,8.2,red,6.46,no,no,True,Gandhi Bhavan,6.46,6km+,0,NPA Shivaram Pally,4.23,11.92,3,11,6,17.35768,78.4200013,7.7,Ward 60 Rajendra Nagar,Telangana,4,2022-05-06,2022-06-18,high,Upperpally,place/suburb,Upparpally,2022,2022-04-13
Upperpally,Hyderabad,south,none,Gandhi Bhavan,no,Jubilee Hills Road No 36 Commercial,8.2,red,6.46,no,no,True,Gandhi Bhavan,6.46,6km+,0,NPA Shivaram Pally,4.23,11.92,3,11,6,17.35768,78.4200013,7.7,Ward 60 Rajendra Nagar,Telangana,2,2022-05-12,2022-06-25,high,Upperpally,place/suburb,Upperpally,2022,2022-04-13
"Vahini nagar, Karkhana, Hyderabad road no 2a",Hyderabad,north,none,JBS,no,Nacharam Industrial Area,7.31,green,3.15,no,no,True,JBS,3.15,6km+,2,Ramakistapuram Gate,1.9,26.62,9,11,7,17.4732138,78.5115017,10.16,Tirumalagiri,Telangana,1,2022-04-30,2022-04-30,high,Karkhana,place/neighbourhood,Karkhana,2022,2022-04-13
"Vanasthalipuram, NH 9",Hyderabad,east,none,L. B. Nagar Metro Station,no,Uppal IT Park,8.06,red,3.06,no,no,True,L. B. Nagar Metro Station,3.06,6km+,0,Yakutpura,8.73,18.12,9,33,20,17.3303179,78.568278,10.58,Ward 15 Vanasthalipuram,Telangana,6,2022-04-30,2022-07-08,high,Vanasthalipuram,place/suburb,Vanasthalipuram,2022,2022-04-13
Vandanapuri colony,Hyderabad,west,none,miyapur metro,no,Gachibowli IT Corridor,9.97,red,8.45,no,no,True,miyapur metro,8.45,6km+,1,Ramachandrapuram TS,1.94,32.71,5,12,4,17.520578,78.2971904,25.13,,Telangana,1,2022-06-10,2022-06-10,low,Vandanpuri Colony Road,highway/residential,Vandanapuri colony,2022,2022-04-13
"Venkata Ramana Colony, Nagole",Hyderabad,north,operational,miyapur metro,yes,HITEC City Madhapur,4.01,red,1.6,yes,yes,True,miyapur metro,1.6,3-6km,65,HITEC City,1.64,26.23,21,34,24,17.4832313,78.3788981,15.81,Ward 107 Madhapur,Telangana,1,2022-06-28,2022-06-28,high,Venkata Ramana Colony,place/neighbourhood,Venkata Ramana Colony Nagole,2022,2022-04-13
"Venkataramana Colony, Secunderabad",Hyderabad,west,operational,Irrum Manzil,yes,Jubilee Hills Road No 36 Commercial,4.92,red,0.63,yes,yes,True,Irrum Manzil,0.63,3-6km,7,Khairatabad,0.82,18.68,44,78,26,17.4153286,78.4537168,4.86,,Telangana,1,2022-06-17,2022-06-17,high,Venkataramana Colony,place/neighbourhood,Venkataramana Colony Secunderabad,2022,2022-04-13
Vidya Nagar,Hyderabad,east,operational,RTC Cross Roads,yes,Uppal IT Park,5.57,green,1.44,yes,yes,True,RTC Cross Roads,1.44,3-6km,4,Vidyanagar,0.23,19.25,93,51,15,17.4011066,78.5088212,2.95,Ward 81 Nallakunta,Telangana,2,2022-06-07,2022-06-08,high,Vidya Nagar Junction,place/locality,Vidya Nagar,2022,2022-04-13
Vidyanagar,Hyderabad,east,operational,RTC Cross Roads,yes,Uppal IT Park,5.48,green,1.47,yes,yes,True,RTC Cross Roads,1.47,3-6km,4,Vidyanagar,0.13,19.37,92,50,13,17.4019354,78.5095814,3.07,Ward 81 Nallakunta,Telangana,1,2022-04-30,2022-04-30,high,Vidyanagar,place/suburb,Vidyanagar,2022,2022-04-13
Vijay nagar colony m,Hyderabad,south,operational,Lakdi-ka-pul,yes,Jubilee Hills Road No 36 Commercial,5.78,red,1.46,yes,yes,True,Lakdi-ka-pul,1.46,3-6km,6,Lakdi-ka-pul,1.31,16.8,65,71,17,17.3981865,78.452685,3.9,Ward 74 Ahmed Nagar,Telangana,1,2022-05-12,2022-05-12,high,Vijay Nagar Colony,place/suburb,Vijay nagar colony m,2022,2022-04-13
Vijaya Puri Colony,Hyderabad,west,none,miyapur metro,no,Gachibowli IT Corridor,9.95,red,8.42,no,no,True,miyapur metro,8.42,6km+,1,Ramachandrapuram TS,1.97,32.7,5,12,4,17.520581,78.2975582,25.1,,Telangana,1,2022-07-02,2022-07-02,high,Vandana Puri Colony,place/neighbourhood,Vijaya Puri Colony,2022,2022-04-13
Vikas Nagar-Bandlaguda Jagir,Hyderabad,south,none,Jubilee Hills Checkpost,no,Kokapet SEZ,7.2,blue,9.29,no,no,True,Jubilee Hills Checkpost,9.29,6km+,0,Budvel,6.48,11.84,13,4,6,17.3505952,78.3813081,11.82,Bandlaguda Jagir,Telangana,1,2022-05-12,2022-05-12,high,Vikas Nagar,place/neighbourhood,Vikas Nagar-Bandlaguda Jagir,2022,2022-04-13
"Vikrampuri, Secunderabad",Hyderabad,north,operational,JBS,no,Nacharam Industrial Area,7.44,green,0.81,yes,yes,True,JBS,0.81,6km+,3,Secunderabad Junction,2.38,24.32,26,54,16,17.4551989,78.5000903,7.93,Marredpally,Telangana,1,2022-06-17,2022-06-17,high,Vikrampuri,place/neighbourhood,Vikrampuri Secunderabad,2022,2022-04-13
Vinayaka Nagar,Hyderabad,east,none,L. B. Nagar Metro Station,no,Uppal IT Park,8.72,red,5.67,no,no,True,L. B. Nagar Metro Station,5.67,6km+,0,Yakutpura,11.65,20.9,5,6,9,17.3324159,78.5981032,13.19,Hayathnagar,Telangana,1,2022-07-08,2022-07-08,high,Vinayaka Nagar,place/neighbourhood,Vinayaka Nagar,2022,2022-04-13
"Vittal Rao Nagar, Hitech City",Hyderabad,west,operational,Durgam Cheruvu,yes,Mindspace IT Park,0.74,blue,0.26,yes,yes,True,Durgam Cheruvu,0.26,0-3km,100,HITEC City,2.84,21.84,40,27,21,17.4442575,78.3855012,12.6,Ward 104 Kondapur,Telangana,3,2022-07-06,2022-07-06,high,Vittal Rao Nagar,place/neighbourhood,Vittal Rao Nagar,2022,2022-04-13
Whitefields,Hyderabad,west,operational,Synchrony @ Raidurg,yes,HITEC City Madhapur,1.08,blue,1.8,yes,yes,True,Synchrony @ Raidurg,1.8,0-3km,105,HITEC City,2.69,23.36,8,29,28,17.4543363,78.36589,14.96,Ward 104 Kondapur,Telangana,1,2022-07-05,2022-07-05,high,Whitefields,place/neighbourhood,Whitefields,2022,2022-04-13
Yeshwanthpur,Hyderabad,unknown,unknown,unknown,unknown,unknown,,unknown,,unknown,unknown,,unknown,,unknown,,unknown,,,,,,,,,,,1,2022-05-06,2022-05-06,none,,,,2022,2022-04-13
"Yousufguda, NH 9",Hyderabad,north,operational,Yusufguda,yes,Jubilee Hills Road No 36 Commercial,2.07,blue,0.41,yes,yes,True,Yusufguda,0.41,0-3km,70,Bharath Nagar,2.66,20.95,63,94,29,17.4387499,78.4279866,8.63,Ward 99 Vengal Rao Nagar,Telangana,2,2022-05-16,2022-05-25,high,Yousufguda,place/suburb,Yousufguda NH 9,2022,2022-04-13
2 BHK,Kolkata,west,operational,Netaji Bhavan,yes,Park Street Commercial,2.49,blue,0.01,yes,yes,True,Netaji Bhavan,0.01,0-3km,1,New Alipore,2.74,17.05,39,65,6,22.5331983,88.345846,4.76,Bhowanipore,West Bengal,1,2022-05-20,2022-05-20,low,Netaji Bhavan Gate 2,railway/subway_entrance,2 BHK,2022,2022-04-13
700051,Kolkata,north,under_construction,Noapara,no,Technopolis Sector V,9.25,blue,3.83,yes,no,False,Jai Hind,2.19,6km+,1,Birati,0.55,2.33,0,6,0,22.661813533333333,88.42287183333333,11.62,Kolkata Metropolitan Area,West Bengal,1,2022-05-30,2022-05-30,low,700051,place/postcode,700051,2022,2022-04-13
"Action Area 1, Rajarhat Newtown",Kolkata,east,none,Salt Lake Sector V,yes,Ecospace New Town,3.79,green,5.24,no,no,True,Jessore Road,4.78,3-6km,6,Dum Dum Cantonment,6.18,5.32,0,1,2,22.6129078,88.4665536,11.45,New Town,West Bengal,2,2022-05-23,2022-07-06,high,Action Area II,place/suburb,Rajarhat Newtown,2022,2022-04-13
"Action Area 3, Rajarhat Newtown",Kolkata,east,none,Salt Lake Sector V,yes,Unitech Infospace Rajarhat,1.34,green,6.58,no,no,True,Salt Lake Sector V,6.58,0-3km,3,Bidhannagar Road,10.66,11.16,2,2,5,22.5655274,88.4909785,13.07,Action Area III,West Bengal,1,2022-06-23,2022-06-23,high,Block IIIB,place/neighbourhood,Action Area 3 Rajarhat Newtown,2022,2022-04-13
Agarpara,Kolkata,north,none,Baranagar,no,Dalhousie BBD Bagh CBD,12.45,blue,3.35,no,no,True,Baranagar,3.35,6km+,0,Agarpara,0.0,6.77,5,9,0,22.6828782,88.3853645,12.46,Sodepur,West Bengal,4,2022-05-09,2022-06-29,medium,Agarpara,railway/station,Agarpara,2022,2022-04-13
"AH Block, Salt Lake",Kolkata,east,operational,Karunamoyee,yes,Technopolis Sector V,2.1,green,1.16,yes,yes,True,Karunamoyee,1.16,0-3km,10,Patipukur,3.44,7.0,17,20,3,22.595662,88.4266073,6.93,Sector II,West Bengal,1,2022-06-24,2022-06-24,high,AH Block,place/neighbourhood,AH Block,2022,2022-04-13
Airport Area,Kolkata,north,under_construction,Noapara,no,Technopolis Sector V,6.9,blue,3.82,yes,no,False,Jessore Road,0.3,6km+,2,Durganagar,1.59,2.15,2,10,2,22.6415745,88.4312932,10.33,Gorabazar,West Bengal,1,2022-06-03,2022-06-03,medium,Airport No. 1 Gate,highway/bus_stop,Airport Area,2022,2022-04-13
Airport Area Behala,Kolkata,west,under_construction,Rabindra Sarobar,yes,Taratala Industrial Belt,1.95,blue,4.48,yes,no,False,Taratala,1.95,0-3km,0,Brace Bridge,0.54,21.61,1,4,1,22.5132412,88.30236,9.14,Maheshtala,West Bengal,1,2022-05-22,2022-05-22,medium,Airport mora,highway/bus_stop,Airport Area Behala,2022,2022-04-13
Airport Near Gate No. 21/2,Kolkata,unknown,unknown,unknown,unknown,unknown,,unknown,,unknown,unknown,,unknown,,unknown,,unknown,,,,,,,,,,,1,2022-05-05,2022-05-05,none,,,,2022,2022-04-13
Ajoy Nagar,Kolkata,unknown,unknown,unknown,unknown,unknown,,unknown,,unknown,unknown,,unknown,,unknown,,unknown,,,,,,,,,,,2,2022-05-14,2022-06-27,none,,,,2022,2022-04-13
"Amtala, Diamond Harbour Road",Kolkata,south,none,Netaji,no,Taratala Industrial Belt,16.26,blue,14.5,no,no,True,Joka,9.82,6km+,0,Baruipur Junction,15.79,36.48,0,1,0,22.3668791,88.2777495,24.53,,West Bengal,2,2022-05-05,2022-07-02,high,Amtala,place/suburb,Amtala,2022,2022-04-13
"Ananda Pally, Jadavpur",Kolkata,south,none,Subway to CTC Bus Stand and Road Crossing,yes,Taratala Industrial Belt,5.36,blue,2.63,no,no,True,Satyajit Ray,2.54,3-6km,1,Jadavpur,0.42,19.43,25,19,4,22.495499,88.3709006,8.6,Kolkata,West Bengal,1,2022-05-25,2022-05-25,high,Jadavpur,place/suburb,Jadavpur,2022,2022-04-13
Anandapur,Kolkata,south,under_construction,Kavi Subhash (Blue Line),no,Godrej Waterside Sector V,7.17,blue,4.84,yes,no,False,Hemanta Mukhopadhyay,0.87,6km+,0,Ballygunge Junction,3.93,16.2,3,8,5,22.5142557,88.4098863,8.02,Kolkata,West Bengal,2,2022-04-28,2022-05-05,medium,Anandapur,landuse/residential,Anandapur,2022,2022-04-13
"Anandapuri, Barrackpore",Kolkata,east,none,Salt Lake Sector V,no,Ecospace New Town,7.15,green,13.32,no,no,True,Salt Lake Sector V,13.32,6km+,0,Sondalia,11.11,14.18,0,0,0,22.584268,88.558746,20.05,,West Bengal,2,2022-04-24,2022-05-05,high,Anantapur,place/suburb,Anandapuri,2022,2022-04-13
Andul,Kolkata,west,none,Esplanade (Line 1),no,Dalhousie BBD Bagh CBD,11.0,green,11.55,no,no,True,Howrah Maidan,9.75,6km+,0,Andul,0.0,22.91,1,4,0,22.5757025,88.2394462,12.78,Sankrail,West Bengal,1,2022-06-21,2022-06-21,medium,Andul,railway/station,Andul,2022,2022-04-13
"Annapurna Apartment, Rajarhat Chowmatha",Kolkata,east,none,Salt Lake Sector V,yes,Ecospace New Town,4.54,green,7.98,no,no,True,Jai Hind,5.78,3-6km,1,Birati,7.57,5.61,3,0,0,22.6266867,88.4889817,14.18,New Town,West Bengal,1,2022-04-24,2022-04-24,medium,Rajarhat Chowmatha,highway/bus_stop,Rajarhat Chowmatha,2022,2022-04-13
"Arobindo Pally, Paschim Putiary",Kolkata,south,operational,Netaji,yes,Taratala Industrial Belt,3.53,blue,0.85,yes,yes,True,Netaji,0.85,3-6km,1,Tollygunge,3.21,22.44,13,6,0,22.4803617,88.3377899,10.6,Ashok Nagar,West Bengal,1,2022-05-17,2022-05-17,high,Paschim Putiary,place/neighbourhood,Paschim Putiary,2022,2022-04-13
"Avenue S, Santoshpur",Kolkata,west,none,Netaji Bhavan,no,Taratala Industrial Belt,7.03,blue,9.35,no,no,True,Taratala,7.03,6km+,0,Akra,1.48,24.21,0,0,0,22.5269342,88.2551534,12.27,Maheshtala,West Bengal,1,2022-06-16,2022-06-16,high,Santoshpur,place/suburb,Santoshpur,2022,2022-04-13
Azadgarh,Kolkata,south,operational,Netaji,yes,Taratala Industrial Belt,4.31,blue,1.17,yes,yes,True,Netaji,1.17,3-6km,1,Jadavpur,2.2,20.97,23,17,4,22.4866722,88.3556155,9.59,Kolkata,West Bengal,1,2022-06-29,2022-06-29,high,Azadgarh,place/suburb,Azadgarh,2022,2022-04-13
Bagbazar,Kolkata,north,operational,Shyambazar,yes,Dalhousie BBD Bagh CBD,3.74,blue,0.85,yes,yes,True,Shyambazar,0.85,3-6km,1,Bagbazar,0.01,9.9,9,19,0,22.6055529,88.3655888,3.67,Chitpur North,West Bengal,1,2022-04-29,2022-04-29,medium,Bagbazar,railway/station,Bagbazar,2022,2022-04-13
Bagha Jatin Pally,Kolkata,south,under_construction,Kavi Subhash (Blue Line),no,Taratala Industrial Belt,6.66,blue,2.65,yes,no,False,Satyajit Ray,1.26,6km+,1,Jadavpur,0.9,19.42,18,15,3,22.4913829,88.3827657,9.24,Baghajatin,West Bengal,1,2022-05-27,2022-05-27,low,Santoshpur Lake Pally Udyan,leisure/park,Bagha Jatin Pally,2022,2022-04-13
Baghajatin,Kolkata,south,operational,Gitanjali,no,Taratala Industrial Belt,6.24,blue,1.7,yes,yes,True,Gitanjali,1.7,6km+,1,Baghajatin,1.16,20.46,22,19,5,22.4838805,88.3754447,9.94,Kolkata,West Bengal,9,2022-04-27,2022-07-03,high,Baghajatin,place/suburb,Baghajatin,2022,2022-04-13
Baguiati,Kolkata,east,operational,Central Park,yes,Technopolis Sector V,3.48,green,2.47,yes,yes,True,Central Park,2.47,3-6km,10,Patipukur,3.35,5.48,12,14,6,22.609668,88.4276832,7.74,Bidhannagar,West Bengal,6,2022-05-13,2022-06-22,high,Baguiati,place/suburb,Baguiati,2022,2022-04-13
Baguihati,Kolkata,east,operational,Central Park,yes,Technopolis Sector V,3.48,green,2.47,yes,yes,True,Central Park,2.47,3-6km,10,Patipukur,3.35,5.48,12,14,6,22.609668,88.4276832,7.74,Bidhannagar,West Bengal,4,2022-05-06,2022-06-29,high,Baguiati,place/suburb,Baguihati,2022,2022-04-13
Baidyabati,Kolkata,north,none,Dakshineshwar,no,Dalhousie BBD Bagh CBD,24.3,blue,16.0,no,no,True,Dakshineshwar,16.0,6km+,0,Baidyabati,0.0,19.28,5,2,1,22.7949104,88.3317725,24.94,Serampore,West Bengal,1,2022-05-14,2022-05-14,medium,Baidyabati,railway/station,Baidyabati,2022,2022-04-13
"Baishnabghata Patuli Township, Patuli",Kolkata,north,none,Baranagar,no,Technopolis Sector V,18.26,blue,9.39,no,no,True,Baranagar,9.39,6km+,0,Titagarh,1.36,10.76,7,4,0,22.737287,88.3872198,18.47,Titagarh,West Bengal,4,2022-04-25,2022-07-02,high,Patulia Kalitala,place/neighbourhood,Patuli,2022,2022-04-13
"Baishnabghata Patuli, Patuli",Kolkata,north,none,Baranagar,no,Technopolis Sector V,18.26,blue,9.39,no,no,True,Baranagar,9.39,6km+,0,Titagarh,1.36,10.76,7,4,0,22.737287,88.3872198,18.47,Titagarh,West Bengal,1,2022-05-31,2022-05-31,high,Patulia Kalitala,place/neighbourhood,Baishnabghata Patuli Patuli,2022,2022-04-13
"Baishnabghata, Garia",Kolkata,south,operational,Shahid Khudiram,no,Taratala Industrial Belt,8.77,blue,0.13,yes,yes,True,Shahid Khudiram,0.13,6km+,0,New Garia,0.89,21.83,9,8,4,22.466016,88.3928483,12.22,Rajpur Sonarpur,West Bengal,1,2022-06-06,2022-06-06,high,Garia,place/suburb,Garia,2022,2022-04-13
"Baishnavghata patuli , house number s-300 Kolkata 700094",Kolkata,unknown,unknown,unknown,unknown,unknown,,unknown,,unknown,unknown,,unknown,,unknown,,unknown,,,,,,,,,,,1,2022-06-22,2022-06-22,none,,,,2022,2022-04-13
Baksara,Kolkata,west,none,Esplanade (Line 1),yes,Dalhousie BBD Bagh CBD,5.65,green,6.31,no,no,True,Howrah Maidan,4.41,3-6km,0,Santragachi Junction,1.19,18.01,0,3,0,22.5774155,88.2915914,7.44,Shibpur,West Bengal,2,2022-05-14,2022-05-18,low,Baksara Water Tank Playground,leisure/park,Baksara,2022,2022-04-13
Ballygunge,Kolkata,south,operational,Jatin Das Park,yes,Park Street Commercial,3.43,blue,2.04,yes,yes,True,Jatin Das Park,2.04,3-6km,1,Ballygunge Junction,1.15,16.41,33,75,6,22.5280337,88.3659084,4.96,Kolkata,West Bengal,4,2022-04-30,2022-06-08,high,Ballygunge,place/suburb,Ballygunge,2022,2022-04-13
Bandel,Kolkata,unknown,unknown,unknown,unknown,unknown,,unknown,,unknown,unknown,,unknown,,unknown,,unknown,,,,,,,,,,,2,2022-05-18,2022-05-30,none,,,,2022,2022-04-13
"Bangur Avenue, Lake Town",Kolkata,north,operational,Belgachia,yes,Salt Lake Sector V,4.5,blue,1.7,yes,yes,True,Belgachia,1.7,3-6km,7,Patipukur,0.8,7.08,22,29,6,22.6057276,88.4029611,5.45,Kolkata Metropolitan Area,West Bengal,1,2022-05-03,2022-05-03,high,Lake Town,place/suburb,Lake Town,2022,2022-04-13
Bansdroni,Kolkata,south,operational,Masterda Surya Sen,yes,Taratala Industrial Belt,5.91,blue,0.31,yes,yes,True,Masterda Surya Sen,0.31,3-6km,1,Baghajatin,2.88,22.33,12,16,3,22.4707691,88.3618078,11.33,Shanti Nagar,West Bengal,8,2022-04-23,2022-06-17,high,Bansdroni,place/neighbourhood,Bansdroni,2022,2022-04-13
"Bansdroni Mauza, Krishnanagar",Kolkata,south,none,Netaji,yes,Taratala Industrial Belt,5.82,blue,2.8,no,no,True,Netaji,2.8,3-6km,0,Tollygunge,5.72,24.77,0,2,0,22.4574569,88.3362173,13.12,,West Bengal,2,2022-06-10,2022-07-03,high,Krishnanagar,place/suburb,Krishnanagar,2022,2022-04-13
Baranagar,Kolkata,north,operational,Baranagar,no,Dalhousie BBD Bagh CBD,6.86,blue,2.32,yes,yes,True,Baranagar,2.32,6km+,1,Belur Math,2.13,7.96,9,13,0,22.6341693,88.3710911,6.89,,West Bengal,6,2022-05-06,2022-07-03,medium,Baranagar,place/city,Baranagar,2022,2022-04-13
Barasat,Kolkata,north,none,Noapara,no,Ecospace New Town,14.83,blue,12.65,no,no,True,Jai Hind,9.24,6km+,1,Barasat Junction,0.58,7.98,3,12,1,22.7191072,88.4826229,20.34,,West Bengal,5,2022-05-17,2022-06-30,medium,Barasat,place/city,Barasat,2022,2022-04-13
Barasat-Barrackpore Road,Kolkata,north,none,Baranagar,no,Ecospace New Town,17.84,blue,12.55,no,no,True,Jai Hind,10.8,6km+,1,Barasat Junction,3.67,9.7,1,0,0,22.743111,88.4544151,21.11,Nilganj,West Bengal,1,2022-05-09,2022-05-09,low,Barasat- Barrackpore Road,highway/primary,Barasat-Barrackpore Road,2022,2022-04-13
Barrackpore,Kolkata,north,none,Dakshineshwar,no,Dalhousie BBD Bagh CBD,21.08,blue,12.33,no,no,True,Dakshineshwar,12.33,6km+,0,Barrackpore,0.79,13.83,7,10,3,22.7641623,88.3776088,21.35,,West Bengal,5,2022-04-23,2022-06-11,medium,Barrackpore,place/city,Barrackpore,2022,2022-04-13
Baruipur,Kolkata,south,none,Shahid Khudiram,no,Taratala Industrial Belt,20.0,blue,12.44,no,no,True,Shahid Khudiram,12.44,6km+,0,Baruipur Junction,0.64,32.9,3,5,0,22.3607154,88.4325575,24.59,,West Bengal,4,2022-04-30,2022-07-03,medium,Baruipur,place/city,Baruipur,2022,2022-04-13
Bata Nagar,Kolkata,east,none,Noapara,no,Ecospace New Town,21.26,blue,21.01,no,no,True,Jai Hind,17.42,6km+,2,Bira,3.77,16.15,5,1,0,22.770816,88.541759,28.61,Chandrapur,West Bengal,2,2022-05-14,2022-05-14,high,Netaji Nagar,place/neighbourhood,Bata Nagar,2022,2022-04-13
Baughati,Kolkata,east,operational,Central Park,yes,Technopolis Sector V,3.48,green,2.47,yes,yes,True,Central Park,2.47,3-6km,10,Patipukur,3.35,5.48,12,14,6,22.609668,88.4276832,7.74,Bidhannagar,West Bengal,1,2022-05-10,2022-05-10,high,Baguiati,place/suburb,Baughati,2022,2022-04-13
Behala,Kolkata,west,under_construction,Mahanayak Uttam Kumar,yes,Taratala Industrial Belt,0.68,blue,2.59,yes,no,False,Behala Bazar,0.48,0-3km,1,New Alipore,1.79,21.4,8,19,2,22.501572,88.3209435,9.05,Kolkata,West Bengal,14,2022-05-09,2022-06-28,high,Behala,place/suburb,Behala,2022,2022-04-13
Behala Chowrasta,Kolkata,west,under_construction,Mahanayak Uttam Kumar,yes,Taratala Industrial Belt,2.37,blue,3.36,yes,no,False,Behala Chowrasta,0.0,0-3km,0,New Alipore,3.43,23.14,7,12,2,22.4873548,88.3133794,10.81,Behala,West Bengal,3,2022-05-14,2022-06-09,medium,Behala Chowrasta,railway/station,Behala Chowrasta,2022,2022-04-13
Behala silpara,Kolkata,unknown,unknown,unknown,unknown,unknown,,unknown,,unknown,unknown,,unknown,,unknown,,unknown,,,,,,,,,,,1,2022-06-05,2022-06-05,none,,,,2022,2022-04-13
Belgharia,Kolkata,north,operational,Baranagar,no,Technopolis Sector V,10.38,blue,2.27,yes,yes,True,Baranagar,2.27,6km+,0,Belgharia,1.02,4.91,5,4,1,22.6656371,88.3980035,10.92,Baranagar,West Bengal,1,2022-05-24,2022-05-24,high,Belgharia,place/suburb,Belgharia,2022,2022-04-13
Belgharia Nimta,Kolkata,north,operational,Baranagar,no,Dalhousie BBD Bagh CBD,10.83,blue,1.72,yes,yes,True,Baranagar,1.72,6km+,0,Belgharia,1.06,6.55,7,9,1,22.6684334,88.382297,10.82,Belgharia,West Bengal,1,2022-06-28,2022-06-28,low,Old Nimta Road,highway/tertiary,Belgharia Nimta,2022,2022-04-13
Belghoria,Kolkata,north,operational,Dakshineshwar,no,Dalhousie BBD Bagh CBD,8.45,blue,1.08,yes,yes,True,Dakshineshwar,1.08,6km+,0,Bally Ghat,0.55,9.4,4,11,0,22.6525218,88.3533091,8.95,Dakshineswar,West Bengal,4,2022-05-31,2022-06-17,low,Belghoria Expressway,highway/motorway,Belghoria,2022,2022-04-13
Beliaghata,Kolkata,east,operational,Salt Lake Stadium,yes,Godrej Waterside Sector V,4.28,green,2.49,yes,yes,True,Beleghata,0.0,3-6km,6,Sir Gurudas Banerjee Halt,3.25,12.47,6,6,1,22.5507084,88.4039852,4.78,Tapuriaghat,West Bengal,2,2022-05-22,2022-07-03,medium,Beleghata,railway/station,Beliaghata,2022,2022-04-13
Benia Pukur,Kolkata,south,operational,Kavi Subhash (Blue Line),no,Taratala Industrial Belt,7.75,blue,1.15,yes,yes,True,Satyajit Ray,0.96,6km+,1,Baghajatin,0.64,20.76,9,12,5,22.4771092,88.3881606,10.91,Baghajatin,West Bengal,1,2022-06-08,2022-06-08,low,Pukur,water/lake,Benia Pukur,2022,2022-04-13
Bhadrakali,Kolkata,north,none,Dakshineshwar,no,Dalhousie BBD Bagh CBD,10.85,blue,3.09,no,no,True,Dakshineshwar,3.09,6km+,0,Uttarpara,0.84,10.61,2,9,0,22.6743642,88.3432884,11.51,Hindmotor,West Bengal,1,2022-05-12,2022-05-12,low,Bhadrakali Sishu Udyan,leisure/park,Bhadrakali,2022,2022-04-13
Bhawanipur,Kolkata,south,none,Shahid Khudiram,no,Taratala Industrial Belt,15.74,blue,7.15,no,no,True,Shahid Khudiram,7.15,6km+,0,Bidyadharpur,1.2,26.03,0,3,0,22.422306,88.4426203,18.57,,West Bengal,1,2022-06-27,2022-06-27,high,Bhabanipur,place/suburb,Bhawanipur,2022,2022-04-13
"Bidhan Pally, Bansdroni",Kolkata,east,under_construction,Salt Lake Stadium,yes,Godrej Waterside Sector V,3.14,green,2.6,yes,no,False,Beleghata,1.3,3-6km,7,Sir Gurudas Banerjee Halt,3.97,11.84,9,1,1,22.5531732,88.4163654,5.8,Bidhannagar,West Bengal,1,2022-04-25,2022-04-25,high,Trinath Pally,place/suburb,Bidhan Pally Bansdroni,2022,2022-04-13
Bijoygarh,Kolkata,south,operational,Masterda Surya Sen,yes,Taratala Industrial Belt,5.44,blue,1.73,yes,yes,True,Masterda Surya Sen,1.73,3-6km,1,Jadavpur,1.09,20.37,23,20,6,22.4872704,88.3685589,9.5,Kolkata,West Bengal,1,2022-05-26,2022-05-26,high,Bijoygarh,place/suburb,Bijoygarh,2022,2022-04-13
Birati,Kolkata,north,under_construction,Noapara,no,Technopolis Sector V,9.34,blue,4.27,yes,no,False,Jai Hind,2.05,6km+,1,Birati,0.13,1.97,0,6,0,22.6632119,88.4271269,11.98,North Dumdum,West Bengal,8,2022-05-20,2022-07-01,high,Birati,place/suburb,Birati,2022,2022-04-13
"Biren Roy Road (W) Chowrashtra Behala, Raja Rammohan Roy Road",Kolkata,west,under_construction,Mahanayak Uttam Kumar,yes,Taratala Industrial Belt,2.37,blue,3.36,yes,no,False,Behala Chowrasta,0.0,0-3km,0,New Alipore,3.43,23.14,7,12,2,22.4873548,88.3133794,10.81,Behala,West Bengal,1,2022-06-07,2022-06-07,medium,Behala Chowrasta,railway/station,Biren Roy Road (W) Chowrashtra Behala,2022,2022-04-13
Bisharpara,Kolkata,north,none,Noapara,no,Technopolis Sector V,10.78,blue,5.86,no,no,True,Jai Hind,3.27,6km+,0,Bisharpara Kodalia,0.0,2.47,4,6,0,22.676678,88.4349544,13.68,Pratapgarh,West Bengal,2,2022-06-03,2022-06-03,medium,Bisharpara Kodalia,railway/station,Bisharpara,2022,2022-04-13
Bonhooghly,Kolkata,north,operational,Baranagar,no,Dalhousie BBD Bagh CBD,9.0,blue,0.18,yes,yes,True,Baranagar,0.18,6km+,0,Baranagar Road,0.26,6.64,7,8,2,22.6515106,88.3802673,8.93,Dunlop,West Bengal,1,2022-06-08,2022-06-08,low,Bonhoogly Government Colony Road,highway/residential,Bonhooghly,2022,2022-04-13
Boral,Kolkata,south,operational,Kavi Nazrul,no,Taratala Industrial Belt,8.62,blue,2.23,yes,yes,True,Kavi Nazrul,2.23,6km+,0,New Garia,4.02,24.57,0,1,0,22.4460633,88.3713192,14.09,Rajpur Sonarpur,West Bengal,1,2022-06-28,2022-06-28,high,Boral,place/suburb,Boral,2022,2022-04-13
Botanical Garden Area,Kolkata,east,none,Salt Lake Sector V,yes,Unitech Infospace Rajarhat,1.62,green,6.7,no,no,True,Salt Lake Sector V,6.7,0-3km,3,Bidhannagar Road,10.78,11.46,2,2,5,22.5626199,88.4912655,13.12,Action Area III,West Bengal,1,2022-06-11,2022-06-11,medium,Rosedale Garden Complex,landuse/residential,Botanical Garden Area,2022,2022-04-13
Bow Bazar,Kolkata,west,operational,Mahatma Gandhi Road,yes,Dalhousie BBD Bagh CBD,2.0,blue,0.71,yes,yes,True,Mahatma Gandhi Road,0.71,0-3km,0,Sealdah,1.06,12.03,24,45,7,22.576213,88.3660201,0.46,Kolkata,West Bengal,1,2022-04-27,2022-04-27,high,Bow Bazar North,place/suburb,Bow Bazar,2022,2022-04-13
Brahmapur,Kolkata,south,operational,Gitanjali,no,Taratala Industrial Belt,6.95,blue,1.17,yes,yes,True,Gitanjali,1.17,6km+,1,Baghajatin,3.39,23.32,6,11,2,22.4602389,88.3644484,12.49,Kolkata,West Bengal,1,2022-05-14,2022-05-14,high,Brahmapur,place/neighbourhood,Brahmapur,2022,2022-04-13
BRAHMAPUR NEAR BANSDRONI,Kolkata,south,operational,Gitanjali,no,Taratala Industrial Belt,6.98,blue,1.2,yes,yes,True,Gitanjali,1.2,6km+,1,Baghajatin,3.41,23.35,6,11,2,22.4599211,88.3645083,12.53,Shanti Nagar,West Bengal,1,2022-05-27,2022-05-27,low,Brahmapur Badamtala Jame Masjid,amenity/place_of_worship,BRAHMAPUR NEAR BANSDRONI,2022,2022-04-13
CA 150 sector 1 saltlake,Kolkata,east,operational,Salt Lake Sector V,yes,Salt Lake Sector V,1.08,green,0.43,yes,yes,True,Salt Lake Sector V,0.43,0-3km,8,Bidhannagar Road,3.66,8.63,46,30,5,22.5809684,88.4248515,6.33,Sector V,West Bengal,1,2022-05-30,2022-05-30,low,Swastineer Canteen,amenity/restaurant,CA 150 sector 1 saltlake,2022,2022-04-13
"Chak Thakurani, Thakurpukur",Kolkata,south,under_construction,Netaji,yes,Taratala Industrial Belt,5.56,blue,3.7,yes,no,False,Thakurpukur,1.51,3-6km,0,New Alipore,6.08,25.53,0,8,1,22.4576877,88.3202849,13.54,,West Bengal,1,2022-05-18,2022-05-18,high,Chak Thakurani,place/suburb,Chak Thakurani Thakurpukur,2022,2022-04-13
"Chandannagar, Hooghly-Chinsurah",Kolkata,unknown,unknown,unknown,unknown,unknown,,unknown,,unknown,unknown,,unknown,,unknown,,unknown,,,,,,,,,,,2,2022-04-27,2022-05-26,none,,,,2022,2022-04-13
chatana,Kolkata,unknown,unknown,unknown,unknown,unknown,,unknown,,unknown,unknown,,unknown,,unknown,,unknown,,,,,,,,,,,1,2022-06-10,2022-06-10,none,,,,2022,2022-04-13
"Chinar Park, Rajarhat",Kolkata,east,under_construction,Noapara,yes,Technopolis Sector V,5.44,blue,4.93,yes,no,False,Jessore Road,1.62,3-6km,3,Dum Dum Cantonment,3.06,3.12,5,14,8,22.6286173,88.44061,10.04,Bidhannagar,West Bengal,2,2022-05-11,2022-05-21,high,Rajarhat Gopalpur,place/suburb,Rajarhat,2022,2022-04-13
Dakshineswar,Kolkata,north,operational,Dakshineshwar,no,Dalhousie BBD Bagh CBD,8.9,blue,0.37,yes,yes,True,Dakshineshwar,0.37,6km+,0,Dakshineshwar,0.38,8.64,5,10,1,22.6557497,88.3606419,9.25,Bally,West Bengal,2,2022-05-30,2022-06-22,high,Dakshineswar,place/suburb,Dakshineswar,2022,2022-04-13
Dariya,Kolkata,north,operational,Dum Dum,yes,Technopolis Sector V,5.98,blue,1.15,yes,yes,True,Dum Dum,1.15,3-6km,2,Dum Dum Junction,1.1,5.58,9,13,6,22.6235052,88.4037644,6.98,Nagerbazar,West Bengal,1,2022-05-31,2022-05-31,low,Dariya,building/yes,Dariya,2022,2022-04-13
"Dash Drone, Rajarhat Newtown",Kolkata,east,none,Salt Lake Sector V,yes,Ecospace New Town,3.79,green,5.24,no,no,True,Jessore Road,4.78,3-6km,6,Dum Dum Cantonment,6.18,5.32,0,1,2,22.6129078,88.4665536,11.45,New Town,West Bengal,1,2022-06-08,2022-06-08,high,Action Area II,place/suburb,Rajarhat Newtown,2022,2022-04-13
Dashadron Newtown Rajarhat,Kolkata,east,none,Salt Lake Sector V,yes,Ecospace New Town,3.79,green,5.24,no,no,True,Jessore Road,4.78,3-6km,6,Dum Dum Cantonment,6.18,5.32,0,1,2,22.6129078,88.4665536,11.45,New Town,West Bengal,1,2022-05-12,2022-05-12,high,Action Area II,place/suburb,Dashadron Newtown Rajarhat,2022,2022-04-13
Dashdrone,Kolkata,east,under_construction,Noapara,yes,Technopolis Sector V,5.76,blue,5.04,yes,no,False,Jessore Road,1.57,3-6km,3,Dum Dum Cantonment,3.17,2.79,4,12,8,22.6313786,88.4424235,10.38,Rajarhat Gopalpur,West Bengal,1,2022-05-12,2022-05-12,low,Old Dashdrone Park,leisure/park,Dashdrone,2022,2022-04-13
Dasnagar,Kolkata,west,none,Girish Park,yes,Dalhousie BBD Bagh CBD,4.58,blue,5.73,no,no,True,Howrah Maidan,3.06,3-6km,0,Dashnagar,0.0,15.43,0,6,0,22.5979973,88.3084038,6.36,Howrah Maidan,West Bengal,1,2022-06-26,2022-06-26,medium,Dashnagar,railway/station,Dasnagar,2022,2022-04-13
Dhakuria,Kolkata,south,operational,Rabindra Sarobar,yes,Taratala Industrial Belt,4.82,blue,2.24,yes,yes,True,Rabindra Sarobar,2.24,3-6km,1,Dhakuria,0.44,18.39,33,46,5,22.507255,88.3673305,7.27,Kolkata,West Bengal,1,2022-06-25,2022-06-25,high,Dhakuria,place/suburb,Dhakuria,2022,2022-04-13
"Dhakuria -South East, Dhakuria",Kolkata,south,operational,Rabindra Sarobar,yes,Taratala Industrial Belt,4.82,blue,2.24,yes,yes,True,Rabindra Sarobar,2.24,3-6km,1,Dhakuria,0.44,18.39,33,46,5,22.507255,88.3673305,7.27,Kolkata,West Bengal,1,2022-06-23,2022-06-23,high,Dhakuria,place/suburb,Dhakuria,2022,2022-04-13
Dum Dum,Kolkata,north,under_construction,Noapara,no,Technopolis Sector V,8.04,blue,4.51,yes,no,False,Jai Hind,0.54,6km+,1,Birati,1.62,1.02,0,9,0,22.6520597,88.4360417,11.53,,West Bengal,8,2022-04-29,2022-07-01,high,Dum Dum,place/town,Dum Dum,2022,2022-04-13
Dum Dum Cantonment,Kolkata,north,operational,Noapara,no,Technopolis Sector V,6.83,blue,1.87,yes,yes,True,Dum Dum Cantonment,0.12,6km+,2,Dum Dum Cantonment,0.0,4.03,6,10,4,22.6364899,88.4120228,8.65,Gorabazar,West Bengal,3,2022-05-06,2022-06-29,medium,Dum Dum Cantonment,railway/station,Dum Dum Cantonment,2022,2022-04-13
"Dum Dum Heights, Jessore Road",Kolkata,north,under_construction,Noapara,no,Technopolis Sector V,6.66,blue,3.66,yes,no,False,Jessore Road,0.0,6km+,2,Durganagar,1.65,2.45,5,10,3,22.6392646,88.4297701,10.03,Gorabazar,West Bengal,1,2022-06-25,2022-06-25,medium,Jessore Road,railway/station,Jessore Road,2022,2022-04-13
Dum Dum Metro,Kolkata,north,under_construction,Noapara,no,Technopolis Sector V,8.04,blue,4.51,yes,no,False,Jai Hind,0.54,6km+,1,Birati,1.62,1.02,0,9,0,22.6520597,88.4360417,11.53,,West Bengal,7,2022-05-07,2022-05-23,high,Dum Dum,place/town,Dum Dum Metro,2022,2022-04-13
Dumdum Park,Kolkata,east,operational,Central Park,yes,Technopolis Sector V,3.18,green,1.41,yes,yes,True,Central Park,1.41,3-6km,9,Patipukur,2.5,6.52,19,24,8,22.6027313,88.4192519,6.6,Sector I,West Bengal,2,2022-05-10,2022-07-04,medium,Dumdum Park,highway/bus_stop,Dumdum Park,2022,2022-04-13
"Dunlop, Dakshineswar, Belgharia Expressway",Kolkata,north,operational,Dakshineshwar,no,Dalhousie BBD Bagh CBD,8.9,blue,0.37,yes,yes,True,Dakshineshwar,0.37,6km+,0,Dakshineshwar,0.38,8.64,5,10,1,22.6557497,88.3606419,9.25,Bally,West Bengal,1,2022-06-27,2022-06-27,high,Dakshineswar,place/suburb,Dakshineswar,2022,2022-04-13
E M Bypass,Kolkata,east,operational,Bengal Chemical,yes,Salt Lake Sector V,3.49,green,0.09,yes,yes,True,Bengal Chemical,0.09,3-6km,8,Bidhannagar Road,1.55,9.53,38,50,12,22.5808086,88.4010214,3.92,Maniktala,West Bengal,1,2022-06-29,2022-06-29,low,Eastern Metropolitan Bypass,highway/primary,E M Bypass,2022,2022-04-13
Em Bypass South East,Kolkata,south,operational,Shahid Khudiram,no,Taratala Industrial Belt,8.75,blue,0.12,yes,yes,True,Shahid Khudiram,0.12,6km+,0,New Garia,0.89,21.82,9,8,4,22.4661204,88.3926903,12.2,Garia,West Bengal,1,2022-06-17,2022-06-17,low,EM Bypass,highway/primary,Em Bypass South East,2022,2022-04-13
Entally,Kolkata,west,operational,Park Street,yes,Park Street Commercial,1.84,blue,1.84,yes,yes,True,Sealdah,1.29,0-3km,0,Sealdah,1.4,13.74,29,62,15,22.5551428,88.3679998,1.99,Kolkata,West Bengal,1,2022-05-06,2022-05-06,high,Entali,place/suburb,Entally,2022,2022-04-13
"Fartabad, Garia",Kolkata,south,operational,Shahid Khudiram,no,Taratala Industrial Belt,8.77,blue,0.13,yes,yes,True,Shahid Khudiram,0.13,6km+,0,New Garia,0.89,21.83,9,8,4,22.466016,88.3928483,12.22,Rajpur Sonarpur,West Bengal,1,2022-06-07,2022-06-07,high,Garia,place/suburb,Garia,2022,2022-04-13
FC Block,Kolkata,east,operational,City Centre,yes,Salt Lake Sector V,2.64,green,0.76,yes,yes,True,City Centre,0.76,0-3km,8,Bidhannagar Road,2.24,9.2,42,39,10,22.5803717,88.4092876,4.74,Sector III,West Bengal,1,2022-04-26,2022-04-26,high,FC Block,place/neighbourhood,FC Block,2022,2022-04-13
"Gandhi Colony, Netaji Nagar",Kolkata,east,none,Noapara,no,Ecospace New Town,21.26,blue,21.01,no,no,True,Jai Hind,17.42,6km+,2,Bira,3.77,16.15,5,1,0,22.770816,88.541759,28.61,Chandrapur,West Bengal,3,2022-06-12,2022-06-21,high,Netaji Nagar,place/neighbourhood,Netaji Nagar,2022,2022-04-13
Garfa,Kolkata,south,operational,Shahid Khudiram,no,Taratala Industrial Belt,8.77,blue,0.13,yes,yes,True,Shahid Khudiram,0.13,6km+,0,New Garia,0.89,21.83,9,8,4,22.466016,88.3928483,12.22,Rajpur Sonarpur,West Bengal,1,2022-04-29,2022-04-29,high,Garia,place/suburb,Garfa,2022,2022-04-13
Garia,Kolkata,south,operational,Shahid Khudiram,no,Taratala Industrial Belt,8.77,blue,0.13,yes,yes,True,Shahid Khudiram,0.13,6km+,0,New Garia,0.89,21.83,9,8,4,22.466016,88.3928483,12.22,Rajpur Sonarpur,West Bengal,10,2022-04-28,2022-06-26,high,Garia,place/suburb,Garia,2022,2022-04-13
Garia Dhalua Nabapally,Kolkata,south,operational,Kavi Subhash (Blue Line),no,Taratala Industrial Belt,10.14,blue,1.24,yes,yes,True,Kavi Subhash (Blue Line),1.24,6km+,0,Garia,0.4,21.33,5,3,2,22.4674455,88.4089336,12.57,Panchpota,West Bengal,1,2022-05-10,2022-05-10,low,shani mandir garia dhalua,amenity/place_of_worship,Garia Dhalua Nabapally,2022,2022-04-13
"Garia Station, Garia",Kolkata,south,operational,Shahid Khudiram,no,Taratala Industrial Belt,8.77,blue,0.13,yes,yes,True,Shahid Khudiram,0.13,6km+,0,New Garia,0.89,21.83,9,8,4,22.466016,88.3928483,12.22,Rajpur Sonarpur,West Bengal,7,2022-04-23,2022-06-30,high,Garia,place/suburb,Garia,2022,2022-04-13
"Halisahar Station Road, Kanchrapara",Kolkata,north,none,Dakshineshwar,no,Dalhousie BBD Bagh CBD,24.96,blue,16.24,no,no,True,Dakshineshwar,16.24,6km+,0,Ichhapur,0.0,17.53,9,0,0,22.7998264,88.3739103,25.29,Park Gate,West Bengal,1,2022-06-12,2022-06-12,medium,Ichhapur,railway/station,Halisahar Station Road,2022,2022-04-13
Haltu,Kolkata,south,under_construction,Rabindra Sarobar,yes,Park Street Commercial,5.92,blue,3.76,yes,no,False,Kavi Sukanta,2.06,3-6km,1,Dhakuria,1.12,17.43,26,24,6,22.510785,88.381874,7.12,Kasbah North,West Bengal,1,2022-05-26,2022-05-26,medium,Haltu,highway/bus_stop,Haltu,2022,2022-04-13
"Haridevpur, Paschim Putiary",Kolkata,south,operational,Netaji,yes,Taratala Industrial Belt,3.53,blue,0.85,yes,yes,True,Netaji,0.85,3-6km,1,Tollygunge,3.21,22.44,13,6,0,22.4803617,88.3377899,10.6,Ashok Nagar,West Bengal,2,2022-05-20,2022-06-25,high,Paschim Putiary,place/neighbourhood,Haridevpur Paschim Putiary,2022,2022-04-13
Hati Bagan - Bansdroni,Kolkata,north,operational,Girish Park,yes,Dalhousie BBD Bagh CBD,2.91,blue,1.03,yes,yes,True,Girish Park,1.03,0-3km,1,Sir Gurudas Banerjee Halt,1.84,10.72,23,40,6,22.586384,88.372935,1.79,Sealdah North,West Bengal,1,2022-06-15,2022-06-15,low,Haritaki Bagan Ln,highway/residential,Hati Bagan - Bansdroni,2022,2022-04-13
Hatiara,Kolkata,east,none,Salt Lake Sector V,yes,DLF IT Park New Town,5.48,green,10.65,no,no,True,Salt Lake Sector V,10.65,3-6km,0,Bidhannagar Road,14.71,14.97,0,0,0,22.5436338,88.5246113,16.81,,West Bengal,1,2022-05-05,2022-05-05,high,Hatisala,place/suburb,Hatiara,2022,2022-04-13
Hatiara Extention,Kolkata,unknown,unknown,unknown,unknown,unknown,,unknown,,unknown,unknown,,unknown,,unknown,,unknown,,,,,,,,,,,1,2022-06-17,2022-06-17,none,,,,2022,2022-04-13
"Hazra, Kalighat",Kolkata,west,operational,Kalighat,yes,Taratala Industrial Belt,2.93,blue,0.26,yes,yes,True,Kalighat,0.26,0-3km,1,Tollygunge,0.84,18.58,22,62,3,22.5153313,88.3477052,6.58,Kolkata,West Bengal,1,2022-06-25,2022-06-25,high,Kalighat,place/suburb,Kalighat,2022,2022-04-13
Hindmotor,Kolkata,north,none,Dakshineshwar,no,Dalhousie BBD Bagh CBD,11.83,blue,3.61,no,no,True,Dakshineshwar,3.61,6km+,0,Hind Motor,0.66,10.35,1,3,0,22.683216,88.3482375,12.4,Uttarpara Kotrung,West Bengal,1,2022-05-10,2022-05-10,high,Hindmotor,place/suburb,Hindmotor,2022,2022-04-13
Hooghly,Kolkata,north,none,Dakshineshwar,no,Dalhousie BBD Bagh CBD,19.59,blue,11.09,no,no,True,Dakshineshwar,11.09,6km+,0,Serampore,1.15,14.53,20,9,1,22.7529172,88.3493425,20.11,Serampore,West Bengal,1,2022-05-31,2022-05-31,low,Hooghly Jute Mill,landuse/industrial,Hooghly,2022,2022-04-13
Hooghly-Chinsurah,Kolkata,unknown,unknown,unknown,unknown,unknown,,unknown,,unknown,unknown,,unknown,,unknown,,unknown,,,,,,,,,,,4,2022-05-26,2022-06-24,none,,,,2022,2022-04-13
Howrah,Kolkata,west,under_construction,Chandni Chowk,yes,Dalhousie BBD Bagh CBD,1.48,blue,2.71,yes,no,False,Howrah Maidan,0.22,0-3km,0,Howrah Goods,0.91,14.12,6,25,0,22.5819734,88.3333078,3.31,Howrah,West Bengal,5,2022-05-27,2022-06-29,high,Howrah Maidan,place/suburb,Howrah,2022,2022-04-13
Jadavpur,Kolkata,south,none,Subway to CTC Bus Stand and Road Crossing,yes,Taratala Industrial Belt,5.36,blue,2.63,no,no,True,Satyajit Ray,2.54,3-6km,1,Jadavpur,0.42,19.43,25,19,4,22.495499,88.3709006,8.6,Kolkata,West Bengal,6,2022-05-05,2022-07-04,high,Jadavpur,place/suburb,Jadavpur,2022,2022-04-13
jadavpur central park east,Kolkata,south,under_construction,Kavi Subhash (Blue Line),no,Park Street Commercial,6.7,blue,4.71,yes,no,False,Hemanta Mukhopadhyay,0.34,6km+,1,Ballygunge Junction,2.74,16.48,6,10,5,22.5145226,88.3981746,7.35,Kasbah North,West Bengal,1,2022-05-26,2022-05-26,low,Central Excise Building,building/yes,jadavpur central park east,2022,2022-04-13
Jadavpur University,Kolkata,south,operational,Subway to CTC Bus Stand and Road Crossing,yes,Taratala Industrial Belt,4.97,blue,2.25,yes,yes,True,Subway to CTC Bus Stand and Road Crossing,2.25,3-6km,1,Jadavpur,0.81,19.52,25,17,3,22.4961032,88.3671269,8.51,Poddar Nagar,West Bengal,2,2022-06-23,2022-06-24,medium,Jadavpur University Staff Quarters,landuse/residential,Jadavpur University,2022,2022-04-13
Jaffarpore Rifle Range Road,Kolkata,south,none,Jatin Das Park,yes,Park Street Commercial,3.63,blue,2.72,no,no,True,Ritwik Ghatak,2.51,3-6km,1,Ballygunge Junction,1.16,15.93,31,51,5,22.5297553,88.3722791,4.84,Ballygunge,West Bengal,1,2022-07-01,2022-07-01,low,Rifle Range Road,highway/tertiary,Jaffarpore Rifle Range Road,2022,2022-04-13
Jagacha,Kolkata,west,none,Esplanade (Line 1),no,Dalhousie BBD Bagh CBD,6.88,green,7.81,no,no,True,Howrah Maidan,5.46,6km+,0,Banka Nayabaz,0.57,18.22,0,2,0,22.5918828,88.281562,8.72,Howrah,West Bengal,1,2022-07-02,2022-07-02,low,jagacha lake,water/lake,Jagacha,2022,2022-04-13
Jheel Road,Kolkata,north,operational,Dum Dum,yes,Dalhousie BBD Bagh CBD,5.8,blue,2.24,yes,yes,True,Dum Dum,2.24,3-6km,1,Tala,2.07,8.38,9,11,1,22.6237096,88.3712304,5.73,Cossipore,West Bengal,1,2022-06-03,2022-06-03,low,Jheel Road,highway/residential,Jheel Road,2022,2022-04-13
Jodhpur Park,Kolkata,south,operational,Rabindra Sarobar,yes,Taratala Industrial Belt,4.45,blue,1.88,yes,yes,True,Rabindra Sarobar,1.88,3-6km,1,Dhakuria,0.86,18.72,30,47,6,22.5056055,88.363674,7.45,Kolkata,West Bengal,1,2022-06-26,2022-06-26,high,Jodhpur Park,place/suburb,Jodhpur Park,2022,2022-04-13
Joka,Kolkata,west,under_construction,Netaji,no,Taratala Industrial Belt,6.32,blue,5.42,yes,no,False,Joka,0.13,6km+,0,Brace Bridge,7.18,26.89,2,8,1,22.4533503,88.3025205,14.68,,West Bengal,3,2022-05-30,2022-06-26,high,Joka,place/suburb,Joka,2022,2022-04-13
"Jote Shibrampur, Joth Shibrampur",Kolkata,unknown,unknown,unknown,unknown,unknown,,unknown,,unknown,unknown,,unknown,,unknown,,unknown,,,,,,,,,,,1,2022-06-08,2022-06-08,none,,,,2022,2022-04-13
Jyangra,Kolkata,east,under_construction,Central Park,yes,Technopolis Sector V,4.22,green,3.6,yes,no,False,Jessore Road,2.45,3-6km,8,Dum Dum Cantonment,3.13,4.43,11,15,9,22.6176496,88.4346393,8.82,Rajarhat Gopalpur,West Bengal,2,2022-04-29,2022-06-21,medium,Jyangra Choumatha,highway/bus_stop,Jyangra,2022,2022-04-13
Kabardanga,Kolkata,unknown,unknown,unknown,unknown,unknown,,unknown,,unknown,unknown,,unknown,,unknown,,unknown,,,,,,,,,,,1,2022-05-24,2022-05-24,none,,,,2022,2022-04-13
Kadam Tala,Kolkata,unknown,unknown,unknown,unknown,unknown,,unknown,,unknown,unknown,,unknown,,unknown,,unknown,,,,,,,,,,,1,2022-06-19,2022-06-19,none,,,,2022,2022-04-13
Kaikhali,Kolkata,south,none,Masterda Surya Sen,no,Taratala Industrial Belt,14.12,blue,11.42,no,no,True,Joka,8.03,6km+,0,Baruipur Junction,12.28,33.5,0,0,0,22.380875,88.3128787,21.95,,West Bengal,6,2022-05-10,2022-07-01,high,Kaikhali,place/suburb,Kaikhali,2022,2022-04-13
"Kalabagan, Tollygunge",Kolkata,south,operational,Mahanayak Uttam Kumar,yes,Taratala Industrial Belt,2.76,blue,0.43,yes,yes,True,Mahanayak Uttam Kumar,0.43,0-3km,1,Tollygunge,1.04,20.29,13,25,2,22.498636,88.3453908,8.44,Kolkata,West Bengal,1,2022-06-21,2022-06-21,high,Tollygunge,place/suburb,Tollygunge,2022,2022-04-13
Kalikapur,Kolkata,east,none,Kavi Subhash (Blue Line),no,Unitech Infospace Rajarhat,16.73,blue,11.36,no,no,True,Kavi Subhash (Blue Line),11.36,6km+,0,Kalikapur,2.52,26.24,0,0,0,22.4251574,88.4960813,21.29,,West Bengal,1,2022-06-06,2022-06-06,high,Kalikapur,place/suburb,Kalikapur,2022,2022-04-13
Kalindi,Kolkata,north,operational,Belgachia,yes,Salt Lake Sector V,4.97,blue,1.5,yes,yes,True,Belgachia,1.5,3-6km,4,Patipukur,0.63,6.92,19,17,6,22.6094315,88.4005465,5.56,Lake Town,West Bengal,1,2022-05-04,2022-05-04,medium,Kalindi,highway/bus_stop,Kalindi,2022,2022-04-13
Kalyani,Kolkata,north,none,Baranagar,no,Technopolis Sector V,10.14,blue,3.59,no,no,True,Dum Dum Cantonment,3.36,6km+,1,Birati,1.67,3.63,1,5,0,22.6677879,88.4116892,11.67,Pratapgarh,West Bengal,1,2022-06-26,2022-06-26,low,Kalyani Expressway,highway/construction,Kalyani,2022,2022-04-13
Kanchrapara,Kolkata,unknown,unknown,unknown,unknown,unknown,,unknown,,unknown,unknown,,unknown,,unknown,,unknown,,,,,,,,,,,2,2022-05-13,2022-06-16,none,,,,2022,2022-04-13
Kasba,Kolkata,south,none,Rabindra Sarobar,yes,Taratala Industrial Belt,5.33,blue,2.76,no,no,True,Rabindra Sarobar,2.76,3-6km,1,Dhakuria,0.53,18.47,28,27,5,22.5044355,88.3721663,7.63,Kolkata,West Bengal,13,2022-04-28,2022-07-02,high,Kasba,place/suburb,Kasba,2022,2022-04-13
Kasba -East,Kolkata,south,under_construction,Kalighat,no,Park Street Commercial,6.03,blue,4.13,yes,no,False,Hemanta Mukhopadhyay,1.64,6km+,1,Dhakuria,1.54,17.15,14,20,7,22.512066,88.3857547,7.1,Kasbah North,West Bengal,1,2022-05-31,2022-05-31,high,Ruby Park East,place/neighbourhood,Kasba -East,2022,2022-04-13
kasba bosepukur,Kolkata,unknown,unknown,unknown,unknown,unknown,,unknown,,unknown,unknown,,unknown,,unknown,,unknown,,,,,,,,,,,1,2022-06-22,2022-06-22,none,,,,2022,2022-04-13
Keshtopur,Kolkata,east,operational,Karunamoyee,yes,Technopolis Sector V,1.99,green,1.76,yes,yes,True,Karunamoyee,1.76,0-3km,10,Patipukur,4.09,6.66,9,8,2,22.5973333,88.4338521,7.69,Bidhannagar,West Bengal,7,2022-04-29,2022-07-06,high,Keshtopur,place/suburb,Keshtopur,2022,2022-04-13
Kestopur,Kolkata,east,operational,Karunamoyee,yes,Technopolis Sector V,1.99,green,1.76,yes,yes,True,Karunamoyee,1.76,0-3km,10,Patipukur,4.09,6.66,9,8,2,22.5973333,88.4338521,7.69,Bidhannagar,West Bengal,1,2022-05-22,2022-05-22,high,Keshtopur,place/suburb,Kestopur,2022,2022-04-13
Khardah,Kolkata,north,none,Baranagar,no,Dalhousie BBD Bagh CBD,15.86,blue,6.96,no,no,True,Baranagar,6.96,6km+,0,Khardaha,1.09,9.25,5,10,1,22.7156992,88.381582,16.02,,West Bengal,1,2022-04-24,2022-04-24,high,Khardaha,place/town,Khardah,2022,2022-04-13
"Kodalia, Hooghly-Chinsurah",Kolkata,south,none,Shahid Khudiram,no,Taratala Industrial Belt,15.75,blue,7.52,no,no,True,Shahid Khudiram,7.52,6km+,0,Subhas Gram,0.74,27.65,0,1,0,22.4081457,88.4294815,19.49,Rajpur Sonarpur,West Bengal,1,2022-06-25,2022-06-25,high,Kodalia,place/suburb,Kodalia,2022,2022-04-13
Konnagar,Kolkata,north,none,Dakshineshwar,no,Dalhousie BBD Bagh CBD,13.68,blue,5.22,no,no,True,Dakshineshwar,5.22,6km+,0,Konnagar,0.99,10.67,0,3,0,22.69972,88.3519784,14.19,,West Bengal,2,2022-06-12,2022-06-20,high,Konnagar,place/town,Konnagar,2022,2022-04-13
"Kudghat, Ashok Nagar",Kolkata,south,operational,Netaji,yes,Taratala Industrial Belt,3.75,blue,0.41,yes,yes,True,Netaji,0.41,3-6km,1,Tollygunge,2.58,21.58,17,9,1,22.4845459,88.3469837,9.94,Kolkata,West Bengal,2,2022-05-19,2022-07-04,high,Ashok Nagar,place/suburb,Ashok Nagar,2022,2022-04-13
Kumargali,Kolkata,unknown,unknown,unknown,unknown,unknown,,unknown,,unknown,unknown,,unknown,,unknown,,unknown,,,,,,,,,,,1,2022-06-11,2022-06-11,none,,,,2022,2022-04-13
"Kumarpara, Narendrapur",Kolkata,south,none,Shahid Khudiram,no,Taratala Industrial Belt,10.94,blue,3.04,no,no,True,Shahid Khudiram,3.04,6km+,0,Narendrapur,2.77,24.66,3,1,0,22.4391136,88.3967516,15.22,Rajpur Sonarpur,West Bengal,2,2022-05-11,2022-06-19,high,Narendrapur,place/suburb,Narendrapur,2022,2022-04-13
Lake Gardens,Kolkata,south,operational,Rabindra Sarobar,yes,Taratala Industrial Belt,3.74,blue,1.16,yes,yes,True,Rabindra Sarobar,1.16,3-6km,1,Lake Gardens,0.43,19.03,25,52,5,22.5057435,88.3567177,7.47,Rajendra Prasad Colony,West Bengal,3,2022-06-04,2022-06-15,high,Lake Gardens,place/neighbourhood,Lake Gardens,2022,2022-04-13
Lake Town,Kolkata,north,operational,Belgachia,yes,Salt Lake Sector V,4.5,blue,1.7,yes,yes,True,Belgachia,1.7,3-6km,7,Patipukur,0.8,7.08,22,29,6,22.6057276,88.4029611,5.45,Kolkata Metropolitan Area,West Bengal,4,2022-05-12,2022-06-26,high,Lake Town,place/suburb,Lake Town,2022,2022-04-13
Liluah,Kolkata,north,none,Shobhabazar Sutanuti,yes,Dalhousie BBD Bagh CBD,4.96,blue,3.84,no,no,True,Shobhabazar Sutanuti,3.84,3-6km,0,Liluah,0.0,11.51,7,6,1,22.6209027,88.3394035,5.93,Howrah,West Bengal,1,2022-06-24,2022-06-24,medium,Liluah,railway/station,Liluah,2022,2022-04-13
locality,Kolkata,unknown,unknown,unknown,unknown,unknown,,unknown,,unknown,unknown,,unknown,,unknown,,unknown,,,,,,,,,,,2,2022-05-10,2022-07-02,none,,,,2022,2022-04-13
Madhyam Gram,Kolkata,unknown,unknown,unknown,unknown,unknown,,unknown,,unknown,unknown,,unknown,,unknown,,unknown,,,,,,,,,,,2,2022-06-10,2022-06-30,none,,,,2022,2022-04-13
"Madurdaha, Hussainpur",Kolkata,west,none,Dakshineshwar,no,Dalhousie BBD Bagh CBD,12.67,blue,13.34,no,no,True,Howrah Maidan,11.16,6km+,0,Makardaha,0.0,21.58,0,3,0,22.6286882,88.2366824,14.47,Domjur,West Bengal,1,2022-05-18,2022-05-18,medium,Makardaha,railway/halt,Madurdaha,2022,2022-04-13
"Magnolia Prestige, Rajarhat",Kolkata,east,under_construction,Noapara,yes,Technopolis Sector V,5.44,blue,4.93,yes,no,False,Jessore Road,1.62,3-6km,3,Dum Dum Cantonment,3.06,3.12,5,14,8,22.6286173,88.44061,10.04,Bidhannagar,West Bengal,1,2022-06-18,2022-06-18,high,Rajarhat Gopalpur,place/suburb,Rajarhat,2022,2022-04-13
Majarhati,Kolkata,east,none,Salt Lake Sector V,no,DLF IT Park New Town,9.82,green,15.67,no,no,True,Salt Lake Sector V,15.67,6km+,0,Sondalia,13.91,17.71,0,0,0,22.5567714,88.579446,22.2,,West Bengal,1,2022-06-30,2022-06-30,high,Majerhat,place/suburb,Majarhati,2022,2022-04-13
Malancha,Kolkata,east,none,Salt Lake Sector V,no,DLF IT Park New Town,14.2,green,19.02,no,no,True,Kavi Sukanta,18.97,6km+,0,Piali,13.11,23.57,0,0,0,22.4882966,88.5847553,24.54,,West Bengal,2,2022-06-21,2022-06-21,high,Malancha,place/suburb,Malancha,2022,2022-04-13
Mandirtala,Kolkata,north,operational,Phoolbagan,yes,Dalhousie BBD Bagh CBD,4.17,green,1.85,yes,yes,True,Phoolbagan,1.85,3-6km,2,Bidhannagar Road,0.68,9.74,26,35,9,22.5880896,88.3852834,2.79,Kolkata,West Bengal,1,2022-05-07,2022-05-07,high,Maniktala,place/suburb,Mandirtala,2022,2022-04-13
"Michael Nagar, New Barrakpur",Kolkata,north,none,Noapara,no,Technopolis Sector V,11.84,blue,7.3,no,no,True,Jai Hind,4.38,6km+,0,New Barrackpore,0.08,3.3,6,4,0,22.6860681,88.4446406,15.1,,West Bengal,1,2022-05-17,2022-05-17,medium,New Barrackpore,place/city,New Barrakpur,2022,2022-04-13
Mominpur,Kolkata,west,under_construction,Jatin Das Park,yes,Taratala Industrial Belt,1.88,blue,2.53,yes,no,False,Majerhat,0.63,0-3km,1,Remount Road,0.55,19.34,17,19,3,22.524588,88.3218754,6.86,Kolkata,West Bengal,1,2022-06-23,2022-06-23,high,Mominpur,place/suburb,Mominpur,2022,2022-04-13
Mukundapur,Kolkata,south,under_construction,Kavi Subhash (Blue Line),no,Park Street Commercial,9.42,blue,2.6,yes,no,False,Jyotirindra Nandi,1.38,6km+,0,New Garia,2.57,18.59,0,7,1,22.4920659,88.4112825,10.19,,West Bengal,1,2022-06-09,2022-06-09,high,Mukundapur,place/suburb,Mukundapur,2022,2022-04-13
My Own House,Kolkata,unknown,unknown,unknown,unknown,unknown,,unknown,,unknown,unknown,,unknown,,unknown,,unknown,,,,,,,,,,,1,2022-06-15,2022-06-15,none,,,,2022,2022-04-13
"N.S.C Bose Road (Near Ushagate), New Alipore",Kolkata,west,operational,Rabindra Sarobar,yes,Taratala Industrial Belt,0.88,blue,1.84,yes,yes,True,Taratala,0.88,0-3km,1,New Alipore,0.75,20.11,8,20,4,22.5111648,88.3281116,7.76,Kolkata,West Bengal,1,2022-04-25,2022-04-25,high,New Alipore,place/suburb,New Alipore,2022,2022-04-13
Naihati,Kolkata,east,none,Baranagar,no,Ecospace New Town,30.09,blue,29.37,no,no,True,Jai Hind,26.22,6km+,0,Bira,6.02,24.95,0,0,0,22.8434896,88.5791214,37.35,Ashoknagar Kalyangarh,West Bengal,3,2022-06-24,2022-06-26,low,Naihati - Habra Road,highway/secondary,Naihati,2022,2022-04-13
"Naktala, Garia",Kolkata,south,operational,Shahid Khudiram,no,Taratala Industrial Belt,8.77,blue,0.13,yes,yes,True,Shahid Khudiram,0.13,6km+,0,New Garia,0.89,21.83,9,8,4,22.466016,88.3928483,12.22,Rajpur Sonarpur,West Bengal,2,2022-05-21,2022-05-23,high,Garia,place/suburb,Garia,2022,2022-04-13
Nalta,Kolkata,north,none,Dakshineshwar,no,Dalhousie BBD Bagh CBD,16.62,blue,7.88,no,no,True,Dakshineshwar,7.88,6km+,0,Khardaha,0.76,10.77,7,6,0,22.72462,88.3702647,16.92,Khardaha,West Bengal,1,2022-06-14,2022-06-14,low,Nala,waterway/river,Nalta,2022,2022-04-13
Narendrapur,Kolkata,south,none,Shahid Khudiram,no,Taratala Industrial Belt,10.94,blue,3.04,no,no,True,Shahid Khudiram,3.04,6km+,0,Narendrapur,2.77,24.66,3,1,0,22.4391136,88.3967516,15.22,Rajpur Sonarpur,West Bengal,1,2022-06-13,2022-06-13,high,Narendrapur,place/suburb,Narendrapur,2022,2022-04-13
Natunhat,Kolkata,south,none,Kavi Subhash (Blue Line),no,Taratala Industrial Belt,14.77,blue,5.96,no,no,True,Kavi Subhash (Blue Line),5.96,6km+,0,Sonarpur Junction,1.41,24.24,0,4,0,22.4383947,88.4430199,16.99,Ghasiara,West Bengal,1,2022-06-20,2022-06-20,low,Natunpalli,highway/residential,Natunhat,2022,2022-04-13
Nayabad,Kolkata,east,none,Kavi Subhash (Blue Line),no,Godrej Waterside Sector V,10.65,blue,4.36,no,no,True,Kavi Subhash (Blue Line),4.36,6km+,0,Narendrapur,3.44,19.88,0,0,0,22.477646,88.4399813,13.14,,West Bengal,1,2022-05-08,2022-05-08,high,Nayabad,place/suburb,Nayabad,2022,2022-04-13
Near DumDum Metro,Kolkata,north,operational,Dum Dum,yes,Technopolis Sector V,5.0,blue,2.01,yes,yes,True,Dum Dum,2.01,3-6km,4,Dum Dum Junction,2.0,5.41,15,15,8,22.6180871,88.412251,7.09,,West Bengal,1,2022-06-11,2022-06-11,high,South Dumdum,place/town,Near DumDum Metro,2022,2022-04-13
Near Seven Tanks Road Dumdum Station,Kolkata,unknown,unknown,unknown,unknown,unknown,,unknown,,unknown,unknown,,unknown,,unknown,,unknown,,,,,,,,,,,1,2022-07-02,2022-07-02,none,,,,2022,2022-04-13
New Alipore,Kolkata,west,operational,Rabindra Sarobar,yes,Taratala Industrial Belt,0.88,blue,1.84,yes,yes,True,Taratala,0.88,0-3km,1,New Alipore,0.75,20.11,8,20,4,22.5111648,88.3281116,7.76,Kolkata,West Bengal,1,2022-05-22,2022-05-22,high,New Alipore,place/suburb,New Alipore,2022,2022-04-13
New Barrakpur,Kolkata,north,none,Noapara,no,Technopolis Sector V,11.84,blue,7.3,no,no,True,Jai Hind,4.38,6km+,0,New Barrackpore,0.08,3.3,6,4,0,22.6860681,88.4446406,15.1,,West Bengal,1,2022-06-11,2022-06-11,medium,New Barrackpore,place/city,New Barrakpur,2022,2022-04-13
"New Garia Metro, New Garia",Kolkata,south,operational,Kavi Subhash (Blue Line),no,Taratala Industrial Belt,8.85,blue,0.06,yes,yes,True,Kavi Subhash (Blue Line),0.06,6km+,0,New Garia,0.0,20.99,5,8,4,22.4726577,88.3977506,11.64,Baghajatin,West Bengal,1,2022-06-30,2022-06-30,medium,New Garia,railway/station,New Garia,2022,2022-04-13
"New Garia, Garia",Kolkata,south,operational,Shahid Khudiram,no,Taratala Industrial Belt,8.77,blue,0.13,yes,yes,True,Shahid Khudiram,0.13,6km+,0,New Garia,0.89,21.83,9,8,4,22.466016,88.3928483,12.22,Rajpur Sonarpur,West Bengal,3,2022-06-01,2022-06-09,high,Garia,place/suburb,Garia,2022,2022-04-13
New Town,Kolkata,east,none,Karunamoyee,yes,Technopolis Sector V,4.99,green,5.26,no,no,True,Jessore Road,3.35,3-6km,5,Dum Dum Cantonment,4.81,4.06,1,2,4,22.6213721,88.4559765,10.9,Action Area II,West Bengal,3,2022-04-28,2022-06-25,high,New Town CBD 2,place/neighbourhood,New Town,2022,2022-04-13
New Town Action Area 1,Kolkata,east,none,Salt Lake Sector V,yes,Unitech Infospace Rajarhat,2.05,green,3.6,no,no,True,Salt Lake Sector V,3.6,0-3km,9,Bidhannagar Road,7.6,8.6,4,6,9,22.5811458,88.464191,10.34,Action Area I,West Bengal,1,2022-06-01,2022-06-01,medium,Sankalpa Housing Phase 1,landuse/residential,New Town Action Area 1,2022,2022-04-13
New town near ecopark .,Kolkata,unknown,unknown,unknown,unknown,unknown,,unknown,,unknown,unknown,,unknown,,unknown,,unknown,,,,,,,,,,,1,2022-05-14,2022-05-14,none,,,,2022,2022-04-13
Nilgung Old Bazar,Kolkata,west,operational,Central,yes,Dalhousie BBD Bagh CBD,1.02,blue,0.36,yes,yes,True,Central,0.36,0-3km,0,BBD Bagh,1.02,12.84,19,37,9,22.574821,88.356306,0.82,Tiretta,West Bengal,1,2022-07-02,2022-07-02,high,Tiretta Bazaar,place/neighbourhood,Nilgung Old Bazar,2022,2022-04-13
Nimta,Kolkata,east,operational,Salt Lake Sector V,yes,Salt Lake Sector V,0.89,green,0.36,yes,yes,True,Salt Lake Sector V,0.36,0-3km,8,Bidhannagar Road,3.88,8.82,41,21,3,22.5789289,88.4263316,6.45,Sector V,West Bengal,1,2022-06-09,2022-06-09,medium,201 Nimta PO - Nicco Park Bus Terminus,highway/bus_stop,Nimta,2022,2022-04-13
"Noapara, Addarsha Pally",Kolkata,south,none,Kavi Subhash (Blue Line),no,Taratala Industrial Belt,13.1,blue,4.24,no,no,True,Kavi Subhash (Blue Line),4.24,6km+,0,Sonarpur Junction,0.74,23.02,4,4,1,22.4497439,88.4313885,15.32,Rajpur Sonarpur,West Bengal,1,2022-05-08,2022-05-08,high,Noapara,place/suburb,Noapara,2022,2022-04-13
Nungi More,Kolkata,unknown,unknown,unknown,unknown,unknown,,unknown,,unknown,unknown,,unknown,,unknown,,unknown,,,,,,,,,,,1,2022-06-10,2022-06-10,none,,,,2022,2022-04-13
"Palm Avenue Kolkata, Ballygunge",Kolkata,south,operational,Jatin Das Park,yes,Park Street Commercial,3.43,blue,2.04,yes,yes,True,Jatin Das Park,2.04,3-6km,1,Ballygunge Junction,1.15,16.41,33,75,6,22.5280337,88.3659084,4.96,Kolkata,West Bengal,1,2022-06-07,2022-06-07,high,Ballygunge,place/suburb,Ballygunge,2022,2022-04-13
Pancha Sayar,Kolkata,unknown,unknown,unknown,unknown,unknown,,unknown,,unknown,unknown,,unknown,,unknown,,unknown,,,,,,,,,,,1,2022-05-14,2022-05-14,none,,,,2022,2022-04-13
"Panchanan Tola, Thakurpukur",Kolkata,west,under_construction,Netaji,yes,Taratala Industrial Belt,5.05,blue,3.74,yes,no,False,Thakurpukur,0.85,3-6km,0,New Alipore,5.72,25.31,1,10,1,22.4625369,88.3155256,13.21,Kolkata,West Bengal,1,2022-05-13,2022-05-13,high,Thakurpukur,place/suburb,Thakurpukur,2022,2022-04-13
Panchanantala Road,Kolkata,south,operational,Kalighat,yes,Taratala Industrial Belt,4.91,blue,2.3,yes,yes,True,Kalighat,2.3,3-6km,1,Dhakuria,0.54,17.81,41,47,6,22.5128432,88.3678269,6.66,Dhakuria,West Bengal,1,2022-06-28,2022-06-28,low,Panchanantala Road,highway/residential,Panchanantala Road,2022,2022-04-13
"Park Circus, Ballygunge",Kolkata,south,operational,Jatin Das Park,yes,Park Street Commercial,3.43,blue,2.04,yes,yes,True,Jatin Das Park,2.04,3-6km,1,Ballygunge Junction,1.15,16.41,33,75,6,22.5280337,88.3659084,4.96,Kolkata,West Bengal,2,2022-05-06,2022-06-12,high,Ballygunge,place/suburb,Ballygunge,2022,2022-04-13
"Parnashree Lake, Behala",Kolkata,west,under_construction,Mahanayak Uttam Kumar,yes,Taratala Industrial Belt,0.68,blue,2.59,yes,no,False,Behala Bazar,0.48,0-3km,1,New Alipore,1.79,21.4,8,19,2,22.501572,88.3209435,9.05,Kolkata,West Bengal,1,2022-07-06,2022-07-06,high,Behala,place/suburb,Behala,2022,2022-04-13
Parnasree Pally,Kolkata,west,under_construction,Rabindra Sarobar,yes,Taratala Industrial Belt,2.19,blue,4.77,yes,no,False,Taratala,2.19,0-3km,0,Brace Bridge,1.01,22.18,1,2,1,22.5090184,88.2991427,9.71,Maheshtala,West Bengal,1,2022-06-04,2022-06-04,low,Parnashree Pally,amenity/place_of_worship,Parnasree Pally,2022,2022-04-13
Paschim Barisha,Kolkata,west,under_construction,Netaji,no,Taratala Industrial Belt,6.2,blue,6.55,yes,no,False,Joka,1.99,6km+,0,Brace Bridge,6.4,27.08,0,1,0,22.4621691,88.2856024,14.68,Bagpota,West Bengal,1,2022-05-05,2022-05-05,high,Paschim Barisha,place/neighbourhood,Paschim Barisha,2022,2022-04-13
"Pathak Para, Behala",Kolkata,west,under_construction,Mahanayak Uttam Kumar,yes,Taratala Industrial Belt,0.68,blue,2.59,yes,no,False,Behala Bazar,0.48,0-3km,1,New Alipore,1.79,21.4,8,19,2,22.501572,88.3209435,9.05,Kolkata,West Bengal,1,2022-04-29,2022-04-29,high,Behala,place/suburb,Behala,2022,2022-04-13
"Phool Bagan, Kankurgachi",Kolkata,north,operational,Phoolbagan,yes,Dalhousie BBD Bagh CBD,4.52,green,0.87,yes,yes,True,Phoolbagan,0.87,3-6km,7,Sir Gurudas Banerjee Halt,0.85,10.17,31,36,9,22.5799405,88.3904444,2.85,Maniktala,West Bengal,2,2022-05-13,2022-05-13,medium,Kankurgachi,highway/bus_stop,Phool Bagan Kankurgachi,2022,2022-04-13
"Picnic Garden, E M Bypass",Kolkata,east,operational,Bengal Chemical,yes,Salt Lake Sector V,3.49,green,0.09,yes,yes,True,Bengal Chemical,0.09,3-6km,8,Bidhannagar Road,1.55,9.53,38,50,12,22.5808086,88.4010214,3.92,Maniktala,West Bengal,1,2022-06-15,2022-06-15,low,Eastern Metropolitan Bypass,highway/primary,E M Bypass,2022,2022-04-13
"Picnic Garden, Tiljala",Kolkata,south,under_construction,Jatin Das Park,yes,Park Street Commercial,4.2,blue,3.27,yes,no,False,VIP Bazar,1.89,3-6km,1,Ballygunge Junction,1.13,15.86,26,38,5,22.5277358,88.3781174,5.2,Kushtia,West Bengal,1,2022-06-27,2022-06-27,low,Picnic Garden Road,highway/residential,Picnic Garden Tiljala,2022,2022-04-13
Pranthik Society Library Road Bhadreswar,Kolkata,unknown,unknown,unknown,unknown,unknown,,unknown,,unknown,unknown,,unknown,,unknown,,unknown,,,,,,,,,,,1,2022-06-11,2022-06-11,none,,,,2022,2022-04-13
Pratiraksha Nagar,Kolkata,unknown,unknown,unknown,unknown,unknown,,unknown,,unknown,unknown,,unknown,,unknown,,unknown,,,,,,,,,,,1,2022-06-06,2022-06-06,none,,,,2022,2022-04-13
"Project Kaikhali, Vip Road",Kolkata,north,operational,Phoolbagan,yes,Dalhousie BBD Bagh CBD,4.43,green,0.31,yes,yes,True,Phoolbagan,0.31,3-6km,6,Sir Gurudas Banerjee Halt,0.49,10.68,27,37,9,22.5748814,88.3897338,2.66,Maniktala,West Bengal,1,2022-06-26,2022-06-26,medium,Pantaloons/V.I.P. Market,highway/bus_stop,Vip Road,2022,2022-04-13
Purba Barisha,Kolkata,west,under_construction,Netaji,yes,Taratala Industrial Belt,5.88,blue,4.85,yes,no,False,Joka,0.7,3-6km,0,New Alipore,6.7,26.36,2,10,1,22.4562288,88.3071623,14.19,,West Bengal,1,2022-04-24,2022-04-24,high,Purba Barisha,place/suburb,Purba Barisha,2022,2022-04-13
Purba Putiary,Kolkata,south,operational,Netaji,yes,Taratala Industrial Belt,4.49,blue,0.53,yes,yes,True,Netaji,0.53,3-6km,1,Jadavpur,3.39,22.28,16,8,2,22.4768118,88.3485022,10.77,Moore Avenue,West Bengal,1,2022-06-28,2022-06-28,high,Purba Putiary,place/neighbourhood,Purba Putiary,2022,2022-04-13
Purba Sinthi Area,Kolkata,north,operational,Dum Dum,no,Dalhousie BBD Bagh CBD,6.94,blue,1.7,yes,yes,True,Dum Dum,1.7,6km+,1,Dum Dum Junction,1.67,7.2,8,15,1,22.6309909,88.3802258,6.71,Cossipore,West Bengal,1,2022-05-10,2022-05-10,low,Sinthi R. B. T. Vidyapith(H.S),amenity/school,Purba Sinthi Area,2022,2022-04-13
Purbasa,Kolkata,south,under_construction,Kavi Subhash (Blue Line),no,Park Street Commercial,6.85,blue,4.27,yes,no,False,Hemanta Mukhopadhyay,0.74,6km+,1,Dhakuria,2.56,16.98,8,12,5,22.5104972,88.395981,7.65,Kasbah North,West Bengal,1,2022-04-29,2022-04-29,low,south purbachal canal,waterway/canal,Purbasa,2022,2022-04-13
"Purbasan, Thakurpukur",Kolkata,west,under_construction,Netaji,yes,Taratala Industrial Belt,5.05,blue,3.74,yes,no,False,Thakurpukur,0.85,3-6km,0,New Alipore,5.72,25.31,1,10,1,22.4625369,88.3155256,13.21,Kolkata,West Bengal,1,2022-05-04,2022-05-04,high,Thakurpukur,place/suburb,Thakurpukur,2022,2022-04-13
"Rabindra Pally, Keshtopur",Kolkata,east,operational,Karunamoyee,yes,Technopolis Sector V,1.99,green,1.76,yes,yes,True,Karunamoyee,1.76,0-3km,10,Patipukur,4.09,6.66,9,8,2,22.5973333,88.4338521,7.69,Bidhannagar,West Bengal,3,2022-05-06,2022-06-23,high,Keshtopur,place/suburb,Keshtopur,2022,2022-04-13
"Rabindra Sarobar Area, Dhakuria",Kolkata,south,operational,Rabindra Sarobar,yes,Taratala Industrial Belt,4.82,blue,2.24,yes,yes,True,Rabindra Sarobar,2.24,3-6km,1,Dhakuria,0.44,18.39,33,46,5,22.507255,88.3673305,7.27,Kolkata,West Bengal,1,2022-06-25,2022-06-25,high,Dhakuria,place/suburb,Dhakuria,2022,2022-04-13
Rabindra Sarovar Metro,Kolkata,west,operational,Rabindra Sarobar,yes,Taratala Industrial Belt,2.56,blue,0.11,yes,yes,True,Rabindra Sarobar,0.11,0-3km,1,Tollygunge,0.25,19.39,16,49,3,22.508173,88.3453539,7.41,Charu Market Area,West Bengal,1,2022-06-12,2022-06-12,low,Rabindra Sarobar Metro Gate 3,railway/subway_entrance,Rabindra Sarovar Metro,2022,2022-04-13
Rabindrapally Kestopur,Kolkata,unknown,unknown,unknown,unknown,unknown,,unknown,,unknown,unknown,,unknown,,unknown,,unknown,,,,,,,,,,,1,2022-06-29,2022-06-29,none,,,,2022,2022-04-13
"Rabindrapally, Garia",Kolkata,south,operational,Shahid Khudiram,no,Taratala Industrial Belt,8.77,blue,0.13,yes,yes,True,Shahid Khudiram,0.13,6km+,0,New Garia,0.89,21.83,9,8,4,22.466016,88.3928483,12.22,Rajpur Sonarpur,West Bengal,1,2022-06-25,2022-06-25,high,Garia,place/suburb,Garia,2022,2022-04-13
Rajarhat,Kolkata,east,under_construction,Noapara,yes,Technopolis Sector V,5.44,blue,4.93,yes,no,False,Jessore Road,1.62,3-6km,3,Dum Dum Cantonment,3.06,3.12,5,14,8,22.6286173,88.44061,10.04,Bidhannagar,West Bengal,2,2022-05-12,2022-05-22,high,Rajarhat Gopalpur,place/suburb,Rajarhat,2022,2022-04-13
"Rajdanga Gardens, Kasba",Kolkata,south,none,Rabindra Sarobar,yes,Taratala Industrial Belt,5.33,blue,2.76,no,no,True,Rabindra Sarobar,2.76,3-6km,1,Dhakuria,0.53,18.47,28,27,5,22.5044355,88.3721663,7.63,Kolkata,West Bengal,1,2022-06-24,2022-06-24,high,Kasba,place/suburb,Kasba,2022,2022-04-13
Ramchandrapur north,Kolkata,unknown,unknown,unknown,unknown,unknown,,unknown,,unknown,unknown,,unknown,,unknown,,unknown,,,,,,,,,,,1,2022-05-23,2022-05-23,none,,,,2022,2022-04-13
"Ramkrishna Pally, Kaikhali",Kolkata,south,none,Masterda Surya Sen,no,Taratala Industrial Belt,14.12,blue,11.42,no,no,True,Joka,8.03,6km+,0,Baruipur Junction,12.28,33.5,0,0,0,22.380875,88.3128787,21.95,,West Bengal,1,2022-05-26,2022-05-26,high,Kaikhali,place/suburb,Kaikhali,2022,2022-04-13
Ramrajatala,Kolkata,west,none,Esplanade (Line 1),yes,Dalhousie BBD Bagh CBD,5.29,green,6.25,no,no,True,Howrah Maidan,3.87,3-6km,0,Ramrajatala,0.0,16.97,0,6,0,22.5886606,88.2966655,7.13,Shibpur,West Bengal,1,2022-06-27,2022-06-27,medium,Ramrajatala,railway/station,Ramrajatala,2022,2022-04-13
Ranikuthi Telephone Exchange,Kolkata,west,none,Esplanade (Line 1),no,Dalhousie BBD Bagh CBD,11.33,green,12.0,no,no,True,Howrah Maidan,10.0,6km+,0,Andul,1.06,22.8,1,3,0,22.5848383,88.2365894,13.14,,West Bengal,1,2022-05-14,2022-05-14,low,BSNL Telephone Exchange,landuse/commercial,Ranikuthi Telephone Exchange,2022,2022-04-13
Rash Behari Avenue Connector,Kolkata,south,under_construction,Jatin Das Park,yes,Park Street Commercial,5.61,blue,4.21,yes,no,False,VIP Bazar,1.22,3-6km,1,Ballygunge Junction,1.55,16.5,10,18,5,22.5179148,88.3869471,6.53,Kushtia,West Bengal,1,2022-05-20,2022-05-20,low,Rash Behari Avenue Connector,highway/primary,Rash Behari Avenue Connector,2022,2022-04-13
"Regent Estate, Bijoygarh",Kolkata,south,operational,Masterda Surya Sen,yes,Taratala Industrial Belt,5.44,blue,1.73,yes,yes,True,Masterda Surya Sen,1.73,3-6km,1,Jadavpur,1.09,20.37,23,20,6,22.4872704,88.3685589,9.5,Kolkata,West Bengal,1,2022-06-06,2022-06-06,high,Bijoygarh,place/suburb,Bijoygarh,2022,2022-04-13
rishi aurobindo sarani neat NIOH hospital,Kolkata,unknown,unknown,unknown,unknown,unknown,,unknown,,unknown,unknown,,unknown,,unknown,,unknown,,,,,,,,,,,1,2022-04-24,2022-04-24,none,,,,2022,2022-04-13
Rishra,Kolkata,north,none,Dakshineshwar,no,Dalhousie BBD Bagh CBD,16.45,blue,8.13,no,no,True,Dakshineshwar,8.13,6km+,0,Rishra,0.0,12.88,4,1,1,22.7247059,88.3434353,17.04,Serampore,West Bengal,1,2022-06-22,2022-06-22,medium,Rishra,railway/station,Rishra,2022,2022-04-13
safuipara,Kolkata,south,under_construction,Kavi Subhash (Blue Line),no,Taratala Industrial Belt,6.56,blue,3.65,yes,no,False,Jyotirindra Nandi,1.66,6km+,1,Jadavpur,1.24,18.22,21,12,6,22.5023977,88.3840299,8.08,Kasba,West Bengal,1,2022-04-23,2022-04-23,medium,Safuipara Bus Stop,highway/bus_stop,safuipara,2022,2022-04-13
"Sahapur, New Alipore",Kolkata,west,operational,Rabindra Sarobar,yes,Taratala Industrial Belt,0.88,blue,1.84,yes,yes,True,Taratala,0.88,0-3km,1,New Alipore,0.75,20.11,8,20,4,22.5111648,88.3281116,7.76,Kolkata,West Bengal,1,2022-06-29,2022-06-29,high,New Alipore,place/suburb,New Alipore,2022,2022-04-13
Sahid Nagar,Kolkata,south,under_construction,Rabindra Sarobar,yes,Taratala Industrial Belt,5.74,blue,3.17,yes,no,False,Jyotirindra Nandi,2.46,3-6km,1,Dhakuria,0.8,18.39,25,20,3,22.5035812,88.3761437,7.78,Kasba,West Bengal,1,2022-06-19,2022-06-19,medium,Sahid Nagar Bus Stop,highway/bus_stop,Sahid Nagar,2022,2022-04-13
"Sakher Bazar, Purba Barisha",Kolkata,west,under_construction,Netaji,yes,Taratala Industrial Belt,5.88,blue,4.85,yes,no,False,Joka,0.7,3-6km,0,New Alipore,6.7,26.36,2,10,1,22.4562288,88.3071623,14.19,,West Bengal,4,2022-05-06,2022-07-04,high,Purba Barisha,place/suburb,Purba Barisha,2022,2022-04-13
"Sakuntala Park, Behala",Kolkata,west,under_construction,Mahanayak Uttam Kumar,yes,Taratala Industrial Belt,0.68,blue,2.59,yes,no,False,Behala Bazar,0.48,0-3km,1,New Alipore,1.79,21.4,8,19,2,22.501572,88.3209435,9.05,Kolkata,West Bengal,1,2022-06-02,2022-06-02,high,Behala,place/suburb,Behala,2022,2022-04-13
Salt Lake City,Kolkata,east,operational,Central Park,yes,Salt Lake Sector V,2.67,green,0.32,yes,yes,True,Central Park,0.32,0-3km,8,Bidhannagar Road,2.22,8.07,38,34,9,22.5902195,88.4125239,5.36,Sector I,West Bengal,9,2022-04-23,2022-06-25,low,Salt Lake City Medical Centre,amenity/hospital,Salt Lake City,2022,2022-04-13
Salt Lake City Sector 1,Kolkata,east,operational,City Centre,yes,Salt Lake Sector V,2.94,green,0.14,yes,yes,True,City Centre,0.14,0-3km,8,Bidhannagar Road,1.83,8.45,38,39,13,22.5882088,88.4084341,4.89,Sector I,West Bengal,14,2022-04-23,2022-07-04,low,"City Centre 1, Salt Lake",shop/mall,Salt Lake City Sector 1,2022,2022-04-13
Salt Lake City Sector 2,Kolkata,east,operational,City Centre,yes,Salt Lake Sector V,2.94,green,0.14,yes,yes,True,City Centre,0.14,0-3km,8,Bidhannagar Road,1.83,8.45,38,39,13,22.5882088,88.4084341,4.89,Sector I,West Bengal,16,2022-04-29,2022-07-06,low,"City Centre 1, Salt Lake",shop/mall,Salt Lake City Sector 2,2022,2022-04-13
Salt Lake City Sector 3,Kolkata,east,operational,Salt Lake Stadium,yes,Salt Lake Sector V,2.19,green,1.15,yes,yes,True,Nalban Metro Station,0.71,0-3km,8,Sir Gurudas Banerjee Halt,3.01,9.82,44,24,7,22.5726623,88.4143195,5.18,Sector III,West Bengal,5,2022-06-07,2022-06-19,low,"IB-145 Sector 3, Salt Lake City Kolkata",place/house,Salt Lake City Sector 3,2022,2022-04-13
Salt Lake City Sector 5,Kolkata,east,operational,Karunamoyee,yes,Salt Lake Sector V,1.42,green,0.24,yes,yes,True,Karunamoyee,0.24,0-3km,8,Bidhannagar Road,3.38,8.26,51,31,5,22.5847892,88.4231722,6.23,Sector II,West Bengal,13,2022-06-03,2022-07-03,low,"Anandalok Hospital, Salt Lake City",amenity/hospital,Salt Lake City Sector 5,2022,2022-04-13
"Sangati Colony, Netaji Nagar",Kolkata,east,none,Noapara,no,Ecospace New Town,21.26,blue,21.01,no,no,True,Jai Hind,17.42,6km+,2,Bira,3.77,16.15,5,1,0,22.770816,88.541759,28.61,Chandrapur,West Bengal,1,2022-05-29,2022-05-29,high,Netaji Nagar,place/neighbourhood,Netaji Nagar,2022,2022-04-13
Sankaritola,Kolkata,west,operational,Central,yes,Park Street Commercial,1.85,blue,1.24,yes,yes,True,Sealdah,0.55,0-3km,0,Sealdah,0.7,13.14,29,43,10,22.5634136,88.3657395,1.04,Chandni Chowk East,West Bengal,1,2022-07-02,2022-07-02,low,Sankari Tola Street,highway/residential,Sankaritola,2022,2022-04-13
Santoshpur,Kolkata,west,none,Netaji Bhavan,no,Taratala Industrial Belt,7.03,blue,9.35,no,no,True,Taratala,7.03,6km+,0,Akra,1.48,24.21,0,0,0,22.5269342,88.2551534,12.27,Maheshtala,West Bengal,8,2022-04-25,2022-07-02,high,Santoshpur,place/suburb,Santoshpur,2022,2022-04-13
Santoshpur - EM Bypass,Kolkata,east,operational,Salt Lake Stadium,yes,Salt Lake Sector V,3.23,green,0.23,yes,yes,True,Salt Lake Stadium,0.23,3-6km,8,Sir Gurudas Banerjee Halt,2.0,10.33,37,35,9,22.5713233,88.4043073,4.15,Sector III,West Bengal,1,2022-05-23,2022-05-23,medium,EM Bypass,highway/bus_stop,Santoshpur - EM Bypass,2022,2022-04-13
Santragachi,Kolkata,west,none,Esplanade (Line 1),no,Dalhousie BBD Bagh CBD,6.88,green,7.62,no,no,True,Howrah Maidan,5.57,6km+,0,Santragachi Junction,0.43,18.84,1,6,0,22.5822129,88.2798107,8.7,Shibpur,West Bengal,1,2022-04-23,2022-04-23,high,Santragachi,place/neighbourhood,Santragachi,2022,2022-04-13
"Sarat Ghosh Garden, Dhakuria",Kolkata,south,operational,Rabindra Sarobar,yes,Taratala Industrial Belt,4.82,blue,2.24,yes,yes,True,Rabindra Sarobar,2.24,3-6km,1,Dhakuria,0.44,18.39,33,46,5,22.507255,88.3673305,7.27,Kolkata,West Bengal,1,2022-04-28,2022-04-28,high,Dhakuria,place/suburb,Dhakuria,2022,2022-04-13
Sarsuna,Kolkata,west,none,Netaji,yes,Taratala Industrial Belt,5.79,blue,6.77,no,no,True,Thakurpukur,2.8,3-6km,0,Brace Bridge,5.68,26.66,0,2,0,22.4703197,88.2811023,14.2,,West Bengal,2,2022-06-04,2022-06-26,high,Sarsuna,place/suburb,Sarsuna,2022,2022-04-13
sarsuna banerjee para,Kolkata,south,none,Kalighat,yes,Park Street Commercial,5.19,blue,2.69,no,no,True,Kalighat,2.69,3-6km,1,Dhakuria,0.44,17.62,41,44,5,22.512995,88.3716989,6.68,Dhakuria,West Bengal,1,2022-07-03,2022-07-03,low,Banerjee Para Lane,highway/residential,sarsuna banerjee para,2022,2022-04-13
"Satgachi, South Dum Dum",Kolkata,west,none,Netaji,no,Taratala Industrial Belt,18.14,blue,18.79,no,no,True,Joka,13.35,6km+,0,Komagata Maru Budge Budge,9.67,38.74,0,0,0,22.4067354,88.18172,26.28,,West Bengal,1,2022-06-01,2022-06-01,high,Satgachhia,place/suburb,Satgachi,2022,2022-04-13
"Shrachi Village, Madhyam Gram",Kolkata,unknown,unknown,unknown,unknown,unknown,,unknown,,unknown,unknown,,unknown,,unknown,,unknown,,,,,,,,,,,1,2022-07-06,2022-07-06,none,,,,2022,2022-04-13
shukhobrishti,Kolkata,unknown,unknown,unknown,unknown,unknown,,unknown,,unknown,unknown,,unknown,,unknown,,unknown,,,,,,,,,,,1,2022-05-23,2022-05-23,none,,,,2022,2022-04-13
Shyam Bazar,Kolkata,north,operational,Shyambazar,yes,Dalhousie BBD Bagh CBD,3.33,blue,0.48,yes,yes,True,Shyambazar,0.48,3-6km,1,Bagbazar,0.93,10.09,13,25,1,22.5979916,88.3694857,2.88,Kolkata,West Bengal,4,2022-05-11,2022-06-23,high,Shyam Bazar,place/suburb,Shyam Bazar,2022,2022-04-13
"Shyam Villa V, Dum Dum",Kolkata,north,under_construction,Noapara,no,Technopolis Sector V,8.04,blue,4.51,yes,no,False,Jai Hind,0.54,6km+,1,Birati,1.62,1.02,0,9,0,22.6520597,88.4360417,11.53,,West Bengal,1,2022-06-27,2022-06-27,high,Dum Dum,place/town,Dum Dum,2022,2022-04-13
"Silpara, Purba Barisha",Kolkata,west,under_construction,Netaji,yes,Taratala Industrial Belt,5.88,blue,4.85,yes,no,False,Joka,0.7,3-6km,0,New Alipore,6.7,26.36,2,10,1,22.4562288,88.3071623,14.19,,West Bengal,2,2022-06-16,2022-06-17,high,Purba Barisha,place/suburb,Silpara Purba Barisha,2022,2022-04-13
"Siriti, Tollygunge",Kolkata,south,operational,Mahanayak Uttam Kumar,yes,Taratala Industrial Belt,2.76,blue,0.43,yes,yes,True,Mahanayak Uttam Kumar,0.43,0-3km,1,Tollygunge,1.04,20.29,13,25,2,22.498636,88.3453908,8.44,Kolkata,West Bengal,1,2022-05-12,2022-05-12,high,Tollygunge,place/suburb,Tollygunge,2022,2022-04-13
Sodepur,Kolkata,north,none,Baranagar,no,Dalhousie BBD Bagh CBD,13.83,blue,4.9,no,no,True,Baranagar,4.9,6km+,0,Sodpur,0.33,8.0,2,9,1,22.6971753,88.3805627,13.96,Kamarhati,West Bengal,6,2022-05-17,2022-06-30,high,Sodepur,place/suburb,Sodepur,2022,2022-04-13
Sonarpur,Kolkata,west,none,Netaji,no,Taratala Industrial Belt,19.05,blue,19.64,no,no,True,Joka,14.17,6km+,0,Komagata Maru Budge Budge,10.48,39.66,0,0,0,22.4002272,88.176035,27.2,,West Bengal,4,2022-05-03,2022-06-23,high,Sonarpur,place/suburb,Sonarpur,2022,2022-04-13
South Baksara,Kolkata,unknown,unknown,unknown,unknown,unknown,,unknown,,unknown,unknown,,unknown,,unknown,,unknown,,,,,,,,,,,1,2022-06-11,2022-06-11,none,,,,2022,2022-04-13
South Dum Dum,Kolkata,north,operational,Noapara,no,Technopolis Sector V,6.83,blue,1.87,yes,yes,True,Dum Dum Cantonment,0.12,6km+,2,Dum Dum Cantonment,0.0,4.03,6,10,4,22.6364899,88.4120228,8.65,Gorabazar,West Bengal,1,2022-05-09,2022-05-09,medium,Dum Dum Cantonment,railway/station,South Dum Dum,2022,2022-04-13
south station pally dankuni,Kolkata,unknown,unknown,unknown,unknown,unknown,,unknown,,unknown,unknown,,unknown,,unknown,,unknown,,,,,,,,,,,1,2022-06-05,2022-06-05,none,,,,2022,2022-04-13
Sreebhumi,Kolkata,north,none,Dakshineshwar,no,Dalhousie BBD Bagh CBD,24.9,blue,16.17,no,no,True,Dakshineshwar,16.17,6km+,0,Ichhapur,0.41,17.27,10,0,0,22.7989026,88.3778104,25.2,Bhatpara,West Bengal,2,2022-05-12,2022-05-28,high,Sreebhumi,place/hamlet,Sreebhumi,2022,2022-04-13
"Sukanta Nagar, New Barrakpur",Kolkata,north,none,Dakshineshwar,no,Dalhousie BBD Bagh CBD,17.45,blue,8.75,no,no,True,Dakshineshwar,8.75,6km+,0,Titagarh,1.33,11.78,9,5,1,22.7327528,88.3652979,17.81,Serampore,West Bengal,1,2022-06-19,2022-06-19,high,Sukant Nagar,place/neighbourhood,Sukanta Nagar New Barrakpur,2022,2022-04-13
Sukchar,Kolkata,unknown,unknown,unknown,unknown,unknown,,unknown,,unknown,unknown,,unknown,,unknown,,unknown,,,,,,,,,,,1,2022-06-30,2022-06-30,none,,,,2022,2022-04-13
"Sukhpally, Haltu",Kolkata,south,under_construction,Rabindra Sarobar,yes,Park Street Commercial,5.92,blue,3.76,yes,no,False,Kavi Sukanta,2.06,3-6km,1,Dhakuria,1.12,17.43,26,24,6,22.510785,88.381874,7.12,Kasbah North,West Bengal,1,2022-04-25,2022-04-25,medium,Haltu,highway/bus_stop,Haltu,2022,2022-04-13
Survey Park,Kolkata,south,operational,Kavi Subhash (Blue Line),no,Taratala Industrial Belt,7.58,blue,2.31,yes,yes,True,Jyotirindra Nandi,0.73,6km+,1,Baghajatin,1.21,19.03,6,10,2,22.4922795,88.3923094,9.4,Baghajatin,West Bengal,2,2022-06-27,2022-07-03,medium,Survey Park,highway/bus_stop,Survey Park,2022,2022-04-13
"Survey park, Santoshpur, kolkata",Kolkata,south,under_construction,Kavi Subhash (Blue Line),no,Taratala Industrial Belt,6.48,blue,3.11,yes,no,False,Satyajit Ray,1.66,6km+,1,Jadavpur,0.75,18.95,18,16,2,22.4960484,88.3822296,8.72,Jadavpur,West Bengal,1,2022-06-25,2022-06-25,high,Santoshpur,place/neighbourhood,Santoshpur kolkata,2022,2022-04-13
"Tagore Park, Kasba",Kolkata,south,none,Rabindra Sarobar,yes,Taratala Industrial Belt,5.33,blue,2.76,no,no,True,Rabindra Sarobar,2.76,3-6km,1,Dhakuria,0.53,18.47,28,27,5,22.5044355,88.3721663,7.63,Kolkata,West Bengal,1,2022-06-22,2022-06-22,high,Kasba,place/suburb,Kasba,2022,2022-04-13
"Tarulia, Keshtopur",Kolkata,east,operational,Karunamoyee,yes,Technopolis Sector V,1.99,green,1.76,yes,yes,True,Karunamoyee,1.76,0-3km,10,Patipukur,4.09,6.66,9,8,2,22.5973333,88.4338521,7.69,Bidhannagar,West Bengal,1,2022-05-14,2022-05-14,high,Keshtopur,place/suburb,Keshtopur,2022,2022-04-13
"Teghoria, Baguiati",Kolkata,east,operational,Central Park,yes,Technopolis Sector V,3.48,green,2.47,yes,yes,True,Central Park,2.47,3-6km,10,Patipukur,3.35,5.48,12,14,6,22.609668,88.4276832,7.74,Bidhannagar,West Bengal,2,2022-05-30,2022-06-11,high,Baguiati,place/suburb,Baguiati,2022,2022-04-13
Thakurpukur,Kolkata,west,under_construction,Netaji,yes,Taratala Industrial Belt,5.05,blue,3.74,yes,no,False,Thakurpukur,0.85,3-6km,0,New Alipore,5.72,25.31,1,10,1,22.4625369,88.3155256,13.21,Kolkata,West Bengal,7,2022-04-29,2022-06-30,high,Thakurpukur,place/suburb,Thakurpukur,2022,2022-04-13
"Thakurpukur, Kolkata",Kolkata,west,under_construction,Netaji,yes,Taratala Industrial Belt,5.05,blue,3.74,yes,no,False,Thakurpukur,0.85,3-6km,0,New Alipore,5.72,25.31,1,10,1,22.4625369,88.3155256,13.21,Kolkata,West Bengal,1,2022-07-04,2022-07-04,high,Thakurpukur,place/suburb,Thakurpukur Kolkata,2022,2022-04-13
Tiljala Road,Kolkata,west,operational,Maidan,yes,Park Street Commercial,2.52,blue,2.47,yes,yes,True,Sealdah,2.28,0-3km,1,Park Circus,0.62,14.31,24,54,6,22.5462495,88.3726342,3.06,Beniapukur,West Bengal,1,2022-06-27,2022-06-27,low,Tiljala Road,highway/tertiary,Tiljala Road,2022,2022-04-13
Tn Chatterjee Street,Kolkata,north,operational,Baranagar,no,Dalhousie BBD Bagh CBD,7.76,blue,1.5,yes,yes,True,Baranagar,1.5,6km+,1,Baranagar Road,1.54,6.96,5,11,0,22.6396578,88.3794832,7.63,Dunlop,West Bengal,1,2022-07-03,2022-07-03,low,TN Chatterjee Street,highway/residential,Tn Chatterjee Street,2022,2022-04-13
Tollygunge,Kolkata,south,operational,Mahanayak Uttam Kumar,yes,Taratala Industrial Belt,2.76,blue,0.43,yes,yes,True,Mahanayak Uttam Kumar,0.43,0-3km,1,Tollygunge,1.04,20.29,13,25,2,22.498636,88.3453908,8.44,Kolkata,West Bengal,4,2022-05-22,2022-06-21,high,Tollygunge,place/suburb,Tollygunge,2022,2022-04-13
tollygunge Kabardanga,Kolkata,unknown,unknown,unknown,unknown,unknown,,unknown,,unknown,unknown,,unknown,,unknown,,unknown,,,,,,,,,,,1,2022-04-24,2022-04-24,none,,,,2022,2022-04-13
Ultadanga,Kolkata,north,operational,Belgachia,yes,Dalhousie BBD Bagh CBD,4.52,blue,1.1,yes,yes,True,Belgachia,1.1,3-6km,1,Kolkata,0.58,9.07,22,29,8,22.5961275,88.3852833,3.42,Kolkata,West Bengal,1,2022-04-25,2022-04-25,high,Ultadanga,place/suburb,Ultadanga,2022,2022-04-13
"Vedic Village, Rajarhat",Kolkata,east,under_construction,Noapara,yes,Technopolis Sector V,5.44,blue,4.93,yes,no,False,Jessore Road,1.62,3-6km,3,Dum Dum Cantonment,3.06,3.12,5,14,8,22.6286173,88.44061,10.04,Bidhannagar,West Bengal,1,2022-06-05,2022-06-05,high,Rajarhat Gopalpur,place/suburb,Rajarhat,2022,2022-04-13
"VIP Nagar, E M Bypass",Kolkata,south,under_construction,Jatin Das Park,no,Park Street Commercial,6.11,blue,5.38,yes,no,False,VIP Bazar,0.29,6km+,1,Ballygunge Junction,2.8,15.49,3,8,4,22.5236955,88.3988632,6.52,Kushtia,West Bengal,1,2022-05-25,2022-05-25,low,VIP Nagar,amenity/place_of_worship,VIP Nagar E M Bypass,2022,2022-04-13
Vip Road,Kolkata,north,operational,Phoolbagan,yes,Dalhousie BBD Bagh CBD,4.43,green,0.31,yes,yes,True,Phoolbagan,0.31,3-6km,6,Sir Gurudas Banerjee Halt,0.49,10.68,27,37,9,22.5748814,88.3897338,2.66,Maniktala,West Bengal,2,2022-06-16,2022-06-25,medium,Pantaloons/V.I.P. Market,highway/bus_stop,Vip Road,2022,2022-04-13
VIP Road Haldiram,Kolkata,north,operational,Phoolbagan,yes,Dalhousie BBD Bagh CBD,4.43,green,0.31,yes,yes,True,Phoolbagan,0.31,3-6km,6,Sir Gurudas Banerjee Halt,0.49,10.68,27,37,9,22.5748814,88.3897338,2.66,Maniktala,West Bengal,1,2022-06-21,2022-06-21,medium,Pantaloons/V.I.P. Market,highway/bus_stop,VIP Road Haldiram,2022,2022-04-13
"Vivek Nagar, Garfa",Kolkata,north,none,Dakshineshwar,no,Dalhousie BBD Bagh CBD,22.66,blue,13.91,no,no,True,Dakshineshwar,13.91,6km+,0,Palta,1.12,15.09,6,4,1,22.7782442,88.3801144,22.93,Jafarpur,West Bengal,1,2022-06-10,2022-06-10,high,Vivek Nagar,place/neighbourhood,Vivek Nagar Garfa,2022,2022-04-13
"117 Residency, Chembur East",Mumbai,south,under_construction,Ghatkopar L1,yes,Bandra Kurla Complex,4.56,blue,5.74,yes,no,False,Shivaji Chowk (Chembur),1.79,3-6km,4,Bharat Petroleum,0.17,6.83,12,27,7,19.0366683,72.8947992,12.55,M/E Ward,Maharashtra,1,2022-05-31,2022-05-31,low,Brainwonders Chembur,healthcare/counselling,Chembur East,2022,2022-04-13
"7 Bungalow, Seven Bungalows",Mumbai,west,operational,Versova,yes,SEEPZ Andheri East,3.78,blue,0.05,yes,yes,True,Versova,0.05,3-6km,9,Andheri,2.86,6.2,27,57,18,19.1297617,72.8213781,21.29,K/W Ward,Maharashtra,3,2022-07-09,2022-07-09,high,Seven Bungalows,place/neighbourhood,Seven Bungalows,2022,2022-04-13
7 Bungalows Andheri West,Mumbai,west,operational,Andheri (West),yes,Nirlon Knowledge Park,2.62,yellow,1.31,yes,yes,True,Lower Oshiwara,0.16,0-3km,13,Jogeshwari (Harbour Line),1.7,6.44,34,75,22,19.1408374,72.8332241,22.47,K/W Ward,Maharashtra,1,2022-07-06,2022-07-06,low,Nissan,shop/car,7 Bungalows Andheri West,2022,2022-04-13
90 ft road,Mumbai,east,none,Magathane,no,Mindspace Airoli,12.51,red,24.87,no,no,True,Azad Nagar Bus Stop,13.08,6km+,1,Thakurli,0.88,29.14,13,55,2,19.2203974,73.1036411,42.13,Thakurli,Maharashtra,1,2022-07-06,2022-07-06,low,90ft Road,highway/secondary,90 ft road,2022,2022-04-13
"Acme Avenue, Kandivali West",Mumbai,north,operational,Dahanukarwadi,yes,Mindspace Malad,2.4,yellow,0.54,yes,yes,True,Dahanukarwadi,0.54,0-3km,1,Kandivali,1.25,13.05,25,98,10,19.2055321,72.8399273,29.66,R/S Ward,Maharashtra,1,2022-06-15,2022-06-15,high,Kandivali West,place/suburb,Kandivali West,2022,2022-04-13
"Adani Western Heights, 4 Bunglows",Mumbai,east,none,Poisar,yes,Wagle Estate Thane,2.65,red,11.42,no,no,True,Azad Nagar Bus Stop,6.64,0-3km,13,Thane,0.81,15.18,30,118,13,19.1823295,72.9694662,30.53,Kopri,Maharashtra,1,2022-07-06,2022-07-06,medium,Twelve Bunglows,highway/bus_stop,4 Bunglows,2022,2022-04-13
"Adani Western Heights, Andheri West",Mumbai,west,operational,Azad Nagar,yes,SEEPZ Andheri East,2.13,blue,1.14,yes,yes,True,Azad Nagar,1.14,0-3km,13,Andheri,1.34,4.28,33,91,15,19.1172495,72.833968,19.84,K/W Ward,Maharashtra,3,2022-05-31,2022-07-07,high,Andheri West,place/suburb,Andheri West,2022,2022-04-13
"Aditi Apartment, Andheri West",Mumbai,west,operational,Azad Nagar,yes,SEEPZ Andheri East,2.13,blue,1.14,yes,yes,True,Azad Nagar,1.14,0-3km,13,Andheri,1.34,4.28,33,91,15,19.1172495,72.833968,19.84,K/W Ward,Maharashtra,1,2022-05-30,2022-05-30,high,Andheri West,place/suburb,Andheri West,2022,2022-04-13
"Adityavardhan Apartment, Raheja Vihar",Mumbai,east,operational,Saki Naka,yes,Hiranandani Business Park Powai,1.66,blue,1.89,yes,yes,True,Aarey JVLR,1.69,0-3km,18,Vikhroli,3.56,4.68,10,25,16,19.1191663,72.8951234,21.02,L Ward,Maharashtra,1,2022-06-23,2022-06-23,medium,Raheja Vihar Circular Road,landuse/residential,Raheja Vihar,2022,2022-04-13
Agripada,Mumbai,south,under_construction,Ghatkopar L1,yes,Lower Parel Business District,3.16,blue,15.18,yes,no,False,Mahalaxmi,0.49,3-6km,1,Byculla,0.83,13.4,55,66,7,18.97504,72.8250555,4.17,E Ward,Maharashtra,1,2022-05-27,2022-05-27,high,Agripada,place/neighbourhood,Agripada,2022,2022-04-13
"Ahimsa Marg, Mindspace",Mumbai,north,none,Kandarpada,no,Mindspace Malad,30.36,yellow,22.52,no,no,True,Kashigaon,21.13,6km+,0,Virar,0.3,41.0,3,36,6,19.4553807,72.8089778,57.51,Virar West,Maharashtra,1,2022-07-07,2022-07-07,low,"Jain Mandir Road,Ahimsa Marg",highway/residential,Ahimsa Marg Mindspace,2022,2022-04-13
"Aims Sea View, Indralok",Mumbai,north,none,Anand Nagar,no,Mindspace Malad,13.55,yellow,5.03,no,no,True,Kashigaon,2.76,6km+,0,Bhayandar,2.44,23.57,7,29,2,19.3018253,72.8741489,40.57,Ghodbunder,Maharashtra,1,2022-05-17,2022-05-17,low,Aims Sea View Co-operative Housing Society,building/yes,Aims Sea View Indralok,2022,2022-04-13
"Ajmera Bhakti Park, Bhakti Park",Mumbai,south,none,Ghatkopar L1,yes,Bandra Kurla Complex,4.6,blue,7.2,no,no,True,Chembur,3.23,3-6km,4,Bhakti Park,0.24,7.14,5,8,0,19.0278681,72.8795682,10.94,M/W Ward,Maharashtra,7,2022-05-27,2022-07-09,high,Bhakti Park,place/neighbourhood,Bhakti Park,2022,2022-04-13
"Ajmera Treon, Bhakti Park",Mumbai,south,none,Ghatkopar L1,yes,Bandra Kurla Complex,4.6,blue,7.2,no,no,True,Chembur,3.23,3-6km,4,Bhakti Park,0.24,7.14,5,8,0,19.0278681,72.8795682,10.94,M/W Ward,Maharashtra,1,2022-06-30,2022-06-30,high,Bhakti Park,place/neighbourhood,Bhakti Park,2022,2022-04-13
"Akruti Aneri, Marol",Mumbai,east,operational,Airport Road,yes,MIDC Andheri East,0.53,blue,0.6,yes,yes,True,MIDC - Andheri,0.53,0-3km,21,Andheri,3.33,3.11,13,46,5,19.1144347,72.8776145,20.03,K/E Ward,Maharashtra,1,2022-06-16,2022-06-16,high,Marol Village,place/neighbourhood,Marol,2022,2022-04-13
"Akruti Orchid Park, Sakinaka Junction",Mumbai,unknown,unknown,unknown,unknown,unknown,,unknown,,unknown,unknown,,unknown,,unknown,,unknown,,,,,,,,,,,2,2022-06-13,2022-06-14,none,,,,2022,2022-04-13
"Almeida Park, Turner Road",Mumbai,south,under_construction,Western Express Highway,yes,Bandra Kurla Complex,3.75,blue,6.99,yes,no,False,Dharavi,2.29,3-6km,7,Bandra,0.96,4.9,44,54,8,19.0575631,72.8314731,13.21,Bandra West,Maharashtra,1,2022-06-03,2022-06-03,low,Almeida Park,leisure/park,Almeida Park Turner Road,2022,2022-04-13
"Alpine Apartments, Chembur East",Mumbai,east,under_construction,Ghatkopar L1,yes,Bandra Kurla Complex,4.35,blue,3.26,yes,no,False,Diamond Garden,0.76,3-6km,5,Chembur,0.76,5.8,38,86,13,19.0574431,72.9058636,15.13,M/W Ward,Maharashtra,1,2022-05-31,2022-05-31,low,Ariso Apartments,building/apartments,Alpine Apartments Chembur East,2022,2022-04-13
"Alpine Shapoorji Pallonji, Thakur Village, Kandivali East",Mumbai,north,operational,Magathane,yes,Mindspace Malad,4.63,red,1.24,yes,yes,True,Magathane,1.24,3-6km,0,Kandivali,2.62,13.36,5,24,7,19.2097189,72.8759248,30.42,R/S Ward,Maharashtra,1,2022-07-09,2022-07-09,high,Thakur Village,place/suburb,Thakur Village,2022,2022-04-13
"Alpine, Kandivali East",Mumbai,north,operational,Poisar,yes,Mindspace Malad,3.26,red,0.19,yes,yes,True,Poisar,0.19,3-6km,1,Kandivali,1.15,12.79,14,67,10,19.2051958,72.8626165,29.76,R/S Ward,Maharashtra,1,2022-07-09,2022-07-09,high,Kandivali East,place/suburb,Alpine Kandivali East,2022,2022-04-13
"Alta Monte, Pathanwadi",Mumbai,north,operational,Dindoshi,yes,Mindspace Malad,2.28,red,0.43,yes,yes,True,Dindoshi,0.43,0-3km,3,Malad,1.66,9.94,16,76,6,19.1795154,72.8623967,26.92,P/N Ward,Maharashtra,1,2022-05-31,2022-05-31,high,Pathanwadi,place/locality,Pathanwadi,2022,2022-04-13
Altamount Road,Mumbai,south,under_construction,Ghatkopar L1,yes,Nariman Point CBD,4.46,blue,17.2,yes,no,False,Grant Road,1.08,3-6km,1,Grant Road,0.85,15.14,51,63,5,18.9643815,72.807864,4.06,D Ward,Maharashtra,1,2022-07-09,2022-07-09,low,Altamount Road (S K Barodawala Marg),highway/tertiary,Altamount Road,2022,2022-04-13
"Altavista, Chembur",Mumbai,east,under_construction,Ghatkopar L1,yes,Bandra Kurla Complex,3.65,blue,3.7,yes,no,False,Diamond Garden,0.53,3-6km,5,VNP & RC Marg Junction,0.46,5.39,32,81,13,19.054818,72.8979713,14.48,M/W Ward,Maharashtra,2,2022-05-22,2022-05-22,high,Chembur,place/suburb,Chembur,2022,2022-04-13
"Altavista, Sion Trombay Road",Mumbai,east,under_construction,Ghatkopar L1,yes,Bandra Kurla Complex,5.29,blue,4.56,yes,no,False,Shivaji Chowk (Chembur),0.46,3-6km,4,Govandi,1.16,7.04,33,54,15,19.0457837,72.9106688,14.29,M/E Ward,Maharashtra,1,2022-05-13,2022-05-13,low,Sion Panvel Highway,highway/trunk,Altavista Sion Trombay Road,2022,2022-04-13
Amar Nagar,Mumbai,east,none,Aarey,yes,Wagle Estate Thane,3.89,red,7.74,no,no,True,Aarey JVLR,6.57,3-6km,3,Nahur,2.12,11.35,33,36,6,19.1682298,72.9324791,27.48,T Ward,Maharashtra,1,2022-07-04,2022-07-04,high,Amar Nagar,place/neighbourhood,Amar Nagar,2022,2022-04-13
"Ambika Siddhi Apartment, Ghatkopar",Mumbai,east,operational,Ghatkopar L1,yes,Godrej One Vikhroli,2.53,blue,1.14,yes,yes,True,Ghatkopar L1,1.14,0-3km,11,Ghatkopar,1.09,5.89,9,81,5,19.0842323,72.918635,18.39,N Ward,Maharashtra,1,2022-05-15,2022-05-15,high,Ghatkopar,place/suburb,Ghatkopar,2022,2022-04-13
"Ambrosia Apartment, Borivali East",Mumbai,north,operational,Devipada,yes,Mindspace Malad,5.22,red,0.39,yes,yes,True,Devipada,0.39,3-6km,0,Borivali,0.55,15.19,8,106,14,19.2267228,72.8619328,32.14,R/C Ward,Maharashtra,1,2022-06-12,2022-06-12,high,Borivali East,place/suburb,Borivali East,2022,2022-04-13
Anand niwas,Mumbai,east,none,Ghatkopar L1,yes,Mindspace Airoli,3.42,blue,16.32,no,no,True,Azad Nagar Bus Stop,7.76,3-6km,9,Mumbra,0.63,19.9,2,5,0,19.1843187,73.0240401,33.74,Mumbra,Maharashtra,1,2022-07-09,2022-07-09,low,devki niwas,building/yes,Anand niwas,2022,2022-04-13
"Anant Bhoomi, Mahavir Nagar",Mumbai,north,operational,Kandivali (West),yes,Mindspace Malad,3.46,yellow,0.12,yes,yes,True,Kandivali (West),0.12,3-6km,0,Kandivali,1.89,14.13,25,74,8,19.2149882,72.8378643,30.71,R/S Ward,Maharashtra,1,2022-07-09,2022-07-09,high,Mahavir Nagar,place/quarter,Mahavir Nagar,2022,2022-04-13
Andheri East,Mumbai,west,operational,Western Express Highway,yes,SEEPZ Andheri East,0.0,blue,0.23,yes,yes,True,Gundavali,0.18,0-3km,15,Andheri,0.92,3.0,36,92,5,19.1158835,72.854202,19.79,K/E Ward,Maharashtra,7,2022-04-29,2022-07-07,high,Andheri East,place/suburb,Andheri East,2022,2022-04-13
Andheri West,Mumbai,west,operational,Azad Nagar,yes,SEEPZ Andheri East,2.13,blue,1.14,yes,yes,True,Azad Nagar,1.14,0-3km,13,Andheri,1.34,4.28,33,91,15,19.1172495,72.833968,19.84,K/W Ward,Maharashtra,15,2022-04-29,2022-07-09,high,Andheri West,place/suburb,Andheri West,2022,2022-04-13
"Anita, Lokhandwala Twp",Mumbai,north,operational,Poisar,yes,Mindspace Malad,4.19,red,1.69,yes,yes,True,Poisar,1.69,3-6km,1,Kandivali,2.85,12.13,3,15,7,19.1982642,72.8781938,29.2,R/S Ward,Maharashtra,1,2022-06-30,2022-06-30,high,Anita Nagar,place/locality,Anita,2022,2022-04-13
anjali,Mumbai,east,none,Ghatkopar L1,yes,Vashi Business District,1.73,blue,10.65,no,no,True,CBD Belapur,6.03,0-3km,4,Sanpada,0.34,15.37,23,18,7,19.0645682,73.0066333,22.8,Sanpada,Maharashtra,1,2022-07-09,2022-07-09,medium,Anjali Apartments,landuse/residential,anjali,2022,2022-04-13
Antop Hill,Mumbai,south,none,Ghatkopar L1,yes,Lower Parel Business District,4.65,blue,8.12,no,no,True,Dadar,3.08,3-6km,4,Acharya Atre Nagar,0.5,7.39,43,34,4,19.0239461,72.8685474,10.09,F/N Ward,Maharashtra,1,2022-05-23,2022-05-23,high,Antop Hill,place/suburb,Antop Hill,2022,2022-04-13
"Antop Hill, Wadala",Mumbai,south,none,Ghatkopar L1,yes,Bandra Kurla Complex,4.6,blue,7.46,no,no,True,Dharavi,3.49,3-6km,4,Bhakti Park,0.29,7.16,16,16,0,19.0269192,72.8759337,10.69,F/N Ward,Maharashtra,1,2022-07-06,2022-07-06,high,Wadala,place/suburb,Wadala,2022,2022-04-13
Anushakti Nagar,Mumbai,east,under_construction,Ghatkopar L1,no,Bandra Kurla Complex,6.67,blue,5.44,yes,no,False,Deonar,0.76,6km+,0,Mankhurd,1.39,8.39,26,16,15,19.0395778,72.9221562,14.45,M/E Ward,Maharashtra,1,2022-04-29,2022-04-29,high,Anushakti Nagar,place/suburb,Anushakti Nagar,2022,2022-04-13
"Aristo Pearl Residency, Prabhadevi",Mumbai,south,under_construction,Asalpha,yes,Lower Parel Business District,1.35,blue,11.48,yes,no,False,Siddhivinayak Temple,0.33,0-3km,4,Prabhadevi,1.17,9.14,47,48,5,19.0148811,72.8279556,8.5,G/S Ward,Maharashtra,1,2022-07-09,2022-07-09,high,Prabhadevi,place/suburb,Prabhadevi,2022,2022-04-13
"Ashford Casa Grande, Lower Parel",Mumbai,south,under_construction,Ghatkopar L1,yes,Lower Parel Business District,0.0,blue,12.39,yes,no,False,Worli,1.32,0-3km,3,Prabhadevi,0.77,10.28,50,55,8,19.0029881,72.8303219,7.16,G/S Ward,Maharashtra,1,2022-07-06,2022-07-06,high,Lower Parel,place/suburb,Lower Parel,2022,2022-04-13
"Ashok tower, Parel",Mumbai,south,under_construction,Ghatkopar L1,yes,Lower Parel Business District,1.42,blue,11.1,yes,no,False,Siddhivinayak Temple,1.47,0-3km,3,Parel,0.52,9.34,64,73,5,19.0084268,72.842505,7.78,F/S Ward,Maharashtra,1,2022-07-09,2022-07-09,high,Parel,place/suburb,Parel,2022,2022-04-13
Ashok Van,Mumbai,south,under_construction,Asalpha,yes,Lower Parel Business District,1.95,blue,10.76,yes,no,False,Siddhivinayak Temple,0.52,0-3km,4,Dadar,1.21,8.42,54,63,5,19.0205197,72.8313766,9.1,G/N Ward,Maharashtra,1,2022-06-02,2022-06-02,low,Ashok Vada Pav,amenity/fast_food,Ashok Van,2022,2022-04-13
"Aspire, Kandivali East",Mumbai,north,operational,Poisar,yes,Mindspace Malad,3.26,red,0.19,yes,yes,True,Poisar,0.19,3-6km,1,Kandivali,1.15,12.79,14,67,10,19.2051958,72.8626165,29.76,R/S Ward,Maharashtra,1,2022-06-23,2022-06-23,high,Kandivali East,place/suburb,Aspire Kandivali East,2022,2022-04-13
"Aspire, Thakur Village, Kandivali East",Mumbai,north,operational,Magathane,yes,Mindspace Malad,4.63,red,1.24,yes,yes,True,Magathane,1.24,3-6km,0,Kandivali,2.62,13.36,5,24,7,19.2097189,72.8759248,30.42,R/S Ward,Maharashtra,1,2022-07-09,2022-07-09,high,Thakur Village,place/suburb,Thakur Village,2022,2022-04-13
"Atur Park, Chembur",Mumbai,east,under_construction,Ghatkopar L1,yes,Bandra Kurla Complex,4.49,blue,4.04,yes,no,False,Diamond Garden,0.33,3-6km,5,VNP & RC Marg Junction,1.12,6.22,36,82,17,19.0504871,72.9046974,14.4,M/W Ward,Maharashtra,1,2022-07-01,2022-07-01,high,Atur Park,place/locality,Atur Park Chembur,2022,2022-04-13
"Auris Serenity, Adarsh Nagar",Mumbai,south,under_construction,Western Express Highway,yes,Bandra Kurla Complex,3.9,blue,6.63,yes,no,False,Bandra Colony,2.31,3-6km,6,Bandra Terminus,1.3,4.73,39,50,7,19.0622146,72.8289581,13.74,Bandra West,Maharashtra,1,2022-05-13,2022-05-13,high,Adarsh Nagar,place/neighbourhood,Adarsh Nagar,2022,2022-04-13
"Auris Serenity, Kanch Pada",Mumbai,unknown,unknown,unknown,unknown,unknown,,unknown,,unknown,unknown,,unknown,,unknown,,unknown,,,,,,,,,,,6,2022-05-18,2022-07-06,none,,,,2022,2022-04-13
"Auris Serenity, Link Road",Mumbai,west,operational,D. N. Nagar,yes,SEEPZ Andheri East,2.56,blue,1.23,yes,yes,True,D. N. Nagar,1.23,0-3km,13,Andheri,1.76,4.59,33,87,15,19.117227,72.8298965,19.85,K/W Ward,Maharashtra,1,2022-05-11,2022-05-11,low,Link Road,highway/primary,Link Road,2022,2022-04-13
"Auris Serenity, Malad West",Mumbai,north,operational,Kurar,yes,Mindspace Malad,0.0,red,1.85,yes,yes,True,Malad (West),0.58,0-3km,3,Malad,0.83,10.68,24,94,13,19.1840129,72.8412155,27.27,P/N Ward,Maharashtra,3,2022-05-18,2022-07-07,high,Malad West,place/suburb,Malad West,2022,2022-04-13
"Avarsekar Heights, Worli",Mumbai,south,under_construction,Western Express Highway,yes,Lower Parel Business District,1.63,blue,12.27,yes,no,False,Worli,0.38,0-3km,4,Prabhadevi,1.95,9.92,31,22,6,19.0117388,72.8178706,8.32,G/S Ward,Maharashtra,1,2022-06-26,2022-06-26,high,Worli,place/suburb,Worli,2022,2022-04-13
Azad Nagar Colaba,Mumbai,south,under_construction,Ghatkopar L1,yes,Nariman Point CBD,1.63,blue,21.37,yes,no,False,Cuffe Parade,0.18,0-3km,0,Churchgate,2.61,20.21,19,15,7,18.9125419,72.8220815,3.24,A Ward,Maharashtra,1,2022-07-06,2022-07-06,low,Colaba Chambers,building/yes,Azad Nagar Colaba,2022,2022-04-13
"Badrinath Tower, Amit Nagar",Mumbai,west,operational,Versova,yes,Nirlon Knowledge Park,4.32,blue,0.85,yes,yes,True,Versova,0.85,3-6km,7,Jogeshwari (Western Line),3.36,7.08,25,56,17,19.1367249,72.8169871,22.09,K/W Ward,Maharashtra,1,2022-07-09,2022-07-09,low,Badrinath Tower Road,highway/tertiary,Badrinath Tower Amit Nagar,2022,2022-04-13
"Balkrishna, Goregaon East",Mumbai,north,operational,Aarey,yes,Nirlon Knowledge Park,1.62,red,0.37,yes,yes,True,Aarey,0.37,0-3km,5,Goregaon,0.77,8.83,14,72,6,19.1692623,72.8552548,25.71,P/S Ward,Maharashtra,1,2022-04-29,2022-04-29,high,Goregaon East,place/suburb,Balkrishna Goregaon East,2022,2022-04-13
"Ballerina Apartment, Lokhandwala Complex",Mumbai,west,operational,Versova,yes,Nirlon Knowledge Park,3.29,blue,1.47,yes,yes,True,Lower Oshiwara,0.79,3-6km,7,Jogeshwari (Harbour Line),2.62,7.13,28,67,21,19.1430985,72.8246055,22.75,K/W Ward,Maharashtra,1,2022-06-27,2022-06-27,high,Lokhandwala Complex,place/neighbourhood,Lokhandwala Complex,2022,2022-04-13
"Band Stand, Bandra Band Stand",Mumbai,south,under_construction,Western Express Highway,yes,Lower Parel Business District,4.85,blue,8.65,yes,no,False,Shitala Devi Mandir,2.35,3-6km,5,Bandra,2.27,6.62,21,17,2,19.0456829,72.8209967,11.98,Bandra West,Maharashtra,1,2022-06-30,2022-06-30,low,Band Stand,building/apartments,Band Stand Bandra Band Stand,2022,2022-04-13
Bandra East,Mumbai,south,under_construction,Chakala - J.B. Nagar,yes,Bandra Kurla Complex,1.78,blue,5.91,yes,no,False,Bandra Kurla Complex (BKC),0.52,0-3km,7,Bandra Terminus,0.9,3.46,30,51,7,19.0616565,72.8498111,13.74,H/E Ward,Maharashtra,1,2022-06-13,2022-06-13,high,Bandra East,place/suburb,Bandra East,2022,2022-04-13
Bandra West,Mumbai,south,under_construction,Western Express Highway,yes,Bandra Kurla Complex,3.85,blue,6.96,yes,no,False,Bandra Colony,2.39,3-6km,6,Bandra,1.11,4.93,43,54,7,19.0583358,72.8302669,13.3,Mumbai,Maharashtra,37,2022-05-12,2022-07-09,high,Bandra West,place/suburb,Bandra West,2022,2022-04-13
"Beach Towers, Prabhadevi",Mumbai,south,under_construction,Asalpha,yes,Lower Parel Business District,1.35,blue,11.48,yes,no,False,Siddhivinayak Temple,0.33,0-3km,4,Prabhadevi,1.17,9.14,47,48,5,19.0148811,72.8279556,8.5,G/S Ward,Maharashtra,1,2022-07-04,2022-07-04,high,Prabhadevi,place/suburb,Prabhadevi,2022,2022-04-13
"Benchmark Solus, Waterfield Road",Mumbai,south,under_construction,Western Express Highway,yes,Bandra Kurla Complex,3.28,blue,6.2,yes,no,False,Bandra Colony,1.68,3-6km,7,Bandra Terminus,0.71,4.15,47,65,9,19.0640655,72.8346916,13.93,H/W Ward,Maharashtra,1,2022-06-16,2022-06-16,low,RK Patkar Marg (Waterfield Road),highway/tertiary,Waterfield Road,2022,2022-04-13
"Benzer Tower, Thakur Complex",Mumbai,north,operational,Magathane,yes,Mindspace Malad,3.88,red,0.67,yes,yes,True,Magathane,0.67,3-6km,0,Kandivali,1.54,13.47,6,59,12,19.2112442,72.8643107,30.45,R/S Ward,Maharashtra,1,2022-05-14,2022-05-14,medium,Thakur Complex,landuse/residential,Thakur Complex,2022,2022-04-13
Best Nagar Goregaon West,Mumbai,north,under_construction,Aarey,yes,Nirlon Knowledge Park,1.24,red,2.59,yes,no,False,Oshiwara,1.09,0-3km,11,Ram Mandir,0.89,7.26,25,56,12,19.1523685,72.8418255,23.76,P/S Ward,Maharashtra,1,2022-07-09,2022-07-09,medium,Best Nagar 1,landuse/residential,Best Nagar Goregaon West,2022,2022-04-13
Beverly Park,Mumbai,north,under_construction,Anand Nagar,no,Mindspace Malad,11.76,yellow,3.3,yes,no,False,Kashigaon,1.69,6km+,0,Mira Road,1.32,21.88,13,47,4,19.2868429,72.8673591,38.85,Mira,Maharashtra,1,2022-07-07,2022-07-07,medium,Beverly Park,highway/bus_stop,Beverly Park,2022,2022-04-13
"Bhairav Residency, Mira Road",Mumbai,east,none,Ghatkopar L1,yes,Millennium Business Park Mahape,2.88,blue,9.68,no,no,True,Mandale,9.59,0-3km,10,Ghansoli,1.39,14.11,7,4,1,19.1181799,72.9939112,25.99,Ghansoli,Maharashtra,1,2022-07-01,2022-07-01,medium,Bhairaav Goldcrest Residency,landuse/residential,Bhairav Residency,2022,2022-04-13
Bhakti Park,Mumbai,south,none,Ghatkopar L1,yes,Bandra Kurla Complex,4.6,blue,7.2,no,no,True,Chembur,3.23,3-6km,4,Bhakti Park,0.24,7.14,5,8,0,19.0278681,72.8795682,10.94,M/W Ward,Maharashtra,3,2022-06-16,2022-07-09,high,Bhakti Park,place/neighbourhood,Bhakti Park,2022,2022-04-13
"Bhakti Park, Bhakti Park",Mumbai,south,none,Ghatkopar L1,yes,Bandra Kurla Complex,4.6,blue,7.2,no,no,True,Chembur,3.23,3-6km,4,Bhakti Park,0.24,7.14,5,8,0,19.0278681,72.8795682,10.94,M/W Ward,Maharashtra,1,2022-06-08,2022-06-08,high,Bhakti Park,place/neighbourhood,Bhakti Park Bhakti Park,2022,2022-04-13
Bhandup,Mumbai,east,none,Jagruti Nagar,yes,Godrej One Vikhroli,3.75,blue,6.19,no,no,True,Aarey JVLR,5.51,3-6km,6,Bhandup,0.57,9.35,27,39,2,19.1378308,72.9361964,24.54,S Ward,Maharashtra,1,2022-06-16,2022-06-16,high,Bhandup East,place/suburb,Bhandup,2022,2022-04-13
Bhandup East,Mumbai,east,none,Jagruti Nagar,yes,Godrej One Vikhroli,3.75,blue,6.19,no,no,True,Aarey JVLR,5.51,3-6km,6,Bhandup,0.57,9.35,27,39,2,19.1378308,72.9361964,24.54,S Ward,Maharashtra,2,2022-05-10,2022-05-31,high,Bhandup East,place/suburb,Bhandup East,2022,2022-04-13
Bhandup Village,Mumbai,east,none,Jagruti Nagar,yes,Wagle Estate Thane,5.34,blue,7.82,no,no,True,Aarey JVLR,6.6,3-6km,2,Nahur,0.54,10.82,26,44,6,19.1510112,72.9432535,26.18,S Ward,Maharashtra,1,2022-06-25,2022-06-25,high,Bhandup Village West,place/neighbourhood,Bhandup Village,2022,2022-04-13
Bhandup West,Mumbai,east,none,Saki Naka,yes,Godrej One Vikhroli,4.64,blue,6.78,no,no,True,Aarey JVLR,5.5,3-6km,6,Bhandup,0.55,9.73,20,42,4,19.1462636,72.9339461,25.29,S Ward,Maharashtra,5,2022-04-29,2022-06-20,high,Bhandup West,place/suburb,Bhandup West,2022,2022-04-13
"Bharat Ark, Andheri West",Mumbai,west,operational,Azad Nagar,yes,SEEPZ Andheri East,2.13,blue,1.14,yes,yes,True,Azad Nagar,1.14,0-3km,13,Andheri,1.34,4.28,33,91,15,19.1172495,72.833968,19.84,K/W Ward,Maharashtra,1,2022-06-04,2022-06-04,high,Andheri West,place/suburb,Andheri West,2022,2022-04-13
Bhatti Pada,Mumbai,east,none,Anand Nagar,no,Wagle Estate Thane,8.93,yellow,9.43,no,no,True,Azad Nagar Bus Stop,5.11,6km+,2,Kharbhav,3.93,23.02,5,7,4,19.2788123,72.9532408,39.78,Bhayander Pada,Maharashtra,1,2022-06-04,2022-06-04,low,Bhatti Road,highway/residential,Bhatti Pada,2022,2022-04-13
Bhayandar East,Mumbai,north,none,Anand Nagar,no,Mindspace Malad,13.08,yellow,4.78,no,no,True,Kashigaon,3.14,6km+,0,Bhayandar,1.49,23.33,10,67,4,19.3000043,72.8619098,40.26,Bhayander East,Maharashtra,1,2022-05-25,2022-05-25,low,Mira Bhayandar Sports Complex,leisure/sports_centre,Bhayandar East,2022,2022-04-13
Bhoiwada,Mumbai,south,under_construction,Ghatkopar L1,yes,Lower Parel Business District,1.67,blue,11.17,yes,no,False,Siddhivinayak Temple,1.99,0-3km,3,Ambedkar Nagar,0.43,9.62,49,56,1,19.0050981,72.846061,7.46,F/S Ward,Maharashtra,1,2022-05-27,2022-05-27,high,Bhoiwada,place/neighbourhood,Bhoiwada,2022,2022-04-13
"Bhoomi Elegant, Thakur Complex",Mumbai,north,operational,Magathane,yes,Mindspace Malad,3.88,red,0.67,yes,yes,True,Magathane,0.67,3-6km,0,Kandivali,1.54,13.47,6,59,12,19.2112442,72.8643107,30.45,R/S Ward,Maharashtra,1,2022-05-18,2022-05-18,medium,Thakur Complex,landuse/residential,Thakur Complex,2022,2022-04-13
"Bindra Complex , Andheri East",Mumbai,west,operational,Western Express Highway,yes,SEEPZ Andheri East,0.0,blue,0.23,yes,yes,True,Gundavali,0.18,0-3km,15,Andheri,0.92,3.0,36,92,5,19.1158835,72.854202,19.79,K/E Ward,Maharashtra,1,2022-06-01,2022-06-01,high,Andheri East,place/suburb,Andheri East,2022,2022-04-13
"Blue Monarch, Marol",Mumbai,east,operational,Airport Road,yes,MIDC Andheri East,0.53,blue,0.6,yes,yes,True,MIDC - Andheri,0.53,0-3km,21,Andheri,3.33,3.11,13,46,5,19.1144347,72.8776145,20.03,K/E Ward,Maharashtra,1,2022-06-16,2022-06-16,high,Marol Village,place/neighbourhood,Marol,2022,2022-04-13
"Bombay Dyeing Two ICC, Dadar East",Mumbai,south,under_construction,Ghatkopar L1,yes,Lower Parel Business District,2.63,blue,9.76,yes,no,False,Dadar,0.97,0-3km,5,Dadar,0.51,7.96,85,96,10,19.0200578,72.8475907,9.13,F/N Ward,Maharashtra,3,2022-05-14,2022-07-09,high,Dadar Hindu Colony,place/neighbourhood,Dadar East,2022,2022-04-13
"Bombay Dyeing Two ICC, Dadar TT Circle",Mumbai,south,under_construction,Ghatkopar L1,yes,Lower Parel Business District,2.47,blue,9.94,yes,no,False,Dadar,1.11,0-3km,4,Dadar East,0.5,8.2,81,90,10,19.0178314,72.8478234,8.88,F/N Ward,Maharashtra,1,2022-05-25,2022-05-25,low,Khodadad Circle,leisure/garden,Dadar TT Circle,2022,2022-04-13
Borivali East,Mumbai,north,operational,Devipada,yes,Mindspace Malad,5.22,red,0.39,yes,yes,True,Devipada,0.39,3-6km,0,Borivali,0.55,15.19,8,106,14,19.2267228,72.8619328,32.14,R/C Ward,Maharashtra,4,2022-05-23,2022-06-23,high,Borivali East,place/suburb,Borivali East,2022,2022-04-13
Borivali West,Mumbai,north,operational,Borivali (West),yes,Mindspace Malad,5.27,yellow,0.0,yes,yes,True,Borivali (West),0.0,3-6km,0,Borivali,1.75,15.87,20,80,14,19.2313925,72.8408607,32.54,R/C Ward,Maharashtra,4,2022-04-28,2022-06-28,medium,Borivali (West),railway/station,Borivali West,2022,2022-04-13
Breach Candy,Mumbai,south,under_construction,Ghatkopar L1,yes,Lower Parel Business District,4.39,blue,16.77,yes,no,False,Grant Road,1.64,3-6km,1,Grant Road,1.44,14.53,40,47,5,18.9714363,72.8051492,4.83,D Ward,Maharashtra,4,2022-06-23,2022-07-01,high,Breach Candy,place/neighbourhood,Breach Candy,2022,2022-04-13
buena vista,Mumbai,south,under_construction,Western Express Highway,yes,Lower Parel Business District,1.56,blue,13.1,yes,no,False,Worli,0.59,0-3km,3,Lower Parel,1.83,10.74,23,14,6,19.0045679,72.8156193,7.6,G/S Ward,Maharashtra,1,2022-07-09,2022-07-09,low,Buena Vista,building/apartments,buena vista,2022,2022-04-13
Byculla West,Mumbai,south,under_construction,Ghatkopar L1,yes,Lower Parel Business District,3.11,blue,14.98,yes,no,False,Mahalaxmi,0.57,3-6km,1,Byculla,0.51,13.3,51,61,5,18.9750879,72.8282502,4.1,E Ward,Maharashtra,1,2022-07-09,2022-07-09,high,Byculla West,place/suburb,Byculla West,2022,2022-04-13
Carter Road,Mumbai,west,none,Western Express Highway,yes,Bandra Kurla Complex,4.6,blue,7.0,no,no,True,Bandra Colony,2.99,3-6km,6,Khar Road,2.0,5.31,31,43,4,19.061761,72.8222815,13.74,Bandra West,Maharashtra,1,2022-06-03,2022-06-03,low,Carter Road,highway/secondary,Carter Road,2022,2022-04-13
"Celestia Spaces, Balkrishna Dadu Karade Chowk",Mumbai,south,none,Ghatkopar L1,yes,Lower Parel Business District,2.13,blue,12.16,no,no,True,Science Centre,2.79,0-3km,2,Mint Colony,0.49,10.88,19,33,0,18.9933526,72.8477938,6.2,F/S Ward,Maharashtra,1,2022-06-20,2022-06-20,medium,Celestia Spaces,landuse/residential,Celestia Spaces,2022,2022-04-13
Central Area,Mumbai,east,none,Saki Naka,yes,Hiranandani Business Park Powai,1.99,blue,4.0,no,no,True,Aarey JVLR,3.49,0-3km,14,Kanjur Marg,1.16,7.0,38,21,20,19.1264711,72.9172833,22.57,S Ward,Maharashtra,2,2022-05-14,2022-06-17,low,Estate Office (Central Area),building/office,Central Area,2022,2022-04-13
Central Avenue Road,Mumbai,south,none,Ghatkopar L1,no,Bandra Kurla Complex,8.64,blue,9.1,no,no,True,Deonar,4.42,6km+,0,Mysore Colony,3.55,10.94,0,0,0,19.0051071,72.9152702,11.18,M/E Ward,Maharashtra,2,2022-05-31,2022-07-06,low,Central Avenue New Mandala Road,highway/tertiary,Central Avenue Road,2022,2022-04-13
Century Bazaar,Mumbai,unknown,unknown,unknown,unknown,unknown,,unknown,,unknown,unknown,,unknown,,unknown,,unknown,,,,,,,,,,,1,2022-07-07,2022-07-07,none,,,,2022,2022-04-13
"Chaitanya Towers, Prabhadevi",Mumbai,south,under_construction,Asalpha,yes,Lower Parel Business District,1.35,blue,11.48,yes,no,False,Siddhivinayak Temple,0.33,0-3km,4,Prabhadevi,1.17,9.14,47,48,5,19.0148811,72.8279556,8.5,G/S Ward,Maharashtra,2,2022-06-04,2022-06-08,high,Prabhadevi,place/suburb,Prabhadevi,2022,2022-04-13
Chakala,Mumbai,east,operational,Western Express Highway,yes,SEEPZ Andheri East,0.8,blue,0.57,yes,yes,True,Western Express Highway,0.57,0-3km,16,Andheri,1.69,2.8,29,68,3,19.1152873,72.8618085,19.82,K/E Ward,Maharashtra,2,2022-06-28,2022-07-01,high,Chakala,place/neighbourhood,Chakala,2022,2022-04-13
chakala andheri east,Mumbai,south,operational,Western Express Highway,yes,SEEPZ Andheri East,1.01,blue,0.89,yes,yes,True,Gundavali,0.82,0-3km,16,Andheri,1.87,2.06,28,75,5,19.1084739,72.8597027,19.04,K/E Ward,Maharashtra,1,2022-04-27,2022-04-27,high,Chakala Village,place/neighbourhood,chakala andheri east,2022,2022-04-13
Chakala Cigarette Factory,Mumbai,south,operational,Western Express Highway,yes,SEEPZ Andheri East,1.06,blue,0.98,yes,yes,True,Gundavali,0.88,0-3km,14,Vile Parle,1.74,1.96,26,74,5,19.107299,72.8585798,18.89,K/E Ward,Maharashtra,1,2022-05-01,2022-05-01,low,,building/yes,Chakala Cigarette Factory,2022,2022-04-13
"Challenger Tower, Thakur Village, Kandivali East",Mumbai,north,operational,Magathane,yes,Mindspace Malad,4.63,red,1.24,yes,yes,True,Magathane,1.24,3-6km,0,Kandivali,2.62,13.36,5,24,7,19.2097189,72.8759248,30.42,R/S Ward,Maharashtra,2,2022-05-20,2022-06-23,high,Thakur Village,place/suburb,Thakur Village,2022,2022-04-13
"Chanchal Kalyan Complex, Yari Road",Mumbai,west,operational,Versova,yes,Nirlon Knowledge Park,4.85,blue,1.38,yes,yes,True,Versova,1.38,3-6km,6,Jogeshwari (Western Line),4.01,7.61,13,39,8,19.1377216,72.8108361,22.27,K/W Ward,Maharashtra,1,2022-06-02,2022-06-02,medium,Kalyan Complex Riddhi Siddhi Vriddhi,landuse/residential,Chanchal Kalyan Complex,2022,2022-04-13
Chandivali,Mumbai,east,operational,Saki Naka,yes,Hiranandani Business Park Powai,1.44,blue,0.93,yes,yes,True,Saki Naka,0.93,0-3km,19,Ghatkopar,2.98,3.94,14,36,13,19.1091482,72.8945793,19.94,L Ward,Maharashtra,8,2022-05-11,2022-07-09,high,Chandivali,place/suburb,Chandivali,2022,2022-04-13
Charkop,Mumbai,north,operational,Kandivali (West),yes,Mindspace Malad,3.72,yellow,1.2,yes,yes,True,Kandivali (West),1.2,3-6km,0,Kandivali,2.94,14.32,17,32,8,19.2141193,72.8258652,30.63,R/S Ward,Maharashtra,3,2022-05-25,2022-07-06,high,Charkop,place/suburb,Charkop,2022,2022-04-13
Charkop Sector 6,Mumbai,north,operational,Shimpoli,yes,Mindspace Malad,4.6,yellow,0.81,yes,yes,True,Shimpoli,0.81,3-6km,0,Borivali,2.55,15.28,21,45,8,19.224787,72.8335467,31.8,R/C Ward,Maharashtra,1,2022-07-06,2022-07-06,low,RCS Road Number 6,highway/residential,Charkop Sector 6,2022,2022-04-13
Chembur,Mumbai,east,under_construction,Ghatkopar L1,yes,Bandra Kurla Complex,3.65,blue,3.7,yes,no,False,Diamond Garden,0.53,3-6km,5,VNP & RC Marg Junction,0.46,5.39,32,81,13,19.054818,72.8979713,14.48,M/W Ward,Maharashtra,19,2022-05-14,2022-07-07,high,Chembur,place/suburb,Chembur,2022,2022-04-13
Chembur East,Mumbai,south,under_construction,Ghatkopar L1,yes,Bandra Kurla Complex,4.56,blue,5.74,yes,no,False,Shivaji Chowk (Chembur),1.79,3-6km,4,Bharat Petroleum,0.17,6.83,12,27,7,19.0366683,72.8947992,12.55,M/E Ward,Maharashtra,4,2022-05-26,2022-07-05,low,Brainwonders Chembur,healthcare/counselling,Chembur East,2022,2022-04-13
"Chembur Heights, Sindhi Society Chembur",Mumbai,south,under_construction,Ghatkopar L1,yes,Bandra Kurla Complex,3.05,blue,4.46,yes,no,False,Chembur,0.54,3-6km,6,VNP & RC Marg Junction,0.58,5.16,29,82,8,19.0508747,72.8890543,13.68,M/W Ward,Maharashtra,1,2022-07-06,2022-07-06,high,Sindhi Society,place/neighbourhood,Chembur Heights Sindhi Society Chembur,2022,2022-04-13
Chikuwadi,Mumbai,east,under_construction,Ghatkopar L1,yes,Godrej One Vikhroli,4.79,blue,3.62,yes,no,False,Mankhurd,1.4,3-6km,4,Mankhurd,1.52,7.75,18,26,7,19.0617883,72.9302663,16.93,M/E Ward,Maharashtra,1,2022-07-09,2022-07-09,high,Chikalwadi,place/neighbourhood,Chikuwadi,2022,2022-04-13
Chinmay Gaurang Infrastructure Old Panvel,Mumbai,unknown,unknown,unknown,unknown,unknown,,unknown,,unknown,unknown,,unknown,,unknown,,unknown,,,,,,,,,,,1,2022-06-27,2022-06-27,none,,,,2022,2022-04-13
Chirag Nagar,Mumbai,east,operational,Jagruti Nagar,yes,Hiranandani Business Park Powai,2.66,blue,0.53,yes,yes,True,Jagruti Nagar,0.53,0-3km,13,Ghatkopar,0.8,4.02,18,89,14,19.0878678,72.9010736,17.96,N Ward,Maharashtra,1,2022-05-11,2022-05-11,medium,Chirag Nagar Police Colony,landuse/residential,Chirag Nagar,2022,2022-04-13
Collector Colony,Mumbai,south,under_construction,Ghatkopar L1,yes,Bandra Kurla Complex,3.82,blue,5.13,yes,no,False,Chembur,1.21,3-6km,4,Fertilizer Township,0.19,6.04,17,52,9,19.0432474,72.8918081,13.04,M/W Ward,Maharashtra,2,2022-05-14,2022-06-30,high,Collector Colony,place/neighbourhood,Collector Colony,2022,2022-04-13
"Conwood Astoria, Film City Road",Mumbai,east,none,Aarey,yes,Nirlon Knowledge Park,3.9,red,3.54,no,no,True,Aarey JVLR,3.15,3-6km,7,Ram Mandir,4.3,8.1,4,11,0,19.1582019,72.8903556,25.07,P/N Ward,Maharashtra,1,2022-05-31,2022-05-31,low,Dadasaheb Phalke Chitranagari,amenity/studio,Film City Road,2022,2022-04-13
"Conwood Astoria, Goregaon East",Mumbai,north,operational,Aarey,yes,Nirlon Knowledge Park,1.62,red,0.37,yes,yes,True,Aarey,0.37,0-3km,5,Goregaon,0.77,8.83,14,72,6,19.1692623,72.8552548,25.71,P/S Ward,Maharashtra,1,2022-07-09,2022-07-09,high,Goregaon East,place/suburb,Goregaon East,2022,2022-04-13
"Cosmopolis Tower, Andheri West",Mumbai,west,operational,Azad Nagar,yes,SEEPZ Andheri East,2.13,blue,1.14,yes,yes,True,Azad Nagar,1.14,0-3km,13,Andheri,1.34,4.28,33,91,15,19.1172495,72.833968,19.84,K/W Ward,Maharashtra,1,2022-05-27,2022-05-27,high,Andheri West,place/suburb,Andheri West,2022,2022-04-13
"Crescent Bay Callisto, Parel",Mumbai,south,under_construction,Ghatkopar L1,yes,Lower Parel Business District,1.42,blue,11.1,yes,no,False,Siddhivinayak Temple,1.47,0-3km,3,Parel,0.52,9.34,64,73,5,19.0084268,72.842505,7.78,F/S Ward,Maharashtra,2,2022-05-31,2022-05-31,high,Parel,place/suburb,Parel,2022,2022-04-13
"Crescent Bay T3, Bhoiwada",Mumbai,south,under_construction,Ghatkopar L1,yes,Lower Parel Business District,1.67,blue,11.17,yes,no,False,Siddhivinayak Temple,1.99,0-3km,3,Ambedkar Nagar,0.43,9.62,49,56,1,19.0050981,72.846061,7.46,F/S Ward,Maharashtra,1,2022-07-06,2022-07-06,high,Bhoiwada,place/neighbourhood,Bhoiwada,2022,2022-04-13
"Crescent Solitaire, Sakinaka Junction",Mumbai,unknown,unknown,unknown,unknown,unknown,,unknown,,unknown,unknown,,unknown,,unknown,,unknown,,,,,,,,,,,2,2022-05-19,2022-06-01,none,,,,2022,2022-04-13
Cuffe Parade,Mumbai,south,under_construction,Ghatkopar L1,yes,Nariman Point CBD,1.35,blue,21.19,yes,no,False,Cuffe Parade,0.31,0-3km,0,Churchgate,2.36,19.93,20,15,7,18.9157866,72.8189036,3.09,A Ward,Maharashtra,1,2022-05-25,2022-05-25,high,Cuffe Parade,place/neighbourhood,Cuffe Parade,2022,2022-04-13
D.N. Nagar,Mumbai,west,operational,D. N. Nagar,yes,SEEPZ Andheri East,2.87,blue,0.0,yes,yes,True,D. N. Nagar,0.0,0-3km,14,Andheri,1.95,5.46,32,86,18,19.1282826,72.8302354,21.08,K/W Ward,Maharashtra,2,2022-04-29,2022-07-03,medium,D.N. Nagar,railway/station,D.N. Nagar,2022,2022-04-13
Dadar East,Mumbai,south,under_construction,Ghatkopar L1,yes,Lower Parel Business District,2.63,blue,9.76,yes,no,False,Dadar,0.97,0-3km,5,Dadar,0.51,7.96,85,96,10,19.0200578,72.8475907,9.13,F/N Ward,Maharashtra,2,2022-05-13,2022-05-18,high,Dadar Hindu Colony,place/neighbourhood,Dadar East,2022,2022-04-13
Dadar West,Mumbai,south,under_construction,Asalpha,yes,Lower Parel Business District,2.47,blue,10.03,yes,no,False,Dadar,0.11,0-3km,6,Dadar,0.71,7.81,71,75,9,19.0238887,72.8382236,9.47,G/N Ward,Maharashtra,1,2022-07-05,2022-07-05,high,Dadar West,place/suburb,Dadar West,2022,2022-04-13
Dahisar East,Mumbai,north,operational,Dahisar (East) [Line 7],no,Mindspace Malad,7.58,yellow,0.35,yes,yes,True,Dahisar (East) [Line 7],0.35,6km+,0,Dahisar,0.47,17.63,8,56,5,19.2486925,72.8640593,34.59,R/N Ward,Maharashtra,3,2022-06-08,2022-06-27,high,Dahisar East,place/suburb,Dahisar East,2022,2022-04-13
Dahisar West,Mumbai,north,operational,Mandapeshwar - I.C. Colony,no,Mindspace Malad,7.32,yellow,0.76,yes,yes,True,Mandapeshwar - I.C. Colony,0.76,6km+,0,Dahisar,0.7,17.68,8,61,3,19.248875,72.852959,34.53,R/N Ward,Maharashtra,1,2022-05-31,2022-05-31,high,Dahisar West,place/suburb,Dahisar West,2022,2022-04-13
darshan ricco Tower,Mumbai,east,none,Magathane,yes,Wagle Estate Thane,1.26,red,10.27,no,no,True,Azad Nagar Bus Stop,4.98,0-3km,5,Thane,1.98,16.08,20,122,15,19.1995926,72.9629415,31.95,Panch Pakadi,Maharashtra,1,2022-05-27,2022-05-27,low,,historic/monument,darshan ricco Tower,2022,2022-04-13
Datta Pada,Mumbai,north,none,Kandarpada,no,Mindspace Malad,28.7,yellow,20.76,no,no,True,Kashigaon,19.16,6km+,0,Virar,1.99,39.3,0,20,0,19.441645,72.8240682,55.93,Virar East,Maharashtra,1,2022-07-07,2022-07-07,low,Datta Mandir,amenity/place_of_worship,Datta Pada,2022,2022-04-13
Dattani Park,Mumbai,north,operational,Magathane,yes,Mindspace Malad,4.51,red,0.57,yes,yes,True,Magathane,0.57,3-6km,0,Borivali,2.24,13.72,6,32,9,19.2133591,72.870794,30.76,R/S Ward,Maharashtra,1,2022-07-07,2022-07-07,high,Dattani Park,place/neighbourhood,Dattani Park,2022,2022-04-13
"DB Ozone, Mira Road",Mumbai,north,none,Kandarpada,no,Mindspace Malad,10.97,yellow,2.85,no,no,True,Kashigaon,2.58,6km+,0,Mira Road,0.0,21.31,8,40,5,19.2816975,72.8560676,38.19,Mira,Maharashtra,2,2022-04-27,2022-06-29,medium,Mira Road,railway/station,Mira Road,2022,2022-04-13
"DB Woods, Gokuldham",Mumbai,north,operational,Aarey,yes,Nirlon Knowledge Park,2.56,red,1.01,yes,yes,True,Aarey,1.01,0-3km,3,Goregaon,2.1,9.32,13,51,5,19.1738527,72.8670935,26.35,P/S Ward,Maharashtra,4,2022-05-18,2022-07-09,high,Gokuldham,place/neighbourhood,Gokuldham,2022,2022-04-13
"Deep Heights, Nalasopara",Mumbai,north,none,Kandarpada,no,Mindspace Malad,26.38,yellow,18.49,no,no,True,Kashigaon,17.1,6km+,0,Nalla Sopara,0.29,37.0,4,42,6,19.4203577,72.8194857,53.57,Vasai-Virar,Maharashtra,1,2022-05-25,2022-05-25,low,Nala Sopara,place/borough,Nalasopara,2022,2022-04-13
Deonar,Mumbai,east,under_construction,Ghatkopar L1,yes,Bandra Kurla Complex,4.68,blue,4.36,yes,no,False,Shivaji Chowk (Chembur),0.19,3-6km,5,VNP & RC Marg Junction,1.28,6.49,36,79,15,19.0475502,72.9051895,14.14,M/W Ward,Maharashtra,1,2022-05-31,2022-05-31,high,Deonar,place/suburb,Deonar,2022,2022-04-13
Devi Pada,Mumbai,unknown,unknown,unknown,unknown,unknown,,unknown,,unknown,unknown,,unknown,,unknown,,unknown,,,,,,,,,,,1,2022-05-19,2022-05-19,none,,,,2022,2022-04-13
Dhanukar Wadi,Mumbai,north,operational,Dahanukarwadi,yes,Mindspace Malad,2.6,yellow,0.35,yes,yes,True,Dahanukarwadi,0.35,0-3km,1,Kandivali,1.48,13.28,26,87,10,19.207197,72.837984,29.85,R/S Ward,Maharashtra,1,2022-05-25,2022-05-25,low,Dhanukar Wadi Dispensary,amenity/clinic,Dhanukar Wadi,2022,2022-04-13
"Dheeraj Hill View Tower, Thakur Village, Kandivali East",Mumbai,north,operational,Magathane,yes,Mindspace Malad,4.63,red,1.24,yes,yes,True,Magathane,1.24,3-6km,0,Kandivali,2.62,13.36,5,24,7,19.2097189,72.8759248,30.42,R/S Ward,Maharashtra,1,2022-06-11,2022-06-11,high,Thakur Village,place/suburb,Thakur Village,2022,2022-04-13
"Dheeraj Insignia Apartment, Bandra Kurla Complex",Mumbai,south,under_construction,Asalpha,yes,Bandra Kurla Complex,0.0,blue,4.47,yes,no,False,Bandra Kurla Complex (BKC),1.36,0-3km,11,Kurla,1.44,2.58,18,42,5,19.067115,72.8657245,14.62,H/E Ward,Maharashtra,1,2022-07-06,2022-07-06,high,Bandra Kurla Complex,place/suburb,Bandra Kurla Complex,2022,2022-04-13
"Dheeraj Kiran CHS Walad West, Sunder Nagar",Mumbai,north,operational,Aarey,yes,Mindspace Malad,1.19,red,1.94,yes,yes,True,Lower Malad,0.45,0-3km,5,Goregaon,1.31,9.53,14,71,13,19.1732766,72.8407686,26.08,P/S Ward,Maharashtra,1,2022-07-07,2022-07-07,high,Sunder Nagar,place/locality,Sunder Nagar,2022,2022-04-13
"Dheeraj Swapna Apartment, Pali Hill",Mumbai,west,under_construction,Western Express Highway,yes,Bandra Kurla Complex,4.07,blue,6.45,yes,no,False,Bandra Colony,2.41,3-6km,6,Khar Road,1.42,4.7,38,48,7,19.0649126,72.8270326,14.05,H/W Ward,Maharashtra,1,2022-07-06,2022-07-06,high,Pali Hill,place/neighbourhood,Pali Hill,2022,2022-04-13
"Dheeraj Valley Tower, Goregaon East",Mumbai,north,operational,Aarey,yes,Nirlon Knowledge Park,1.62,red,0.37,yes,yes,True,Aarey,0.37,0-3km,5,Goregaon,0.77,8.83,14,72,6,19.1692623,72.8552548,25.71,P/S Ward,Maharashtra,1,2022-06-30,2022-06-30,high,Goregaon East,place/suburb,Goregaon East,2022,2022-04-13
"diamond garden, Chembur",Mumbai,east,under_construction,Ghatkopar L1,yes,Bandra Kurla Complex,3.65,blue,3.7,yes,no,False,Diamond Garden,0.53,3-6km,5,VNP & RC Marg Junction,0.46,5.39,32,81,13,19.054818,72.8979713,14.48,M/W Ward,Maharashtra,1,2022-06-07,2022-06-07,high,Chembur,place/suburb,Chembur,2022,2022-04-13
"diamond garden, Chembur East",Mumbai,east,under_construction,Ghatkopar L1,yes,Bandra Kurla Complex,4.16,blue,3.94,yes,no,False,Diamond Garden,0.0,3-6km,5,VNP & RC Marg Junction,0.8,5.92,35,82,16,19.0517191,72.9018378,14.37,M/W Ward,Maharashtra,2,2022-05-31,2022-06-16,medium,Diamond Garden,railway/station,diamond garden,2022,2022-04-13
Dina Bama Estate,Mumbai,east,none,Jagruti Nagar,yes,Godrej One Vikhroli,4.02,blue,6.45,no,no,True,Aarey JVLR,5.64,3-6km,6,Bhandup,0.3,9.57,15,39,2,19.1401586,72.9370703,24.81,S Ward,Maharashtra,1,2022-05-27,2022-05-27,high,Dina Bama Estate,place/locality,Dina Bama Estate,2022,2022-04-13
"DLH Orchid, Andheri West",Mumbai,west,operational,Azad Nagar,yes,SEEPZ Andheri East,2.13,blue,1.14,yes,yes,True,Azad Nagar,1.14,0-3km,13,Andheri,1.34,4.28,33,91,15,19.1172495,72.833968,19.84,K/W Ward,Maharashtra,1,2022-07-07,2022-07-07,high,Andheri West,place/suburb,Andheri West,2022,2022-04-13
"DLH Orchid, Lokhandwala Complex",Mumbai,west,operational,Versova,yes,Nirlon Knowledge Park,3.29,blue,1.47,yes,yes,True,Lower Oshiwara,0.79,3-6km,7,Jogeshwari (Harbour Line),2.62,7.13,28,67,21,19.1430985,72.8246055,22.75,K/W Ward,Maharashtra,1,2022-06-28,2022-06-28,high,Lokhandwala Complex,place/neighbourhood,Lokhandwala Complex,2022,2022-04-13
"Dosti Ambrosia, Wadala East",Mumbai,south,under_construction,Ghatkopar L1,yes,Lower Parel Business District,2.97,blue,9.65,yes,no,False,Dadar,1.88,0-3km,3,Dadar East,0.3,8.3,60,64,7,19.0158783,72.8550732,8.82,F/N Ward,Maharashtra,1,2022-06-09,2022-06-09,high,Wadala Village,place/neighbourhood,Wadala East,2022,2022-04-13
"Dosti Flamingo, Sewri",Mumbai,south,none,Ghatkopar L1,yes,Lower Parel Business District,2.52,blue,11.04,no,no,True,Dadar,2.93,0-3km,3,Sewri,0.29,9.91,23,36,0,19.001418,72.8542575,7.24,F/S Ward,Maharashtra,1,2022-06-29,2022-06-29,high,Sewri,place/suburb,Sewri,2022,2022-04-13
"Dr Babasaheb Ambedkar Road, Mumbai",Mumbai,south,under_construction,Asalpha,yes,Bandra Kurla Complex,1.4,blue,5.34,yes,no,False,Bandra Kurla Complex (BKC),1.65,0-3km,7,Chuna Bhatti,0.36,3.96,18,39,3,19.054999,72.8692035,13.4,,Maharashtra,1,2022-06-23,2022-06-23,medium,Mumbai,place/city,Mumbai,2022,2022-04-13
"Dreams Complex, Bhandup West",Mumbai,east,none,Saki Naka,yes,Godrej One Vikhroli,4.64,blue,6.78,no,no,True,Aarey JVLR,5.5,3-6km,6,Bhandup,0.55,9.73,20,42,4,19.1462636,72.9339461,25.29,S Ward,Maharashtra,1,2022-06-12,2022-06-12,high,Bhandup West,place/suburb,Bhandup West,2022,2022-04-13
"Dsk Madhuban, Sakinaka Junction",Mumbai,unknown,unknown,unknown,unknown,unknown,,unknown,,unknown,unknown,,unknown,,unknown,,unknown,,,,,,,,,,,1,2022-06-14,2022-06-14,none,,,,2022,2022-04-13
"Eco Residency, Andheri East",Mumbai,west,operational,Western Express Highway,yes,SEEPZ Andheri East,0.0,blue,0.23,yes,yes,True,Gundavali,0.18,0-3km,15,Andheri,0.92,3.0,36,92,5,19.1158835,72.854202,19.79,K/E Ward,Maharashtra,1,2022-07-09,2022-07-09,high,Andheri East,place/suburb,Andheri East,2022,2022-04-13
"Ekta Legranz, Chembur",Mumbai,east,under_construction,Ghatkopar L1,yes,Bandra Kurla Complex,3.65,blue,3.7,yes,no,False,Diamond Garden,0.53,3-6km,5,VNP & RC Marg Junction,0.46,5.39,32,81,13,19.054818,72.8979713,14.48,M/W Ward,Maharashtra,1,2022-05-17,2022-05-17,high,Chembur,place/suburb,Chembur,2022,2022-04-13
"Ekta Meadows, Borivali East",Mumbai,north,operational,Devipada,yes,Mindspace Malad,5.22,red,0.39,yes,yes,True,Devipada,0.39,3-6km,0,Borivali,0.55,15.19,8,106,14,19.2267228,72.8619328,32.14,R/C Ward,Maharashtra,2,2022-06-08,2022-06-09,high,Borivali East,place/suburb,Borivali East,2022,2022-04-13
Ekta Nagar,Mumbai,south,under_construction,Ghatkopar L1,yes,Lower Parel Business District,4.2,blue,14.87,yes,no,False,Mahalaxmi,2.36,3-6km,1,Dockyard Road,0.06,13.78,20,32,3,18.9674951,72.843985,3.32,E Ward,Maharashtra,1,2022-06-22,2022-06-22,high,Ekta Nagar,place/neighbourhood,Ekta Nagar,2022,2022-04-13
"Ekta Parksville, Virar West",Mumbai,north,none,Kandarpada,no,Mindspace Malad,30.18,yellow,22.37,no,no,True,Kashigaon,21.04,6km+,0,Virar,0.67,40.83,3,37,6,19.4533576,72.8057966,57.3,Vasai-Virar,Maharashtra,1,2022-06-27,2022-06-27,low,Virar West,place/suburb,Virar West,2022,2022-04-13
"Ekta Trinity, Santacruz West",Mumbai,west,under_construction,Western Express Highway,yes,Bandra Kurla Complex,3.55,blue,4.04,yes,no,False,Santacruz,1.18,3-6km,10,Santa Cruz,0.57,2.77,22,60,9,19.0844004,72.8372899,16.19,H/W Ward,Maharashtra,1,2022-07-09,2022-07-09,high,Santacruz West,place/suburb,Santacruz West,2022,2022-04-13
"Everard Nagar Co Operative Housing Society, Sion East",Mumbai,south,under_construction,Ghatkopar L1,yes,Bandra Kurla Complex,2.7,blue,6.63,yes,no,False,Dharavi,1.69,0-3km,6,Sion,0.47,5.27,35,42,3,19.0428153,72.8653563,11.99,F/N Ward,Maharashtra,1,2022-06-13,2022-06-13,high,Sion East,place/suburb,Sion East,2022,2022-04-13
"Evershine Grandeur, Mindspace",Mumbai,east,none,Ghatkopar L1,yes,Vashi Business District,4.01,blue,12.79,no,no,True,CBD Belapur,3.91,3-6km,2,Juinagar,0.74,17.46,26,17,4,19.0523195,73.0241788,23.52,Juinagar,Maharashtra,1,2022-06-20,2022-06-20,low,Mindspace - Juinagar,landuse/commercial,Mindspace,2022,2022-04-13
"Evershine Millenium Paradise, Thakur Village, Kandivali East",Mumbai,north,operational,Magathane,yes,Mindspace Malad,4.63,red,1.24,yes,yes,True,Magathane,1.24,3-6km,0,Kandivali,2.62,13.36,5,24,7,19.2097189,72.8759248,30.42,R/S Ward,Maharashtra,2,2022-05-18,2022-06-21,high,Thakur Village,place/suburb,Thakur Village,2022,2022-04-13
Evershine Nagar,Mumbai,north,operational,Dahanukarwadi,yes,Mindspace Malad,1.17,yellow,1.73,yes,yes,True,Valnai-Meeth Chowky,0.68,0-3km,3,Malad,1.74,11.63,26,82,11,19.1907836,72.8326337,28.02,P/N Ward,Maharashtra,1,2022-07-07,2022-07-07,low,Evershine Nagar Road,highway/residential,Evershine Nagar,2022,2022-04-13
Film City,Mumbai,north,none,Aarey,yes,Nirlon Knowledge Park,3.29,red,2.57,no,no,True,Aarey,2.57,3-6km,7,Goregaon,3.49,8.57,9,24,0,19.1649188,72.8827878,25.63,P/N Ward,Maharashtra,2,2022-06-13,2022-06-13,low,Film City Ground,leisure/park,Film City,2022,2022-04-13
Film City Road,Mumbai,east,none,Aarey,yes,Nirlon Knowledge Park,3.9,red,3.54,no,no,True,Aarey JVLR,3.15,3-6km,7,Ram Mandir,4.3,8.1,4,11,0,19.1582019,72.8903556,25.07,P/N Ward,Maharashtra,1,2022-07-01,2022-07-01,low,Dadasaheb Phalke Chitranagari,amenity/studio,Film City Road,2022,2022-04-13
"Flora Heights, Andheri West",Mumbai,west,operational,Azad Nagar,yes,SEEPZ Andheri East,2.13,blue,1.14,yes,yes,True,Azad Nagar,1.14,0-3km,13,Andheri,1.34,4.28,33,91,15,19.1172495,72.833968,19.84,K/W Ward,Maharashtra,1,2022-06-24,2022-06-24,high,Andheri West,place/suburb,Andheri West,2022,2022-04-13
Friends Colony,Mumbai,east,none,Asalpha,yes,Bandra Kurla Complex,2.08,blue,2.51,no,no,True,Asalpha,2.51,0-3km,12,Lokmanya Tilak Terminus,1.33,2.5,17,31,13,19.0772176,72.882388,16.16,L Ward,Maharashtra,1,2022-06-27,2022-06-27,high,Friends Colony,place/locality,Friends Colony,2022,2022-04-13
"Galassia, Kandarpada",Mumbai,north,operational,Kandarpada,no,Mindspace Malad,7.78,yellow,0.46,yes,yes,True,Kandarpada,0.46,6km+,0,Dahisar,0.83,18.15,7,40,3,19.2530859,72.8528338,35.0,R/N Ward,Maharashtra,1,2022-06-17,2022-06-17,high,Kandarpada,place/neighbourhood,Kandarpada,2022,2022-04-13
Gandhi Market,Mumbai,south,under_construction,Ghatkopar L1,yes,Bandra Kurla Complex,3.63,blue,7.66,yes,no,False,Dharavi,1.66,3-6km,6,King's Circle,0.43,6.15,68,55,6,19.0348858,72.8600112,10.99,F/N Ward,Maharashtra,1,2022-06-12,2022-06-12,medium,Gandhi Market Matunga,highway/bus_stop,Gandhi Market,2022,2022-04-13
"Ganpat Niketan Apartment, Khar West",Mumbai,south,under_construction,Western Express Highway,yes,Bandra Kurla Complex,2.94,blue,6.22,yes,no,False,Bandra Colony,1.43,0-3km,7,Bandra Terminus,0.33,4.01,46,66,10,19.0626563,72.8381745,13.78,H/W Ward,Maharashtra,1,2022-06-20,2022-06-20,medium,Western Railway Employee Colony Bandra West,landuse/residential,Khar West,2022,2022-04-13
"Garden View Apartment, Aarey Milk Colony",Mumbai,north,operational,Aarey,yes,Nirlon Knowledge Park,1.83,red,1.93,yes,yes,True,Goregaon (East),1.54,0-3km,11,Ram Mandir,2.23,7.38,14,19,0,19.1561292,72.8707223,24.45,P/S Ward,Maharashtra,1,2022-06-16,2022-06-16,high,Aarey Milk Colony,place/suburb,Aarey Milk Colony,2022,2022-04-13
"Gaurav Excellency, Mira Road",Mumbai,north,none,Kandarpada,no,Mindspace Malad,10.97,yellow,2.85,no,no,True,Kashigaon,2.58,6km+,0,Mira Road,0.0,21.31,8,40,5,19.2816975,72.8560676,38.19,Mira,Maharashtra,1,2022-06-24,2022-06-24,medium,Mira Road,railway/station,Mira Road,2022,2022-04-13
"Gaurav Heights, Kandivali West",Mumbai,north,operational,Dahanukarwadi,yes,Mindspace Malad,2.4,yellow,0.54,yes,yes,True,Dahanukarwadi,0.54,0-3km,1,Kandivali,1.25,13.05,25,98,10,19.2055321,72.8399273,29.66,R/S Ward,Maharashtra,1,2022-06-30,2022-06-30,high,Kandivali West,place/suburb,Kandivali West,2022,2022-04-13
"Gemstar Symphony Apartment, Kandivali West",Mumbai,north,operational,Dahanukarwadi,yes,Mindspace Malad,2.4,yellow,0.54,yes,yes,True,Dahanukarwadi,0.54,0-3km,1,Kandivali,1.25,13.05,25,98,10,19.2055321,72.8399273,29.66,R/S Ward,Maharashtra,1,2022-07-06,2022-07-06,high,Kandivali West,place/suburb,Kandivali West,2022,2022-04-13
Ghatkopar,Mumbai,east,operational,Ghatkopar L1,yes,Godrej One Vikhroli,2.53,blue,1.14,yes,yes,True,Ghatkopar L1,1.14,0-3km,11,Ghatkopar,1.09,5.89,9,81,5,19.0842323,72.918635,18.39,N Ward,Maharashtra,1,2022-06-23,2022-06-23,high,Ghatkopar,place/suburb,Ghatkopar,2022,2022-04-13
Ghatkopar East,Mumbai,east,operational,Ghatkopar L1,yes,Godrej One Vikhroli,2.95,blue,0.58,yes,yes,True,Ghatkopar L1,0.58,0-3km,11,Ghatkopar,0.49,5.25,12,88,6,19.0833438,72.9123246,17.99,N Ward,Maharashtra,5,2022-04-29,2022-07-06,high,Ghatkopar East,place/suburb,Ghatkopar East,2022,2022-04-13
Ghatkopar West,Mumbai,east,operational,Jagruti Nagar,yes,Hiranandani Business Park Powai,2.37,blue,0.44,yes,yes,True,Jagruti Nagar,0.44,0-3km,12,Ghatkopar,0.59,4.4,14,87,12,19.0897439,72.9048035,18.3,Nityanand Nagar,Maharashtra,6,2022-05-10,2022-06-12,high,Ghatkopar West,place/suburb,Ghatkopar West,2022,2022-04-13
Ghatla,Mumbai,east,under_construction,Ghatkopar L1,yes,Bandra Kurla Complex,4.34,blue,3.81,yes,no,False,Diamond Garden,0.25,3-6km,5,VNP & RC Marg Junction,1.02,6.01,42,85,17,19.0526325,72.9040237,14.57,M/W Ward,Maharashtra,1,2022-06-10,2022-06-10,high,Ghatla Village,place/neighbourhood,Ghatla,2022,2022-04-13
"Godrej Central, Chembur",Mumbai,east,under_construction,Ghatkopar L1,yes,Bandra Kurla Complex,3.65,blue,3.7,yes,no,False,Diamond Garden,0.53,3-6km,5,VNP & RC Marg Junction,0.46,5.39,32,81,13,19.054818,72.8979713,14.48,M/W Ward,Maharashtra,1,2022-06-23,2022-06-23,high,Chembur,place/suburb,Chembur,2022,2022-04-13
"Godrej Platinum, Vikhroli East",Mumbai,east,none,Ghatkopar L1,yes,Godrej One Vikhroli,1.55,blue,4.46,no,no,True,Ghatkopar L1,4.46,0-3km,7,Vikhroli,1.02,8.2,13,21,4,19.1172592,72.9355194,22.46,S Ward,Maharashtra,1,2022-07-09,2022-07-09,high,Vikhroli East,place/suburb,Vikhroli East,2022,2022-04-13
"Godrej Prime, Chembur",Mumbai,east,under_construction,Ghatkopar L1,yes,Bandra Kurla Complex,3.65,blue,3.7,yes,no,False,Diamond Garden,0.53,3-6km,5,VNP & RC Marg Junction,0.46,5.39,32,81,13,19.054818,72.8979713,14.48,M/W Ward,Maharashtra,1,2022-07-04,2022-07-04,high,Chembur,place/suburb,Chembur,2022,2022-04-13
"Godrej Serenity Mumbai, Chembur",Mumbai,east,under_construction,Ghatkopar L1,yes,Bandra Kurla Complex,3.65,blue,3.7,yes,no,False,Diamond Garden,0.53,3-6km,5,VNP & RC Marg Junction,0.46,5.39,32,81,13,19.054818,72.8979713,14.48,M/W Ward,Maharashtra,1,2022-05-17,2022-05-17,high,Chembur,place/suburb,Chembur,2022,2022-04-13
"Godrej The Trees, Pirojshah Nagar",Mumbai,east,operational,Ghatkopar L1,yes,Godrej One Vikhroli,0.65,blue,2.34,yes,yes,True,Ghatkopar L1,2.34,0-3km,10,Vikhroli,1.18,6.51,7,21,5,19.1016734,72.9236504,20.35,N Ward,Maharashtra,1,2022-06-27,2022-06-27,high,Pirojsha Godrej Nagar,place/suburb,Pirojshah Nagar,2022,2022-04-13
"Godrej The Trees, Vikhroli East",Mumbai,east,none,Ghatkopar L1,yes,Godrej One Vikhroli,1.55,blue,4.46,no,no,True,Ghatkopar L1,4.46,0-3km,7,Vikhroli,1.02,8.2,13,21,4,19.1172592,72.9355194,22.46,S Ward,Maharashtra,3,2022-05-22,2022-06-30,high,Vikhroli East,place/suburb,Vikhroli East,2022,2022-04-13
"Godrej Tranquil, Kandivali East",Mumbai,north,operational,Poisar,yes,Mindspace Malad,3.26,red,0.19,yes,yes,True,Poisar,0.19,3-6km,1,Kandivali,1.15,12.79,14,67,10,19.2051958,72.8626165,29.76,R/S Ward,Maharashtra,2,2022-06-12,2022-07-09,high,Kandivali East,place/suburb,Kandivali East,2022,2022-04-13
"Godrej Tranquil, Lokhandwala Twp",Mumbai,unknown,unknown,unknown,unknown,unknown,,unknown,,unknown,unknown,,unknown,,unknown,,unknown,,,,,,,,,,,1,2022-06-04,2022-06-04,none,,,,2022,2022-04-13
"Gokul Accord, Thakur Complex",Mumbai,north,operational,Magathane,yes,Mindspace Malad,3.88,red,0.67,yes,yes,True,Magathane,0.67,3-6km,0,Kandivali,1.54,13.47,6,59,12,19.2112442,72.8643107,30.45,R/S Ward,Maharashtra,1,2022-05-25,2022-05-25,medium,Thakur Complex,landuse/residential,Thakur Complex,2022,2022-04-13
"Gokul Apartment, Evershine Nagar",Mumbai,north,operational,Dahanukarwadi,yes,Mindspace Malad,1.24,yellow,1.98,yes,yes,True,Malad (West),0.68,0-3km,3,Malad,1.91,11.49,20,65,13,19.1888826,72.830571,27.81,P/N Ward,Maharashtra,2,2022-07-07,2022-07-07,low,Vimalachal Apartment,building/yes,Gokul Apartment Evershine Nagar,2022,2022-04-13
"Gokul Gagan, Thakur Village, Kandivali East",Mumbai,north,operational,Magathane,yes,Mindspace Malad,4.63,red,1.24,yes,yes,True,Magathane,1.24,3-6km,0,Kandivali,2.62,13.36,5,24,7,19.2097189,72.8759248,30.42,R/S Ward,Maharashtra,1,2022-05-13,2022-05-13,high,Thakur Village,place/suburb,Thakur Village,2022,2022-04-13
"Gokul Regency Apartment, Thakur Complex",Mumbai,north,operational,Magathane,yes,Mindspace Malad,3.88,red,0.67,yes,yes,True,Magathane,0.67,3-6km,0,Kandivali,1.54,13.47,6,59,12,19.2112442,72.8643107,30.45,R/S Ward,Maharashtra,1,2022-05-25,2022-05-25,medium,Thakur Complex,landuse/residential,Thakur Complex,2022,2022-04-13
Gokuldham,Mumbai,north,operational,Aarey,yes,Nirlon Knowledge Park,2.56,red,1.01,yes,yes,True,Aarey,1.01,0-3km,3,Goregaon,2.1,9.32,13,51,5,19.1738527,72.8670935,26.35,P/S Ward,Maharashtra,1,2022-07-09,2022-07-09,high,Gokuldham,place/neighbourhood,Gokuldham,2022,2022-04-13
Goregaon East,Mumbai,north,operational,Aarey,yes,Nirlon Knowledge Park,1.62,red,0.37,yes,yes,True,Aarey,0.37,0-3km,5,Goregaon,0.77,8.83,14,72,6,19.1692623,72.8552548,25.71,P/S Ward,Maharashtra,2,2022-06-23,2022-07-06,high,Goregaon East,place/suburb,Goregaon East,2022,2022-04-13
Goregaon West,Mumbai,north,operational,Aarey,yes,Nirlon Knowledge Park,1.59,red,1.96,yes,yes,True,Bangur Nagar,0.67,0-3km,6,Goregaon,0.89,8.45,17,42,8,19.1633281,72.8411995,24.97,P/S Ward,Maharashtra,12,2022-05-10,2022-06-23,high,Goregaon West,place/suburb,Goregaon West,2022,2022-04-13
Govandi Station Road,Mumbai,east,under_construction,Ghatkopar L1,yes,Godrej One Vikhroli,5.78,blue,4.26,yes,no,False,Mankhurd,0.59,3-6km,3,Mankhurd,0.71,7.92,30,33,14,19.0528478,72.9270997,15.93,M/E Ward,Maharashtra,1,2022-06-10,2022-06-10,low,Lallubhai Police Station,amenity/police,Govandi Station Road,2022,2022-04-13
Grant Road,Mumbai,south,under_construction,Ghatkopar L1,yes,Nariman Point CBD,4.11,blue,16.8,yes,no,False,Grant Road,0.23,3-6km,1,Grant Road,0.0,14.94,61,78,7,18.9633549,72.8158261,3.42,D Ward,Maharashtra,1,2022-07-02,2022-07-02,medium,Grant Road,railway/station,Grant Road,2022,2022-04-13
"Green Gate Apartment, Pali Hill",Mumbai,west,under_construction,Western Express Highway,yes,Bandra Kurla Complex,4.07,blue,6.45,yes,no,False,Bandra Colony,2.41,3-6km,6,Khar Road,1.42,4.7,38,48,7,19.0649126,72.8270326,14.05,H/W Ward,Maharashtra,1,2022-06-20,2022-06-20,high,Pali Hill,place/neighbourhood,Pali Hill,2022,2022-04-13
GREEN PARK,Mumbai,west,under_construction,Andheri (West),yes,Nirlon Knowledge Park,2.46,yellow,2.74,yes,no,False,Oshiwara,0.95,0-3km,6,Ram Mandir,2.14,7.87,22,41,15,19.15374,72.8300248,23.91,P/S Ward,Maharashtra,1,2022-05-18,2022-05-18,medium,Green Park,landuse/residential,GREEN PARK,2022,2022-04-13
"Green Park Apartment, Millat Nagar",Mumbai,east,under_construction,Ghatkopar L1,no,Belapur CBD,6.95,blue,17.93,yes,no,False,Sector-34,0.61,6km+,0,Taloje Panchanand,1.5,22.69,3,7,0,19.0697227,73.0777093,29.34,Taloja,Maharashtra,1,2022-06-17,2022-06-17,medium,Greenwoods Apartment,landuse/residential,Green Park Apartment,2022,2022-04-13
"Green Woods Chkala, Andheri East",Mumbai,west,operational,Western Express Highway,yes,SEEPZ Andheri East,0.0,blue,0.23,yes,yes,True,Gundavali,0.18,0-3km,15,Andheri,0.92,3.0,36,92,5,19.1158835,72.854202,19.79,K/E Ward,Maharashtra,2,2022-06-03,2022-06-29,high,Andheri East,place/suburb,Andheri East,2022,2022-04-13
"Greenfields CHS, Andheri East",Mumbai,west,operational,Western Express Highway,yes,SEEPZ Andheri East,0.0,blue,0.23,yes,yes,True,Gundavali,0.18,0-3km,15,Andheri,0.92,3.0,36,92,5,19.1158835,72.854202,19.79,K/E Ward,Maharashtra,1,2022-07-04,2022-07-04,high,Andheri East,place/suburb,Andheri East,2022,2022-04-13
"GSA Grandeur, Gokuldham",Mumbai,north,operational,Aarey,yes,Nirlon Knowledge Park,2.56,red,1.01,yes,yes,True,Aarey,1.01,0-3km,3,Goregaon,2.1,9.32,13,51,5,19.1738527,72.8670935,26.35,P/S Ward,Maharashtra,1,2022-06-20,2022-06-20,high,Gokuldham,place/neighbourhood,Gokuldham,2022,2022-04-13
Gulmohar Road,Mumbai,south,under_construction,Ghatkopar L1,yes,Bandra Kurla Complex,1.87,blue,5.42,yes,no,False,Bandra Kurla Complex (BKC),2.13,0-3km,7,Chuna Bhatti,0.35,4.41,23,37,3,19.0514994,72.8724288,13.12,L Ward,Maharashtra,2,2022-05-23,2022-05-23,low,Gulmohar Road,highway/tertiary,Gulmohar Road,2022,2022-04-13
"Hari Kunj II, Sindhi Society Chembur",Mumbai,south,under_construction,Ghatkopar L1,yes,Bandra Kurla Complex,3.05,blue,4.46,yes,no,False,Chembur,0.54,3-6km,6,VNP & RC Marg Junction,0.58,5.16,29,82,8,19.0508747,72.8890543,13.68,M/W Ward,Maharashtra,1,2022-05-31,2022-05-31,high,Sindhi Society,place/neighbourhood,Sindhi Society Chembur,2022,2022-04-13
"HDIL Metropolis, 4 Bunglows",Mumbai,east,none,Poisar,yes,Wagle Estate Thane,2.65,red,11.42,no,no,True,Azad Nagar Bus Stop,6.64,0-3km,13,Thane,0.81,15.18,30,118,13,19.1823295,72.9694662,30.53,Kopri,Maharashtra,2,2022-06-03,2022-06-20,medium,Twelve Bunglows,highway/bus_stop,4 Bunglows,2022,2022-04-13
"HDIL Metropolis, Andheri West",Mumbai,west,operational,Azad Nagar,yes,SEEPZ Andheri East,2.13,blue,1.14,yes,yes,True,Azad Nagar,1.14,0-3km,13,Andheri,1.34,4.28,33,91,15,19.1172495,72.833968,19.84,K/W Ward,Maharashtra,1,2022-07-01,2022-07-01,high,Andheri West,place/suburb,Andheri West,2022,2022-04-13
"HDIL Premier Residences, Kurla West",Mumbai,south,under_construction,Asalpha,yes,Bandra Kurla Complex,1.15,blue,3.64,yes,no,False,Chembur,2.34,0-3km,10,Kurla,0.46,2.79,18,49,8,19.0686026,72.876583,15.07,L Ward,Maharashtra,1,2022-06-27,2022-06-27,high,Kurla West,place/suburb,Kurla West,2022,2022-04-13
"Heena Gaurav Jewels, Gokuldham",Mumbai,north,operational,Aarey,yes,Nirlon Knowledge Park,2.56,red,1.01,yes,yes,True,Aarey,1.01,0-3km,3,Goregaon,2.1,9.32,13,51,5,19.1738527,72.8670935,26.35,P/S Ward,Maharashtra,1,2022-05-18,2022-05-18,high,Gokuldham,place/neighbourhood,Gokuldham,2022,2022-04-13
"Highway Park Apartment, Kandivali East",Mumbai,north,operational,Poisar,yes,Mindspace Malad,3.26,red,0.19,yes,yes,True,Poisar,0.19,3-6km,1,Kandivali,1.15,12.79,14,67,10,19.2051958,72.8626165,29.76,R/S Ward,Maharashtra,1,2022-07-04,2022-07-04,high,Kandivali East,place/suburb,Kandivali East,2022,2022-04-13
"Hill Road, Bandra West",Mumbai,south,under_construction,Western Express Highway,yes,Bandra Kurla Complex,3.85,blue,6.96,yes,no,False,Bandra Colony,2.39,3-6km,6,Bandra,1.11,4.93,43,54,7,19.0583358,72.8302669,13.3,Mumbai,Maharashtra,1,2022-07-09,2022-07-09,high,Bandra West,place/suburb,Bandra West,2022,2022-04-13
"Hillcrest, Andheri East",Mumbai,west,operational,Western Express Highway,yes,SEEPZ Andheri East,0.0,blue,0.23,yes,yes,True,Gundavali,0.18,0-3km,15,Andheri,0.92,3.0,36,92,5,19.1158835,72.854202,19.79,K/E Ward,Maharashtra,2,2022-05-17,2022-06-29,high,Andheri East,place/suburb,Hillcrest Andheri East,2022,2022-04-13
"Hillcrest, Chakala MIDC",Mumbai,east,operational,Western Express Highway,yes,SEEPZ Andheri East,0.8,blue,0.57,yes,yes,True,Western Express Highway,0.57,0-3km,16,Andheri,1.69,2.8,29,68,3,19.1152873,72.8618085,19.82,K/E Ward,Maharashtra,1,2022-06-17,2022-06-17,high,Chakala,place/neighbourhood,Hillcrest Chakala MIDC,2022,2022-04-13
Hindu Colony,Mumbai,south,under_construction,Ghatkopar L1,yes,Lower Parel Business District,2.63,blue,9.76,yes,no,False,Dadar,0.97,0-3km,5,Dadar,0.51,7.96,85,96,10,19.0200578,72.8475907,9.13,F/N Ward,Maharashtra,1,2022-07-09,2022-07-09,high,Dadar Hindu Colony,place/neighbourhood,Hindu Colony,2022,2022-04-13
"Hiral Greens, Mira Road East",Mumbai,north,under_construction,Anand Nagar,no,Mindspace Malad,10.98,yellow,2.81,yes,no,False,Kashigaon,2.3,6km+,0,Mira Road,0.27,21.27,9,41,6,19.2813896,72.858639,38.17,Mira,Maharashtra,1,2022-05-26,2022-05-26,medium,Mira Road Station East,highway/bus_stop,Mira Road East,2022,2022-04-13
"Hiranandani Atlantis, Hiranandani Gardens",Mumbai,east,none,Saki Naka,yes,Hiranandani Business Park Powai,0.91,blue,2.97,no,no,True,Saki Naka,2.97,0-3km,15,Vikhroli,1.9,5.99,38,14,23,19.1183882,72.911464,21.51,S Ward,Maharashtra,2,2022-06-12,2022-06-12,high,Hiranandani Gardens,place/neighbourhood,Hiranandani Gardens,2022,2022-04-13
"Hiranandani Castle Rock, Hiranandani Gardens",Mumbai,east,none,Saki Naka,yes,Hiranandani Business Park Powai,0.91,blue,2.97,no,no,True,Saki Naka,2.97,0-3km,15,Vikhroli,1.9,5.99,38,14,23,19.1183882,72.911464,21.51,S Ward,Maharashtra,3,2022-05-23,2022-07-09,high,Hiranandani Gardens,place/neighbourhood,Hiranandani Gardens,2022,2022-04-13
"Hiranandani Castle Rock, Powai",Mumbai,east,none,Saki Naka,yes,Hiranandani Business Park Powai,0.89,blue,2.65,no,no,True,Saki Naka,2.65,0-3km,16,Vikhroli,2.32,5.65,23,17,20,19.1187195,72.9073476,21.39,S Ward,Maharashtra,3,2022-07-09,2022-07-09,high,Powai,place/suburb,Powai,2022,2022-04-13
Hiranandani Gardens,Mumbai,east,none,Saki Naka,yes,Hiranandani Business Park Powai,0.91,blue,2.97,no,no,True,Saki Naka,2.97,0-3km,15,Vikhroli,1.9,5.99,38,14,23,19.1183882,72.911464,21.51,S Ward,Maharashtra,1,2022-06-06,2022-06-06,high,Hiranandani Gardens,place/neighbourhood,Hiranandani Gardens,2022,2022-04-13
"Hiranandani Gardens Odyssey I, Hiranandani Gardens",Mumbai,east,none,Saki Naka,yes,Hiranandani Business Park Powai,0.91,blue,2.97,no,no,True,Saki Naka,2.97,0-3km,15,Vikhroli,1.9,5.99,38,14,23,19.1183882,72.911464,21.51,S Ward,Maharashtra,1,2022-06-16,2022-06-16,high,Hiranandani Gardens,place/neighbourhood,Hiranandani Gardens,2022,2022-04-13
"Hiranandani Gardens Torino, Hiranandani Gardens",Mumbai,east,none,Saki Naka,yes,Hiranandani Business Park Powai,0.91,blue,2.97,no,no,True,Saki Naka,2.97,0-3km,15,Vikhroli,1.9,5.99,38,14,23,19.1183882,72.911464,21.51,S Ward,Maharashtra,2,2022-06-16,2022-07-06,high,Hiranandani Gardens,place/neighbourhood,Hiranandani Gardens,2022,2022-04-13
"Hiranandani Regent Hill, Hiranandani Gardens",Mumbai,east,none,Saki Naka,yes,Hiranandani Business Park Powai,0.91,blue,2.97,no,no,True,Saki Naka,2.97,0-3km,15,Vikhroli,1.9,5.99,38,14,23,19.1183882,72.911464,21.51,S Ward,Maharashtra,1,2022-06-20,2022-06-20,high,Hiranandani Gardens,place/neighbourhood,Hiranandani Gardens,2022,2022-04-13
"Hiranandani Regent Hill, Powai",Mumbai,east,none,Saki Naka,yes,Hiranandani Business Park Powai,0.89,blue,2.65,no,no,True,Saki Naka,2.65,0-3km,16,Vikhroli,2.32,5.65,23,17,20,19.1187195,72.9073476,21.39,S Ward,Maharashtra,2,2022-06-30,2022-06-30,high,Powai,place/suburb,Powai,2022,2022-04-13
"Hiranandani Verona Co op Housing Society Ltd, Powai",Mumbai,east,none,Saki Naka,yes,Hiranandani Business Park Powai,0.89,blue,2.65,no,no,True,Saki Naka,2.65,0-3km,16,Vikhroli,2.32,5.65,23,17,20,19.1187195,72.9073476,21.39,S Ward,Maharashtra,1,2022-07-09,2022-07-09,high,Powai,place/suburb,Powai,2022,2022-04-13
"holy complex ,Mira Road, Mumbai",Mumbai,south,under_construction,Asalpha,yes,Bandra Kurla Complex,1.4,blue,5.34,yes,no,False,Bandra Kurla Complex (BKC),1.65,0-3km,7,Chuna Bhatti,0.36,3.96,18,39,3,19.054999,72.8692035,13.4,,Maharashtra,1,2022-07-04,2022-07-04,medium,Mumbai,place/city,Mumbai,2022,2022-04-13
"Hubtown Gardenia, Mira Road",Mumbai,north,none,Kandarpada,no,Mindspace Malad,10.97,yellow,2.85,no,no,True,Kashigaon,2.58,6km+,0,Mira Road,0.0,21.31,8,40,5,19.2816975,72.8560676,38.19,Mira,Maharashtra,1,2022-06-07,2022-06-07,medium,Mira Road,railway/station,Mira Road,2022,2022-04-13
"Hubtown Sunmist, Chakala",Mumbai,east,operational,Western Express Highway,yes,SEEPZ Andheri East,0.8,blue,0.57,yes,yes,True,Western Express Highway,0.57,0-3km,16,Andheri,1.69,2.8,29,68,3,19.1152873,72.8618085,19.82,K/E Ward,Maharashtra,1,2022-06-28,2022-06-28,high,Chakala,place/neighbourhood,Chakala,2022,2022-04-13
"Hudco Living Point, Bhandup West",Mumbai,east,none,Saki Naka,yes,Godrej One Vikhroli,4.64,blue,6.78,no,no,True,Aarey JVLR,5.5,3-6km,6,Bhandup,0.55,9.73,20,42,4,19.1462636,72.9339461,25.29,S Ward,Maharashtra,1,2022-06-26,2022-06-26,high,Bhandup West,place/suburb,Bhandup West,2022,2022-04-13
IC Colony,Mumbai,north,operational,Mandapeshwar - I.C. Colony,no,Mindspace Malad,7.24,yellow,0.18,yes,yes,True,Mandapeshwar - I.C. Colony,0.18,6km+,0,Dahisar,1.29,17.73,10,49,3,19.2488833,72.8473864,34.5,R/N Ward,Maharashtra,1,2022-06-23,2022-06-23,medium,IC Colony sector 8,landuse/residential,IC Colony,2022,2022-04-13
"Imperial Heights, Goregaon West",Mumbai,north,operational,Aarey,yes,Nirlon Knowledge Park,1.59,red,1.96,yes,yes,True,Bangur Nagar,0.67,0-3km,6,Goregaon,0.89,8.45,17,42,8,19.1633281,72.8411995,24.97,P/S Ward,Maharashtra,1,2022-06-30,2022-06-30,high,Goregaon West,place/suburb,Goregaon West,2022,2022-04-13
in Andheri West,Mumbai,west,operational,Azad Nagar,yes,SEEPZ Andheri East,2.13,blue,1.14,yes,yes,True,Azad Nagar,1.14,0-3km,13,Andheri,1.34,4.28,33,91,15,19.1172495,72.833968,19.84,K/W Ward,Maharashtra,1,2022-06-15,2022-06-15,high,Andheri West,place/suburb,in Andheri West,2022,2022-04-13
in Borivali East,Mumbai,north,operational,Devipada,yes,Mindspace Malad,5.22,red,0.39,yes,yes,True,Devipada,0.39,3-6km,0,Borivali,0.55,15.19,8,106,14,19.2267228,72.8619328,32.14,R/C Ward,Maharashtra,1,2022-07-07,2022-07-07,high,Borivali East,place/suburb,in Borivali East,2022,2022-04-13
in Borivali West,Mumbai,north,operational,Borivali (West),yes,Mindspace Malad,5.27,yellow,0.0,yes,yes,True,Borivali (West),0.0,3-6km,0,Borivali,1.75,15.87,20,80,14,19.2313925,72.8408607,32.54,R/C Ward,Maharashtra,1,2022-05-27,2022-05-27,medium,Borivali (West),railway/station,in Borivali West,2022,2022-04-13
in Byculla,Mumbai,south,under_construction,Ghatkopar L1,yes,Lower Parel Business District,3.11,blue,14.98,yes,no,False,Mahalaxmi,0.57,3-6km,1,Byculla,0.51,13.3,51,61,5,18.9750879,72.8282502,4.1,E Ward,Maharashtra,1,2022-04-29,2022-04-29,high,Byculla West,place/suburb,in Byculla,2022,2022-04-13
in Kandivali West,Mumbai,north,operational,Dahanukarwadi,yes,Mindspace Malad,2.4,yellow,0.54,yes,yes,True,Dahanukarwadi,0.54,0-3km,1,Kandivali,1.25,13.05,25,98,10,19.2055321,72.8399273,29.66,R/S Ward,Maharashtra,1,2022-07-07,2022-07-07,high,Kandivali West,place/suburb,in Kandivali West,2022,2022-04-13
in Mahim West,Mumbai,south,under_construction,Asalpha,yes,Bandra Kurla Complex,3.66,blue,8.09,yes,no,False,Shitala Devi Mandir,0.59,3-6km,7,Mahim Junction,0.21,5.92,65,72,9,19.0389719,72.8475766,11.21,G/N Ward,Maharashtra,1,2022-04-28,2022-04-28,low,Mahim Railway FOB,highway/construction,in Mahim West,2022,2022-04-13
in Matunga West,Mumbai,south,under_construction,Asalpha,yes,Lower Parel Business District,3.48,blue,9.0,yes,no,False,Shitala Devi Mandir,0.76,3-6km,6,Matunga Road,0.56,6.81,84,82,11,19.0317259,72.8433917,10.37,G/N Ward,Maharashtra,1,2022-07-07,2022-07-07,high,Matunga West,place/suburb,in Matunga West,2022,2022-04-13
in Mira Road,Mumbai,north,none,Kandarpada,no,Mindspace Malad,10.97,yellow,2.85,no,no,True,Kashigaon,2.58,6km+,0,Mira Road,0.0,21.31,8,40,5,19.2816975,72.8560676,38.19,Mira,Maharashtra,1,2022-05-31,2022-05-31,medium,Mira Road,railway/station,in Mira Road,2022,2022-04-13
in Santacruz East,Mumbai,west,under_construction,Western Express Highway,yes,Bandra Kurla Complex,3.55,blue,4.04,yes,no,False,Santacruz,1.18,3-6km,10,Santa Cruz,0.57,2.77,22,60,9,19.0844004,72.8372899,16.19,H/W Ward,Maharashtra,1,2022-07-07,2022-07-07,high,Santacruz West,place/suburb,in Santacruz East,2022,2022-04-13
in Sion,Mumbai,south,under_construction,Ghatkopar L1,yes,Bandra Kurla Complex,2.7,blue,6.63,yes,no,False,Dharavi,1.69,0-3km,6,Sion,0.47,5.27,35,42,3,19.0428153,72.8653563,11.99,F/N Ward,Maharashtra,1,2022-06-21,2022-06-21,high,Sion East,place/suburb,in Sion,2022,2022-04-13
"India Bulls Sky Forest, Lower Parel",Mumbai,south,under_construction,Ghatkopar L1,yes,Lower Parel Business District,0.0,blue,12.39,yes,no,False,Worli,1.32,0-3km,3,Prabhadevi,0.77,10.28,50,55,8,19.0029881,72.8303219,7.16,G/S Ward,Maharashtra,1,2022-07-06,2022-07-06,high,Lower Parel,place/suburb,Lower Parel,2022,2022-04-13
"Indiabulls Blu, Worli",Mumbai,south,under_construction,Western Express Highway,yes,Lower Parel Business District,1.63,blue,12.27,yes,no,False,Worli,0.38,0-3km,4,Prabhadevi,1.95,9.92,31,22,6,19.0117388,72.8178706,8.32,G/S Ward,Maharashtra,3,2022-06-15,2022-07-09,high,Worli,place/suburb,Worli,2022,2022-04-13
"Indiabulls Blu, Worli Naka Acharaya Atre Chowk",Mumbai,south,under_construction,Asalpha,yes,Lower Parel Business District,1.18,blue,13.48,yes,no,False,Acharya Atre Chowk,0.31,0-3km,2,Lower Parel,1.03,11.21,32,24,6,18.9975609,72.820681,6.71,G/S Ward,Maharashtra,1,2022-06-08,2022-06-08,medium,Indiabulls Blu,landuse/residential,Indiabulls Blu,2022,2022-04-13
"Indraprastha CHS, Bhayandar East",Mumbai,north,none,Anand Nagar,no,Mindspace Malad,13.0,yellow,4.74,no,no,True,Kashigaon,3.19,6km+,0,Bhayandar,1.45,23.28,10,68,4,19.2994639,72.860512,40.19,Bhayander East,Maharashtra,1,2022-06-22,2022-06-22,medium,Sonam Madhuban CHS,landuse/residential,Indraprastha CHS Bhayandar East,2022,2022-04-13
"Insignia, Bandra East",Mumbai,south,under_construction,Chakala - J.B. Nagar,yes,Bandra Kurla Complex,1.78,blue,5.91,yes,no,False,Bandra Kurla Complex (BKC),0.52,0-3km,7,Bandra Terminus,0.9,3.46,30,51,7,19.0616565,72.8498111,13.74,H/E Ward,Maharashtra,2,2022-05-14,2022-05-18,high,Bandra East,place/suburb,Insignia Bandra East,2022,2022-04-13
"Insignia, Bandra Kurla Complex",Mumbai,south,under_construction,Asalpha,yes,Bandra Kurla Complex,0.0,blue,4.47,yes,no,False,Bandra Kurla Complex (BKC),1.36,0-3km,11,Kurla,1.44,2.58,18,42,5,19.067115,72.8657245,14.62,H/E Ward,Maharashtra,1,2022-07-09,2022-07-09,high,Bandra Kurla Complex,place/suburb,Insignia Bandra Kurla Complex,2022,2022-04-13
Irla,Mumbai,west,operational,Andheri L1,yes,SEEPZ Andheri East,2.29,blue,2.35,yes,yes,True,CSMI Airport Domestic T1,1.87,0-3km,14,Vile Parle,0.67,2.93,39,87,12,19.1020313,72.8380464,18.15,K/W Ward,Maharashtra,2,2022-06-23,2022-07-04,low,Irla Nala,waterway/stream,Irla,2022,2022-04-13
"Irla, Vile Parle West",Mumbai,west,operational,Andheri L1,yes,SEEPZ Andheri East,1.4,blue,1.49,yes,yes,True,Gundavali,1.4,0-3km,14,Vile Parle,0.91,2.84,42,90,8,19.1080937,72.8436845,18.84,K/W Ward,Maharashtra,1,2022-06-02,2022-06-02,high,Irla Gaon,place/neighbourhood,Irla Vile Parle West,2022,2022-04-13
"Ishwardas Bhuvan CHS, Kandivali East",Mumbai,north,operational,Poisar,yes,Mindspace Malad,3.26,red,0.19,yes,yes,True,Poisar,0.19,3-6km,1,Kandivali,1.15,12.79,14,67,10,19.2051958,72.8626165,29.76,R/S Ward,Maharashtra,1,2022-05-10,2022-05-10,high,Kandivali East,place/suburb,Kandivali East,2022,2022-04-13
"Island City Centre, Dadar East",Mumbai,south,under_construction,Ghatkopar L1,yes,Lower Parel Business District,2.63,blue,9.76,yes,no,False,Dadar,0.97,0-3km,5,Dadar,0.51,7.96,85,96,10,19.0200578,72.8475907,9.13,F/N Ward,Maharashtra,1,2022-06-13,2022-06-13,high,Dadar Hindu Colony,place/neighbourhood,Dadar East,2022,2022-04-13
"Island City Centre, Dadar TT Circle",Mumbai,south,under_construction,Ghatkopar L1,yes,Lower Parel Business District,2.27,blue,10.4,yes,no,False,Dadar,1.84,0-3km,3,Naigaon,0.29,8.93,58,72,5,19.0107699,72.8502685,8.15,F/S Ward,Maharashtra,1,2022-06-15,2022-06-15,medium,Island City Center (ICC),landuse/residential,Island City Centre,2022,2022-04-13
"Ivory Tower, Prabhadevi",Mumbai,south,under_construction,Asalpha,yes,Lower Parel Business District,1.35,blue,11.48,yes,no,False,Siddhivinayak Temple,0.33,0-3km,4,Prabhadevi,1.17,9.14,47,48,5,19.0148811,72.8279556,8.5,G/S Ward,Maharashtra,1,2022-06-23,2022-06-23,high,Prabhadevi,place/suburb,Prabhadevi,2022,2022-04-13
Jacob Circle,Mumbai,south,under_construction,Ghatkopar L1,yes,Lower Parel Business District,2.22,blue,14.23,yes,no,False,Mahalaxmi,0.52,0-3km,2,Sant Gadge Maharaj Chowk,0.0,12.44,44,46,9,18.9830921,72.8285867,4.98,G/S Ward,Maharashtra,1,2022-07-09,2022-07-09,medium,Sant Gadge Maharaj Chowk,railway/station,Jacob Circle,2022,2022-04-13
Jankalyan Nagar,Mumbai,east,operational,Chakala - J.B. Nagar,yes,MIDC Andheri East,1.35,blue,0.58,yes,yes,True,Sahar Road,0.56,0-3km,16,Vile Parle,2.55,1.91,16,32,2,19.1068579,72.8671624,18.98,K/E Ward,Maharashtra,1,2022-07-07,2022-07-07,low,Jankalyan Sahkari Bank Ltd,amenity/bank,Jankalyan Nagar,2022,2022-04-13
JB Nagar,Mumbai,east,operational,Chakala - J.B. Nagar,yes,MIDC Andheri East,0.86,blue,0.0,yes,yes,True,Chakala - J.B. Nagar,0.0,0-3km,19,Andheri,2.38,2.48,16,46,3,19.112036,72.8676217,19.56,K/E Ward,Maharashtra,1,2022-05-26,2022-05-26,medium,Chakala - J.B. Nagar,railway/station,JB Nagar,2022,2022-04-13
JL Tambe Nagar,Mumbai,south,under_construction,Chakala - J.B. Nagar,yes,Bandra Kurla Complex,2.03,blue,6.18,yes,no,False,Bandra Kurla Complex (BKC),0.7,0-3km,7,Bandra Terminus,0.79,3.74,32,52,8,19.0596098,72.8481016,13.5,H/E Ward,Maharashtra,1,2022-05-08,2022-05-08,low,Bhai Dhondu Tambe Marg,highway/residential,JL Tambe Nagar,2022,2022-04-13
Juhu,Mumbai,west,operational,D. N. Nagar,yes,SEEPZ Andheri East,2.97,blue,2.38,yes,yes,True,D. N. Nagar,2.38,0-3km,12,Vile Parle,1.9,4.16,21,41,6,19.1070215,72.8275275,18.72,K/W Ward,Maharashtra,4,2022-05-28,2022-06-30,high,Juhu,place/suburb,Juhu,2022,2022-04-13
Juhu Tara,Mumbai,west,under_construction,Andheri L1,yes,SEEPZ Andheri East,4.11,blue,4.18,yes,no,False,Santacruz,2.34,3-6km,6,Santa Cruz,1.72,3.74,25,37,8,19.0889608,72.8273652,16.72,K/W Ward,Maharashtra,1,2022-07-09,2022-07-09,low,Juhu Tara Road,highway/secondary,Juhu Tara,2022,2022-04-13
Juhu Versova Link Road,Mumbai,west,operational,D. N. Nagar,yes,SEEPZ Andheri East,3.07,blue,0.85,yes,yes,True,D. N. Nagar,0.85,3-6km,12,Andheri,2.19,5.27,27,70,13,19.1219328,72.8257301,20.39,K/W Ward,Maharashtra,1,2022-07-06,2022-07-06,medium,Juhu Versova Link Road,highway/bus_stop,Juhu Versova Link Road,2022,2022-04-13
"Jumbo Darshan , Andheri East",Mumbai,west,operational,Western Express Highway,yes,SEEPZ Andheri East,0.0,blue,0.23,yes,yes,True,Gundavali,0.18,0-3km,15,Andheri,0.92,3.0,36,92,5,19.1158835,72.854202,19.79,K/E Ward,Maharashtra,1,2022-07-04,2022-07-04,high,Andheri East,place/suburb,Andheri East,2022,2022-04-13
"Juveria Apartment, Mazgaon",Mumbai,south,under_construction,Ghatkopar L1,yes,Lower Parel Business District,3.85,blue,14.81,yes,no,False,Mahalaxmi,1.93,3-6km,1,Dockyard Road,0.48,13.59,24,37,4,18.9697337,72.8406201,3.48,E Ward,Maharashtra,1,2022-05-28,2022-05-28,high,Mazgaon,place/suburb,Mazgaon,2022,2022-04-13
JVPD Scheme,Mumbai,west,operational,D. N. Nagar,yes,SEEPZ Andheri East,2.55,blue,1.9,yes,yes,True,D. N. Nagar,1.9,0-3km,12,Vile Parle,1.9,4.14,33,73,9,19.1111705,72.8304076,19.17,K/W Ward,Maharashtra,7,2022-04-13,2022-07-09,high,JVPD Scheme,place/neighbourhood,JVPD Scheme,2022,2022-04-13
"K Raheja Maple Leaf, Powai",Mumbai,east,none,Saki Naka,yes,Hiranandani Business Park Powai,0.89,blue,2.65,no,no,True,Saki Naka,2.65,0-3km,16,Vikhroli,2.32,5.65,23,17,20,19.1187195,72.9073476,21.39,S Ward,Maharashtra,2,2022-06-01,2022-07-06,high,Powai,place/suburb,Powai,2022,2022-04-13
"Kabra Centroid, Kalina",Mumbai,south,under_construction,Airport Road,yes,Bandra Kurla Complex,1.43,blue,3.69,yes,no,False,Santacruz,1.49,0-3km,16,Santa Cruz,2.07,1.22,14,26,3,19.079273,72.8612672,15.85,H/E Ward,Maharashtra,1,2022-06-02,2022-06-02,high,Kalina,place/suburb,Kalina,2022,2022-04-13
"Kabra Centroid, Santacruz East",Mumbai,unknown,unknown,unknown,unknown,unknown,,unknown,,unknown,unknown,,unknown,,unknown,,unknown,,,,,,,,,,,1,2022-06-25,2022-06-25,none,,,,2022,2022-04-13
"Kabra Metro One, Seven Bungalows",Mumbai,west,operational,Versova,yes,SEEPZ Andheri East,3.78,blue,0.05,yes,yes,True,Versova,0.05,3-6km,9,Andheri,2.86,6.2,27,57,18,19.1297617,72.8213781,21.29,K/W Ward,Maharashtra,1,2022-06-25,2022-06-25,high,Seven Bungalows,place/neighbourhood,Seven Bungalows,2022,2022-04-13
"Kailash Tower, Nalasopara",Mumbai,north,none,Kandarpada,no,Mindspace Malad,26.38,yellow,18.49,no,no,True,Kashigaon,17.1,6km+,0,Nalla Sopara,0.29,37.0,4,42,6,19.4203577,72.8194857,53.57,Vasai-Virar,Maharashtra,1,2022-06-20,2022-06-20,low,Nala Sopara,place/borough,Nalasopara,2022,2022-04-13
"Kailash Tower, Powai",Mumbai,east,none,Saki Naka,yes,Hiranandani Business Park Powai,0.89,blue,2.65,no,no,True,Saki Naka,2.65,0-3km,16,Vikhroli,2.32,5.65,23,17,20,19.1187195,72.9073476,21.39,S Ward,Maharashtra,1,2022-06-04,2022-06-04,high,Powai,place/suburb,Powai,2022,2022-04-13
Kalina,Mumbai,south,under_construction,Airport Road,yes,Bandra Kurla Complex,1.43,blue,3.69,yes,no,False,Santacruz,1.49,0-3km,16,Santa Cruz,2.07,1.22,14,26,3,19.079273,72.8612672,15.85,H/E Ward,Maharashtra,3,2022-05-26,2022-06-04,high,Kalina,place/suburb,Kalina,2022,2022-04-13
"Kalpataru Antariksha, Prabhadevi",Mumbai,south,under_construction,Asalpha,yes,Lower Parel Business District,1.35,blue,11.48,yes,no,False,Siddhivinayak Temple,0.33,0-3km,4,Prabhadevi,1.17,9.14,47,48,5,19.0148811,72.8279556,8.5,G/S Ward,Maharashtra,1,2022-07-09,2022-07-09,high,Prabhadevi,place/suburb,Prabhadevi,2022,2022-04-13
"Kalpataru Crest, Bhandup West",Mumbai,east,none,Saki Naka,yes,Godrej One Vikhroli,4.64,blue,6.78,no,no,True,Aarey JVLR,5.5,3-6km,6,Bhandup,0.55,9.73,20,42,4,19.1462636,72.9339461,25.29,S Ward,Maharashtra,2,2022-07-06,2022-07-06,high,Bhandup West,place/suburb,Bhandup West,2022,2022-04-13
"Kalpataru Towers, Akurli Nagar",Mumbai,north,operational,Akurli,yes,Mindspace Malad,2.69,red,0.42,yes,yes,True,Akurli,0.42,0-3km,1,Kandivali,0.8,12.39,20,79,10,19.2015406,72.8588123,29.32,R/S Ward,Maharashtra,1,2022-07-09,2022-07-09,low,Akurli Road,highway/tertiary,Akurli Nagar,2022,2022-04-13
Kamla Nagar,Mumbai,north,operational,Dahanukarwadi,yes,Mindspace Malad,2.34,yellow,0.88,yes,yes,True,Dahanukarwadi,0.88,0-3km,1,Kandivali,0.91,12.94,25,97,8,19.2050008,72.8431141,29.61,R/S Ward,Maharashtra,1,2022-05-23,2022-05-23,low,Kamla Nagar,building/apartments,Kamla Nagar,2022,2022-04-13
"Kanakia Hollywood, Sai Nagar",Mumbai,east,none,Saki Naka,yes,Hiranandani Business Park Powai,4.63,blue,6.43,no,no,True,Aarey JVLR,4.81,3-6km,5,Bhandup,1.44,9.29,38,35,3,19.1490182,72.9257057,25.23,S Ward,Maharashtra,1,2022-07-09,2022-07-09,high,Sai Nagar,place/neighbourhood,Sai Nagar,2022,2022-04-13
"Kanakia Levels, Malad East",Mumbai,north,operational,Kurar,yes,Mindspace Malad,1.6,red,0.27,yes,yes,True,Kurar,0.27,0-3km,3,Malad,0.82,10.68,19,95,8,19.1860219,72.8563181,27.58,P/N Ward,Maharashtra,2,2022-07-06,2022-07-06,high,Malad East,place/suburb,Malad East,2022,2022-04-13
"Kanakia Paris, Bandra Kurla Complex",Mumbai,south,under_construction,Asalpha,yes,Bandra Kurla Complex,0.0,blue,4.47,yes,no,False,Bandra Kurla Complex (BKC),1.36,0-3km,11,Kurla,1.44,2.58,18,42,5,19.067115,72.8657245,14.62,H/E Ward,Maharashtra,2,2022-06-28,2022-07-08,high,Bandra Kurla Complex,place/suburb,Bandra Kurla Complex,2022,2022-04-13
"Kanakia Rainforest, Andheri East",Mumbai,west,operational,Western Express Highway,yes,SEEPZ Andheri East,0.0,blue,0.23,yes,yes,True,Gundavali,0.18,0-3km,15,Andheri,0.92,3.0,36,92,5,19.1158835,72.854202,19.79,K/E Ward,Maharashtra,1,2022-06-16,2022-06-16,high,Andheri East,place/suburb,Andheri East,2022,2022-04-13
"Kanakia Rainforest, Marol",Mumbai,east,operational,Airport Road,yes,MIDC Andheri East,0.53,blue,0.6,yes,yes,True,MIDC - Andheri,0.53,0-3km,21,Andheri,3.33,3.11,13,46,5,19.1144347,72.8776145,20.03,K/E Ward,Maharashtra,1,2022-06-17,2022-06-17,high,Marol Village,place/neighbourhood,Marol,2022,2022-04-13
"Kanakia Sanskruti, Thakur Complex",Mumbai,north,operational,Magathane,yes,Mindspace Malad,3.88,red,0.67,yes,yes,True,Magathane,0.67,3-6km,0,Kandivali,1.54,13.47,6,59,12,19.2112442,72.8643107,30.45,R/S Ward,Maharashtra,1,2022-05-27,2022-05-27,medium,Thakur Complex,landuse/residential,Thakur Complex,2022,2022-04-13
"Kanakia Sevens, Andheri East",Mumbai,west,operational,Western Express Highway,yes,SEEPZ Andheri East,0.0,blue,0.23,yes,yes,True,Gundavali,0.18,0-3km,15,Andheri,0.92,3.0,36,92,5,19.1158835,72.854202,19.79,K/E Ward,Maharashtra,1,2022-06-23,2022-06-23,high,Andheri East,place/suburb,Andheri East,2022,2022-04-13
"Kanakia Sevens, Marol Maroshi Road",Mumbai,east,operational,Marol Naka L1,yes,MIDC Andheri East,1.52,blue,0.56,yes,yes,True,Marol Naka L1,0.56,0-3km,20,Vidyavihar,3.49,3.08,11,42,11,19.1086855,72.8847413,19.59,K/E Ward,Maharashtra,1,2022-05-19,2022-05-19,medium,Kanakia Sevens,landuse/residential,Kanakia Sevens,2022,2022-04-13
Kandivali East,Mumbai,north,operational,Poisar,yes,Mindspace Malad,3.26,red,0.19,yes,yes,True,Poisar,0.19,3-6km,1,Kandivali,1.15,12.79,14,67,10,19.2051958,72.8626165,29.76,R/S Ward,Maharashtra,2,2022-05-05,2022-07-07,high,Kandivali East,place/suburb,Kandivali East,2022,2022-04-13
Kandivali West,Mumbai,north,operational,Dahanukarwadi,yes,Mindspace Malad,2.4,yellow,0.54,yes,yes,True,Dahanukarwadi,0.54,0-3km,1,Kandivali,1.25,13.05,25,98,10,19.2055321,72.8399273,29.66,R/S Ward,Maharashtra,6,2022-04-29,2022-07-07,high,Kandivali West,place/suburb,Kandivali West,2022,2022-04-13
Kanjurmarg East,Mumbai,east,none,Jagruti Nagar,yes,Godrej One Vikhroli,2.37,blue,5.21,no,no,True,Jagruti Nagar,5.21,0-3km,6,Kanjur Marg,1.23,8.81,11,17,4,19.1240536,72.9386742,23.28,S Ward,Maharashtra,3,2022-04-29,2022-06-16,low,Kanjurmarg Bypass Road,highway/trunk,Kanjurmarg East,2022,2022-04-13
Kanjurmarg West,Mumbai,east,none,Jagruti Nagar,yes,Godrej One Vikhroli,3.04,blue,5.14,no,no,True,Aarey JVLR,4.52,3-6km,6,Kanjur Marg,0.39,8.22,42,45,13,19.1321171,72.9273332,23.57,S Ward,Maharashtra,1,2022-07-09,2022-07-09,medium,Dockyard kanjurmarg St,highway/bus_stop,Kanjurmarg West,2022,2022-04-13
"Kanungos Garden City, Mira Road East",Mumbai,north,none,Anand Nagar,no,Mindspace Malad,12.9,yellow,4.49,no,no,True,Kashigaon,2.65,6km+,0,Bhayandar,2.0,23.06,10,62,4,19.2975579,72.8662931,40.02,Mira,Maharashtra,1,2022-07-07,2022-07-07,medium,Kanungo's Garden City,landuse/residential,Kanungos Garden City,2022,2022-04-13
"Kaustubh Platinum, Datta Pada",Mumbai,north,none,Kandarpada,no,Mindspace Malad,28.7,yellow,20.76,no,no,True,Kashigaon,19.16,6km+,0,Virar,1.99,39.3,0,20,0,19.441645,72.8240682,55.93,Virar East,Maharashtra,1,2022-06-11,2022-06-11,low,Datta Mandir,amenity/place_of_worship,Datta Pada,2022,2022-04-13
"Kenmore Apartment, Lokhandwala Complex",Mumbai,west,operational,Versova,yes,Nirlon Knowledge Park,3.29,blue,1.47,yes,yes,True,Lower Oshiwara,0.79,3-6km,7,Jogeshwari (Harbour Line),2.62,7.13,28,67,21,19.1430985,72.8246055,22.75,K/W Ward,Maharashtra,1,2022-05-31,2022-05-31,high,Lokhandwala Complex,place/neighbourhood,Lokhandwala Complex,2022,2022-04-13
"Keshav Srishti, Bhandup West",Mumbai,east,none,Saki Naka,yes,Godrej One Vikhroli,4.64,blue,6.78,no,no,True,Aarey JVLR,5.5,3-6km,6,Bhandup,0.55,9.73,20,42,4,19.1462636,72.9339461,25.29,S Ward,Maharashtra,1,2022-07-07,2022-07-07,high,Bhandup West,place/suburb,Bhandup West,2022,2022-04-13
Ketki Pada,Mumbai,north,under_construction,Aarey,yes,Nirlon Knowledge Park,1.77,red,2.88,yes,no,False,Jogeshwari (East),1.16,0-3km,15,Jogeshwari (Harbour Line),1.79,6.04,8,37,2,19.144403,72.8661454,23.09,P/S Ward,Maharashtra,1,2022-05-02,2022-05-02,high,Ketli Pada,place/neighbourhood,Ketki Pada,2022,2022-04-13
Khar,Mumbai,west,under_construction,Western Express Highway,yes,Bandra Kurla Complex,3.42,blue,5.38,yes,no,False,Santacruz,1.6,3-6km,7,Khar Road,0.81,3.65,44,71,11,19.0724575,72.8337068,14.86,H/W Ward,Maharashtra,1,2022-05-18,2022-05-18,high,Khar,place/suburb,Khar,2022,2022-04-13
Khar West,Mumbai,south,under_construction,Western Express Highway,yes,Bandra Kurla Complex,2.94,blue,6.22,yes,no,False,Bandra Colony,1.43,0-3km,7,Bandra Terminus,0.33,4.01,46,66,10,19.0626563,72.8381745,13.78,H/W Ward,Maharashtra,12,2022-05-14,2022-07-07,medium,Western Railway Employee Colony Bandra West,landuse/residential,Khar West,2022,2022-04-13
Kings Circle,Mumbai,south,under_construction,Ghatkopar L1,yes,Bandra Kurla Complex,4.03,blue,8.09,yes,no,False,Shitala Devi Mandir,1.82,3-6km,7,King's Circle,0.0,6.52,77,75,7,19.0316822,72.8577375,10.59,F/N Ward,Maharashtra,1,2022-05-14,2022-05-14,medium,King's Circle,railway/station,Kings Circle,2022,2022-04-13
"Kohinoor City Phase II, Holly Cross Church Chowk",Mumbai,east,operational,Asalpha,yes,Bandra Kurla Complex,2.32,blue,2.35,yes,yes,True,Asalpha,2.35,0-3km,12,Lokmanya Tilak Terminus,1.17,2.7,19,32,14,19.0775039,72.8848272,16.28,L Ward,Maharashtra,1,2022-06-27,2022-06-27,low,Kohinoor City Phase 2,building/apartments,Kohinoor City Phase II,2022,2022-04-13
"Kolte Patil Jai Vijay, New Airport Colony",Mumbai,south,operational,Western Express Highway,yes,SEEPZ Andheri East,1.23,blue,1.22,yes,yes,True,Sahar Road,1.03,0-3km,16,Vile Parle,1.37,1.8,29,76,5,19.1049416,72.8558663,18.6,K/E Ward,Maharashtra,1,2022-07-09,2022-07-09,medium,New Airport Colony,landuse/residential,New Airport Colony,2022,2022-04-13
Kurla,Mumbai,south,under_construction,Asalpha,yes,Bandra Kurla Complex,1.45,blue,3.83,yes,no,False,Chembur,1.88,0-3km,9,Kurla,0.0,3.26,15,55,7,19.0652797,72.8793805,14.8,L Ward,Maharashtra,1,2022-06-27,2022-06-27,medium,Kurla,railway/station,Kurla,2022,2022-04-13
Kurla West,Mumbai,south,under_construction,Asalpha,yes,Bandra Kurla Complex,1.15,blue,3.64,yes,no,False,Chembur,2.34,0-3km,10,Kurla,0.46,2.79,18,49,8,19.0686026,72.876583,15.07,L Ward,Maharashtra,2,2022-04-28,2022-05-27,high,Kurla West,place/suburb,Kurla West,2022,2022-04-13
"Kyraa Ariso Apartment, Chembur",Mumbai,east,under_construction,Ghatkopar L1,yes,Bandra Kurla Complex,3.65,blue,3.7,yes,no,False,Diamond Garden,0.53,3-6km,5,VNP & RC Marg Junction,0.46,5.39,32,81,13,19.054818,72.8979713,14.48,M/W Ward,Maharashtra,1,2022-05-22,2022-05-22,high,Chembur,place/suburb,Chembur,2022,2022-04-13
"L Nagpal Ruby, Turner Road",Mumbai,south,under_construction,Western Express Highway,yes,Bandra Kurla Complex,3.3,blue,6.66,yes,no,False,Bandra Colony,1.88,3-6km,7,Bandra,0.71,4.48,47,58,10,19.0593654,72.8353675,13.41,Bandra West,Maharashtra,1,2022-07-08,2022-07-08,low,Gurunanak Marg,highway/secondary,Turner Road,2022,2022-04-13
"L&T Emerald Isle, Chandivali",Mumbai,east,operational,Saki Naka,yes,Hiranandani Business Park Powai,1.44,blue,0.93,yes,yes,True,Saki Naka,0.93,0-3km,19,Ghatkopar,2.98,3.94,14,36,13,19.1091482,72.8945793,19.94,L Ward,Maharashtra,1,2022-05-13,2022-05-13,high,Chandivali,place/suburb,Chandivali,2022,2022-04-13
"L&T Emerald Isle, Powai",Mumbai,east,none,Saki Naka,yes,Hiranandani Business Park Powai,0.89,blue,2.65,no,no,True,Saki Naka,2.65,0-3km,16,Vikhroli,2.32,5.65,23,17,20,19.1187195,72.9073476,21.39,S Ward,Maharashtra,6,2022-05-27,2022-07-09,high,Powai,place/suburb,Powai,2022,2022-04-13
"Lady Ratan Tower, Worli",Mumbai,south,under_construction,Western Express Highway,yes,Lower Parel Business District,1.63,blue,12.27,yes,no,False,Worli,0.38,0-3km,4,Prabhadevi,1.95,9.92,31,22,6,19.0117388,72.8178706,8.32,G/S Ward,Maharashtra,1,2022-06-27,2022-06-27,high,Worli,place/suburb,Worli,2022,2022-04-13
"Lake Bloom, Powai",Mumbai,east,none,Saki Naka,yes,Hiranandani Business Park Powai,0.89,blue,2.65,no,no,True,Saki Naka,2.65,0-3km,16,Vikhroli,2.32,5.65,23,17,20,19.1187195,72.9073476,21.39,S Ward,Maharashtra,1,2022-06-10,2022-06-10,high,Powai,place/suburb,Powai,2022,2022-04-13
"Lake Florence, Powai",Mumbai,east,none,Saki Naka,yes,Hiranandani Business Park Powai,0.89,blue,2.65,no,no,True,Saki Naka,2.65,0-3km,16,Vikhroli,2.32,5.65,23,17,20,19.1187195,72.9073476,21.39,S Ward,Maharashtra,1,2022-07-06,2022-07-06,high,Powai,place/suburb,Powai,2022,2022-04-13
"Lake Homes, Powai",Mumbai,east,none,Saki Naka,yes,Hiranandani Business Park Powai,0.89,blue,2.65,no,no,True,Saki Naka,2.65,0-3km,16,Vikhroli,2.32,5.65,23,17,20,19.1187195,72.9073476,21.39,S Ward,Maharashtra,1,2022-07-09,2022-07-09,high,Powai,place/suburb,Powai,2022,2022-04-13
"Lake Primrose, Chandivali",Mumbai,east,operational,Saki Naka,yes,Hiranandani Business Park Powai,1.44,blue,0.93,yes,yes,True,Saki Naka,0.93,0-3km,19,Ghatkopar,2.98,3.94,14,36,13,19.1091482,72.8945793,19.94,L Ward,Maharashtra,1,2022-05-27,2022-05-27,high,Chandivali,place/suburb,Chandivali,2022,2022-04-13
"Lake Primrose, Powai",Mumbai,east,none,Saki Naka,yes,Hiranandani Business Park Powai,0.89,blue,2.65,no,no,True,Saki Naka,2.65,0-3km,16,Vikhroli,2.32,5.65,23,17,20,19.1187195,72.9073476,21.39,S Ward,Maharashtra,1,2022-06-20,2022-06-20,high,Powai,place/suburb,Powai,2022,2022-04-13
"Lake Superior, Powai",Mumbai,east,none,Saki Naka,yes,Hiranandani Business Park Powai,0.89,blue,2.65,no,no,True,Saki Naka,2.65,0-3km,16,Vikhroli,2.32,5.65,23,17,20,19.1187195,72.9073476,21.39,S Ward,Maharashtra,1,2022-06-12,2022-06-12,high,Powai,place/suburb,Powai,2022,2022-04-13
"Laksharia Tower, Andheri West",Mumbai,west,operational,Azad Nagar,yes,SEEPZ Andheri East,2.13,blue,1.14,yes,yes,True,Azad Nagar,1.14,0-3km,13,Andheri,1.34,4.28,33,91,15,19.1172495,72.833968,19.84,K/W Ward,Maharashtra,1,2022-06-27,2022-06-27,high,Andheri West,place/suburb,Andheri West,2022,2022-04-13
"Lakshchandi Height, Goregaon East",Mumbai,north,operational,Aarey,yes,Nirlon Knowledge Park,1.62,red,0.37,yes,yes,True,Aarey,0.37,0-3km,5,Goregaon,0.77,8.83,14,72,6,19.1692623,72.8552548,25.71,P/S Ward,Maharashtra,1,2022-06-13,2022-06-13,high,Goregaon East,place/suburb,Goregaon East,2022,2022-04-13
Lal Baug,Mumbai,south,under_construction,Ghatkopar L1,yes,Lower Parel Business District,1.65,blue,12.45,yes,no,False,Science Centre,2.23,0-3km,2,Mint Colony,0.14,10.96,25,38,5,18.9935288,72.8424069,6.13,Parel,Maharashtra,2,2022-06-03,2022-06-20,high,Lal Baug,place/suburb,Lal Baug,2022,2022-04-13
"Leo Ratnakar, Mahavir Nagar",Mumbai,north,operational,Kandivali (West),yes,Mindspace Malad,3.46,yellow,0.12,yes,yes,True,Kandivali (West),0.12,3-6km,0,Kandivali,1.89,14.13,25,74,8,19.2149882,72.8378643,30.71,R/S Ward,Maharashtra,1,2022-06-05,2022-06-05,high,Mahavir Nagar,place/quarter,Mahavir Nagar,2022,2022-04-13
"Llyod Estate, Wadala",Mumbai,south,none,Ghatkopar L1,yes,Bandra Kurla Complex,4.6,blue,7.46,no,no,True,Dharavi,3.49,3-6km,4,Bhakti Park,0.29,7.16,16,16,0,19.0269192,72.8759337,10.69,F/N Ward,Maharashtra,1,2022-06-23,2022-06-23,high,Wadala,place/suburb,Wadala,2022,2022-04-13
Lodha Ajuro tower lalbag,Mumbai,unknown,unknown,unknown,unknown,unknown,,unknown,,unknown,unknown,,unknown,,unknown,,unknown,,,,,,,,,,,1,2022-05-18,2022-05-18,none,,,,2022,2022-04-13
"Lodha Altia, Wadala East",Mumbai,south,under_construction,Ghatkopar L1,yes,Lower Parel Business District,2.97,blue,9.65,yes,no,False,Dadar,1.88,0-3km,3,Dadar East,0.3,8.3,60,64,7,19.0158783,72.8550732,8.82,F/N Ward,Maharashtra,1,2022-07-09,2022-07-09,high,Wadala Village,place/neighbourhood,Wadala East,2022,2022-04-13
"Lodha Azzuro , Parel",Mumbai,south,under_construction,Ghatkopar L1,yes,Lower Parel Business District,1.42,blue,11.1,yes,no,False,Siddhivinayak Temple,1.47,0-3km,3,Parel,0.52,9.34,64,73,5,19.0084268,72.842505,7.78,F/S Ward,Maharashtra,2,2022-05-31,2022-06-23,high,Parel,place/suburb,Parel,2022,2022-04-13
"Lodha Bel Air, Jogeshwari West",Mumbai,west,operational,Andheri (West),yes,Nirlon Knowledge Park,2.65,yellow,1.02,yes,yes,True,Lower Oshiwara,0.76,0-3km,14,Jogeshwari (Western Line),1.21,5.8,40,82,22,19.136394,72.8373817,21.97,K/W Ward,Maharashtra,1,2022-06-28,2022-06-28,high,Jogeshwari West,place/suburb,Jogeshwari West,2022,2022-04-13
"Lodha Bellissimo, Mahalakshmi",Mumbai,south,under_construction,Ghatkopar L1,yes,Lower Parel Business District,1.96,blue,14.35,yes,no,False,Science Centre,0.34,0-3km,2,Mahalaxmi,0.95,12.15,31,32,9,18.9892129,72.8186798,5.87,G/S Ward,Maharashtra,2,2022-07-06,2022-07-09,high,Mahalakshmi,place/suburb,Mahalakshmi,2022,2022-04-13
Lodha casa rio,Mumbai,east,none,Ghatkopar L1,no,Millennium Business Park Mahape,7.75,blue,19.17,no,no,True,Sector-34,8.87,6km+,0,Nilaje,0.43,23.5,2,5,2,19.1532753,73.0764248,34.79,Nilaje,Maharashtra,1,2022-05-26,2022-05-26,low,Lodha Casa Rio Gold Road,highway/residential,Lodha casa rio,2022,2022-04-13
"Lodha Eternis, Chakala MIDC",Mumbai,east,operational,Western Express Highway,yes,SEEPZ Andheri East,0.8,blue,0.57,yes,yes,True,Western Express Highway,0.57,0-3km,16,Andheri,1.69,2.8,29,68,3,19.1152873,72.8618085,19.82,K/E Ward,Maharashtra,1,2022-07-07,2022-07-07,high,Chakala,place/neighbourhood,Chakala MIDC,2022,2022-04-13
"Lodha Fiorenza, Goregaon East",Mumbai,north,operational,Aarey,yes,Nirlon Knowledge Park,1.62,red,0.37,yes,yes,True,Aarey,0.37,0-3km,5,Goregaon,0.77,8.83,14,72,6,19.1692623,72.8552548,25.71,P/S Ward,Maharashtra,1,2022-07-09,2022-07-09,high,Goregaon East,place/suburb,Goregaon East,2022,2022-04-13
"Lodha Kiara, Worli Hill",Mumbai,south,under_construction,Western Express Highway,yes,Lower Parel Business District,1.88,blue,13.91,yes,no,False,Acharya Atre Chowk,0.45,0-3km,2,Lower Parel,1.78,11.54,19,14,6,18.9975217,72.8134128,6.93,G/S Ward,Maharashtra,2,2022-06-23,2022-07-09,low,Worli Hill Road,highway/residential,Worli Hill,2022,2022-04-13
"Lodha Marquise, Worli",Mumbai,south,under_construction,Western Express Highway,yes,Lower Parel Business District,1.63,blue,12.27,yes,no,False,Worli,0.38,0-3km,4,Prabhadevi,1.95,9.92,31,22,6,19.0117388,72.8178706,8.32,G/S Ward,Maharashtra,3,2022-05-14,2022-06-20,high,Worli,place/suburb,Worli,2022,2022-04-13
"Lodha Marquise, Worli Sea Face",Mumbai,south,under_construction,Western Express Highway,yes,Lower Parel Business District,1.74,blue,12.53,yes,no,False,Worli,0.42,0-3km,4,Prabhadevi,2.16,10.2,24,17,6,19.0100374,72.8155708,8.19,G/S Ward,Maharashtra,1,2022-07-07,2022-07-07,low,Khan Abdul Gaffar Khan Marg,highway/primary,Worli Sea Face,2022,2022-04-13
"Lodha NCP Commercial , Wadala",Mumbai,south,none,Ghatkopar L1,yes,Bandra Kurla Complex,4.6,blue,7.46,no,no,True,Dharavi,3.49,3-6km,4,Bhakti Park,0.29,7.16,16,16,0,19.0269192,72.8759337,10.69,F/N Ward,Maharashtra,1,2022-06-04,2022-06-04,high,Wadala,place/suburb,Wadala,2022,2022-04-13
"Lodha New Cuffe Parade, Bhakti Park",Mumbai,south,none,Ghatkopar L1,yes,Bandra Kurla Complex,4.6,blue,7.2,no,no,True,Chembur,3.23,3-6km,4,Bhakti Park,0.24,7.14,5,8,0,19.0278681,72.8795682,10.94,M/W Ward,Maharashtra,3,2022-06-30,2022-07-09,high,Bhakti Park,place/neighbourhood,Bhakti Park,2022,2022-04-13
"Lodha New Cuffe Parade, Wadala",Mumbai,south,none,Ghatkopar L1,yes,Bandra Kurla Complex,4.6,blue,7.46,no,no,True,Dharavi,3.49,3-6km,4,Bhakti Park,0.29,7.16,16,16,0,19.0269192,72.8759337,10.69,F/N Ward,Maharashtra,2,2022-05-30,2022-06-30,high,Wadala,place/suburb,Wadala,2022,2022-04-13
"Lodha New Cuffe Parade, Wadala East",Mumbai,south,under_construction,Ghatkopar L1,yes,Lower Parel Business District,2.97,blue,9.65,yes,no,False,Dadar,1.88,0-3km,3,Dadar East,0.3,8.3,60,64,7,19.0158783,72.8550732,8.82,F/N Ward,Maharashtra,3,2022-06-23,2022-07-09,high,Wadala Village,place/neighbourhood,Wadala East,2022,2022-04-13
"Lodha Primero, Mahalakshmi",Mumbai,south,under_construction,Ghatkopar L1,yes,Lower Parel Business District,1.96,blue,14.35,yes,no,False,Science Centre,0.34,0-3km,2,Mahalaxmi,0.95,12.15,31,32,9,18.9892129,72.8186798,5.87,G/S Ward,Maharashtra,1,2022-07-09,2022-07-09,high,Mahalakshmi,place/suburb,Mahalakshmi,2022,2022-04-13
"Lodha The Park, Worli",Mumbai,south,under_construction,Western Express Highway,yes,Lower Parel Business District,1.63,blue,12.27,yes,no,False,Worli,0.38,0-3km,4,Prabhadevi,1.95,9.92,31,22,6,19.0117388,72.8178706,8.32,G/S Ward,Maharashtra,3,2022-06-08,2022-06-16,high,Worli,place/suburb,Worli,2022,2022-04-13
"Lodha Venezia, Parel",Mumbai,south,under_construction,Ghatkopar L1,yes,Lower Parel Business District,1.42,blue,11.1,yes,no,False,Siddhivinayak Temple,1.47,0-3km,3,Parel,0.52,9.34,64,73,5,19.0084268,72.842505,7.78,F/S Ward,Maharashtra,1,2022-07-07,2022-07-07,high,Parel,place/suburb,Parel,2022,2022-04-13
"Lodha World Crest, Lower Parel",Mumbai,south,under_construction,Ghatkopar L1,yes,Lower Parel Business District,0.0,blue,12.39,yes,no,False,Worli,1.32,0-3km,3,Prabhadevi,0.77,10.28,50,55,8,19.0029881,72.8303219,7.16,G/S Ward,Maharashtra,3,2022-05-14,2022-07-09,high,Lower Parel,place/suburb,Lower Parel,2022,2022-04-13
Lokhandwala Complex,Mumbai,west,operational,Versova,yes,Nirlon Knowledge Park,3.29,blue,1.47,yes,yes,True,Lower Oshiwara,0.79,3-6km,7,Jogeshwari (Harbour Line),2.62,7.13,28,67,21,19.1430985,72.8246055,22.75,K/W Ward,Maharashtra,5,2022-06-04,2022-07-09,high,Lokhandwala Complex,place/neighbourhood,Lokhandwala Complex,2022,2022-04-13
"Lokhandwala Octacrest, Lokhandwala Twp",Mumbai,unknown,unknown,unknown,unknown,unknown,,unknown,,unknown,unknown,,unknown,,unknown,,unknown,,,,,,,,,,,1,2022-06-23,2022-06-23,none,,,,2022,2022-04-13
"lokhandwala residency, Worli",Mumbai,south,under_construction,Western Express Highway,yes,Lower Parel Business District,1.63,blue,12.27,yes,no,False,Worli,0.38,0-3km,4,Prabhadevi,1.95,9.92,31,22,6,19.0117388,72.8178706,8.32,G/S Ward,Maharashtra,2,2022-05-14,2022-06-18,high,Worli,place/suburb,Worli,2022,2022-04-13
"Lovedale Residences, Malad West",Mumbai,north,operational,Kurar,yes,Mindspace Malad,0.0,red,1.85,yes,yes,True,Malad (West),0.58,0-3km,3,Malad,0.83,10.68,24,94,13,19.1840129,72.8412155,27.27,P/N Ward,Maharashtra,1,2022-04-27,2022-04-27,high,Malad West,place/suburb,Malad West,2022,2022-04-13
Lower Parel,Mumbai,south,under_construction,Ghatkopar L1,yes,Lower Parel Business District,0.0,blue,12.39,yes,no,False,Worli,1.32,0-3km,3,Prabhadevi,0.77,10.28,50,55,8,19.0029881,72.8303219,7.16,G/S Ward,Maharashtra,4,2022-05-19,2022-07-06,high,Lower Parel,place/suburb,Lower Parel,2022,2022-04-13
"Madhugiri Society, Chembur",Mumbai,south,under_construction,Ghatkopar L1,yes,Bandra Kurla Complex,3.65,blue,4.52,yes,no,False,Chembur,0.67,3-6km,5,Fertilizer Township,0.49,5.7,28,75,9,19.0482121,72.8941022,13.64,M/W Ward,Maharashtra,1,2022-07-04,2022-07-04,high,"Navjivan Society, Chembur",place/neighbourhood,Madhugiri Society Chembur,2022,2022-04-13
"Magnum Tower CHS, Lokhandwala Complex",Mumbai,west,operational,Versova,yes,Nirlon Knowledge Park,3.29,blue,1.47,yes,yes,True,Lower Oshiwara,0.79,3-6km,7,Jogeshwari (Harbour Line),2.62,7.13,28,67,21,19.1430985,72.8246055,22.75,K/W Ward,Maharashtra,1,2022-06-27,2022-06-27,high,Lokhandwala Complex,place/neighbourhood,Lokhandwala Complex,2022,2022-04-13
Mahajan Wadi,Mumbai,east,none,Aarey,yes,Wagle Estate Thane,2.97,red,10.08,no,no,True,Azad Nagar Bus Stop,8.15,0-3km,8,Mulund,0.21,13.27,40,85,19,19.172087,72.9547352,28.81,T Ward,Maharashtra,1,2022-07-07,2022-07-07,low,Mahajan Wadi,amenity/community_centre,Mahajan Wadi,2022,2022-04-13
"Mahalaxmi CHS, Worli",Mumbai,south,under_construction,Western Express Highway,yes,Lower Parel Business District,1.63,blue,12.27,yes,no,False,Worli,0.38,0-3km,4,Prabhadevi,1.95,9.92,31,22,6,19.0117388,72.8178706,8.32,G/S Ward,Maharashtra,2,2022-06-18,2022-06-27,high,Worli,place/suburb,Worli,2022,2022-04-13
Mahatama Gandhi Road,Mumbai,east,none,Poisar,yes,Wagle Estate Thane,2.4,red,11.07,no,no,True,Azad Nagar Bus Stop,6.71,0-3km,13,Thane,1.11,14.92,36,125,13,19.1823519,72.9661409,30.37,Kopri,Maharashtra,1,2022-04-27,2022-04-27,low,Mahatama Gandhi Road,highway/secondary,Mahatama Gandhi Road,2022,2022-04-13
Mahavir Nagar,Mumbai,north,operational,Kandivali (West),yes,Mindspace Malad,3.46,yellow,0.12,yes,yes,True,Kandivali (West),0.12,3-6km,0,Kandivali,1.89,14.13,25,74,8,19.2149882,72.8378643,30.71,R/S Ward,Maharashtra,1,2022-07-09,2022-07-09,high,Mahavir Nagar,place/quarter,Mahavir Nagar,2022,2022-04-13
Mahim,Mumbai,south,under_construction,Chakala - J.B. Nagar,yes,Bandra Kurla Complex,3.87,blue,8.28,yes,no,False,Shitala Devi Mandir,0.48,3-6km,6,Mahim Junction,0.73,5.85,45,55,8,19.0423145,72.8398344,11.52,G/N Ward,Maharashtra,2,2022-07-06,2022-07-06,high,Mahim,place/suburb,Mahim,2022,2022-04-13
Mahim West,Mumbai,south,under_construction,Asalpha,yes,Bandra Kurla Complex,3.66,blue,8.09,yes,no,False,Shitala Devi Mandir,0.59,3-6km,7,Mahim Junction,0.21,5.92,65,72,9,19.0389719,72.8475766,11.21,G/N Ward,Maharashtra,4,2022-06-05,2022-07-09,low,Mahim Railway FOB,highway/construction,Mahim West,2022,2022-04-13
"Mahindra Splendour, Bhandup West",Mumbai,east,none,Saki Naka,yes,Godrej One Vikhroli,4.64,blue,6.78,no,no,True,Aarey JVLR,5.5,3-6km,6,Bhandup,0.55,9.73,20,42,4,19.1462636,72.9339461,25.29,S Ward,Maharashtra,1,2022-07-09,2022-07-09,high,Bhandup West,place/suburb,Bhandup West,2022,2022-04-13
"Mahindra Vivante, Chakala",Mumbai,east,operational,Western Express Highway,yes,SEEPZ Andheri East,0.8,blue,0.57,yes,yes,True,Western Express Highway,0.57,0-3km,16,Andheri,1.69,2.8,29,68,3,19.1152873,72.8618085,19.82,K/E Ward,Maharashtra,1,2022-05-27,2022-05-27,high,Chakala,place/neighbourhood,Chakala,2022,2022-04-13
Malabar Hill,Mumbai,south,under_construction,Ghatkopar L1,yes,Nariman Point CBD,4.06,blue,18.04,yes,no,False,Grant Road,1.64,3-6km,0,Grant Road,1.43,15.96,35,50,2,18.9581616,72.8033665,4.0,D Ward,Maharashtra,3,2022-05-14,2022-06-22,high,Malabar Hill,place/suburb,Malabar Hill,2022,2022-04-13
Malad East,Mumbai,north,operational,Kurar,yes,Mindspace Malad,1.6,red,0.27,yes,yes,True,Kurar,0.27,0-3km,3,Malad,0.82,10.68,19,95,8,19.1860219,72.8563181,27.58,P/N Ward,Maharashtra,4,2022-05-14,2022-07-09,high,Malad East,place/suburb,Malad East,2022,2022-04-13
Malad West,Mumbai,north,operational,Kurar,yes,Mindspace Malad,0.0,red,1.85,yes,yes,True,Malad (West),0.58,0-3km,3,Malad,0.83,10.68,24,94,13,19.1840129,72.8412155,27.27,P/N Ward,Maharashtra,4,2022-05-05,2022-06-23,high,Malad West,place/suburb,Malad West,2022,2022-04-13
Mamletdarwadi,Mumbai,north,operational,Kurar,yes,Mindspace Malad,0.58,red,1.54,yes,yes,True,Malad (West),0.92,0-3km,3,Malad,0.53,11.13,26,107,10,19.188589,72.8438991,27.79,P/N Ward,Maharashtra,1,2022-05-29,2022-05-29,low,Mamlatdar Wadi,amenity/townhall,Mamletdarwadi,2022,2022-04-13
"Man Opus, Kashimira",Mumbai,north,under_construction,Anand Nagar,no,Wagle Estate Thane,11.07,yellow,2.77,yes,no,False,Kashigaon,0.48,6km+,0,Mira Road,3.03,20.73,4,11,6,19.2755399,72.8841851,37.79,Mira-Bhayander,Maharashtra,1,2022-06-14,2022-06-14,high,Kashimira,place/suburb,Kashimira,2022,2022-04-13
"Man Opus, Mira Road",Mumbai,north,operational,Anand Nagar,no,Mindspace Malad,10.4,yellow,2.05,yes,yes,True,Miragaon,0.14,6km+,0,Mira Road,2.91,20.06,4,13,6,19.2697552,72.8807127,37.11,Kashimira,Maharashtra,2,2022-05-04,2022-05-23,medium,Man Opus,landuse/residential,Man Opus Mira Road,2022,2022-04-13
"Man Opus, Mira Road East",Mumbai,north,operational,Anand Nagar,no,Mindspace Malad,10.4,yellow,2.05,yes,yes,True,Miragaon,0.14,6km+,0,Mira Road,2.91,20.06,4,13,6,19.2697552,72.8807127,37.11,Kashimira,Maharashtra,1,2022-06-13,2022-06-13,medium,Man Opus,landuse/residential,Man Opus,2022,2022-04-13
"Manavsthal, Andheri East",Mumbai,west,operational,Western Express Highway,yes,SEEPZ Andheri East,0.0,blue,0.23,yes,yes,True,Gundavali,0.18,0-3km,15,Andheri,0.92,3.0,36,92,5,19.1158835,72.854202,19.79,K/E Ward,Maharashtra,1,2022-07-07,2022-07-07,high,Andheri East,place/suburb,Manavsthal Andheri East,2022,2022-04-13
"Manibhadra Avenue, Morya Nagar",Mumbai,east,none,Anand Nagar,no,Wagle Estate Thane,6.98,yellow,9.52,no,no,True,Azad Nagar Bus Stop,3.37,6km+,2,Kharbhav,5.05,21.42,8,12,5,19.2610829,72.9569184,38.04,Anand Nagar,Maharashtra,1,2022-06-20,2022-06-20,medium,KIPL Morya,landuse/residential,Morya Nagar,2022,2022-04-13
"Marathon Embryo, Bhandup West",Mumbai,east,none,Saki Naka,yes,Godrej One Vikhroli,4.64,blue,6.78,no,no,True,Aarey JVLR,5.5,3-6km,6,Bhandup,0.55,9.73,20,42,4,19.1462636,72.9339461,25.29,S Ward,Maharashtra,1,2022-07-04,2022-07-04,high,Bhandup West,place/suburb,Bhandup West,2022,2022-04-13
"Marathon Next Gen Era, Lower Parel",Mumbai,south,under_construction,Ghatkopar L1,yes,Lower Parel Business District,0.0,blue,12.39,yes,no,False,Worli,1.32,0-3km,3,Prabhadevi,0.77,10.28,50,55,8,19.0029881,72.8303219,7.16,G/S Ward,Maharashtra,1,2022-06-20,2022-06-20,high,Lower Parel,place/suburb,Lower Parel,2022,2022-04-13
"Marigold-5, Beverly Park",Mumbai,north,under_construction,Anand Nagar,no,Mindspace Malad,11.76,yellow,3.3,yes,no,False,Kashigaon,1.69,6km+,0,Mira Road,1.32,21.88,13,47,4,19.2868429,72.8673591,38.85,Mira,Maharashtra,1,2022-06-26,2022-06-26,medium,Beverly Park,highway/bus_stop,Beverly Park,2022,2022-04-13
"Marine Palace, Marine Lines",Mumbai,south,under_construction,Ghatkopar L1,yes,Nariman Point CBD,2.08,blue,18.01,yes,no,False,Kalbadevi,0.37,0-3km,0,Marine Lines,0.0,16.58,34,52,10,18.945764,72.8237193,1.45,C Ward,Maharashtra,1,2022-06-30,2022-06-30,medium,Marine Lines,railway/station,Marine Palace Marine Lines,2022,2022-04-13
Matunga East,Mumbai,south,under_construction,Ghatkopar L1,yes,Lower Parel Business District,3.45,blue,8.94,yes,no,False,Dadar,1.38,3-6km,5,Matunga,0.25,7.21,85,93,8,19.0261579,72.8520846,9.87,F/N Ward,Maharashtra,1,2022-07-06,2022-07-06,high,Matunga East,place/suburb,Matunga East,2022,2022-04-13
"Mayfair Sonata Greens, Park Site Colony",Mumbai,east,operational,Jagruti Nagar,yes,Hiranandani Business Park Powai,1.21,blue,1.66,yes,yes,True,Jagruti Nagar,1.66,0-3km,11,Vikhroli,1.8,5.56,12,48,11,19.1016318,72.9144376,19.92,N Ward,Maharashtra,1,2022-06-15,2022-06-15,high,Park Site Colony,place/neighbourhood,Park Site Colony,2022,2022-04-13
"Mayuresh Srishti, Bhandup West",Mumbai,east,none,Saki Naka,yes,Godrej One Vikhroli,4.64,blue,6.78,no,no,True,Aarey JVLR,5.5,3-6km,6,Bhandup,0.55,9.73,20,42,4,19.1462636,72.9339461,25.29,S Ward,Maharashtra,1,2022-06-27,2022-06-27,high,Bhandup West,place/suburb,Bhandup West,2022,2022-04-13
Mazgaon,Mumbai,south,under_construction,Ghatkopar L1,yes,Lower Parel Business District,3.85,blue,14.81,yes,no,False,Mahalaxmi,1.93,3-6km,1,Dockyard Road,0.48,13.59,24,37,4,18.9697337,72.8406201,3.48,E Ward,Maharashtra,3,2022-04-28,2022-06-04,high,Mazgaon,place/suburb,Mazgaon,2022,2022-04-13
Mehboob Studio,Mumbai,south,under_construction,Western Express Highway,yes,Bandra Kurla Complex,4.66,blue,7.78,yes,no,False,Shitala Devi Mandir,2.48,3-6km,5,Bandra,1.72,5.82,29,32,4,19.0529554,72.8240232,12.75,Bandra West,Maharashtra,1,2022-06-28,2022-06-28,medium,Hill Road Garden,highway/bus_stop,Mehboob Studio,2022,2022-04-13
"MHADA Century Mill, Prabhadevi",Mumbai,south,under_construction,Asalpha,yes,Lower Parel Business District,1.35,blue,11.48,yes,no,False,Siddhivinayak Temple,0.33,0-3km,4,Prabhadevi,1.17,9.14,47,48,5,19.0148811,72.8279556,8.5,G/S Ward,Maharashtra,1,2022-06-27,2022-06-27,high,Prabhadevi,place/suburb,Prabhadevi,2022,2022-04-13
"Midas Enclave CHS , Nandiadwala Colony",Mumbai,east,under_construction,Ghatkopar L1,yes,Belapur CBD,4.85,blue,17.88,yes,no,False,Khargar Village,0.59,3-6km,0,Kharghar,2.9,22.59,15,27,4,19.0483228,73.0732714,27.82,Kharghar,Maharashtra,3,2022-07-07,2022-07-07,medium,"Jal Vayu Bihar Defense Enclave CHS, Phase 2",landuse/residential,Midas Enclave CHS,2022,2022-04-13
"Midas PMGP Mhada Colony, PMGP Colony",Mumbai,south,under_construction,Asalpha,yes,Bandra Kurla Complex,1.9,blue,6.21,yes,no,False,Dharavi,1.29,0-3km,8,Sion,0.5,4.41,29,50,4,19.0505605,72.8611572,12.72,Dharavi,Maharashtra,1,2022-06-02,2022-06-02,high,PMGP Colony,place/neighbourhood,PMGP Colony,2022,2022-04-13
"MidCity Shikhar, Andheri West",Mumbai,west,operational,Azad Nagar,yes,SEEPZ Andheri East,2.13,blue,1.14,yes,yes,True,Azad Nagar,1.14,0-3km,13,Andheri,1.34,4.28,33,91,15,19.1172495,72.833968,19.84,K/W Ward,Maharashtra,1,2022-06-29,2022-06-29,high,Andheri West,place/suburb,Andheri West,2022,2022-04-13
"Milap CHS, Seven Bungalows",Mumbai,west,operational,Versova,yes,SEEPZ Andheri East,3.78,blue,0.05,yes,yes,True,Versova,0.05,3-6km,9,Andheri,2.86,6.2,27,57,18,19.1297617,72.8213781,21.29,K/W Ward,Maharashtra,1,2022-07-09,2022-07-09,high,Seven Bungalows,place/neighbourhood,Seven Bungalows,2022,2022-04-13
"Mindspace, Mindspace",Mumbai,east,none,Ghatkopar L1,yes,Vashi Business District,4.01,blue,12.79,no,no,True,CBD Belapur,3.91,3-6km,2,Juinagar,0.74,17.46,26,17,4,19.0523195,73.0241788,23.52,Juinagar,Maharashtra,2,2022-07-07,2022-07-07,low,Mindspace - Juinagar,landuse/commercial,Mindspace Mindspace,2022,2022-04-13
Mira Bhayandar,Mumbai,north,operational,Anand Nagar,no,Mindspace Malad,10.74,yellow,2.4,yes,yes,True,Miragaon,0.26,6km+,0,Mira Road,3.0,20.36,4,12,6,19.2722556,72.8828004,37.41,Kashimira,Maharashtra,1,2022-07-07,2022-07-07,low,Mira Bhayandar Road,highway/primary,Mira Bhayandar,2022,2022-04-13
Mira Road,Mumbai,north,none,Kandarpada,no,Mindspace Malad,10.97,yellow,2.85,no,no,True,Kashigaon,2.58,6km+,0,Mira Road,0.0,21.31,8,40,5,19.2816975,72.8560676,38.19,Mira,Maharashtra,4,2022-04-29,2022-06-12,medium,Mira Road,railway/station,Mira Road,2022,2022-04-13
Mira Road East,Mumbai,north,under_construction,Anand Nagar,no,Mindspace Malad,10.98,yellow,2.81,yes,no,False,Kashigaon,2.3,6km+,0,Mira Road,0.27,21.27,9,41,6,19.2813896,72.858639,38.17,Mira,Maharashtra,3,2022-06-12,2022-06-30,medium,Mira Road Station East,highway/bus_stop,Mira Road East,2022,2022-04-13
"MJ Shah Centrio, Chembur",Mumbai,east,under_construction,Ghatkopar L1,yes,Bandra Kurla Complex,3.65,blue,3.7,yes,no,False,Diamond Garden,0.53,3-6km,5,VNP & RC Marg Junction,0.46,5.39,32,81,13,19.054818,72.8979713,14.48,M/W Ward,Maharashtra,2,2022-06-12,2022-06-12,high,Chembur,place/suburb,Chembur,2022,2022-04-13
Model Town,Mumbai,east,operational,Western Express Highway,yes,MIDC Andheri East,1.83,blue,2.34,yes,yes,True,SEEPZ,0.95,0-3km,17,Jogeshwari (Western Line),2.13,4.84,13,45,2,19.1332555,72.8690288,21.91,K/E Ward,Maharashtra,1,2022-05-21,2022-05-21,high,Model Town,place/neighbourhood,Model Town,2022,2022-04-13
"Montana Giona, Moti Nagar",Mumbai,west,operational,Andheri (West),yes,Nirlon Knowledge Park,1.77,yellow,2.27,yes,yes,True,Oshiwara,0.5,0-3km,12,Ram Mandir,1.32,7.01,22,57,15,19.148587,72.8378546,23.33,K/W Ward,Maharashtra,1,2022-07-09,2022-07-09,high,Motilal Nagar I,place/neighbourhood,Moti Nagar,2022,2022-04-13
"Mount Marry, Bandra West",Mumbai,south,under_construction,Western Express Highway,yes,Bandra Kurla Complex,4.95,blue,8.25,yes,no,False,Shitala Devi Mandir,2.32,3-6km,5,Bandra,1.96,6.24,25,26,4,19.0488129,72.8227516,12.3,Bandra West,Maharashtra,1,2022-06-20,2022-06-20,high,Mount Mary,place/neighbourhood,Mount Marry Bandra West,2022,2022-04-13
"Mount Marry, Mount Mary",Mumbai,south,under_construction,Western Express Highway,yes,Bandra Kurla Complex,4.95,blue,8.25,yes,no,False,Shitala Devi Mandir,2.32,3-6km,5,Bandra,1.96,6.24,25,26,4,19.0488129,72.8227516,12.3,Bandra West,Maharashtra,1,2022-07-09,2022-07-09,high,Mount Mary,place/neighbourhood,Mount Marry Mount Mary,2022,2022-04-13
Mount Mary,Mumbai,south,under_construction,Western Express Highway,yes,Bandra Kurla Complex,4.95,blue,8.25,yes,no,False,Shitala Devi Mandir,2.32,3-6km,5,Bandra,1.96,6.24,25,26,4,19.0488129,72.8227516,12.3,Bandra West,Maharashtra,1,2022-06-20,2022-06-20,high,Mount Mary,place/neighbourhood,Mount Mary,2022,2022-04-13
"MUKTA MAHEK, Thakur Complex",Mumbai,north,operational,Magathane,yes,Mindspace Malad,3.88,red,0.67,yes,yes,True,Magathane,0.67,3-6km,0,Kandivali,1.54,13.47,6,59,12,19.2112442,72.8643107,30.45,R/S Ward,Maharashtra,2,2022-05-14,2022-06-30,medium,Thakur Complex,landuse/residential,Thakur Complex,2022,2022-04-13
Mukund Nagar,Mumbai,east,operational,Airport Road,yes,MIDC Andheri East,0.7,blue,0.22,yes,yes,True,Airport Road,0.22,0-3km,21,Andheri,2.88,2.54,10,36,5,19.111165,72.8723456,19.56,K/E Ward,Maharashtra,1,2022-06-28,2022-06-28,medium,Mukund Nagar CHS Ltd,landuse/residential,Mukund Nagar,2022,2022-04-13
Mulund East,Mumbai,east,none,Jagruti Nagar,yes,Wagle Estate Thane,3.29,blue,10.66,no,no,True,Azad Nagar Bus Stop,8.12,3-6km,13,Mulund,0.49,13.64,34,80,14,19.1704719,72.9610447,28.95,T Ward,Maharashtra,3,2022-05-27,2022-07-07,high,Mulund East,place/suburb,Mulund East,2022,2022-04-13
Mulund Railway Station,Mumbai,east,none,Aarey,yes,Wagle Estate Thane,2.83,red,10.35,no,no,True,Azad Nagar Bus Stop,7.89,0-3km,11,Mulund,0.19,13.58,41,102,16,19.1737498,72.957208,29.09,T Ward,Maharashtra,1,2022-05-19,2022-05-19,medium,Mulund Railway Station (W),highway/bus_stop,Mulund Railway Station,2022,2022-04-13
Mulund West,Mumbai,east,none,Aarey,yes,Wagle Estate Thane,2.95,red,9.71,no,no,True,Azad Nagar Bus Stop,8.29,0-3km,5,Mulund,0.58,12.99,43,86,17,19.1719717,72.9511956,28.64,T Ward,Maharashtra,7,2022-04-29,2022-06-16,high,Mulund West,place/suburb,Mulund West,2022,2022-04-13
Mumbai Central,Mumbai,south,under_construction,Ghatkopar L1,yes,Lower Parel Business District,3.89,blue,16.02,yes,no,False,Jagannath Shankar Sheth Metro,0.2,3-6km,1,Mumbai Central,0.0,14.17,64,85,7,18.9695855,72.8193152,3.82,E Ward,Maharashtra,2,2022-06-16,2022-07-09,medium,Mumbai Central,railway/station,Mumbai Central,2022,2022-04-13
"Nahar Amrit Shakti powai, Chandivali",Mumbai,east,operational,Saki Naka,yes,Hiranandani Business Park Powai,1.44,blue,0.93,yes,yes,True,Saki Naka,0.93,0-3km,19,Ghatkopar,2.98,3.94,14,36,13,19.1091482,72.8945793,19.94,L Ward,Maharashtra,3,2022-06-07,2022-07-07,high,Chandivali,place/suburb,Chandivali,2022,2022-04-13
"Nahar Jonquille and Jamaica, Chandivali",Mumbai,east,operational,Saki Naka,yes,Hiranandani Business Park Powai,1.44,blue,0.93,yes,yes,True,Saki Naka,0.93,0-3km,19,Ghatkopar,2.98,3.94,14,36,13,19.1091482,72.8945793,19.94,L Ward,Maharashtra,1,2022-05-31,2022-05-31,high,Chandivali,place/suburb,Chandivali,2022,2022-04-13
Nahur Gaothan,Mumbai,unknown,unknown,unknown,unknown,unknown,,unknown,,unknown,unknown,,unknown,,unknown,,unknown,,,,,,,,,,,1,2022-06-16,2022-06-16,none,,,,2022,2022-04-13
Naigaon East,Mumbai,north,none,Anand Nagar,no,Mindspace Malad,20.49,yellow,12.27,no,no,True,Kashigaon,10.19,6km+,0,Juichandra,1.48,30.83,1,1,0,19.3673834,72.8603139,47.73,Sukalapada,Maharashtra,1,2022-04-28,2022-04-28,low,Naigaon East Vasai Link Road,highway/tertiary,Naigaon East,2022,2022-04-13
"Nakoda Heights, Nalasopara",Mumbai,north,none,Kandarpada,no,Mindspace Malad,26.38,yellow,18.49,no,no,True,Kashigaon,17.1,6km+,0,Nalla Sopara,0.29,37.0,4,42,6,19.4203577,72.8194857,53.57,Vasai-Virar,Maharashtra,2,2022-06-02,2022-06-20,low,Nala Sopara,place/borough,Nalasopara,2022,2022-04-13
Nalasopara West,Mumbai,north,none,Kandarpada,no,Mindspace Malad,26.39,yellow,18.54,no,no,True,Kashigaon,17.22,6km+,0,Nalla Sopara,0.37,37.03,4,41,6,19.4201889,72.8160122,53.57,Nallasopara West,Maharashtra,2,2022-05-31,2022-06-02,low,Nalasopara Flyover,highway/secondary,Nalasopara West,2022,2022-04-13
Navi Mumbai-Khargar-Panvel,Mumbai,east,none,Ghatkopar L1,yes,Belapur CBD,4.16,blue,19.68,no,no,True,Belpada,3.94,3-6km,0,Mansarovar,3.2,23.98,0,0,0,18.9913513,73.0657484,24.92,Targhar,Maharashtra,1,2022-05-30,2022-05-30,low,Navi Mumbai International Airport,aeroway/aerodrome,Navi Mumbai-Khargar-Panvel,2022,2022-04-13
"Nem Vihar, Mulund West",Mumbai,east,none,Aarey,yes,Wagle Estate Thane,2.95,red,9.71,no,no,True,Azad Nagar Bus Stop,8.29,0-3km,5,Mulund,0.58,12.99,43,86,17,19.1719717,72.9511956,28.64,T Ward,Maharashtra,1,2022-04-29,2022-04-29,high,Mulund West,place/suburb,Mulund West,2022,2022-04-13
Nerul sector-3,Mumbai,east,none,Ghatkopar L1,yes,Belapur CBD,3.54,blue,12.16,no,no,True,CBD Belapur,3.57,3-6km,1,Nerul,0.94,16.61,29,22,7,19.0334948,73.0091701,21.09,Nerul West,Maharashtra,1,2022-06-11,2022-06-11,low,,building/apartments,Nerul sector-3,2022,2022-04-13
"Neumec Elegance, Lower Parel",Mumbai,south,under_construction,Ghatkopar L1,yes,Lower Parel Business District,0.0,blue,12.39,yes,no,False,Worli,1.32,0-3km,3,Prabhadevi,0.77,10.28,50,55,8,19.0029881,72.8303219,7.16,G/S Ward,Maharashtra,1,2022-05-14,2022-05-14,high,Lower Parel,place/suburb,Lower Parel,2022,2022-04-13
New Devchhaya Building,Mumbai,south,under_construction,Chakala - J.B. Nagar,yes,Bandra Kurla Complex,1.17,blue,4.6,yes,no,False,Bandra Colony,0.74,0-3km,13,Khar Road,1.73,2.13,26,40,7,19.0721792,72.8559679,14.99,H/E Ward,Maharashtra,1,2022-05-26,2022-05-26,low,New Library Building,amenity/library,New Devchhaya Building,2022,2022-04-13
new panvel,Mumbai,east,none,Ghatkopar L1,no,Belapur CBD,9.18,blue,24.69,no,no,True,Khargar Village,7.14,6km+,0,Panvel (Suburban),1.0,29.24,8,57,3,18.9993761,73.1239899,31.09,Panvel,Maharashtra,1,2022-05-06,2022-05-06,high,New Panvel,place/suburb,new panvel,2022,2022-04-13
"NG Royal Park, Kanjurmarg East",Mumbai,east,none,Jagruti Nagar,yes,Godrej One Vikhroli,2.87,blue,5.28,no,no,True,Aarey JVLR,5.03,0-3km,6,Kanjur Marg,0.48,8.55,42,45,9,19.130404,72.9322313,23.61,S Ward,Maharashtra,2,2022-06-20,2022-07-09,medium,NG Royal Park,landuse/residential,NG Royal Park Kanjurmarg East,2022,2022-04-13
"Nicon Infinity, Vasai East",Mumbai,north,none,Kandarpada,no,Mindspace Malad,26.16,yellow,18.22,no,no,True,Kashigaon,16.71,6km+,0,Nalla Sopara,0.75,36.76,2,42,6,19.4188363,72.8256898,53.39,Vasai-Virar,Maharashtra,1,2022-06-04,2022-06-04,low,Nallasopara East,place/suburb,Vasai East,2022,2022-04-13
"Nirmal Lifestyle, LBS Marg",Mumbai,east,none,Aarey,yes,Wagle Estate Thane,3.97,red,8.11,no,no,True,Aarey JVLR,6.69,3-6km,3,Nahur,1.67,11.38,40,50,7,19.1657241,72.9359176,27.36,T Ward,Maharashtra,2,2022-05-22,2022-07-09,high,Nirmal Lifestyle,place/neighbourhood,Nirmal Lifestyle,2022,2022-04-13
"Oasis, Akurli Nagar",Mumbai,east,none,Ghatkopar L1,yes,Belapur CBD,5.69,blue,17.21,no,no,True,CBD Belapur,5.9,3-6km,0,Baman-Dongri,0.77,20.94,4,0,0,18.9718949,73.0179357,19.55,Ulwe,Maharashtra,1,2022-07-07,2022-07-07,medium,Oasis Pride,landuse/residential,Oasis,2022,2022-04-13
"Oasis, Lokhandwala Twp",Mumbai,east,none,Ghatkopar L1,yes,Belapur CBD,5.69,blue,17.21,no,no,True,CBD Belapur,5.9,3-6km,0,Baman-Dongri,0.77,20.94,4,0,0,18.9718949,73.0179357,19.55,Ulwe,Maharashtra,1,2022-07-07,2022-07-07,medium,Oasis Pride,landuse/residential,Oasis,2022,2022-04-13
"Oberoi Esquire, Goregaon East",Mumbai,north,operational,Aarey,yes,Nirlon Knowledge Park,1.62,red,0.37,yes,yes,True,Aarey,0.37,0-3km,5,Goregaon,0.77,8.83,14,72,6,19.1692623,72.8552548,25.71,P/S Ward,Maharashtra,4,2022-05-17,2022-07-06,high,Goregaon East,place/suburb,Goregaon East,2022,2022-04-13
"Oberoi Exquisite II, Film City Road",Mumbai,north,operational,Aarey,yes,Nirlon Knowledge Park,2.17,red,0.59,yes,yes,True,Aarey,0.59,0-3km,3,Goregaon,1.68,9.04,15,58,4,19.1714878,72.8639635,26.05,P/S Ward,Maharashtra,1,2022-06-08,2022-06-08,medium,Oberoi Exquisite,landuse/residential,Oberoi Exquisite II,2022,2022-04-13
"Oberoi Prisma, Agarkar Chowk",Mumbai,west,operational,Andheri L1,yes,SEEPZ Andheri East,0.71,blue,0.15,yes,yes,True,Andheri L1,0.15,0-3km,15,Andheri,0.22,3.57,42,97,6,19.1192278,72.84849,20.11,K/E Ward,Maharashtra,1,2022-05-29,2022-05-29,medium,Agarkar Chowk,highway/bus_stop,Agarkar Chowk,2022,2022-04-13
"Oberoi Splendor Grande, Agarkar Chowk",Mumbai,west,operational,Andheri L1,yes,SEEPZ Andheri East,0.71,blue,0.15,yes,yes,True,Andheri L1,0.15,0-3km,15,Andheri,0.22,3.57,42,97,6,19.1192278,72.84849,20.11,K/E Ward,Maharashtra,2,2022-05-14,2022-05-19,medium,Agarkar Chowk,highway/bus_stop,Agarkar Chowk,2022,2022-04-13
"Oberoi Splendor, Agarkar Chowk",Mumbai,north,under_construction,Andheri L1,yes,Nirlon Knowledge Park,1.99,blue,2.78,yes,no,False,Jogeshwari (East),1.04,0-3km,15,Jogeshwari (Harbour Line),1.61,5.6,12,42,3,19.1404894,72.8647504,22.64,Jogeshwari East,Maharashtra,1,2022-05-19,2022-05-19,medium,Oberoi Splendor,landuse/residential,Oberoi Splendor,2022,2022-04-13
"Oberoi Splendor, JVLR-Jogeshwari Vikhroli Link Road",Mumbai,north,under_construction,Andheri L1,yes,Nirlon Knowledge Park,1.99,blue,2.78,yes,no,False,Jogeshwari (East),1.04,0-3km,15,Jogeshwari (Harbour Line),1.61,5.6,12,42,3,19.1404894,72.8647504,22.64,Jogeshwari East,Maharashtra,3,2022-05-17,2022-07-06,medium,Oberoi Splendor,landuse/residential,Oberoi Splendor JVLR-Jogeshwari Vikhroli Link Road,2022,2022-04-13
"Oberoi Springs, Andheri West",Mumbai,west,operational,Azad Nagar,yes,SEEPZ Andheri East,2.13,blue,1.14,yes,yes,True,Azad Nagar,1.14,0-3km,13,Andheri,1.34,4.28,33,91,15,19.1172495,72.833968,19.84,K/W Ward,Maharashtra,1,2022-05-14,2022-05-14,high,Andheri West,place/suburb,Andheri West,2022,2022-04-13
"Oberoi Woods, Goregaon East",Mumbai,north,operational,Aarey,yes,Nirlon Knowledge Park,1.62,red,0.37,yes,yes,True,Aarey,0.37,0-3km,5,Goregaon,0.77,8.83,14,72,6,19.1692623,72.8552548,25.71,P/S Ward,Maharashtra,1,2022-06-04,2022-06-04,high,Goregaon East,place/suburb,Goregaon East,2022,2022-04-13
"Odyssey Bhakti Park, Bhakti Park",Mumbai,south,none,Ghatkopar L1,yes,Bandra Kurla Complex,4.6,blue,7.2,no,no,True,Chembur,3.23,3-6km,4,Bhakti Park,0.24,7.14,5,8,0,19.0278681,72.8795682,10.94,M/W Ward,Maharashtra,1,2022-07-09,2022-07-09,high,Bhakti Park,place/neighbourhood,Bhakti Park,2022,2022-04-13
"Omkar 1973, Worli",Mumbai,south,under_construction,Western Express Highway,yes,Lower Parel Business District,1.63,blue,12.27,yes,no,False,Worli,0.38,0-3km,4,Prabhadevi,1.95,9.92,31,22,6,19.0117388,72.8178706,8.32,G/S Ward,Maharashtra,2,2022-07-09,2022-07-09,high,Worli,place/suburb,Worli,2022,2022-04-13
"Omkar Alta Monte, Kurar Village",Mumbai,north,operational,Dindoshi,yes,Mindspace Malad,2.06,red,0.47,yes,yes,True,Dindoshi,0.47,0-3km,3,Malad,1.34,10.35,19,85,6,19.1832505,72.8608353,27.31,P/N Ward,Maharashtra,2,2022-07-04,2022-07-04,medium,Omkar Alta Monte,landuse/residential,Omkar Alta Monte,2022,2022-04-13
"Omkar Ananta, Film City Road",Mumbai,north,operational,Aarey,yes,Nirlon Knowledge Park,3.09,red,2.12,yes,yes,True,Aarey,2.12,3-6km,3,Goregaon,3.12,8.88,9,28,0,19.1685459,72.8789711,25.95,P/N Ward,Maharashtra,1,2022-07-06,2022-07-06,low,Omkar Ananta,building/residential,Omkar Ananta Film City Road,2022,2022-04-13
"Omkar Ananta, Goregaon East",Mumbai,north,operational,Aarey,yes,Nirlon Knowledge Park,1.62,red,0.37,yes,yes,True,Aarey,0.37,0-3km,5,Goregaon,0.77,8.83,14,72,6,19.1692623,72.8552548,25.71,P/S Ward,Maharashtra,1,2022-07-06,2022-07-06,high,Goregaon East,place/suburb,Goregaon East,2022,2022-04-13
"Omkar Meridia, Bandra Kurla Complex",Mumbai,south,under_construction,Asalpha,yes,Bandra Kurla Complex,0.0,blue,4.47,yes,no,False,Bandra Kurla Complex (BKC),1.36,0-3km,11,Kurla,1.44,2.58,18,42,5,19.067115,72.8657245,14.62,H/E Ward,Maharashtra,1,2022-06-18,2022-06-18,high,Bandra Kurla Complex,place/suburb,Bandra Kurla Complex,2022,2022-04-13
Opera House,Mumbai,south,none,Ghatkopar L1,yes,Lower Parel Business District,4.03,blue,8.74,no,no,True,Dadar,2.66,3-6km,4,Acharya Atre Nagar,0.42,7.81,52,48,4,19.0199105,72.8641759,9.51,F/N Ward,Maharashtra,1,2022-06-16,2022-06-16,medium,Janak House Co-operative Society,landuse/residential,Opera House,2022,2022-04-13
"Orchid Residency, Link Road",Mumbai,north,operational,Dahanukarwadi,yes,Mindspace Malad,2.89,yellow,0.34,yes,yes,True,Dahanukarwadi,0.34,0-3km,0,Kandivali,1.88,13.57,25,74,11,19.2092686,72.8347072,30.07,R/S Ward,Maharashtra,1,2022-06-28,2022-06-28,low,Orchid Suburbia,building/apartments,Orchid Residency Link Road,2022,2022-04-13
orchid suburbia,Mumbai,north,operational,Dahanukarwadi,yes,Mindspace Malad,2.89,yellow,0.34,yes,yes,True,Dahanukarwadi,0.34,0-3km,0,Kandivali,1.88,13.57,25,74,11,19.2092686,72.8347072,30.07,R/S Ward,Maharashtra,1,2022-06-27,2022-06-27,low,Orchid Suburbia,building/apartments,orchid suburbia,2022,2022-04-13
"Orchid Suburbia, Bander Pakhadi",Mumbai,north,operational,Dahanukarwadi,yes,Mindspace Malad,2.89,yellow,0.34,yes,yes,True,Dahanukarwadi,0.34,0-3km,0,Kandivali,1.88,13.57,25,74,11,19.2092686,72.8347072,30.07,R/S Ward,Maharashtra,1,2022-05-25,2022-05-25,low,Orchid Suburbia,building/apartments,Orchid Suburbia,2022,2022-04-13
Oshiwara,Mumbai,west,operational,Andheri (West),yes,Nirlon Knowledge Park,2.07,yellow,2.37,yes,yes,True,Oshiwara,0.47,0-3km,11,Ram Mandir,1.67,7.33,24,51,16,19.1502437,72.8342294,23.51,K/W Ward,Maharashtra,3,2022-05-27,2022-06-14,high,Oshiwara,place/suburb,Oshiwara,2022,2022-04-13
Pali Hill,Mumbai,west,under_construction,Western Express Highway,yes,Bandra Kurla Complex,4.07,blue,6.45,yes,no,False,Bandra Colony,2.41,3-6km,6,Khar Road,1.42,4.7,38,48,7,19.0649126,72.8270326,14.05,H/W Ward,Maharashtra,2,2022-05-19,2022-06-20,high,Pali Hill,place/neighbourhood,Pali Hill,2022,2022-04-13
"Pali Hill Apartment, Pali Hill",Mumbai,west,under_construction,Western Express Highway,yes,Bandra Kurla Complex,4.07,blue,6.45,yes,no,False,Bandra Colony,2.41,3-6km,6,Khar Road,1.42,4.7,38,48,7,19.0649126,72.8270326,14.05,H/W Ward,Maharashtra,1,2022-06-28,2022-06-28,high,Pali Hill,place/neighbourhood,Pali Hill,2022,2022-04-13
"Panch Complex, Powai",Mumbai,east,none,Saki Naka,yes,Hiranandani Business Park Powai,0.89,blue,2.65,no,no,True,Saki Naka,2.65,0-3km,16,Vikhroli,2.32,5.65,23,17,20,19.1187195,72.9073476,21.39,S Ward,Maharashtra,1,2022-06-04,2022-06-04,high,Powai,place/suburb,Powai,2022,2022-04-13
"Panch Ritu, Chandivali",Mumbai,east,operational,Saki Naka,yes,Hiranandani Business Park Powai,1.44,blue,0.93,yes,yes,True,Saki Naka,0.93,0-3km,19,Ghatkopar,2.98,3.94,14,36,13,19.1091482,72.8945793,19.94,L Ward,Maharashtra,1,2022-06-12,2022-06-12,high,Chandivali,place/suburb,Chandivali,2022,2022-04-13
Pant Nagar,Mumbai,east,operational,Ghatkopar L1,yes,Godrej One Vikhroli,3.01,blue,0.52,yes,yes,True,Ghatkopar L1,0.52,3-6km,11,Ghatkopar,0.42,5.16,12,86,9,19.0833305,72.9115042,17.95,N Ward,Maharashtra,1,2022-06-23,2022-06-23,high,Pant Nagar,place/neighbourhood,Pant Nagar,2022,2022-04-13
"Paras Building, Sion East",Mumbai,south,under_construction,Ghatkopar L1,yes,Bandra Kurla Complex,2.7,blue,6.63,yes,no,False,Dharavi,1.69,0-3km,6,Sion,0.47,5.27,35,42,3,19.0428153,72.8653563,11.99,F/N Ward,Maharashtra,1,2022-06-09,2022-06-09,high,Sion East,place/suburb,Sion East,2022,2022-04-13
Parel,Mumbai,south,under_construction,Ghatkopar L1,yes,Lower Parel Business District,1.42,blue,11.1,yes,no,False,Siddhivinayak Temple,1.47,0-3km,3,Parel,0.52,9.34,64,73,5,19.0084268,72.842505,7.78,F/S Ward,Maharashtra,2,2022-05-14,2022-06-30,high,Parel,place/suburb,Parel,2022,2022-04-13
"Parinee Adney, Borivali West",Mumbai,north,operational,Borivali (West),yes,Mindspace Malad,5.27,yellow,0.0,yes,yes,True,Borivali (West),0.0,3-6km,0,Borivali,1.75,15.87,20,80,14,19.2313925,72.8408607,32.54,R/C Ward,Maharashtra,1,2022-05-27,2022-05-27,medium,Borivali (West),railway/station,Borivali West,2022,2022-04-13
parivar safalya chs,Mumbai,south,under_construction,Ghatkopar L1,yes,Lower Parel Business District,0.84,blue,12.91,yes,no,False,Science Centre,1.23,0-3km,2,Lower Parel,0.18,11.0,29,41,6,18.9956287,72.831957,6.33,G/S Ward,Maharashtra,1,2022-06-20,2022-06-20,medium,Safalya CHS,landuse/residential,parivar safalya chs,2022,2022-04-13
Parle Colony,Mumbai,west,under_construction,Western Express Highway,yes,SEEPZ Andheri East,3.14,blue,3.26,yes,no,False,CSMI Airport Domestic T1,1.53,3-6km,14,Vile Parle,1.07,2.49,36,65,10,19.091444,72.8392374,16.98,K/W Ward,Maharashtra,1,2022-06-24,2022-06-24,medium,JEEVAN SHANTI COLONY,landuse/residential,Parle Colony,2022,2022-04-13
Parmanand Wadi,Mumbai,south,under_construction,Ghatkopar L1,yes,Lower Parel Business District,1.77,blue,11.53,yes,no,False,Siddhivinayak Temple,2.4,0-3km,3,Ambedkar Nagar,0.31,10.1,27,44,0,19.0005743,72.8469378,6.98,F/S Ward,Maharashtra,1,2022-06-28,2022-06-28,high,Parmanand Wadi,place/neighbourhood,Parmanand Wadi,2022,2022-04-13
"Paschim Apartments, Prabhadevi",Mumbai,south,under_construction,Asalpha,yes,Lower Parel Business District,1.35,blue,11.48,yes,no,False,Siddhivinayak Temple,0.33,0-3km,4,Prabhadevi,1.17,9.14,47,48,5,19.0148811,72.8279556,8.5,G/S Ward,Maharashtra,1,2022-05-14,2022-05-14,high,Prabhadevi,place/suburb,Prabhadevi,2022,2022-04-13
Peddar Road,Mumbai,south,under_construction,Ghatkopar L1,yes,Lower Parel Business District,4.2,blue,16.54,yes,no,False,Grant Road,1.23,3-6km,1,Mumbai Central,1.04,14.41,48,56,5,18.970786,72.8095082,4.48,D Ward,Maharashtra,1,2022-06-12,2022-06-12,low,Gopalrao Deshmukh Marg,highway/primary,Peddar Road,2022,2022-04-13
Perry Rd,Mumbai,west,none,Western Express Highway,yes,Bandra Kurla Complex,4.46,blue,7.1,no,no,True,Bandra Colony,2.89,3-6km,6,Bandra,1.79,5.3,32,43,5,19.0598893,72.8239685,13.52,Bandra West,Maharashtra,1,2022-06-29,2022-06-29,medium,Perry Cross Rd,highway/bus_stop,Perry Rd,2022,2022-04-13
"Platinum Prive, Andheri West",Mumbai,west,operational,Azad Nagar,yes,SEEPZ Andheri East,2.13,blue,1.14,yes,yes,True,Azad Nagar,1.14,0-3km,13,Andheri,1.34,4.28,33,91,15,19.1172495,72.833968,19.84,K/W Ward,Maharashtra,1,2022-05-21,2022-05-21,high,Andheri West,place/suburb,Andheri West,2022,2022-04-13
Poisar,Mumbai,north,operational,Kandivali (West),yes,Mindspace Malad,3.16,yellow,1.03,yes,yes,True,Kandivali (West),1.03,3-6km,0,Kandivali,1.01,13.64,12,91,10,19.2119251,72.8468858,30.39,R/S Ward,Maharashtra,1,2022-06-27,2022-06-27,high,Poisar,place/quarter,Poisar,2022,2022-04-13
Powai,Mumbai,east,none,Saki Naka,yes,Hiranandani Business Park Powai,0.89,blue,2.65,no,no,True,Saki Naka,2.65,0-3km,16,Vikhroli,2.32,5.65,23,17,20,19.1187195,72.9073476,21.39,S Ward,Maharashtra,4,2022-04-29,2022-07-06,high,Powai,place/suburb,Powai,2022,2022-04-13
Prabhadevi,Mumbai,south,under_construction,Asalpha,yes,Lower Parel Business District,1.35,blue,11.48,yes,no,False,Siddhivinayak Temple,0.33,0-3km,4,Prabhadevi,1.17,9.14,47,48,5,19.0148811,72.8279556,8.5,G/S Ward,Maharashtra,3,2022-06-03,2022-07-01,high,Prabhadevi,place/suburb,Prabhadevi,2022,2022-04-13
"Prasanna Vastu Chs, Jankalyan Nagar",Mumbai,east,none,Magathane,yes,Mindspace Airoli,5.1,red,15.15,no,no,True,Azad Nagar Bus Stop,4.93,3-6km,9,Kalva,1.97,20.22,1,4,1,19.2066836,73.0106943,35.02,Reti Bandar,Maharashtra,1,2022-07-07,2022-07-07,medium,Vastu Anand CHS,landuse/residential,Prasanna Vastu Chs,2022,2022-04-13
"Prathamesh Heritage, Beverly Park",Mumbai,north,under_construction,Anand Nagar,no,Mindspace Malad,13.1,yellow,4.56,yes,no,False,Kashigaon,2.24,6km+,0,Mira Road,2.67,23.07,10,31,3,19.2972779,72.8754171,40.08,Mira,Maharashtra,1,2022-05-28,2022-05-28,medium,Prathmesh Heritage,landuse/residential,Prathamesh Heritage,2022,2022-04-13
"Promenade At The Address, Ghatkopar West",Mumbai,east,operational,Jagruti Nagar,yes,Hiranandani Business Park Powai,2.37,blue,0.44,yes,yes,True,Jagruti Nagar,0.44,0-3km,12,Ghatkopar,0.59,4.4,14,87,12,19.0897439,72.9048035,18.3,Nityanand Nagar,Maharashtra,2,2022-06-12,2022-06-12,high,Ghatkopar West,place/suburb,Ghatkopar West,2022,2022-04-13
"Purushottam Towers, Dadar West",Mumbai,south,under_construction,Asalpha,yes,Lower Parel Business District,2.47,blue,10.03,yes,no,False,Dadar,0.11,0-3km,6,Dadar,0.71,7.81,71,75,9,19.0238887,72.8382236,9.47,G/N Ward,Maharashtra,1,2022-07-09,2022-07-09,high,Dadar West,place/suburb,Dadar West,2022,2022-04-13
"Queens Palace, Bandra West",Mumbai,south,under_construction,Western Express Highway,yes,Bandra Kurla Complex,3.85,blue,6.96,yes,no,False,Bandra Colony,2.39,3-6km,6,Bandra,1.11,4.93,43,54,7,19.0583358,72.8302669,13.3,Mumbai,Maharashtra,1,2022-06-23,2022-06-23,high,Bandra West,place/suburb,Bandra West,2022,2022-04-13
"Raheja Artesia, Worli",Mumbai,south,under_construction,Western Express Highway,yes,Lower Parel Business District,1.63,blue,12.27,yes,no,False,Worli,0.38,0-3km,4,Prabhadevi,1.95,9.92,31,22,6,19.0117388,72.8178706,8.32,G/S Ward,Maharashtra,1,2022-05-18,2022-05-18,high,Worli,place/suburb,Worli,2022,2022-04-13
"Raheja Exotica Sorento, Madh",Mumbai,west,none,Versova,no,Nirlon Knowledge Park,6.74,blue,3.2,no,no,True,Versova,3.2,6km+,2,Jogeshwari (Western Line),6.0,9.13,0,1,1,19.1375285,72.7918857,22.57,K/W Ward,Maharashtra,1,2022-06-16,2022-06-16,high,Madh,place/suburb,Madh,2022,2022-04-13
"Raheja Heights Phase 2, Gokuldham",Mumbai,north,operational,Aarey,yes,Nirlon Knowledge Park,2.56,red,1.01,yes,yes,True,Aarey,1.01,0-3km,3,Goregaon,2.1,9.32,13,51,5,19.1738527,72.8670935,26.35,P/S Ward,Maharashtra,1,2022-06-04,2022-06-04,high,Gokuldham,place/neighbourhood,Gokuldham,2022,2022-04-13
"Raheja Heights, BMC Colony Malad East",Mumbai,north,operational,Dindoshi,yes,Mindspace Malad,2.69,red,0.84,yes,yes,True,Dindoshi,0.84,0-3km,3,Malad,2.1,9.66,14,60,5,19.1769668,72.8657407,26.67,P/N Ward,Maharashtra,1,2022-05-31,2022-05-31,medium,B.E.S.T Staff querters colony,landuse/residential,BMC Colony Malad East,2022,2022-04-13
"Raheja Heights, Malad East",Mumbai,north,operational,Kurar,yes,Mindspace Malad,1.6,red,0.27,yes,yes,True,Kurar,0.27,0-3km,3,Malad,0.82,10.68,19,95,8,19.1860219,72.8563181,27.58,P/N Ward,Maharashtra,2,2022-06-27,2022-07-09,high,Malad East,place/suburb,Malad East,2022,2022-04-13
"Raheja Imperia, Worli",Mumbai,south,under_construction,Western Express Highway,yes,Lower Parel Business District,1.63,blue,12.27,yes,no,False,Worli,0.38,0-3km,4,Prabhadevi,1.95,9.92,31,22,6,19.0117388,72.8178706,8.32,G/S Ward,Maharashtra,1,2022-06-04,2022-06-04,high,Worli,place/suburb,Worli,2022,2022-04-13
"Raheja Ridgewood, Goregaon East",Mumbai,north,operational,Aarey,yes,Nirlon Knowledge Park,1.62,red,0.37,yes,yes,True,Aarey,0.37,0-3km,5,Goregaon,0.77,8.83,14,72,6,19.1692623,72.8552548,25.71,P/S Ward,Maharashtra,1,2022-05-17,2022-05-17,high,Goregaon East,place/suburb,Goregaon East,2022,2022-04-13
"Raheja Vista, Powai",Mumbai,east,none,Saki Naka,yes,Hiranandani Business Park Powai,0.89,blue,2.65,no,no,True,Saki Naka,2.65,0-3km,16,Vikhroli,2.32,5.65,23,17,20,19.1187195,72.9073476,21.39,S Ward,Maharashtra,2,2022-06-16,2022-07-06,high,Powai,place/suburb,Powai,2022,2022-04-13
"Raj Grandeur, Hiranandani Gardens",Mumbai,east,none,Saki Naka,yes,Hiranandani Business Park Powai,0.91,blue,2.97,no,no,True,Saki Naka,2.97,0-3km,15,Vikhroli,1.9,5.99,38,14,23,19.1183882,72.911464,21.51,S Ward,Maharashtra,1,2022-06-28,2022-06-28,high,Hiranandani Gardens,place/neighbourhood,Hiranandani Gardens,2022,2022-04-13
"Raj Grandeur, Powai",Mumbai,east,none,Saki Naka,yes,Hiranandani Business Park Powai,0.89,blue,2.65,no,no,True,Saki Naka,2.65,0-3km,16,Vikhroli,2.32,5.65,23,17,20,19.1187195,72.9073476,21.39,S Ward,Maharashtra,1,2022-07-09,2022-07-09,high,Powai,place/suburb,Powai,2022,2022-04-13
"Raj Hill, Borivali East",Mumbai,north,operational,Devipada,yes,Mindspace Malad,5.22,red,0.39,yes,yes,True,Devipada,0.39,3-6km,0,Borivali,0.55,15.19,8,106,14,19.2267228,72.8619328,32.14,R/C Ward,Maharashtra,1,2022-04-29,2022-04-29,high,Borivali East,place/suburb,Borivali East,2022,2022-04-13
"Raj Legacy, Vikhroli West",Mumbai,east,none,Jagruti Nagar,yes,Godrej One Vikhroli,1.13,blue,3.5,no,no,True,Jagruti Nagar,3.5,0-3km,11,Vikhroli,0.42,7.13,19,26,20,19.114541,72.9257184,21.73,S Ward,Maharashtra,2,2022-06-03,2022-07-06,high,Vikhroli West,place/suburb,Vikhroli West,2022,2022-04-13
"Rajesh Raj Classic, Yari Road",Mumbai,east,none,Ghatkopar L1,yes,Belapur CBD,5.3,blue,20.29,no,no,True,Khargar Village,2.67,3-6km,0,Mansarovar,1.22,24.91,6,32,2,19.0237231,73.0892825,28.32,Kalamboli,Maharashtra,1,2022-06-27,2022-06-27,medium,Rajesh Residency,landuse/residential,Rajesh Raj Classic,2022,2022-04-13
Rambaug,Mumbai,north,operational,Shimpoli,yes,Mindspace Malad,3.85,yellow,1.35,yes,yes,True,Shimpoli,1.35,3-6km,0,Borivali,1.44,14.16,17,112,17,19.2170731,72.8522143,30.99,R/C Ward,Maharashtra,1,2022-07-07,2022-07-07,low,RamBaug Lane,highway/residential,Rambaug,2022,2022-04-13
"Ratan Silicon Park, Jankalyan Nagar",Mumbai,east,operational,Chakala - J.B. Nagar,yes,MIDC Andheri East,1.35,blue,0.58,yes,yes,True,Sahar Road,0.56,0-3km,16,Vile Parle,2.55,1.91,16,32,2,19.1068579,72.8671624,18.98,K/E Ward,Maharashtra,1,2022-07-06,2022-07-06,low,Jankalyan Sahkari Bank Ltd,amenity/bank,Jankalyan Nagar,2022,2022-04-13
Reay road east,Mumbai,south,under_construction,Ghatkopar L1,yes,Lower Parel Business District,3.18,blue,13.88,yes,no,False,Mahalaxmi,1.98,3-6km,1,Reay Road,0.0,12.68,22,28,0,18.9775506,72.8441011,4.4,E Ward,Maharashtra,1,2022-05-22,2022-05-22,medium,Reay Road,railway/station,Reay road east,2022,2022-04-13
"Riddhi Garden, Film City Road",Mumbai,north,operational,Dindoshi,yes,Nirlon Knowledge Park,3.29,red,1.47,yes,yes,True,Dindoshi,1.47,3-6km,3,Malad,2.65,9.86,8,38,4,19.1784077,72.8722424,26.92,P/N Ward,Maharashtra,1,2022-07-06,2022-07-06,medium,Riddhi Gardens,landuse/residential,Riddhi Garden,2022,2022-04-13
"Rivali Park, Borivali East",Mumbai,north,operational,Devipada,yes,Mindspace Malad,5.22,red,0.39,yes,yes,True,Devipada,0.39,3-6km,0,Borivali,0.55,15.19,8,106,14,19.2267228,72.8619328,32.14,R/C Ward,Maharashtra,1,2022-06-29,2022-06-29,high,Borivali East,place/suburb,Borivali East,2022,2022-04-13
"RNA Broadway Avenue, Mira Road",Mumbai,north,none,Kandarpada,no,Mindspace Malad,10.97,yellow,2.85,no,no,True,Kashigaon,2.58,6km+,0,Mira Road,0.0,21.31,8,40,5,19.2816975,72.8560676,38.19,Mira,Maharashtra,1,2022-05-31,2022-05-31,medium,Mira Road,railway/station,Mira Road,2022,2022-04-13
"RNA ROYALE PARK, Kandivali West",Mumbai,north,operational,Dahanukarwadi,yes,Mindspace Malad,2.4,yellow,0.54,yes,yes,True,Dahanukarwadi,0.54,0-3km,1,Kandivali,1.25,13.05,25,98,10,19.2055321,72.8399273,29.66,R/S Ward,Maharashtra,2,2022-05-18,2022-05-18,high,Kandivali West,place/suburb,Kandivali West,2022,2022-04-13
Rock garden Chs,Mumbai,east,none,Ghatkopar L1,yes,Belapur CBD,5.92,blue,17.04,no,no,True,CBD Belapur,6.14,3-6km,0,Baman-Dongri,1.14,20.71,3,0,0,18.9711007,73.0144819,19.17,Ulwe,Maharashtra,1,2022-06-27,2022-06-27,medium,Garden CHS,landuse/residential,Rock garden Chs,2022,2022-04-13
"Romell Aether, Goregaon East",Mumbai,north,operational,Aarey,yes,Nirlon Knowledge Park,1.62,red,0.37,yes,yes,True,Aarey,0.37,0-3km,5,Goregaon,0.77,8.83,14,72,6,19.1692623,72.8552548,25.71,P/S Ward,Maharashtra,1,2022-07-06,2022-07-06,high,Goregaon East,place/suburb,Goregaon East,2022,2022-04-13
"Rose Queen, Old Khar",Mumbai,south,under_construction,Western Express Highway,yes,Bandra Kurla Complex,3.01,blue,6.09,yes,no,False,Bandra Colony,1.43,3-6km,7,Bandra Terminus,0.46,3.95,47,67,10,19.0642094,72.8372017,13.95,H/W Ward,Maharashtra,1,2022-05-26,2022-05-26,medium,Old Khar,highway/bus_stop,Old Khar,2022,2022-04-13
"Royal Palms Diamond Isle Phase II, Aarey Milk Colony",Mumbai,north,operational,Aarey,yes,Nirlon Knowledge Park,1.83,red,1.93,yes,yes,True,Goregaon (East),1.54,0-3km,11,Ram Mandir,2.23,7.38,14,19,0,19.1561292,72.8707223,24.45,P/S Ward,Maharashtra,1,2022-06-16,2022-06-16,high,Aarey Milk Colony,place/suburb,Aarey Milk Colony,2022,2022-04-13
"Royal Palms, Goregaon East",Mumbai,north,operational,Aarey,yes,Nirlon Knowledge Park,1.62,red,0.37,yes,yes,True,Aarey,0.37,0-3km,5,Goregaon,0.77,8.83,14,72,6,19.1692623,72.8552548,25.71,P/S Ward,Maharashtra,1,2022-06-01,2022-06-01,high,Goregaon East,place/suburb,Goregaon East,2022,2022-04-13
"Royal Residency, Lal Baug",Mumbai,south,under_construction,Ghatkopar L1,yes,Lower Parel Business District,1.65,blue,12.45,yes,no,False,Science Centre,2.23,0-3km,2,Mint Colony,0.14,10.96,25,38,5,18.9935288,72.8424069,6.13,Parel,Maharashtra,1,2022-06-20,2022-06-20,high,Lal Baug,place/suburb,Lal Baug,2022,2022-04-13
"Runwal Elegante, Andheri West",Mumbai,west,operational,Azad Nagar,yes,SEEPZ Andheri East,2.13,blue,1.14,yes,yes,True,Azad Nagar,1.14,0-3km,13,Andheri,1.34,4.28,33,91,15,19.1172495,72.833968,19.84,K/W Ward,Maharashtra,4,2022-06-27,2022-07-07,high,Andheri West,place/suburb,Andheri West,2022,2022-04-13
"Runwal Elina, Andheri East",Mumbai,west,operational,Western Express Highway,yes,SEEPZ Andheri East,0.0,blue,0.23,yes,yes,True,Gundavali,0.18,0-3km,15,Andheri,0.92,3.0,36,92,5,19.1158835,72.854202,19.79,K/E Ward,Maharashtra,1,2022-07-09,2022-07-09,high,Andheri East,place/suburb,Andheri East,2022,2022-04-13
"Runwal Forests, Kanjurmarg West",Mumbai,east,none,Jagruti Nagar,yes,Godrej One Vikhroli,3.52,blue,5.79,no,no,True,Aarey JVLR,5.02,3-6km,6,Kanjur Marg,0.94,8.87,45,44,9,19.1363577,72.9317263,24.19,S Ward,Maharashtra,4,2022-05-23,2022-07-09,medium,Runwal Forest,landuse/residential,Runwal Forests,2022,2022-04-13
"Runwal Greens, Mulund West",Mumbai,east,none,Aarey,yes,Wagle Estate Thane,2.95,red,9.71,no,no,True,Azad Nagar Bus Stop,8.29,0-3km,5,Mulund,0.58,12.99,43,86,17,19.1719717,72.9511956,28.64,T Ward,Maharashtra,1,2022-07-09,2022-07-09,high,Mulund West,place/suburb,Mulund West,2022,2022-04-13
"Ruparel Ariana, Parel",Mumbai,south,under_construction,Ghatkopar L1,yes,Lower Parel Business District,1.42,blue,11.1,yes,no,False,Siddhivinayak Temple,1.47,0-3km,3,Parel,0.52,9.34,64,73,5,19.0084268,72.842505,7.78,F/S Ward,Maharashtra,1,2022-06-06,2022-06-06,high,Parel,place/suburb,Parel,2022,2022-04-13
"Rustomjee Central Park, Chakala",Mumbai,east,operational,Western Express Highway,yes,SEEPZ Andheri East,0.8,blue,0.57,yes,yes,True,Western Express Highway,0.57,0-3km,16,Andheri,1.69,2.8,29,68,3,19.1152873,72.8618085,19.82,K/E Ward,Maharashtra,1,2022-06-03,2022-06-03,high,Chakala,place/neighbourhood,Chakala,2022,2022-04-13
"Rustomjee Elanza, Mindspace",Mumbai,north,under_construction,Dindoshi,yes,Mindspace Malad,1.18,red,2.53,yes,no,False,Lower Malad,0.33,0-3km,5,Malad,1.93,9.94,10,58,12,19.1754319,72.8346075,26.31,P/S Ward,Maharashtra,1,2022-05-31,2022-05-31,medium,Rustomjee Elanza,landuse/residential,Rustomjee Elanza Mindspace,2022,2022-04-13
"Rustomjee Elements, Andheri West",Mumbai,west,operational,Azad Nagar,yes,SEEPZ Andheri East,2.13,blue,1.14,yes,yes,True,Azad Nagar,1.14,0-3km,13,Andheri,1.34,4.28,33,91,15,19.1172495,72.833968,19.84,K/W Ward,Maharashtra,1,2022-05-27,2022-05-27,high,Andheri West,place/suburb,Andheri West,2022,2022-04-13
"Rustomjee Regency, Gomant Nagar",Mumbai,east,operational,Airport Road,yes,MIDC Andheri East,0.88,blue,1.52,yes,yes,True,SEEPZ,0.74,0-3km,18,Andheri,3.52,4.03,10,43,6,19.1227165,72.8798055,20.98,K/E Ward,Maharashtra,1,2022-05-19,2022-05-19,low,Nav Gomantak,amenity/restaurant,Gomant Nagar,2022,2022-04-13
"Rustomjee Seasons, Bandra East",Mumbai,south,under_construction,Chakala - J.B. Nagar,yes,Bandra Kurla Complex,1.78,blue,5.91,yes,no,False,Bandra Kurla Complex (BKC),0.52,0-3km,7,Bandra Terminus,0.9,3.46,30,51,7,19.0616565,72.8498111,13.74,H/E Ward,Maharashtra,1,2022-07-06,2022-07-06,high,Bandra East,place/suburb,Bandra East,2022,2022-04-13
"Saaga Mrunali CHS, Shantivan",Mumbai,east,none,Ghatkopar L1,no,Belapur CBD,14.41,blue,29.08,no,no,True,Pendhar,9.94,6km+,0,Chikhale,5.96,33.78,1,0,0,19.0222244,73.1761645,37.01,,Maharashtra,1,2022-07-07,2022-07-07,high,Shantivan,place/village,Shantivan,2022,2022-04-13
"Sabari Ashville, Chembur East",Mumbai,south,under_construction,Ghatkopar L1,yes,Bandra Kurla Complex,4.56,blue,5.74,yes,no,False,Shivaji Chowk (Chembur),1.79,3-6km,4,Bharat Petroleum,0.17,6.83,12,27,7,19.0366683,72.8947992,12.55,M/E Ward,Maharashtra,1,2022-06-16,2022-06-16,low,Brainwonders Chembur,healthcare/counselling,Chembur East,2022,2022-04-13
"Sabari Palm View, Chembur",Mumbai,east,under_construction,Ghatkopar L1,yes,Bandra Kurla Complex,3.65,blue,3.7,yes,no,False,Diamond Garden,0.53,3-6km,5,VNP & RC Marg Junction,0.46,5.39,32,81,13,19.054818,72.8979713,14.48,M/W Ward,Maharashtra,2,2022-05-27,2022-07-06,high,Chembur,place/suburb,Chembur,2022,2022-04-13
"Safal Saraswati, Chembur",Mumbai,east,under_construction,Ghatkopar L1,yes,Bandra Kurla Complex,3.65,blue,3.7,yes,no,False,Diamond Garden,0.53,3-6km,5,VNP & RC Marg Junction,0.46,5.39,32,81,13,19.054818,72.8979713,14.48,M/W Ward,Maharashtra,1,2022-06-04,2022-06-04,high,Chembur,place/suburb,Chembur,2022,2022-04-13
"Safal Twins, Chembur",Mumbai,east,under_construction,Ghatkopar L1,yes,Bandra Kurla Complex,3.65,blue,3.7,yes,no,False,Diamond Garden,0.53,3-6km,5,VNP & RC Marg Junction,0.46,5.39,32,81,13,19.054818,72.8979713,14.48,M/W Ward,Maharashtra,1,2022-05-17,2022-05-17,high,Chembur,place/suburb,Chembur,2022,2022-04-13
"Sai Aasha Daya, Mulund East",Mumbai,east,none,Jagruti Nagar,yes,Wagle Estate Thane,3.29,blue,10.66,no,no,True,Azad Nagar Bus Stop,8.12,3-6km,13,Mulund,0.49,13.64,34,80,14,19.1704719,72.9610447,28.95,T Ward,Maharashtra,1,2022-06-08,2022-06-08,high,Mulund East,place/suburb,Mulund East,2022,2022-04-13
"Sai Palace Apartment, Vile Parle West",Mumbai,west,operational,Andheri L1,yes,SEEPZ Andheri East,1.98,blue,2.06,yes,yes,True,CSMI Airport Domestic T1,1.78,0-3km,14,Vile Parle,0.59,2.83,35,90,9,19.103908,72.840301,18.37,K/W Ward,Maharashtra,1,2022-06-12,2022-06-12,high,Vile Parle West,place/suburb,Vile Parle West,2022,2022-04-13
"Sakhi, Kandivali West",Mumbai,north,operational,Dahanukarwadi,yes,Mindspace Malad,2.4,yellow,0.54,yes,yes,True,Dahanukarwadi,0.54,0-3km,1,Kandivali,1.25,13.05,25,98,10,19.2055321,72.8399273,29.66,R/S Ward,Maharashtra,1,2022-06-30,2022-06-30,high,Kandivali West,place/suburb,Sakhi Kandivali West,2022,2022-04-13
Saki Vihar Road,Mumbai,east,under_construction,Marol Naka L1,yes,Hiranandani Business Park Powai,2.72,blue,3.27,yes,no,False,Aarey JVLR,1.32,0-3km,14,Kanjur Marg,3.32,5.91,6,5,4,19.1326946,72.8966869,22.5,S Ward,Maharashtra,1,2022-07-07,2022-07-07,low,Saki Vihar Road,highway/secondary,Saki Vihar Road,2022,2022-04-13
Sakinaka Junction,Mumbai,unknown,unknown,unknown,unknown,unknown,,unknown,,unknown,unknown,,unknown,,unknown,,unknown,,,,,,,,,,,1,2022-07-03,2022-07-03,none,,,,2022,2022-04-13
"Salasar Garden, Beverly Park",Mumbai,north,under_construction,Anand Nagar,no,Mindspace Malad,11.76,yellow,3.3,yes,no,False,Kashigaon,1.69,6km+,0,Mira Road,1.32,21.88,13,47,4,19.2868429,72.8673591,38.85,Mira,Maharashtra,1,2022-06-12,2022-06-12,medium,Beverly Park,highway/bus_stop,Beverly Park,2022,2022-04-13
"Salvation CHS, Dadar West",Mumbai,south,under_construction,Asalpha,yes,Lower Parel Business District,2.47,blue,10.03,yes,no,False,Dadar,0.11,0-3km,6,Dadar,0.71,7.81,71,75,9,19.0238887,72.8382236,9.47,G/N Ward,Maharashtra,3,2022-06-27,2022-06-27,high,Dadar West,place/suburb,Dadar West,2022,2022-04-13
"Samarth Garden, Bhandup West",Mumbai,east,none,Saki Naka,yes,Hiranandani Business Park Powai,4.09,blue,5.93,no,no,True,Aarey JVLR,4.48,3-6km,6,Bhandup,1.4,8.83,41,40,6,19.1442447,72.9244247,24.69,S Ward,Maharashtra,1,2022-06-23,2022-06-23,high,Samarath Nagar,place/neighbourhood,Samarth Garden Bhandup West,2022,2022-04-13
"Samarth Srishti, Bhandup West",Mumbai,east,none,Saki Naka,yes,Hiranandani Business Park Powai,4.09,blue,5.93,no,no,True,Aarey JVLR,4.48,3-6km,6,Bhandup,1.4,8.83,41,40,6,19.1442447,72.9244247,24.69,S Ward,Maharashtra,1,2022-07-06,2022-07-06,high,Samarath Nagar,place/neighbourhood,Samarth Srishti Bhandup West,2022,2022-04-13
"Sanghvi Evana, Worli",Mumbai,south,under_construction,Western Express Highway,yes,Lower Parel Business District,1.63,blue,12.27,yes,no,False,Worli,0.38,0-3km,4,Prabhadevi,1.95,9.92,31,22,6,19.0117388,72.8178706,8.32,G/S Ward,Maharashtra,1,2022-05-14,2022-05-14,high,Worli,place/suburb,Worli,2022,2022-04-13
"Sanjona Gulmarg Towers, Chembur East",Mumbai,south,under_construction,Ghatkopar L1,yes,Bandra Kurla Complex,4.56,blue,5.74,yes,no,False,Shivaji Chowk (Chembur),1.79,3-6km,4,Bharat Petroleum,0.17,6.83,12,27,7,19.0366683,72.8947992,12.55,M/E Ward,Maharashtra,1,2022-05-31,2022-05-31,low,Brainwonders Chembur,healthcare/counselling,Chembur East,2022,2022-04-13
Santacruz East,Mumbai,unknown,unknown,unknown,unknown,unknown,,unknown,,unknown,unknown,,unknown,,unknown,,unknown,,,,,,,,,,,4,2022-06-25,2022-07-09,none,,,,2022,2022-04-13
Santacruz West,Mumbai,west,under_construction,Western Express Highway,yes,Bandra Kurla Complex,3.55,blue,4.04,yes,no,False,Santacruz,1.18,3-6km,10,Santa Cruz,0.57,2.77,22,60,9,19.0844004,72.8372899,16.19,H/W Ward,Maharashtra,7,2022-06-07,2022-06-22,high,Santacruz West,place/suburb,Santacruz West,2022,2022-04-13
"Sapphire Heights, Lokhandwala Twp",Mumbai,unknown,unknown,unknown,unknown,unknown,,unknown,,unknown,unknown,,unknown,,unknown,,unknown,,,,,,,,,,,1,2022-06-22,2022-06-22,none,,,,2022,2022-04-13
"Saraswati Sadan, Parel",Mumbai,south,under_construction,Ghatkopar L1,yes,Lower Parel Business District,1.42,blue,11.1,yes,no,False,Siddhivinayak Temple,1.47,0-3km,3,Parel,0.52,9.34,64,73,5,19.0084268,72.842505,7.78,F/S Ward,Maharashtra,1,2022-06-23,2022-06-23,high,Parel,place/suburb,Parel,2022,2022-04-13
"Satyam Springs, Deonar",Mumbai,east,under_construction,Ghatkopar L1,yes,Bandra Kurla Complex,4.68,blue,4.36,yes,no,False,Shivaji Chowk (Chembur),0.19,3-6km,5,VNP & RC Marg Junction,1.28,6.49,36,79,15,19.0475502,72.9051895,14.14,M/W Ward,Maharashtra,1,2022-06-02,2022-06-02,high,Deonar,place/suburb,Deonar,2022,2022-04-13
"Sejal Tower, Goregaon West",Mumbai,north,operational,Aarey,yes,Nirlon Knowledge Park,1.59,red,1.96,yes,yes,True,Bangur Nagar,0.67,0-3km,6,Goregaon,0.89,8.45,17,42,8,19.1633281,72.8411995,24.97,P/S Ward,Maharashtra,1,2022-06-28,2022-06-28,high,Goregaon West,place/suburb,Goregaon West,2022,2022-04-13
Serenity Complex,Mumbai,west,operational,Andheri (West),yes,Nirlon Knowledge Park,2.2,yellow,2.15,yes,yes,True,Oshiwara,0.26,0-3km,12,Ram Mandir,1.77,7.17,25,52,17,19.1483881,72.8335529,23.31,K/W Ward,Maharashtra,1,2022-04-28,2022-04-28,medium,Serenity Complex,landuse/residential,Serenity Complex,2022,2022-04-13
"Sethia Grandeur, Bandra East",Mumbai,south,under_construction,Chakala - J.B. Nagar,yes,Bandra Kurla Complex,1.78,blue,5.91,yes,no,False,Bandra Kurla Complex (BKC),0.52,0-3km,7,Bandra Terminus,0.9,3.46,30,51,7,19.0616565,72.8498111,13.74,H/E Ward,Maharashtra,2,2022-05-27,2022-07-06,high,Bandra East,place/suburb,Bandra East,2022,2022-04-13
"Sethia Kalpavruksh Heights, Irani Wada",Mumbai,north,operational,Dahanukarwadi,yes,Mindspace Malad,1.81,yellow,1.01,yes,yes,True,Valnai-Meeth Chowky,0.96,0-3km,1,Kandivali,1.09,12.44,27,102,11,19.2002901,72.8421432,29.09,R/S Ward,Maharashtra,1,2022-07-04,2022-07-04,low,Irani Wadi Road,highway/residential,Irani Wada,2022,2022-04-13
Seven Bungalows,Mumbai,west,operational,Versova,yes,SEEPZ Andheri East,3.78,blue,0.05,yes,yes,True,Versova,0.05,3-6km,9,Andheri,2.86,6.2,27,57,18,19.1297617,72.8213781,21.29,K/W Ward,Maharashtra,6,2022-06-20,2022-07-09,high,Seven Bungalows,place/neighbourhood,Seven Bungalows,2022,2022-04-13
shabri shan,Mumbai,east,none,Ghatkopar L1,yes,Vashi Business District,1.81,blue,10.14,no,no,True,Pethpada,8.17,0-3km,9,Koparkhairne,1.69,14.88,23,33,12,19.0894691,73.0044869,24.43,Kopar Khairne,Maharashtra,1,2022-06-13,2022-06-13,medium,Shabi Complex,landuse/residential,shabri shan,2022,2022-04-13
"Shaheen Apartment, Andheri West",Mumbai,west,operational,Azad Nagar,yes,SEEPZ Andheri East,2.13,blue,1.14,yes,yes,True,Azad Nagar,1.14,0-3km,13,Andheri,1.34,4.28,33,91,15,19.1172495,72.833968,19.84,K/W Ward,Maharashtra,1,2022-05-16,2022-05-16,high,Andheri West,place/suburb,Andheri West,2022,2022-04-13
shanti kutir tunga village powai,Mumbai,unknown,unknown,unknown,unknown,unknown,,unknown,,unknown,unknown,,unknown,,unknown,,unknown,,,,,,,,,,,1,2022-04-29,2022-04-29,none,,,,2022,2022-04-13
"Shapoorji Pallonji Vicinia, Chandivali",Mumbai,east,operational,Saki Naka,yes,Hiranandani Business Park Powai,1.44,blue,0.93,yes,yes,True,Saki Naka,0.93,0-3km,19,Ghatkopar,2.98,3.94,14,36,13,19.1091482,72.8945793,19.94,L Ward,Maharashtra,6,2022-05-19,2022-07-09,high,Chandivali,place/suburb,Chandivali,2022,2022-04-13
Sher E Punjab Society,Mumbai,north,operational,Western Express Highway,yes,SEEPZ Andheri East,1.59,blue,1.47,yes,yes,True,Mogra,0.77,0-3km,16,Jogeshwari (Western Line),1.73,4.17,14,71,3,19.1276887,72.8627819,21.2,K/E Ward,Maharashtra,2,2022-05-14,2022-05-31,high,Sher e Punjab Colony,place/neighbourhood,Sher E Punjab Society,2022,2022-04-13
"Sheth Auris Serinity, Malad West",Mumbai,north,operational,Kurar,yes,Mindspace Malad,0.0,red,1.85,yes,yes,True,Malad (West),0.58,0-3km,3,Malad,0.83,10.68,24,94,13,19.1840129,72.8412155,27.27,P/N Ward,Maharashtra,1,2022-06-04,2022-06-04,high,Malad West,place/suburb,Malad West,2022,2022-04-13
"Sheth Beaumonte, Sion Koliwada",Mumbai,south,under_construction,Ghatkopar L1,yes,Bandra Kurla Complex,2.94,blue,6.88,yes,no,False,Dharavi,1.64,0-3km,6,Guru Tegh Bahadur Nagar,0.3,5.5,41,45,5,19.0407302,72.8642303,11.73,F/N Ward,Maharashtra,1,2022-06-16,2022-06-16,high,Sion Koliwada,place/neighbourhood,Sion Koliwada,2022,2022-04-13
"Sheth Montana, Mulund West",Mumbai,east,none,Aarey,yes,Wagle Estate Thane,2.95,red,9.71,no,no,True,Azad Nagar Bus Stop,8.29,0-3km,5,Mulund,0.58,12.99,43,86,17,19.1719717,72.9511956,28.64,T Ward,Maharashtra,2,2022-05-14,2022-07-09,high,Mulund West,place/suburb,Mulund West,2022,2022-04-13
Shilphata,Mumbai,east,none,Ghatkopar L1,yes,Millennium Business Park Mahape,4.77,blue,15.79,no,no,True,Sector-34,8.71,3-6km,9,Nilaje,3.83,20.1,1,0,0,19.1440528,73.0455731,31.76,Shill Phata,Maharashtra,1,2022-05-19,2022-05-19,medium,Shil Phata,highway/bus_stop,Shilphata,2022,2022-04-13
"Shimpla Vighnaharta CHS, Seven Bungalows",Mumbai,west,operational,Versova,yes,SEEPZ Andheri East,3.78,blue,0.05,yes,yes,True,Versova,0.05,3-6km,9,Andheri,2.86,6.2,27,57,18,19.1297617,72.8213781,21.29,K/W Ward,Maharashtra,1,2022-06-16,2022-06-16,high,Seven Bungalows,place/neighbourhood,Seven Bungalows,2022,2022-04-13
"Shiv Bhagtani Manor 3A, Powai",Mumbai,east,none,Saki Naka,yes,Hiranandani Business Park Powai,0.89,blue,2.65,no,no,True,Saki Naka,2.65,0-3km,16,Vikhroli,2.32,5.65,23,17,20,19.1187195,72.9073476,21.39,S Ward,Maharashtra,1,2022-07-06,2022-07-06,high,Powai,place/suburb,Powai,2022,2022-04-13
"Shiv Dham Apartment, Goregaon East",Mumbai,north,operational,Aarey,yes,Nirlon Knowledge Park,1.62,red,0.37,yes,yes,True,Aarey,0.37,0-3km,5,Goregaon,0.77,8.83,14,72,6,19.1692623,72.8552548,25.71,P/S Ward,Maharashtra,1,2022-06-04,2022-06-04,high,Goregaon East,place/suburb,Goregaon East,2022,2022-04-13
"Shiv Ganga Apartment, Malad West",Mumbai,north,operational,Kurar,yes,Mindspace Malad,0.0,red,1.85,yes,yes,True,Malad (West),0.58,0-3km,3,Malad,0.83,10.68,24,94,13,19.1840129,72.8412155,27.27,P/N Ward,Maharashtra,1,2022-06-30,2022-06-30,high,Malad West,place/suburb,Malad West,2022,2022-04-13
Shivaji Park,Mumbai,south,under_construction,Asalpha,yes,Lower Parel Business District,3.01,blue,9.54,yes,no,False,Dadar,0.57,3-6km,6,Matunga Road,0.8,7.27,72,73,11,19.0287453,72.8391613,10.01,G/N Ward,Maharashtra,2,2022-05-23,2022-05-27,high,Shivaji Park,place/neighbourhood,Shivaji Park,2022,2022-04-13
shivsagar,Mumbai,east,operational,Marol Naka L1,yes,MIDC Andheri East,1.93,blue,1.08,yes,yes,True,CSMI Airport International T2,0.26,0-3km,20,Vile Parle,3.14,1.59,10,33,6,19.1000164,72.8739181,18.38,K/E Ward,Maharashtra,1,2022-05-04,2022-05-04,low,Shivsagar,amenity/restaurant,shivsagar,2022,2022-04-13
"Shree Sai Usha Complex, Bhandup West",Mumbai,east,none,Saki Naka,yes,Godrej One Vikhroli,4.64,blue,6.78,no,no,True,Aarey JVLR,5.5,3-6km,6,Bhandup,0.55,9.73,20,42,4,19.1462636,72.9339461,25.29,S Ward,Maharashtra,1,2022-06-28,2022-06-28,high,Bhandup West,place/suburb,Bhandup West,2022,2022-04-13
"Shreenath nagar, Morya Nagar",Mumbai,east,none,Anand Nagar,no,Wagle Estate Thane,6.98,yellow,9.52,no,no,True,Azad Nagar Bus Stop,3.37,6km+,2,Kharbhav,5.05,21.42,8,12,5,19.2610829,72.9569184,38.04,Anand Nagar,Maharashtra,1,2022-06-20,2022-06-20,medium,KIPL Morya,landuse/residential,Shreenath nagar Morya Nagar,2022,2022-04-13
Shri Swami Samarth Nagar,Mumbai,west,operational,Versova,yes,Nirlon Knowledge Park,3.39,blue,1.1,yes,yes,True,Lower Oshiwara,0.67,3-6km,9,Jogeshwari (Western Line),2.49,6.73,32,68,20,19.1393123,72.8255143,22.32,K/W Ward,Maharashtra,1,2022-05-31,2022-05-31,medium,Swami Samarth Nagar,highway/bus_stop,Shri Swami Samarth Nagar,2022,2022-04-13
Shrikrupa Society,Mumbai,east,none,Ghatkopar L1,yes,Vashi Business District,0.74,blue,9.65,no,no,True,Mandale,7.3,0-3km,9,Sanpada,1.97,14.41,22,26,13,19.0809993,72.9996683,23.41,Vashi,Maharashtra,1,2022-04-29,2022-04-29,medium,Shivkrupa CO-OP Housing Society,landuse/residential,Shrikrupa Society,2022,2022-04-13
"Siddhivinayak, Bandra West",Mumbai,south,under_construction,Western Express Highway,yes,Bandra Kurla Complex,3.85,blue,6.96,yes,no,False,Bandra Colony,2.39,3-6km,6,Bandra,1.11,4.93,43,54,7,19.0583358,72.8302669,13.3,Mumbai,Maharashtra,1,2022-06-20,2022-06-20,high,Bandra West,place/suburb,Bandra West,2022,2022-04-13
"simla house at nepeasea road, Napean Sea Road",Mumbai,south,under_construction,Ghatkopar L1,yes,Nariman Point CBD,4.47,blue,17.29,yes,no,False,Grant Road,1.17,3-6km,1,Grant Road,0.94,15.2,50,61,5,18.9641018,72.8069141,4.11,D Ward,Maharashtra,1,2022-06-24,2022-06-24,low,Laxmibai Jagmohandas Marg,highway/secondary,Napean Sea Road,2022,2022-04-13
Sindhi Society Chembur,Mumbai,south,under_construction,Ghatkopar L1,yes,Bandra Kurla Complex,3.05,blue,4.46,yes,no,False,Chembur,0.54,3-6km,6,VNP & RC Marg Junction,0.58,5.16,29,82,8,19.0508747,72.8890543,13.68,M/W Ward,Maharashtra,2,2022-05-31,2022-06-30,high,Sindhi Society,place/neighbourhood,Sindhi Society Chembur,2022,2022-04-13
"Sindhi Society, Chembur",Mumbai,south,under_construction,Ghatkopar L1,yes,Bandra Kurla Complex,3.05,blue,4.46,yes,no,False,Chembur,0.54,3-6km,6,VNP & RC Marg Junction,0.58,5.16,29,82,8,19.0508747,72.8890543,13.68,M/W Ward,Maharashtra,1,2022-05-26,2022-05-26,high,Sindhi Society,place/neighbourhood,Sindhi Society Chembur,2022,2022-04-13
Sion,Mumbai,south,under_construction,Ghatkopar L1,yes,Bandra Kurla Complex,2.7,blue,6.63,yes,no,False,Dharavi,1.69,0-3km,6,Sion,0.47,5.27,35,42,3,19.0428153,72.8653563,11.99,F/N Ward,Maharashtra,3,2022-05-27,2022-06-29,high,Sion East,place/suburb,Sion,2022,2022-04-13
Sion East,Mumbai,south,under_construction,Ghatkopar L1,yes,Bandra Kurla Complex,2.7,blue,6.63,yes,no,False,Dharavi,1.69,0-3km,6,Sion,0.47,5.27,35,42,3,19.0428153,72.8653563,11.99,F/N Ward,Maharashtra,2,2022-05-23,2022-06-17,high,Sion East,place/suburb,Sion East,2022,2022-04-13
"Sion East, Sion",Mumbai,south,under_construction,Ghatkopar L1,yes,Bandra Kurla Complex,2.7,blue,6.63,yes,no,False,Dharavi,1.69,0-3km,6,Sion,0.47,5.27,35,42,3,19.0428153,72.8653563,11.99,F/N Ward,Maharashtra,2,2022-06-12,2022-07-08,high,Sion East,place/suburb,Sion East Sion,2022,2022-04-13
"Sion East, Sion Koliwada",Mumbai,south,under_construction,Ghatkopar L1,yes,Bandra Kurla Complex,2.94,blue,6.88,yes,no,False,Dharavi,1.64,0-3km,6,Guru Tegh Bahadur Nagar,0.3,5.5,41,45,5,19.0407302,72.8642303,11.73,F/N Ward,Maharashtra,1,2022-06-27,2022-06-27,high,Sion Koliwada,place/neighbourhood,Sion East Sion Koliwada,2022,2022-04-13
Sion Hospital Colony,Mumbai,south,under_construction,Ghatkopar L1,yes,Bandra Kurla Complex,3.67,blue,7.79,yes,no,False,Dharavi,1.55,3-6km,6,King's Circle,0.36,6.17,76,67,6,19.0348427,72.8582305,10.95,F/N Ward,Maharashtra,1,2022-06-02,2022-06-02,low,Sion Hospital,amenity/hospital,Sion Hospital Colony,2022,2022-04-13
Sion Trombay Road,Mumbai,east,under_construction,Ghatkopar L1,yes,Bandra Kurla Complex,5.29,blue,4.56,yes,no,False,Shivaji Chowk (Chembur),0.46,3-6km,4,Govandi,1.16,7.04,33,54,15,19.0457837,72.9106688,14.29,M/E Ward,Maharashtra,1,2022-06-30,2022-06-30,low,Sion Panvel Highway,highway/trunk,Sion Trombay Road,2022,2022-04-13
"SK Imperial Heights, Mira Road East",Mumbai,north,under_construction,Andheri (West),yes,Nirlon Knowledge Park,1.42,yellow,2.69,yes,no,False,Oshiwara,0.92,0-3km,11,Ram Mandir,1.05,7.26,25,61,15,19.151865,72.8402228,23.7,P/S Ward,Maharashtra,1,2022-05-26,2022-05-26,medium,Imperial Heights,landuse/residential,SK Imperial Heights,2022,2022-04-13
"Sky Villa, Gokuldham",Mumbai,north,operational,Aarey,yes,Nirlon Knowledge Park,2.56,red,1.01,yes,yes,True,Aarey,1.01,0-3km,3,Goregaon,2.1,9.32,13,51,5,19.1738527,72.8670935,26.35,P/S Ward,Maharashtra,1,2022-05-18,2022-05-18,high,Gokuldham,place/neighbourhood,Gokuldham,2022,2022-04-13
"Smoky Hill Apartment, Bandra West",Mumbai,south,under_construction,Western Express Highway,yes,Bandra Kurla Complex,3.85,blue,6.96,yes,no,False,Bandra Colony,2.39,3-6km,6,Bandra,1.11,4.93,43,54,7,19.0583358,72.8302669,13.3,Mumbai,Maharashtra,1,2022-05-31,2022-05-31,high,Bandra West,place/suburb,Bandra West,2022,2022-04-13
"Sonal Apartment, Bhandari Compound",Mumbai,south,under_construction,Ghatkopar L1,yes,Nariman Point CBD,4.02,blue,16.34,yes,no,False,Grant Road,0.61,3-6km,1,Grant Road,0.84,14.7,63,89,7,18.9632231,72.8238048,2.98,D Ward,Maharashtra,1,2022-07-04,2022-07-04,medium,Sonawala Apartment,landuse/residential,Sonal Apartment,2022,2022-04-13
"spring grove uno, Lokhandwala Twp",Mumbai,north,operational,Akurli,yes,Mindspace Malad,3.21,red,0.95,yes,yes,True,Akurli,0.95,3-6km,2,Kandivali,2.05,11.77,9,38,8,19.195798,72.869151,28.8,R/S Ward,Maharashtra,1,2022-06-16,2022-06-16,medium,Spring Grove Uno,landuse/residential,spring grove uno,2022,2022-04-13
"Spring Leaf, Lokhandwala Twp",Mumbai,west,operational,Versova,yes,SEEPZ Andheri East,4.1,blue,0.39,yes,yes,True,Versova,0.39,3-6km,8,Andheri,3.19,6.43,22,50,14,19.1292005,72.8178028,21.25,K/W Ward,Maharashtra,1,2022-05-13,2022-05-13,medium,Spring Leaf,landuse/residential,Spring Leaf,2022,2022-04-13
sra,Mumbai,east,none,Jagruti Nagar,yes,Wagle Estate Thane,3.83,blue,10.12,no,no,True,Azad Nagar Bus Stop,8.72,3-6km,12,Mulund,0.85,13.18,33,67,10,19.1651611,72.9600894,28.38,T Ward,Maharashtra,1,2022-05-05,2022-05-05,medium,SRA Building,landuse/residential,sra,2022,2022-04-13
Srinagarchs chembur west near sankralyammandir,Mumbai,unknown,unknown,unknown,unknown,unknown,,unknown,,unknown,unknown,,unknown,,unknown,,unknown,,,,,,,,,,,1,2022-05-18,2022-05-18,none,,,,2022,2022-04-13
Srishti Complex,Mumbai,north,operational,Anand Nagar,no,Mindspace Malad,10.11,yellow,1.58,yes,yes,True,Miragaon,1.28,6km+,0,Mira Road,1.75,20.14,10,29,7,19.2712357,72.8685277,37.13,Kashimira,Maharashtra,1,2022-06-10,2022-06-10,medium,Srishti Complex Sector 2,landuse/residential,Srishti Complex,2022,2022-04-13
"Srishti Elegance, Bhandup West",Mumbai,east,none,Saki Naka,yes,Godrej One Vikhroli,4.64,blue,6.78,no,no,True,Aarey JVLR,5.5,3-6km,6,Bhandup,0.55,9.73,20,42,4,19.1462636,72.9339461,25.29,S Ward,Maharashtra,1,2022-06-23,2022-06-23,high,Bhandup West,place/suburb,Bhandup West,2022,2022-04-13
"Srishti Solitaire, Bhandup Industrial Estate",Mumbai,east,none,Saki Naka,yes,Wagle Estate Thane,4.75,blue,7.8,no,no,True,Aarey JVLR,6.02,3-6km,3,Nahur,1.55,10.64,33,48,7,19.1594258,72.9327693,26.58,S Ward,Maharashtra,1,2022-07-06,2022-07-06,low,Dharamraj Industrial Estate,landuse/industrial,Bhandup Industrial Estate,2022,2022-04-13
"Stellar Tower, Lokhandwala Complex",Mumbai,west,operational,Versova,yes,Nirlon Knowledge Park,3.29,blue,1.47,yes,yes,True,Lower Oshiwara,0.79,3-6km,7,Jogeshwari (Harbour Line),2.62,7.13,28,67,21,19.1430985,72.8246055,22.75,K/W Ward,Maharashtra,1,2022-05-23,2022-05-23,high,Lokhandwala Complex,place/neighbourhood,Lokhandwala Complex,2022,2022-04-13
"Sufalam CHS, Chembur East",Mumbai,east,under_construction,Jagruti Nagar,yes,Bandra Kurla Complex,2.1,blue,2.87,yes,no,False,Chembur,2.19,0-3km,9,Lokmanya Tilak Terminus,0.8,3.05,20,52,14,19.0723442,72.8849513,15.74,L Ward,Maharashtra,1,2022-05-31,2022-05-31,low,Dakshata CHS Ltd,building/yes,Sufalam CHS Chembur East,2022,2022-04-13
"Sugee Sadan, Dadar West",Mumbai,south,under_construction,Asalpha,yes,Lower Parel Business District,2.47,blue,10.03,yes,no,False,Dadar,0.11,0-3km,6,Dadar,0.71,7.81,71,75,9,19.0238887,72.8382236,9.47,G/N Ward,Maharashtra,1,2022-06-30,2022-06-30,high,Dadar West,place/suburb,Dadar West,2022,2022-04-13
"Sumit Greendale, Chikhal Dongari",Mumbai,north,none,Kandarpada,no,Mindspace Malad,31.85,yellow,24.07,no,no,True,Kashigaon,22.77,6km+,0,Virar,1.9,42.51,3,19,6,19.4676701,72.7992421,58.93,Virar West,Maharashtra,1,2022-07-02,2022-07-02,low,SUMIT GREENDALE,landuse/residential,Sumit Greendale,2022,2022-04-13
sunanda circal,Mumbai,east,none,Ghatkopar L1,no,Mindspace Airoli,6.22,blue,17.6,no,no,True,Sector-34,9.02,6km+,0,Nilaje,2.09,21.88,2,3,0,19.1522686,73.0605589,33.52,Shill Phata,Maharashtra,1,2022-06-28,2022-06-28,medium,Sunanda Circle,landuse/residential,sunanda circal,2022,2022-04-13
"Sundar Nagar, Kalina",Mumbai,south,under_construction,Marol Naka L1,yes,Bandra Kurla Complex,0.99,blue,3.99,yes,no,False,Bandra Colony,1.59,0-3km,12,Kurla,2.05,1.6,18,32,5,19.0757324,72.8631867,15.5,H/E Ward,Maharashtra,3,2022-06-04,2022-07-09,high,Sundar Nagar,place/neighbourhood,Sundar Nagar Kalina,2022,2022-04-13
"Sundew CHS, Chandivali",Mumbai,east,operational,Saki Naka,yes,Hiranandani Business Park Powai,1.44,blue,0.93,yes,yes,True,Saki Naka,0.93,0-3km,19,Ghatkopar,2.98,3.94,14,36,13,19.1091482,72.8945793,19.94,L Ward,Maharashtra,1,2022-07-06,2022-07-06,high,Chandivali,place/suburb,Sundew CHS Chandivali,2022,2022-04-13
"Sunflower Apartment, Bandra West",Mumbai,south,under_construction,Western Express Highway,yes,Bandra Kurla Complex,3.85,blue,6.96,yes,no,False,Bandra Colony,2.39,3-6km,6,Bandra,1.11,4.93,43,54,7,19.0583358,72.8302669,13.3,Mumbai,Maharashtra,1,2022-06-23,2022-06-23,high,Bandra West,place/suburb,Bandra West,2022,2022-04-13
"Sunglow, Chandivali",Mumbai,east,operational,Saki Naka,yes,Hiranandani Business Park Powai,1.44,blue,0.93,yes,yes,True,Saki Naka,0.93,0-3km,19,Ghatkopar,2.98,3.94,14,36,13,19.1091482,72.8945793,19.94,L Ward,Maharashtra,1,2022-06-12,2022-06-12,high,Chandivali,place/suburb,Chandivali,2022,2022-04-13
"Sunteck City Avenue 1, Goregaon West",Mumbai,north,operational,Aarey,yes,Nirlon Knowledge Park,1.59,red,1.96,yes,yes,True,Bangur Nagar,0.67,0-3km,6,Goregaon,0.89,8.45,17,42,8,19.1633281,72.8411995,24.97,P/S Ward,Maharashtra,2,2022-05-14,2022-07-06,high,Goregaon West,place/suburb,Goregaon West,2022,2022-04-13
"Supreme Divine Light CHS, Chakala",Mumbai,east,operational,Western Express Highway,yes,SEEPZ Andheri East,0.8,blue,0.57,yes,yes,True,Western Express Highway,0.57,0-3km,16,Andheri,1.69,2.8,29,68,3,19.1152873,72.8618085,19.82,K/E Ward,Maharashtra,1,2022-05-26,2022-05-26,high,Chakala,place/neighbourhood,Chakala,2022,2022-04-13
Suram Park Society,Mumbai,north,none,Kandarpada,no,Mindspace Malad,31.01,yellow,23.09,no,no,True,Kashigaon,21.53,6km+,0,Virar,0.92,41.62,3,29,6,19.4619183,72.8170739,58.2,Virar East,Maharashtra,1,2022-05-18,2022-05-18,low,Suram Park Society Parshwanath Building,building/yes,Suram Park Society,2022,2022-04-13
"Suryodaya CHS, Prabhadevi",Mumbai,south,under_construction,Asalpha,yes,Lower Parel Business District,1.35,blue,11.48,yes,no,False,Siddhivinayak Temple,0.33,0-3km,4,Prabhadevi,1.17,9.14,47,48,5,19.0148811,72.8279556,8.5,G/S Ward,Maharashtra,1,2022-06-08,2022-06-08,high,Prabhadevi,place/suburb,Prabhadevi,2022,2022-04-13
"Swastik Pride, Chembur East",Mumbai,south,under_construction,Ghatkopar L1,yes,Bandra Kurla Complex,4.56,blue,5.74,yes,no,False,Shivaji Chowk (Chembur),1.79,3-6km,4,Bharat Petroleum,0.17,6.83,12,27,7,19.0366683,72.8947992,12.55,M/E Ward,Maharashtra,1,2022-05-26,2022-05-26,low,Brainwonders Chembur,healthcare/counselling,Chembur East,2022,2022-04-13
"Swayam Apartment, Poonam Gardens",Mumbai,north,none,Kandarpada,no,Mindspace Malad,12.25,yellow,4.14,no,no,True,Kashigaon,3.58,6km+,0,Mira Road,1.46,22.69,9,56,5,19.293845,72.8507199,39.51,Bhayander West,Maharashtra,1,2022-05-31,2022-05-31,low,"Swayam Apartments, Panchratna Complex",building/yes,Swayam Apartment,2022,2022-04-13
"Takshila CHS, Andheri East",Mumbai,west,operational,Western Express Highway,yes,SEEPZ Andheri East,0.0,blue,0.23,yes,yes,True,Gundavali,0.18,0-3km,15,Andheri,0.92,3.0,36,92,5,19.1158835,72.854202,19.79,K/E Ward,Maharashtra,1,2022-06-23,2022-06-23,high,Andheri East,place/suburb,Andheri East,2022,2022-04-13
Taloja Phase 2,Mumbai,east,none,Ghatkopar L1,no,Millennium Business Park Mahape,11.86,blue,23.58,no,no,True,Panchanand,9.89,6km+,0,Nilaje,4.09,27.98,1,1,0,19.1594601,73.1189255,38.6,Palava Phase 2,Maharashtra,1,2022-06-04,2022-06-04,medium,Lodha Crown Taloja,landuse/residential,Taloja Phase 2,2022,2022-04-13
"TATA Falcon Crest, Parel",Mumbai,south,under_construction,Ghatkopar L1,yes,Lower Parel Business District,1.42,blue,11.1,yes,no,False,Siddhivinayak Temple,1.47,0-3km,3,Parel,0.52,9.34,64,73,5,19.0084268,72.842505,7.78,F/S Ward,Maharashtra,1,2022-05-24,2022-05-24,high,Parel,place/suburb,Parel,2022,2022-04-13
"TATA Housing Merwanjee Cama Park, Andheri West",Mumbai,west,operational,Azad Nagar,yes,SEEPZ Andheri East,2.13,blue,1.14,yes,yes,True,Azad Nagar,1.14,0-3km,13,Andheri,1.34,4.28,33,91,15,19.1172495,72.833968,19.84,K/W Ward,Maharashtra,1,2022-06-30,2022-06-30,high,Andheri West,place/suburb,Andheri West,2022,2022-04-13
Tata Nagar,Mumbai,east,under_construction,Ghatkopar L1,yes,Godrej One Vikhroli,5.88,blue,3.98,yes,no,False,Deonar,0.9,3-6km,4,Govandi,0.58,7.29,38,44,19,19.0526286,72.9197627,15.46,M/E Ward,Maharashtra,1,2022-07-01,2022-07-01,high,Tata Nagar,place/neighbourhood,Tata Nagar,2022,2022-04-13
"Techno Park I, Kandivali East",Mumbai,north,operational,Poisar,yes,Mindspace Malad,3.26,red,0.19,yes,yes,True,Poisar,0.19,3-6km,1,Kandivali,1.15,12.79,14,67,10,19.2051958,72.8626165,29.76,R/S Ward,Maharashtra,1,2022-06-23,2022-06-23,high,Kandivali East,place/suburb,Kandivali East,2022,2022-04-13
Thakur Complex,Mumbai,north,operational,Magathane,yes,Mindspace Malad,3.88,red,0.67,yes,yes,True,Magathane,0.67,3-6km,0,Kandivali,1.54,13.47,6,59,12,19.2112442,72.8643107,30.45,R/S Ward,Maharashtra,2,2022-06-03,2022-06-04,medium,Thakur Complex,landuse/residential,Thakur Complex,2022,2022-04-13
"Thakur Jewel, Thakur Village, Kandivali East",Mumbai,north,operational,Magathane,yes,Mindspace Malad,4.63,red,1.24,yes,yes,True,Magathane,1.24,3-6km,0,Kandivali,2.62,13.36,5,24,7,19.2097189,72.8759248,30.42,R/S Ward,Maharashtra,1,2022-05-18,2022-05-18,high,Thakur Village,place/suburb,Thakur Village,2022,2022-04-13
"Thakur Village, Kandivali East",Mumbai,north,operational,Poisar,yes,Mindspace Malad,3.26,red,0.19,yes,yes,True,Poisar,0.19,3-6km,1,Kandivali,1.15,12.79,14,67,10,19.2051958,72.8626165,29.76,R/S Ward,Maharashtra,1,2022-05-17,2022-05-17,high,Kandivali East,place/suburb,Kandivali East,2022,2022-04-13
Thane-Kalyan-Dombivli,Mumbai,east,none,Dahisar (East) [Line 7],no,Mindspace Airoli,16.58,yellow,28.37,no,no,True,Azad Nagar Bus Stop,16.34,6km+,1,Kalyan Junction,0.75,33.21,4,70,1,19.2396742,73.1366482,46.06,Kalyan-Dombivli,Maharashtra,3,2022-05-23,2022-05-31,low,Kalyan,place/borough,Thane-Kalyan-Dombivli,2022,2022-04-13
"The Primordial House, Kemps Corner",Mumbai,south,under_construction,Ghatkopar L1,yes,Nariman Point CBD,4.44,blue,17.32,yes,no,False,Grant Road,1.18,3-6km,1,Grant Road,0.94,15.24,50,61,5,18.9637535,72.8068617,4.09,D Ward,Maharashtra,1,2022-06-16,2022-06-16,high,Kemps Corner,place/locality,Kemps Corner,2022,2022-04-13
"The Windsor, Kandivali East",Mumbai,north,operational,Poisar,yes,Mindspace Malad,3.26,red,0.19,yes,yes,True,Poisar,0.19,3-6km,1,Kandivali,1.15,12.79,14,67,10,19.2051958,72.8626165,29.76,R/S Ward,Maharashtra,1,2022-07-07,2022-07-07,high,Kandivali East,place/suburb,Kandivali East,2022,2022-04-13
Tilak Nagar - Harbour Line,Mumbai,south,under_construction,Ghatkopar L1,yes,Bandra Kurla Complex,3.21,blue,7.06,yes,no,False,Dharavi,1.79,3-6km,6,Guru Tegh Bahadur Nagar,0.04,5.77,46,45,5,19.0383119,72.8645817,11.48,F/N Ward,Maharashtra,2,2022-07-02,2022-07-06,low,Harbour Line,railway/platform,Tilak Nagar - Harbour Line,2022,2022-04-13
"Trans Residency, Andheri East",Mumbai,west,operational,Western Express Highway,yes,SEEPZ Andheri East,0.0,blue,0.23,yes,yes,True,Gundavali,0.18,0-3km,15,Andheri,0.92,3.0,36,92,5,19.1158835,72.854202,19.79,K/E Ward,Maharashtra,2,2022-06-14,2022-07-06,high,Andheri East,place/suburb,Andheri East,2022,2022-04-13
"Transcon Triumph, Lokhandwala Complex",Mumbai,west,operational,Versova,yes,Nirlon Knowledge Park,3.29,blue,1.47,yes,yes,True,Lower Oshiwara,0.79,3-6km,7,Jogeshwari (Harbour Line),2.62,7.13,28,67,21,19.1430985,72.8246055,22.75,K/W Ward,Maharashtra,2,2022-06-20,2022-07-09,high,Lokhandwala Complex,place/neighbourhood,Lokhandwala Complex,2022,2022-04-13
"Tridhaatu Bhaveshwar Vilas, Central Avenue Road",Mumbai,south,none,Ghatkopar L1,no,Bandra Kurla Complex,8.64,blue,9.1,no,no,True,Deonar,4.42,6km+,0,Mysore Colony,3.55,10.94,0,0,0,19.0051071,72.9152702,11.18,M/E Ward,Maharashtra,1,2022-05-31,2022-05-31,low,Central Avenue New Mandala Road,highway/tertiary,Central Avenue Road,2022,2022-04-13
"Trump Tower, Worli",Mumbai,south,under_construction,Western Express Highway,yes,Lower Parel Business District,1.63,blue,12.27,yes,no,False,Worli,0.38,0-3km,4,Prabhadevi,1.95,9.92,31,22,6,19.0117388,72.8178706,8.32,G/S Ward,Maharashtra,3,2022-06-23,2022-07-07,high,Worli,place/suburb,Worli,2022,2022-04-13
"Tulip at Runwal Forests, Kanjurmarg West",Mumbai,east,none,Jagruti Nagar,yes,Godrej One Vikhroli,3.04,blue,5.14,no,no,True,Aarey JVLR,4.52,3-6km,6,Kanjur Marg,0.39,8.22,42,45,13,19.1321171,72.9273332,23.57,S Ward,Maharashtra,1,2022-06-27,2022-06-27,medium,Dockyard kanjurmarg St,highway/bus_stop,Kanjurmarg West,2022,2022-04-13
"Unicorn Global Arena, Naigaon East",Mumbai,north,none,Anand Nagar,no,Mindspace Malad,20.49,yellow,12.27,no,no,True,Kashigaon,10.19,6km+,0,Juichandra,1.48,30.83,1,1,0,19.3673834,72.8603139,47.73,Sukalapada,Maharashtra,1,2022-06-23,2022-06-23,low,Naigaon East Vasai Link Road,highway/tertiary,Naigaon East,2022,2022-04-13
Union Park,Mumbai,west,none,Western Express Highway,yes,Bandra Kurla Complex,4.37,blue,5.93,no,no,True,Santacruz,2.52,3-6km,5,Khar Road,1.69,4.52,33,43,7,19.0718905,72.8244456,14.84,H/W Ward,Maharashtra,2,2022-05-16,2022-05-23,high,Union Park,place/neighbourhood,Union Park,2022,2022-04-13
"Universal Neo Galaxy, Bhuleshwar",Mumbai,south,under_construction,Ghatkopar L1,yes,Nariman Point CBD,2.99,blue,17.04,yes,no,False,Girgaon,0.58,0-3km,0,Marine Lines,0.97,15.62,48,68,6,18.9537706,72.8274755,1.86,C Ward,Maharashtra,1,2022-06-04,2022-06-04,high,Bhuleshwar,place/suburb,Bhuleshwar,2022,2022-04-13
"Usha Nagar Society, Bhandup West",Mumbai,east,none,Saki Naka,yes,Godrej One Vikhroli,4.64,blue,6.78,no,no,True,Aarey JVLR,5.5,3-6km,6,Bhandup,0.55,9.73,20,42,4,19.1462636,72.9339461,25.29,S Ward,Maharashtra,1,2022-05-31,2022-05-31,high,Bhandup West,place/suburb,Bhandup West,2022,2022-04-13
"Utkarsh CHS, Prabhadevi",Mumbai,south,under_construction,Asalpha,yes,Lower Parel Business District,1.35,blue,11.48,yes,no,False,Siddhivinayak Temple,0.33,0-3km,4,Prabhadevi,1.17,9.14,47,48,5,19.0148811,72.8279556,8.5,G/S Ward,Maharashtra,1,2022-07-04,2022-07-04,high,Prabhadevi,place/suburb,Prabhadevi,2022,2022-04-13
"Uttam Society, Chembur",Mumbai,south,under_construction,Ghatkopar L1,yes,Bandra Kurla Complex,3.65,blue,4.52,yes,no,False,Chembur,0.67,3-6km,5,Fertilizer Township,0.49,5.7,28,75,9,19.0482121,72.8941022,13.64,M/W Ward,Maharashtra,1,2022-04-29,2022-04-29,high,"Navjivan Society, Chembur",place/neighbourhood,Uttam Society Chembur,2022,2022-04-13
"Vaibhav Apartments, Dadar West",Mumbai,south,under_construction,Asalpha,yes,Lower Parel Business District,2.47,blue,10.03,yes,no,False,Dadar,0.11,0-3km,6,Dadar,0.71,7.81,71,75,9,19.0238887,72.8382236,9.47,G/N Ward,Maharashtra,1,2022-06-23,2022-06-23,high,Dadar West,place/suburb,Dadar West,2022,2022-04-13
"Valentine Apartments, Gokuldham",Mumbai,north,operational,Aarey,yes,Nirlon Knowledge Park,2.56,red,1.01,yes,yes,True,Aarey,1.01,0-3km,3,Goregaon,2.1,9.32,13,51,5,19.1738527,72.8670935,26.35,P/S Ward,Maharashtra,1,2022-07-09,2022-07-09,high,Gokuldham,place/neighbourhood,Gokuldham,2022,2022-04-13
"vanamali chs ghatla, Ghatla",Mumbai,east,under_construction,Ghatkopar L1,yes,Bandra Kurla Complex,4.34,blue,3.81,yes,no,False,Diamond Garden,0.25,3-6km,5,VNP & RC Marg Junction,1.02,6.01,42,85,17,19.0526325,72.9040237,14.57,M/W Ward,Maharashtra,1,2022-05-31,2022-05-31,high,Ghatla Village,place/neighbourhood,Ghatla,2022,2022-04-13
"Vasant Marvel, Magathane",Mumbai,north,operational,Magathane,yes,Mindspace Malad,4.53,red,0.0,yes,yes,True,Magathane,0.0,3-6km,0,Borivali,1.69,14.09,6,65,15,19.2167968,72.8668012,31.09,R/C Ward,Maharashtra,1,2022-05-14,2022-05-14,medium,Magathane,railway/station,Magathane,2022,2022-04-13
"Vasant Oscar, Mulund West",Mumbai,east,none,Aarey,yes,Wagle Estate Thane,2.95,red,9.71,no,no,True,Azad Nagar Bus Stop,8.29,0-3km,5,Mulund,0.58,12.99,43,86,17,19.1719717,72.9511956,28.64,T Ward,Maharashtra,1,2022-06-04,2022-06-04,high,Mulund West,place/suburb,Mulund West,2022,2022-04-13
"Vasant Sagar, Thakur Village, Kandivali East",Mumbai,north,operational,Magathane,yes,Mindspace Malad,4.63,red,1.24,yes,yes,True,Magathane,1.24,3-6km,0,Kandivali,2.62,13.36,5,24,7,19.2097189,72.8759248,30.42,R/S Ward,Maharashtra,1,2022-05-27,2022-05-27,high,Thakur Village,place/suburb,Thakur Village,2022,2022-04-13
"Veena Signature, Borivali West",Mumbai,north,operational,Borivali (West),yes,Mindspace Malad,5.27,yellow,0.0,yes,yes,True,Borivali (West),0.0,3-6km,0,Borivali,1.75,15.87,20,80,14,19.2313925,72.8408607,32.54,R/C Ward,Maharashtra,1,2022-06-20,2022-06-20,medium,Borivali (West),railway/station,Borivali West,2022,2022-04-13
"Velentine Tower, Goregaon East",Mumbai,north,operational,Aarey,yes,Nirlon Knowledge Park,1.62,red,0.37,yes,yes,True,Aarey,0.37,0-3km,5,Goregaon,0.77,8.83,14,72,6,19.1692623,72.8552548,25.71,P/S Ward,Maharashtra,1,2022-07-06,2022-07-06,high,Goregaon East,place/suburb,Goregaon East,2022,2022-04-13
"Vertical Bliss, Bandra West",Mumbai,south,under_construction,Western Express Highway,yes,Bandra Kurla Complex,3.85,blue,6.96,yes,no,False,Bandra Colony,2.39,3-6km,6,Bandra,1.11,4.93,43,54,7,19.0583358,72.8302669,13.3,Mumbai,Maharashtra,1,2022-06-25,2022-06-25,high,Bandra West,place/suburb,Bandra West,2022,2022-04-13
"Vijaya Heritage, Chembur",Mumbai,east,under_construction,Ghatkopar L1,yes,Bandra Kurla Complex,3.65,blue,3.7,yes,no,False,Diamond Garden,0.53,3-6km,5,VNP & RC Marg Junction,0.46,5.39,32,81,13,19.054818,72.8979713,14.48,M/W Ward,Maharashtra,1,2022-06-07,2022-06-07,high,Chembur,place/suburb,Chembur,2022,2022-04-13
"Vikas Finalay Apartments, Parel",Mumbai,south,under_construction,Ghatkopar L1,yes,Lower Parel Business District,1.42,blue,11.1,yes,no,False,Siddhivinayak Temple,1.47,0-3km,3,Parel,0.52,9.34,64,73,5,19.0084268,72.842505,7.78,F/S Ward,Maharashtra,1,2022-06-30,2022-06-30,high,Parel,place/suburb,Parel,2022,2022-04-13
Vikhroli,Mumbai,east,none,Jagruti Nagar,yes,Godrej One Vikhroli,1.13,blue,3.5,no,no,True,Jagruti Nagar,3.5,0-3km,11,Vikhroli,0.42,7.13,19,26,20,19.114541,72.9257184,21.73,S Ward,Maharashtra,1,2022-07-09,2022-07-09,high,Vikhroli West,place/suburb,Vikhroli,2022,2022-04-13
Vikhroli West,Mumbai,east,none,Jagruti Nagar,yes,Godrej One Vikhroli,1.13,blue,3.5,no,no,True,Jagruti Nagar,3.5,0-3km,11,Vikhroli,0.42,7.13,19,26,20,19.114541,72.9257184,21.73,S Ward,Maharashtra,1,2022-05-31,2022-05-31,high,Vikhroli West,place/suburb,Vikhroli West,2022,2022-04-13
Vile Parle,Mumbai,west,operational,Andheri L1,yes,SEEPZ Andheri East,1.98,blue,2.06,yes,yes,True,CSMI Airport Domestic T1,1.78,0-3km,14,Vile Parle,0.59,2.83,35,90,9,19.103908,72.840301,18.37,K/W Ward,Maharashtra,1,2022-04-29,2022-04-29,high,Vile Parle West,place/suburb,Vile Parle,2022,2022-04-13
Vile Parle East,Mumbai,west,operational,Western Express Highway,yes,SEEPZ Andheri East,1.94,blue,2.05,yes,yes,True,CSMI Airport Domestic T1,1.05,0-3km,16,Vile Parle,0.22,2.09,30,78,7,19.1002241,72.8461146,17.98,K/E Ward,Maharashtra,2,2022-06-04,2022-06-15,medium,Vile Parle Station (E),highway/bus_stop,Vile Parle East,2022,2022-04-13
Vile Parle West,Mumbai,west,operational,Andheri L1,yes,SEEPZ Andheri East,1.98,blue,2.06,yes,yes,True,CSMI Airport Domestic T1,1.78,0-3km,14,Vile Parle,0.59,2.83,35,90,9,19.103908,72.840301,18.37,K/W Ward,Maharashtra,3,2022-06-04,2022-06-15,high,Vile Parle West,place/suburb,Vile Parle West,2022,2022-04-13
"Vintage Pearl Apartment, Bandra West",Mumbai,south,under_construction,Western Express Highway,yes,Bandra Kurla Complex,3.85,blue,6.96,yes,no,False,Bandra Colony,2.39,3-6km,6,Bandra,1.11,4.93,43,54,7,19.0583358,72.8302669,13.3,Mumbai,Maharashtra,1,2022-06-14,2022-06-14,high,Bandra West,place/suburb,Bandra West,2022,2022-04-13
"Violette Valley, Bandra West",Mumbai,south,under_construction,Western Express Highway,yes,Bandra Kurla Complex,3.85,blue,6.96,yes,no,False,Bandra Colony,2.39,3-6km,6,Bandra,1.11,4.93,43,54,7,19.0583358,72.8302669,13.3,Mumbai,Maharashtra,1,2022-07-07,2022-07-07,high,Bandra West,place/suburb,Bandra West,2022,2022-04-13
Virar,Mumbai,north,none,Kandarpada,no,Mindspace Malad,29.71,yellow,21.85,no,no,True,Kashigaon,20.43,6km+,0,Virar,0.61,40.35,3,40,3,19.4497996,72.8120613,56.87,Vasai-Virar,Maharashtra,1,2022-06-28,2022-06-28,low,Virar,place/borough,Virar,2022,2022-04-13
Virar West,Mumbai,north,none,Kandarpada,no,Mindspace Malad,30.18,yellow,22.37,no,no,True,Kashigaon,21.04,6km+,0,Virar,0.67,40.83,3,37,6,19.4533576,72.8057966,57.3,Vasai-Virar,Maharashtra,1,2022-05-31,2022-05-31,low,Virar West,place/suburb,Virar West,2022,2022-04-13
"Vishnu Shivam Tower, Thakur Village, Kandivali East",Mumbai,north,operational,Magathane,yes,Mindspace Malad,4.63,red,1.24,yes,yes,True,Magathane,1.24,3-6km,0,Kandivali,2.62,13.36,5,24,7,19.2097189,72.8759248,30.42,R/S Ward,Maharashtra,2,2022-06-30,2022-07-07,high,Thakur Village,place/suburb,Thakur Village,2022,2022-04-13
Wadala,Mumbai,south,none,Ghatkopar L1,yes,Bandra Kurla Complex,4.6,blue,7.46,no,no,True,Dharavi,3.49,3-6km,4,Bhakti Park,0.29,7.16,16,16,0,19.0269192,72.8759337,10.69,F/N Ward,Maharashtra,1,2022-05-10,2022-05-10,high,Wadala,place/suburb,Wadala,2022,2022-04-13
"Wadhwa Atmoshphere, Mulund West",Mumbai,east,none,Aarey,yes,Wagle Estate Thane,2.95,red,9.71,no,no,True,Azad Nagar Bus Stop,8.29,0-3km,5,Mulund,0.58,12.99,43,86,17,19.1719717,72.9511956,28.64,T Ward,Maharashtra,1,2022-07-06,2022-07-06,high,Mulund West,place/suburb,Mulund West,2022,2022-04-13
"Wadhwa Atmosphere, Mulund West",Mumbai,east,none,Aarey,yes,Wagle Estate Thane,2.95,red,9.71,no,no,True,Azad Nagar Bus Stop,8.29,0-3km,5,Mulund,0.58,12.99,43,86,17,19.1719717,72.9511956,28.64,T Ward,Maharashtra,1,2022-06-25,2022-06-25,high,Mulund West,place/suburb,Mulund West,2022,2022-04-13
Walkeshwar,Mumbai,south,under_construction,Ghatkopar L1,yes,Nariman Point CBD,3.5,blue,18.52,yes,no,False,Grant Road,1.91,3-6km,0,Charni Road,1.51,16.52,26,44,2,18.9524203,72.8038935,3.64,D Ward,Maharashtra,1,2022-06-30,2022-06-30,high,Walkeshwar,place/locality,Walkeshwar,2022,2022-04-13
Waterfield Road,Mumbai,south,under_construction,Western Express Highway,yes,Bandra Kurla Complex,3.28,blue,6.2,yes,no,False,Bandra Colony,1.68,3-6km,7,Bandra Terminus,0.71,4.15,47,65,9,19.0640655,72.8346916,13.93,H/W Ward,Maharashtra,2,2022-05-23,2022-07-09,low,RK Patkar Marg (Waterfield Road),highway/tertiary,Waterfield Road,2022,2022-04-13
"White Lily Apartment, Bhandup East",Mumbai,east,none,Jagruti Nagar,yes,Godrej One Vikhroli,3.75,blue,6.19,no,no,True,Aarey JVLR,5.51,3-6km,6,Bhandup,0.57,9.35,27,39,2,19.1378308,72.9361964,24.54,S Ward,Maharashtra,1,2022-07-07,2022-07-07,high,Bhandup East,place/suburb,Bhandup East,2022,2022-04-13
"Windsor Grande Residences, Andheri West",Mumbai,west,operational,Azad Nagar,yes,SEEPZ Andheri East,2.13,blue,1.14,yes,yes,True,Azad Nagar,1.14,0-3km,13,Andheri,1.34,4.28,33,91,15,19.1172495,72.833968,19.84,K/W Ward,Maharashtra,1,2022-06-03,2022-06-03,high,Andheri West,place/suburb,Andheri West,2022,2022-04-13
"World One Tower Mumbai, Worli",Mumbai,south,under_construction,Western Express Highway,yes,Lower Parel Business District,1.63,blue,12.27,yes,no,False,Worli,0.38,0-3km,4,Prabhadevi,1.95,9.92,31,22,6,19.0117388,72.8178706,8.32,G/S Ward,Maharashtra,1,2022-06-07,2022-06-07,high,Worli,place/suburb,Worli,2022,2022-04-13
Worli,Mumbai,south,under_construction,Western Express Highway,yes,Lower Parel Business District,1.63,blue,12.27,yes,no,False,Worli,0.38,0-3km,4,Prabhadevi,1.95,9.92,31,22,6,19.0117388,72.8178706,8.32,G/S Ward,Maharashtra,6,2022-05-31,2022-07-09,high,Worli,place/suburb,Worli,2022,2022-04-13
Worli Sea Face,Mumbai,south,under_construction,Western Express Highway,yes,Lower Parel Business District,1.74,blue,12.53,yes,no,False,Worli,0.42,0-3km,4,Prabhadevi,2.16,10.2,24,17,6,19.0100374,72.8155708,8.19,G/S Ward,Maharashtra,1,2022-06-23,2022-06-23,low,Khan Abdul Gaffar Khan Marg,highway/primary,Worli Sea Face,2022,2022-04-13
Yari Road,Mumbai,west,operational,Versova,yes,Nirlon Knowledge Park,5.02,blue,1.71,yes,yes,True,Versova,1.71,3-6km,3,Jogeshwari (Western Line),4.27,7.93,10,31,7,19.1394593,72.8083974,22.49,K/W Ward,Maharashtra,1,2022-06-27,2022-06-27,medium,Yari Road Bus Station,highway/bus_stop,Yari Road,2022,2022-04-13
Yashodham,Mumbai,north,operational,Aarey,yes,Mindspace Malad,1.94,red,0.52,yes,yes,True,Aarey,0.52,0-3km,5,Goregaon,1.01,9.18,16,88,6,19.1723644,72.8550274,26.05,P/S Ward,Maharashtra,1,2022-05-12,2022-05-12,high,Yashodham,place/neighbourhood,Yashodham,2022,2022-04-13
"Yashodham Complex, Goregaon East",Mumbai,north,operational,Aarey,yes,Nirlon Knowledge Park,1.62,red,0.37,yes,yes,True,Aarey,0.37,0-3km,5,Goregaon,0.77,8.83,14,72,6,19.1692623,72.8552548,25.71,P/S Ward,Maharashtra,1,2022-07-06,2022-07-06,high,Goregaon East,place/suburb,Goregaon East,2022,2022-04-13
"Yogi Hills, Mulund West",Mumbai,east,none,Poisar,yes,Wagle Estate Thane,1.96,red,8.35,no,no,True,Azad Nagar Bus Stop,7.64,0-3km,3,Mulund,2.22,13.24,22,54,8,19.1843222,72.9399737,29.43,T Ward,Maharashtra,1,2022-05-13,2022-05-13,high,Yogi Hills,place/neighbourhood,Yogi Hills Mulund West,2022,2022-04-13
