listing_id,Posted On,BHK,Rent,Size,Floor,Area Type,Area Locality,City,Furnishing Status,Tenant Preferred,Bathroom,Point of Contact
L00001,2022-05-18,2,10000,1100,Ground out of 2,Super Area,Bandel,Kolkata,Unfurnished,Bachelors/Family,2,Contact Owner
L00002,2022-05-13,2,20000,800,1 out of 3,Super Area,"Phool Bagan, Kankurgachi",Kolkata,Semi-Furnished,Bachelors/Family,1,Contact Owner
L00003,2022-05-16,2,17000,1000,1 out of 3,Super Area,Salt Lake City Sector 2,Kolkata,Semi-Furnished,Bachelors/Family,1,Contact Owner
L00004,2022-07-04,2,10000,800,1 out of 2,Super Area,Dumdum Park,Kolkata,Unfurnished,Bachelors/Family,1,Contact Owner
L00005,2022-05-09,2,7500,850,1 out of 2,Carpet Area,South Dum Dum,Kolkata,Unfurnished,Bachelors,1,Contact Owner
L00006,2022-04-29,2,7000,600,Ground out of 1,Super Area,Thakurpukur,Kolkata,Unfurnished,Bachelors/Family,2,Contact Owner
L00007,2022-06-21,2,10000,700,Ground out of 4,Super Area,Malancha,Kolkata,Unfurnished,Bachelors,2,Contact Agent
L00008,2022-06-21,1,5000,250,1 out of 2,Super Area,Malancha,Kolkata,Unfurnished,Bachelors,1,Contact Agent
L00009,2022-06-07,2,26000,800,1 out of 2,Carpet Area,"Palm Avenue Kolkata, Ballygunge",Kolkata,Unfurnished,Bachelors,2,Contact Agent
L00010,2022-06-20,2,10000,1000,1 out of 3,Carpet Area,Natunhat,Kolkata,Semi-Furnished,Bachelors/Family,2,Contact Owner
L00011,2022-05-23,3,25000,1200,1 out of 4,Carpet Area,"Action Area 1, Rajarhat Newtown",Kolkata,Semi-Furnished,Bachelors/Family,2,Contact Agent
L00012,2022-06-07,1,5000,400,1 out of 1,Carpet Area,Keshtopur,Kolkata,Unfurnished,Bachelors/Family,1,Contact Agent
L00013,2022-05-14,1,6500,250,1 out of 4,Carpet Area,"Tarulia, Keshtopur",Kolkata,Furnished,Bachelors,1,Contact Owner
L00014,2022-05-09,1,5500,375,1 out of 2,Carpet Area,Dum Dum Metro,Kolkata,Unfurnished,Bachelors/Family,1,Contact Agent
L00015,2022-05-05,3,8500,900,Ground out of 2,Carpet Area,Paschim Barisha,Kolkata,Unfurnished,Bachelors,2,Contact Owner
L00016,2022-06-01,3,40000,1286,1 out of 1,Carpet Area,New Town Action Area 1,Kolkata,Furnished,Bachelors/Family,2,Contact Owner
L00017,2022-05-17,2,6000,600,1 out of 2,Super Area,Barasat,Kolkata,Semi-Furnished,Bachelors/Family,1,Contact Owner
L00018,2022-06-20,2,10000,800,Ground out of 2,Super Area,Behala,Kolkata,Unfurnished,Bachelors/Family,1,Contact Owner
L00019,2022-06-09,2,11000,2000,Ground out of 3,Carpet Area,Behala Chowrasta,Kolkata,Unfurnished,Bachelors/Family,1,Contact Owner
L00020,2022-06-09,2,6000,660,1 out of 2,Super Area,Behala,Kolkata,Unfurnished,Bachelors/Family,1,Contact Owner
L00021,2022-07-02,2,7900,650,1 out of 2,Carpet Area,Santoshpur,Kolkata,Unfurnished,Family,1,Contact Owner
L00022,2022-06-14,2,9000,400,2 out of 3,Carpet Area,"Garia Station, Garia",Kolkata,Unfurnished,Bachelors,2,Contact Owner
L00023,2022-06-15,1,4000,300,Ground out of 4,Carpet Area,"Garia Station, Garia",Kolkata,Unfurnished,Bachelors/Family,1,Contact Owner
L00024,2022-06-15,3,6500,1600,Ground out of 2,Super Area,Joka,Kolkata,Unfurnished,Bachelors/Family,1,Contact Owner
L00025,2022-05-28,1,8000,400,1 out of 2,Super Area,Sreebhumi,Kolkata,Semi-Furnished,Bachelors,1,Contact Agent
L00026,2022-05-22,2,7000,1000,1 out of 1,Super Area,Rajarhat,Kolkata,Unfurnished,Bachelors/Family,1,Contact Owner
L00027,2022-06-18,1,5300,355,1 out of 1,Carpet Area,Dum Dum,Kolkata,Semi-Furnished,Bachelors/Family,1,Contact Agent
L00028,2022-06-25,2,6000,1000,Ground out of 3,Super Area,"Kodalia, Hooghly-Chinsurah",Kolkata,Semi-Furnished,Bachelors/Family,1,Contact Owner
L00029,2022-06-22,2,8500,800,4 out of 5,Super Area,Baguiati,Kolkata,Unfurnished,Bachelors/Family,1,Contact Owner
L00030,2022-06-25,2,12500,850,Ground out of 2,Super Area,"Rabindra Sarobar Area, Dhakuria",Kolkata,Unfurnished,Bachelors/Family,2,Contact Owner
L00031,2022-05-21,1,7500,350,Ground out of 2,Carpet Area,Baghajatin,Kolkata,Unfurnished,Bachelors/Family,1,Contact Owner
L00032,2022-06-26,2,15000,900,Ground out of 2,Carpet Area,"Project Kaikhali, Vip Road",Kolkata,Unfurnished,Bachelors/Family,2,Contact Owner
L00033,2022-06-16,2,6000,550,1 out of 1,Super Area,Vip Road,Kolkata,Semi-Furnished,Bachelors/Family,1,Contact Owner
L00034,2022-06-29,2,5000,500,Ground out of 2,Carpet Area,Baruipur,Kolkata,Unfurnished,Bachelors/Family,2,Contact Owner
L00035,2022-05-10,3,22000,1100,2 out of 3,Carpet Area,Dumdum Park,Kolkata,Unfurnished,Bachelors/Family,1,Contact Owner
L00036,2022-05-12,2,15000,850,1 out of 2,Carpet Area,Sreebhumi,Kolkata,Semi-Furnished,Bachelors/Family,1,Contact Owner
L00037,2022-06-03,2,12500,800,2 out of 2,Carpet Area,Shyam Bazar,Kolkata,Unfurnished,Bachelors,1,Contact Agent
L00038,2022-05-31,2,7000,630,Ground out of 3,Carpet Area,Birati,Kolkata,Unfurnished,Bachelors,1,Contact Owner
L00039,2022-06-10,2,21000,900,1 out of 2,Carpet Area,Bansdroni,Kolkata,Semi-Furnished,Bachelors,2,Contact Owner
L00040,2022-06-24,1,10000,270,1 out of 2,Carpet Area,Jadavpur University,Kolkata,Semi-Furnished,Bachelors/Family,1,Contact Owner
L00041,2022-06-29,2,7200,630,Ground out of 1,Carpet Area,Birati,Kolkata,Semi-Furnished,Bachelors/Family,1,Contact Owner
L00042,2022-05-12,3,12000,1500,Ground out of 2,Carpet Area,Bhadrakali,Kolkata,Furnished,Bachelors,2,Contact Owner
L00043,2022-06-26,1,5000,600,2 out of 5,Super Area,Behala,Kolkata,Unfurnished,Bachelors/Family,1,Contact Owner
L00044,2022-04-30,2,8500,700,4 out of 14,Carpet Area,Baruipur,Kolkata,Semi-Furnished,Bachelors/Family,1,Contact Owner
L00045,2022-05-27,1,6000,300,Ground out of 3,Super Area,Ballygunge,Kolkata,Semi-Furnished,Bachelors/Family,1,Contact Owner
L00046,2022-06-06,2,10000,1300,Ground out of 1,Super Area,Kalikapur,Kolkata,Semi-Furnished,Family,2,Contact Owner
L00047,2022-05-20,2,4600,400,3 out of 3,Carpet Area,Behala,Kolkata,Semi-Furnished,Bachelors,1,Contact Owner
L00048,2022-07-02,2,12000,650,Ground out of 1,Super Area,"Baishnabghata Patuli Township, Patuli",Kolkata,Unfurnished,Family,2,Contact Owner
L00049,2022-05-26,3,30000,2000,Ground out of 2,Super Area,Behala,Kolkata,Semi-Furnished,Bachelors/Family,2,Contact Owner
L00050,2022-05-12,3,15000,1068,Ground out of 3,Super Area,Bansdroni,Kolkata,Semi-Furnished,Bachelors/Family,2,Contact Owner
L00051,2022-06-22,1,7500,150,1 out of 1,Super Area,Salt Lake City,Kolkata,Furnished,Bachelors/Family,1,Contact Owner
L00052,2022-06-25,1,7500,450,2 out of 2,Carpet Area,New Town,Kolkata,Unfurnished,Bachelors,1,Contact Owner
L00053,2022-07-03,2,5000,800,Ground out of 1,Carpet Area,Baruipur,Kolkata,Unfurnished,Bachelors/Family,1,Contact Owner
L00054,2022-04-23,2,15000,1000,Ground out of 2,Super Area,Bansdroni,Kolkata,Unfurnished,Bachelors/Family,2,Contact Owner
L00055,2022-05-14,2,11000,900,5 out of 5,Super Area,Pancha Sayar,Kolkata,Semi-Furnished,Bachelors,1,Contact Owner
L00056,2022-05-27,1,7000,600,Ground out of 2,Carpet Area,Behala,Kolkata,Unfurnished,Bachelors/Family,1,Contact Owner
L00057,2022-06-19,2,6000,1200,1 out of 1,Super Area,Hooghly-Chinsurah,Kolkata,Unfurnished,Bachelors/Family,1,Contact Owner
L00058,2022-06-19,2,6000,1200,2 out of 2,Super Area,Hooghly-Chinsurah,Kolkata,Semi-Furnished,Bachelors,2,Contact Owner
L00059,2022-07-02,2,7000,650,Ground out of 3,Super Area,"Amtala, Diamond Harbour Road",Kolkata,Semi-Furnished,Bachelors/Family,2,Contact Owner
L00060,2022-07-06,2,8500,720,4 out of 4,Carpet Area,"Shrachi Village, Madhyam Gram",Kolkata,Semi-Furnished,Bachelors/Family,2,Contact Owner
L00061,2022-07-02,1,5000,300,1 out of 3,Carpet Area,Kasba,Kolkata,Unfurnished,Bachelors,1,Contact Owner
L00062,2022-06-21,3,30000,1200,Ground out of 2,Carpet Area,VIP Road Haldiram,Kolkata,Unfurnished,Bachelors/Family,3,Contact Agent
L00063,2022-06-04,2,10000,700,7 out of 8,Carpet Area,Sarsuna,Kolkata,Unfurnished,Bachelors/Family,2,Contact Owner
L00064,2022-06-24,3,30000,2000,1 out of 3,Super Area,Naihati,Kolkata,Semi-Furnished,Bachelors/Family,2,Contact Owner
L00065,2022-05-14,1,3500,250,Ground out of 4,Super Area,Baksara,Kolkata,Semi-Furnished,Bachelors/Family,1,Contact Owner
L00066,2022-06-26,2,8000,1100,Ground out of 3,Carpet Area,Naihati,Kolkata,Unfurnished,Bachelors,1,Contact Owner
L00067,2022-07-02,1,5000,300,Ground out of 2,Carpet Area,Kasba,Kolkata,Unfurnished,Bachelors/Family,1,Contact Owner
L00068,2022-05-05,2,7500,600,Ground out of 2,Super Area,"Amtala, Diamond Harbour Road",Kolkata,Semi-Furnished,Bachelors/Family,1,Contact Owner
L00069,2022-05-18,2,6500,800,Ground out of 2,Carpet Area,"Chak Thakurani, Thakurpukur",Kolkata,Unfurnished,Bachelors/Family,1,Contact Owner
L00070,2022-06-07,1,7500,680,1 out of 3,Super Area,Jadavpur,Kolkata,Unfurnished,Bachelors/Family,1,Contact Owner
L00071,2022-06-07,1,7500,680,Ground out of 2,Super Area,Jadavpur,Kolkata,Unfurnished,Bachelors/Family,1,Contact Owner
L00072,2022-06-26,2,16000,850,1 out of 4,Carpet Area,Salt Lake City Sector 1,Kolkata,Semi-Furnished,Bachelors,1,Contact Agent
L00073,2022-06-26,2,16000,850,1 out of 2,Carpet Area,Salt Lake City Sector 1,Kolkata,Semi-Furnished,Bachelors,1,Contact Agent
L00074,2022-05-30,2,6500,700,Ground out of 2,Super Area,Bandel,Kolkata,Unfurnished,Bachelors,1,Contact Owner
L00075,2022-05-22,3,40000,1500,Ground out of 2,Super Area,Beliaghata,Kolkata,Unfurnished,Bachelors/Family,2,Contact Owner
L00076,2022-06-18,2,12500,950,1 out of 4,Super Area,"Magnolia Prestige, Rajarhat",Kolkata,Semi-Furnished,Bachelors/Family,2,Contact Owner
L00077,2022-06-08,2,5500,500,Ground out of 2,Super Area,"Baishnabghata Patuli Township, Patuli",Kolkata,Unfurnished,Bachelors/Family,1,Contact Owner
L00078,2022-06-25,1,5000,450,2 out of 4,Carpet Area,"Dum Dum Heights, Jessore Road",Kolkata,Semi-Furnished,Bachelors/Family,1,Contact Owner
L00079,2022-05-03,2,6500,700,Ground out of 2,Super Area,Sonarpur,Kolkata,Unfurnished,Bachelors,1,Contact Owner
L00080,2022-05-12,1,8000,500,1 out of 2,Super Area,Lake Town,Kolkata,Unfurnished,Bachelors/Family,1,Contact Owner
L00081,2022-06-01,3,14500,1800,Ground out of 2,Super Area,Belghoria,Kolkata,Semi-Furnished,Bachelors/Family,2,Contact Owner
L00082,2022-05-23,1,8200,500,1 out of 3,Carpet Area,"Rabindra Pally, Keshtopur",Kolkata,Semi-Furnished,Bachelors/Family,1,Contact Owner
L00083,2022-05-23,2,15000,480,Ground out of 3,Carpet Area,shukhobrishti,Kolkata,Furnished,Bachelors/Family,2,Contact Owner
L00084,2022-06-21,6,20000,1000,1 out of 1,Super Area,Sonarpur,Kolkata,Semi-Furnished,Bachelors/Family,2,Contact Owner
L00085,2022-06-22,2,6700,800,1 out of 2,Super Area,"Baishnavghata patuli , house number s-300 Kolkata 700094",Kolkata,Furnished,Bachelors/Family,1,Contact Owner
L00086,2022-05-27,1,10000,435,2 out of 3,Super Area,Kasba,Kolkata,Unfurnished,Bachelors/Family,1,Contact Owner
L00087,2022-05-07,2,7000,700,Ground out of 2,Carpet Area,Dum Dum Metro,Kolkata,Semi-Furnished,Bachelors/Family,2,Contact Agent
L00088,2022-06-25,2,22000,800,4 out of 4,Super Area,"Hazra, Kalighat",Kolkata,Furnished,Bachelors/Family,1,Contact Agent
L00089,2022-06-27,2,6500,450,1 out of 3,Super Area,Ajoy Nagar,Kolkata,Unfurnished,Bachelors/Family,1,Contact Owner
L00090,2022-05-31,2,8500,550,2 out of 3,Carpet Area,Kasba -East,Kolkata,Semi-Furnished,Bachelors/Family,1,Contact Agent
L00091,2022-06-03,2,18000,800,Ground out of 4,Carpet Area,Salt Lake City,Kolkata,Unfurnished,Bachelors,2,Contact Agent
L00092,2022-06-27,2,12000,550,Ground out of 2,Carpet Area,Baghajatin,Kolkata,Semi-Furnished,Family,2,Contact Owner
L00093,2022-05-15,1,9000,600,2 out of 4,Super Area,Behala,Kolkata,Furnished,Bachelors/Family,1,Contact Owner
L00094,2022-06-09,1,6000,500,Ground out of 1,Super Area,"New Garia, Garia",Kolkata,Unfurnished,Bachelors/Family,1,Contact Owner
L00095,2022-04-28,2,20000,1000,1 out of 2,Super Area,Anandapur,Kolkata,Furnished,Bachelors/Family,2,Contact Owner
L00096,2022-05-23,1,5000,300,1 out of 2,Carpet Area,Dum Dum Metro,Kolkata,Unfurnished,Bachelors/Family,1,Contact Owner
L00097,2022-06-28,2,12000,1200,1 out of 3,Super Area,Boral,Kolkata,Furnished,Bachelors/Family,2,Contact Owner
L00098,2022-06-23,2,10000,500,3 out of 4,Carpet Area,"Rabindra Pally, Keshtopur",Kolkata,Semi-Furnished,Bachelors/Family,1,Contact Owner
L00099,2022-04-29,4,18000,1200,1 out of 2,Super Area,Bagbazar,Kolkata,Unfurnished,Family,2,Contact Owner
L00100,2022-06-13,2,15000,900,1 out of 2,Carpet Area,Salt Lake City Sector 1,Kolkata,Semi-Furnished,Bachelors/Family,2,Contact Agent
L00101,2022-06-13,3,22000,1300,Ground out of 2,Carpet Area,Salt Lake City Sector 2,Kolkata,Unfurnished,Bachelors/Family,3,Contact Agent
L00102,2022-06-13,4,35000,1600,1 out of 5,Carpet Area,Salt Lake City Sector 3,Kolkata,Unfurnished,Bachelors/Family,3,Contact Agent
L00103,2022-05-14,3,21000,1450,Ground out of 1,Super Area,Ajoy Nagar,Kolkata,Unfurnished,Family,2,Contact Owner
L00104,2022-07-06,2,25000,1100,2 out of 2,Super Area,"Action Area 1, Rajarhat Newtown",Kolkata,Furnished,Bachelors,2,Contact Agent
L00105,2022-06-16,2,180000,950,Ground out of 1,Carpet Area,"Avenue S, Santoshpur",Kolkata,Unfurnished,Bachelors/Family,2,Contact Owner
L00106,2022-06-06,1,6000,600,8 out of 5,Carpet Area,Pratiraksha Nagar,Kolkata,Unfurnished,Bachelors/Family,1,Contact Owner
L00107,2022-07-04,2,14000,700,Ground out of 2,Carpet Area,"Kudghat, Ashok Nagar",Kolkata,Unfurnished,Bachelors/Family,2,Contact Owner
L00108,2022-05-15,3,8000,750,Ground out of 2,Super Area,"Sakher Bazar, Purba Barisha",Kolkata,Unfurnished,Family,1,Contact Owner
L00109,2022-05-04,2,8000,1000,Ground out of 1,Super Area,"Purbasan, Thakurpukur",Kolkata,Unfurnished,Bachelors/Family,1,Contact Owner
L00110,2022-04-25,1,6000,220,Ground out of 2,Super Area,"Bidhan Pally, Bansdroni",Kolkata,Furnished,Bachelors/Family,1,Contact Owner
L00111,2022-05-21,1,8000,300,1 out of 3,Carpet Area,"Naktala, Garia",Kolkata,Semi-Furnished,Bachelors,1,Contact Agent
L00112,2022-06-27,1,6000,300,Ground out of 1,Carpet Area,Tiljala Road,Kolkata,Unfurnished,Bachelors/Family,1,Contact Agent
L00113,2022-07-02,1,20000,700,1 out of 2,Super Area,Sankaritola,Kolkata,Semi-Furnished,Bachelors/Family,1,Contact Owner
L00114,2022-07-06,3,12000,800,Ground out of 1,Super Area,"Parnashree Lake, Behala",Kolkata,Unfurnished,Bachelors/Family,2,Contact Owner
L00115,2022-04-28,3,15000,1600,1 out of 3,Super Area,Garia,Kolkata,Unfurnished,Bachelors/Family,2,Contact Owner
L00116,2022-05-15,2,14000,1000,1 out of 3,Carpet Area,Kasba,Kolkata,Unfurnished,Bachelors/Family,2,Contact Owner
L00117,2022-05-30,1,5000,20,2 out of 3,Super Area,Dakshineswar,Kolkata,Unfurnished,Bachelors/Family,1,Contact Owner
L00118,2022-06-10,2,7000,400,Ground out of 2,Carpet Area,chatana,Kolkata,Unfurnished,Bachelors/Family,1,Contact Owner
L00119,2022-06-23,1,3900,200,2 out of 2,Super Area,Shyam Bazar,Kolkata,Furnished,Bachelors/Family,1,Contact Owner
L00120,2022-06-09,3,14000,840,1 out of 4,Carpet Area,Mukundapur,Kolkata,Unfurnished,Bachelors,2,Contact Owner
L00121,2022-06-19,1,6300,300,1 out of 1,Carpet Area,Salt Lake City Sector 5,Kolkata,Unfurnished,Bachelors/Family,1,Contact Agent
L00122,2022-07-03,2,13000,550,1 out of 2,Carpet Area,Salt Lake City Sector 5,Kolkata,Furnished,Bachelors/Family,2,Contact Agent
L00123,2022-07-03,1,6800,300,1 out of 2,Carpet Area,Salt Lake City Sector 5,Kolkata,Unfurnished,Bachelors/Family,1,Contact Agent
L00124,2022-05-14,2,8000,800,1 out of 1,Super Area,Behala Chowrasta,Kolkata,Unfurnished,Bachelors/Family,2,Contact Owner
L00125,2022-05-10,2,10000,740,Ground out of 6,Carpet Area,Sonarpur,Kolkata,Unfurnished,Bachelors,1,Contact Owner
L00126,2022-04-25,2,18000,1300,1 out of 1,Super Area,Santoshpur,Kolkata,Unfurnished,Bachelors/Family,2,Contact Owner
L00127,2022-06-13,2,8000,650,Ground out of 1,Super Area,"Garia Station, Garia",Kolkata,Semi-Furnished,Bachelors/Family,1,Contact Owner
L00128,2022-05-06,2,8000,490,1 out of 1,Super Area,Entally,Kolkata,Semi-Furnished,Bachelors/Family,1,Contact Owner
L00129,2022-06-08,1,4700,250,2 out of 2,Super Area,Kaikhali,Kolkata,Furnished,Bachelors/Family,1,Contact Owner
L00130,2022-06-08,1,4700,250,Ground out of 1,Super Area,"Dash Drone, Rajarhat Newtown",Kolkata,Furnished,Bachelors/Family,1,Contact Owner
L00131,2022-05-06,1,4500,450,1 out of 2,Super Area,"Rabindra Pally, Keshtopur",Kolkata,Unfurnished,Bachelors/Family,1,Contact Owner
L00132,2022-06-30,1,6000,300,Ground out of 1,Carpet Area,Salt Lake City Sector 1,Kolkata,Semi-Furnished,Bachelors/Family,1,Contact Owner
L00133,2022-06-24,2,16000,750,1 out of 3,Super Area,"Rajdanga Gardens, Kasba",Kolkata,Unfurnished,Bachelors/Family,2,Contact Owner
L00134,2022-07-01,1,4700,250,1 out of 2,Super Area,Kaikhali,Kolkata,Furnished,Bachelors/Family,1,Contact Owner
L00135,2022-06-17,2,14000,751,3 out of 3,Carpet Area,Baghajatin,Kolkata,Unfurnished,Bachelors,1,Contact Owner
L00136,2022-06-26,2,9000,900,Ground out of 2,Carpet Area,Lake Town,Kolkata,Semi-Furnished,Bachelors,1,Contact Owner
L00137,2022-06-23,2,5000,400,1 out of 3,Carpet Area,Keshtopur,Kolkata,Semi-Furnished,Bachelors/Family,1,Contact Owner
L00138,2022-06-13,2,17500,1000,Ground out of 2,Carpet Area,Salt Lake City,Kolkata,Semi-Furnished,Bachelors/Family,2,Contact Agent
L00139,2022-06-11,2,8500,1000,Ground out of 1,Carpet Area,South Baksara,Kolkata,Unfurnished,Bachelors/Family,1,Contact Owner
L00140,2022-05-26,3,15000,1500,1 out of 1,Carpet Area,"Chandannagar, Hooghly-Chinsurah",Kolkata,Semi-Furnished,Family,2,Contact Owner
L00141,2022-04-25,2,12500,750,1 out of 3,Carpet Area,"Sukhpally, Haltu",Kolkata,Unfurnished,Bachelors/Family,2,Contact Owner
L00142,2022-05-11,1,13000,1200,2 out of 4,Super Area,Kasba,Kolkata,Semi-Furnished,Bachelors/Family,1,Contact Owner
L00143,2022-05-06,2,8000,700,Ground out of 1,Super Area,"Sakher Bazar, Purba Barisha",Kolkata,Unfurnished,Bachelors/Family,1,Contact Owner
L00144,2022-05-10,2,8000,700,4 out of 4,Carpet Area,Garia Dhalua Nabapally,Kolkata,Furnished,Bachelors/Family,1,Contact Owner
L00145,2022-05-21,2,8000,1000,Ground out of 2,Super Area,"Chinar Park, Rajarhat",Kolkata,Semi-Furnished,Bachelors/Family,1,Contact Owner
L00146,2022-06-12,2,7000,1200,1 out of 3,Super Area,Konnagar,Kolkata,Unfurnished,Bachelors/Family,2,Contact Owner
L00147,2022-06-05,2,2200,550,2 out of 3,Super Area,Behala silpara,Kolkata,Furnished,Bachelors/Family,1,Contact Owner
L00148,2022-06-25,2,8000,800,Ground out of 4,Carpet Area,Vip Road,Kolkata,Unfurnished,Bachelors,1,Contact Owner
L00149,2022-06-11,2,5500,280,1 out of 3,Super Area,New Barrakpur,Kolkata,Unfurnished,Bachelors,1,Contact Owner
L00150,2022-07-04,3,20000,1100,Ground out of 2,Super Area,"Thakurpukur, Kolkata",Kolkata,Unfurnished,Bachelors/Family,3,Contact Owner
L00151,2022-05-10,2,7000,950,Ground out of 2,Super Area,Kaikhali,Kolkata,Unfurnished,Bachelors/Family,1,Contact Agent
L00152,2022-05-13,1,3500,250,1 out of 2,Super Area,"Phool Bagan, Kankurgachi",Kolkata,Furnished,Bachelors/Family,1,Contact Owner
L00153,2022-05-10,2,5000,1000,Ground out of 2,Carpet Area,Hindmotor,Kolkata,Unfurnished,Bachelors,1,Contact Owner
L00154,2022-06-30,3,20000,1000,Ground out of 2,Carpet Area,Salt Lake City Sector 1,Kolkata,Semi-Furnished,Bachelors/Family,2,Contact Owner
L00155,2022-05-27,2,7000,650,Ground out of 2,Super Area,Howrah,Kolkata,Unfurnished,Bachelors/Family,1,Contact Owner
L00156,2022-06-08,2,10000,700,1 out of 2,Super Area,Benia Pukur,Kolkata,Unfurnished,Bachelors/Family,2,Contact Owner
L00157,2022-05-15,2,7000,700,Ground out of 3,Carpet Area,Baguiati,Kolkata,Unfurnished,Bachelors,1,Contact Owner
L00158,2022-06-29,3,12000,1000,Ground out of 3,Super Area,E M Bypass,Kolkata,Semi-Furnished,Bachelors/Family,2,Contact Owner
L00159,2022-05-13,2,14500,900,1 out of 4,Carpet Area,"Panchanan Tola, Thakurpukur",Kolkata,Unfurnished,Bachelors,2,Contact Owner
L00160,2022-05-25,1,6000,700,1 out of 2,Super Area,"VIP Nagar, E M Bypass",Kolkata,Unfurnished,Bachelors/Family,1,Contact Owner
L00161,2022-07-04,2,9500,700,1 out of 2,Super Area,Jadavpur,Kolkata,Unfurnished,Bachelors/Family,2,Contact Owner
L00162,2022-06-27,2,10000,450,2 out of 1,Carpet Area,Behala,Kolkata,Semi-Furnished,Bachelors/Family,2,Contact Owner
L00163,2022-05-06,1,3500,120,Ground out of 3,Super Area,Dum Dum Cantonment,Kolkata,Unfurnished,Bachelors/Family,1,Contact Owner
L00164,2022-06-01,2,9000,800,1 out of 2,Super Area,"New Garia, Garia",Kolkata,Semi-Furnished,Bachelors/Family,2,Contact Owner
L00165,2022-06-07,3,40000,1220,2 out of 3,Carpet Area,Salt Lake City Sector 3,Kolkata,Unfurnished,Bachelors/Family,2,Contact Owner
L00166,2022-06-23,3,16500,1100,Ground out of 3,Super Area,Mominpur,Kolkata,Unfurnished,Bachelors/Family,1,Contact Owner
L00167,2022-06-12,3,8000,700,Ground out of 3,Carpet Area,"Halisahar Station Road, Kanchrapara",Kolkata,Unfurnished,Family,2,Contact Owner
L00168,2022-05-10,2,12000,800,Ground out of 3,Super Area,Santoshpur,Kolkata,Furnished,Bachelors/Family,1,Contact Owner
L00169,2022-06-27,2,6500,670,2 out of 2,Super Area,"Dunlop, Dakshineswar, Belgharia Expressway",Kolkata,Unfurnished,Family,1,Contact Owner
L00170,2022-04-30,4,40000,1300,1 out of 2,Super Area,Ballygunge,Kolkata,Unfurnished,Bachelors/Family,3,Contact Owner
L00171,2022-05-06,1,5000,190,Ground out of 2,Super Area,Baguihati,Kolkata,Semi-Furnished,Bachelors/Family,1,Contact Owner
L00172,2022-05-24,2,9000,700,Ground out of 2,Super Area,Kabardanga,Kolkata,Semi-Furnished,Bachelors/Family,1,Contact Owner
L00173,2022-06-17,1,7000,240,Ground out of 4,Carpet Area,Jadavpur,Kolkata,Unfurnished,Bachelors,1,Contact Owner
L00174,2022-05-19,2,18000,850,2 out of 4,Carpet Area,Behala Chowrasta,Kolkata,Semi-Furnished,Family,1,Contact Owner
L00175,2022-05-26,1,9000,950,1 out of 2,Super Area,Haltu,Kolkata,Unfurnished,Bachelors/Family,2,Contact Owner
L00176,2022-06-11,1,5500,450,1 out of 2,Carpet Area,Botanical Garden Area,Kolkata,Furnished,Bachelors/Family,1,Contact Owner
L00177,2022-06-08,2,7500,800,Ground out of 2,Carpet Area,Bonhooghly,Kolkata,Unfurnished,Bachelors,1,Contact Owner
L00178,2022-07-02,2,4000,600,1 out of 2,Carpet Area,Nilgung Old Bazar,Kolkata,Unfurnished,Bachelors/Family,1,Contact Owner
L00179,2022-05-30,3,10500,800,2 out of 2,Carpet Area,"Teghoria, Baguiati",Kolkata,Unfurnished,Bachelors,2,Contact Owner
L00180,2022-07-03,3,15000,1100,Ground out of 2,Carpet Area,Survey Park,Kolkata,Unfurnished,Bachelors/Family,2,Contact Owner
L00181,2022-06-16,2,15000,800,Ground out of 2,Carpet Area,Baguiati,Kolkata,Furnished,Bachelors/Family,1,Contact Owner
L00182,2022-05-13,1,50000,2200,2 out of 5,Super Area,Kanchrapara,Kolkata,Furnished,Bachelors/Family,3,Contact Owner
L00183,2022-06-08,2,12000,950,1 out of 1,Carpet Area,"Jote Shibrampur, Joth Shibrampur",Kolkata,Unfurnished,Bachelors,2,Contact Owner
L00184,2022-04-25,2,11000,550,2 out of 3,Carpet Area,Ultadanga,Kolkata,Unfurnished,Bachelors/Family,1,Contact Owner
L00185,2022-06-04,2,12000,1800,1 out of 1,Carpet Area,Birati,Kolkata,Unfurnished,Bachelors,2,Contact Owner
L00186,2022-05-11,2,8000,1000,Ground out of 2,Super Area,"Chinar Park, Rajarhat",Kolkata,Furnished,Bachelors/Family,1,Contact Owner
L00187,2022-05-27,2,18000,600,Ground out of 3,Super Area,Bagha Jatin Pally,Kolkata,Semi-Furnished,Bachelors/Family,2,Contact Owner
L00188,2022-04-24,2,8000,750,2 out of 4,Carpet Area,rishi aurobindo sarani neat NIOH hospital,Kolkata,Semi-Furnished,Bachelors/Family,2,Contact Owner
L00189,2022-05-10,2,7000,685,2 out of 3,Super Area,Dum Dum Metro,Kolkata,Unfurnished,Bachelors/Family,1,Contact Agent
L00190,2022-05-24,1,6500,44,Ground out of 1,Carpet Area,Baranagar,Kolkata,Furnished,Bachelors/Family,1,Contact Owner
L00191,2022-06-10,4,13000,1200,Ground out of 2,Carpet Area,Tollygunge,Kolkata,Unfurnished,Bachelors/Family,1,Contact Owner
L00192,2022-05-05,2,9000,500,Ground out of 2,Carpet Area,Airport Near Gate No. 21/2,Kolkata,Unfurnished,Bachelors,1,Contact Owner
L00193,2022-04-29,4,10000,1110,2 out of 2,Carpet Area,Purbasa,Kolkata,Unfurnished,Bachelors/Family,2,Contact Owner
L00194,2022-05-05,2,12000,1000,1 out of 3,Super Area,Jadavpur,Kolkata,Unfurnished,Bachelors/Family,2,Contact Owner
L00195,2022-06-26,2,5000,392,Ground out of 2,Super Area,Jadavpur,Kolkata,Unfurnished,Bachelors/Family,1,Contact Owner
L00196,2022-05-09,2,6000,700,1 out of 2,Super Area,Barasat-Barrackpore Road,Kolkata,Unfurnished,Bachelors/Family,1,Contact Owner
L00197,2022-05-19,1,5200,750,2 out of 4,Super Area,Keshtopur,Kolkata,Unfurnished,Bachelors/Family,1,Contact Owner
L00198,2022-06-07,3,15000,1500,1 out of 2,Super Area,"Biren Roy Road (W) Chowrashtra Behala, Raja Rammohan Roy Road",Kolkata,Unfurnished,Family,2,Contact Owner
L00199,2022-04-29,2,9000,900,Ground out of 1,Super Area,Keshtopur,Kolkata,Unfurnished,Bachelors/Family,2,Contact Owner
L00200,2022-07-03,1,24000,710,1 out of 1,Super Area,Salt Lake City Sector 1,Kolkata,Furnished,Bachelors,1,Contact Agent
L00201,2022-05-26,1,5500,400,Ground out of 3,Carpet Area,jadavpur central park east,Kolkata,Unfurnished,Bachelors/Family,1,Contact Owner
L00202,2022-06-24,1,10000,700,1 out of 2,Carpet Area,Garia,Kolkata,Unfurnished,Bachelors,1,Contact Owner
L00203,2022-07-03,2,15000,1000,Ground out of 2,Carpet Area,Tn Chatterjee Street,Kolkata,Semi-Furnished,Bachelors/Family,1,Contact Owner
L00204,2022-06-12,1,4700,250,1 out of 2,Super Area,Kaikhali,Kolkata,Furnished,Bachelors/Family,1,Contact Owner
L00205,2022-05-14,1,5000,500,Ground out of 3,Carpet Area,Bata Nagar,Kolkata,Semi-Furnished,Bachelors/Family,1,Contact Owner
L00206,2022-05-20,2,5000,450,2 out of 2,Carpet Area,Birati,Kolkata,Semi-Furnished,Bachelors/Family,1,Contact Owner
L00207,2022-06-27,3,15000,1400,1 out of 3,Super Area,Survey Park,Kolkata,Unfurnished,Bachelors/Family,1,Contact Owner
L00208,2022-05-14,1,5000,500,1 out of 1,Carpet Area,Bata Nagar,Kolkata,Semi-Furnished,Bachelors/Family,1,Contact Owner
L00209,2022-06-17,2,6000,700,Ground out of 1,Carpet Area,Hatiara Extention,Kolkata,Unfurnished,Bachelors/Family,1,Contact Owner
L00210,2022-06-04,3,18000,1200,1 out of 3,Carpet Area,Salt Lake City Sector 1,Kolkata,Semi-Furnished,Bachelors/Family,1,Contact Owner
L00211,2022-06-21,2,8000,450,1 out of 2,Carpet Area,Andul,Kolkata,Unfurnished,Bachelors,1,Contact Owner
L00212,2022-06-23,1,13000,500,2 out of 2,Carpet Area,Salt Lake City Sector 2,Kolkata,Furnished,Bachelors,1,Contact Agent
L00213,2022-07-02,2,7500,400,Ground out of 1,Carpet Area,locality,Kolkata,Unfurnished,Bachelors/Family,1,Contact Owner
L00214,2022-04-24,3,12000,1000,Ground out of 1,Super Area,Khardah,Kolkata,Unfurnished,Bachelors/Family,2,Contact Owner
L00215,2022-06-04,2,11000,750,Ground out of 1,Carpet Area,Parnasree Pally,Kolkata,Unfurnished,Bachelors,1,Contact Owner
L00216,2022-06-24,1,6000,450,Ground out of 2,Super Area,Baghajatin,Kolkata,Unfurnished,Family,1,Contact Owner
L00217,2022-06-19,3,20000,1000,1 out of 2,Carpet Area,Salt Lake City Sector 3,Kolkata,Unfurnished,Bachelors,2,Contact Agent
L00218,2022-07-03,2,7000,500,1 out of 1,Carpet Area,sarsuna banerjee para,Kolkata,Unfurnished,Bachelors,2,Contact Owner
L00219,2022-06-19,4,30000,1600,Ground out of 1,Carpet Area,Salt Lake City Sector 3,Kolkata,Unfurnished,Bachelors,2,Contact Agent
L00220,2022-07-02,2,7500,550,Ground out of 1,Carpet Area,Near Seven Tanks Road Dumdum Station,Kolkata,Unfurnished,Bachelors,1,Contact Owner
L00221,2022-06-21,1,6500,550,1 out of 2,Super Area,Jyangra,Kolkata,Unfurnished,Bachelors/Family,2,Contact Owner
L00222,2022-06-04,1,3000,200,2 out of 3,Super Area,Barasat,Kolkata,Unfurnished,Bachelors/Family,1,Contact Owner
L00223,2022-06-30,2,5200,650,1 out of 2,Carpet Area,Sukchar,Kolkata,Unfurnished,Bachelors,1,Contact Owner
L00224,2022-06-22,2,25000,1000,1 out of 1,Super Area,"Tagore Park, Kasba",Kolkata,Furnished,Bachelors/Family,2,Contact Owner
L00225,2022-05-27,2,12500,680,Ground out of 2,Carpet Area,Barrackpore,Kolkata,Unfurnished,Bachelors/Family,2,Contact Owner
L00226,2022-06-17,2,8500,720,Ground out of 1,Carpet Area,"Silpara, Purba Barisha",Kolkata,Unfurnished,Bachelors/Family,2,Contact Owner
L00227,2022-06-20,2,3500,500,4 out of 5,Carpet Area,Konnagar,Kolkata,Unfurnished,Bachelors,1,Contact Owner
L00228,2022-06-30,2,7000,800,Ground out of 2,Super Area,Madhyam Gram,Kolkata,Unfurnished,Bachelors/Family,1,Contact Owner
L00229,2022-05-19,1,3000,160,Ground out of 1,Super Area,"Kudghat, Ashok Nagar",Kolkata,Unfurnished,Bachelors/Family,1,Contact Owner
L00230,2022-06-19,2,14000,1200,1 out of 2,Carpet Area,Salt Lake City Sector 5,Kolkata,Unfurnished,Bachelors/Family,2,Contact Agent
L00231,2022-06-17,1,18000,700,Ground out of 4,Super Area,Salt Lake City Sector 3,Kolkata,Furnished,Bachelors/Family,1,Contact Owner
L00232,2022-06-13,1,3500,1000,Ground out of 1,Super Area,Dum Dum Cantonment,Kolkata,Semi-Furnished,Bachelors/Family,1,Contact Owner
L00233,2022-06-16,2,16000,1250,Ground out of 1,Super Area,Kasba,Kolkata,Unfurnished,Bachelors/Family,2,Contact Agent
L00234,2022-05-06,4,35000,1600,Ground out of 3,Super Area,Salt Lake City,Kolkata,Unfurnished,Bachelors/Family,3,Contact Owner
L00235,2022-06-04,2,21000,700,Ground out of 2,Super Area,Lake Gardens,Kolkata,Semi-Furnished,Bachelors/Family,1,Contact Owner
L00236,2022-06-16,1,4500,450,Ground out of 2,Super Area,"Silpara, Purba Barisha",Kolkata,Unfurnished,Bachelors/Family,1,Contact Owner
L00237,2022-06-04,2,15000,839,1 out of 3,Super Area,Howrah,Kolkata,Semi-Furnished,Bachelors/Family,2,Contact Owner
L00238,2022-07-01,1,4500,230,Ground out of 3,Super Area,Birati,Kolkata,Unfurnished,Bachelors/Family,1,Contact Owner
L00239,2022-05-06,1,5500,1800,Ground out of 2,Super Area,Baranagar,Kolkata,Unfurnished,Bachelors/Family,1,Contact Owner
L00240,2022-05-10,2,8500,800,1 out of 2,Super Area,Baguihati,Kolkata,Unfurnished,Bachelors/Family,2,Contact Owner
L00241,2022-05-27,1,5000,500,Ground out of 1,Carpet Area,BRAHMAPUR NEAR BANSDRONI,Kolkata,Semi-Furnished,Bachelors/Family,1,Contact Owner
L00242,2022-05-22,2,8500,620,Ground out of 1,Carpet Area,Kasba,Kolkata,Unfurnished,Bachelors,1,Contact Owner
L00243,2022-04-24,2,9000,650,2 out of 3,Carpet Area,tollygunge Kabardanga,Kolkata,Unfurnished,Bachelors/Family,1,Contact Owner
L00244,2022-05-23,1,7500,550,1 out of 2,Super Area,"Naktala, Garia",Kolkata,Semi-Furnished,Bachelors/Family,1,Contact Agent
L00245,2022-04-23,2,7000,450,1 out of 3,Carpet Area,safuipara,Kolkata,Furnished,Bachelors,2,Contact Owner
L00246,2022-04-24,3,15000,1350,1 out of 2,Carpet Area,"Annapurna Apartment, Rajarhat Chowmatha",Kolkata,Unfurnished,Family,2,Contact Owner
L00247,2022-05-06,2,7000,600,2 out of 2,Super Area,"Park Circus, Ballygunge",Kolkata,Semi-Furnished,Bachelors/Family,2,Contact Owner
L00248,2022-05-31,3,10000,1200,2 out of 4,Super Area,Belghoria,Kolkata,Furnished,Bachelors/Family,1,Contact Owner
L00249,2022-06-25,2,7000,700,1 out of 2,Super Area,"Haridevpur, Paschim Putiary",Kolkata,Unfurnished,Bachelors/Family,1,Contact Agent
L00250,2022-06-27,3,3200,800,1 out of 3,Carpet Area,Bhawanipur,Kolkata,Furnished,Bachelors/Family,2,Contact Owner
L00251,2022-06-19,2,6000,600,Ground out of 3,Carpet Area,Santoshpur,Kolkata,Semi-Furnished,Bachelors/Family,1,Contact Owner
L00252,2022-06-19,2,12000,900,1 out of 3,Super Area,Tollygunge,Kolkata,Unfurnished,Bachelors/Family,2,Contact Owner
L00253,2022-05-31,2,6000,750,Ground out of 1,Super Area,Behala,Kolkata,Unfurnished,Bachelors/Family,1,Contact Owner
L00254,2022-07-01,3,10000,1250,1 out of 2,Super Area,Jaffarpore Rifle Range Road,Kolkata,Unfurnished,Bachelors/Family,2,Contact Owner
L00255,2022-05-31,3,12000,1000,2 out of 2,Super Area,Dariya,Kolkata,Semi-Furnished,Bachelors/Family,3,Contact Owner
L00256,2022-06-03,2,8000,600,Ground out of 2,Super Area,Howrah,Kolkata,Semi-Furnished,Bachelors/Family,1,Contact Owner
L00257,2022-06-30,2,5300,650,1 out of 1,Carpet Area,Sodepur,Kolkata,Unfurnished,Bachelors/Family,1,Contact Owner
L00258,2022-06-24,2,5000,450,2 out of 3,Carpet Area,Liluah,Kolkata,Unfurnished,Bachelors,1,Contact Owner
L00259,2022-06-11,3,8500,800,Ground out of 2,Super Area,Near DumDum Metro,Kolkata,Unfurnished,Bachelors/Family,2,Contact Owner
L00260,2022-06-19,3,22000,1000,Ground out of 3,Carpet Area,"Sukanta Nagar, New Barrakpur",Kolkata,Semi-Furnished,Bachelors/Family,2,Contact Owner
L00261,2022-06-19,2,7000,1000,Ground out of 3,Super Area,"Kumarpara, Narendrapur",Kolkata,Unfurnished,Bachelors/Family,1,Contact Owner
L00262,2022-06-25,3,25000,1400,5 out of 5,Carpet Area,Salt Lake City,Kolkata,Furnished,Bachelors,3,Contact Agent
L00263,2022-06-11,2,7000,600,1 out of 4,Carpet Area,Barrackpore,Kolkata,Semi-Furnished,Bachelors,1,Contact Owner
L00264,2022-06-13,2,15000,723,Ground out of 3,Carpet Area,Narendrapur,Kolkata,Furnished,Family,1,Contact Owner
L00265,2022-06-19,1,6000,320,Ground out of 2,Carpet Area,Sahid Nagar,Kolkata,Unfurnished,Bachelors/Family,1,Contact Owner
L00266,2022-06-17,2,8000,900,Ground out of 3,Super Area,Belghoria,Kolkata,Semi-Furnished,Bachelors/Family,1,Contact Owner
L00267,2022-05-27,3,40000,1400,Ground out of 2,Carpet Area,Salt Lake City Sector 2,Kolkata,Furnished,Bachelors/Family,2,Contact Agent
L00268,2022-06-24,1,6000,2160,1 out of 2,Super Area,Kasba,Kolkata,Semi-Furnished,Bachelors,1,Contact Owner
L00269,2022-06-22,2,15000,650,Ground out of 2,Carpet Area,kasba bosepukur,Kolkata,Semi-Furnished,Bachelors/Family,1,Contact Owner
L00270,2022-06-16,2,6500,800,1 out of 1,Super Area,Kanchrapara,Kolkata,Semi-Furnished,Bachelors/Family,1,Contact Owner
L00271,2022-06-08,3,8000,800,2 out of 3,Super Area,Bansdroni,Kolkata,Semi-Furnished,Bachelors/Family,1,Contact Owner
L00272,2022-05-05,1,5500,500,Ground out of 2,Carpet Area,"Garia Station, Garia",Kolkata,Unfurnished,Bachelors/Family,1,Contact Owner
L00273,2022-06-28,3,9000,1700,1 out of 2,Super Area,Panchanantala Road,Kolkata,Semi-Furnished,Bachelors/Family,2,Contact Owner
L00274,2022-04-27,1,6000,130,Ground out of 2,Carpet Area,Bow Bazar,Kolkata,Semi-Furnished,Bachelors/Family,1,Contact Owner
L00275,2022-05-14,1,15000,505,Ground out of 3,Super Area,Kasba,Kolkata,Furnished,Bachelors/Family,1,Contact Owner
L00276,2022-07-04,4,30000,4000,Ground out of 3,Super Area,"Sakher Bazar, Purba Barisha",Kolkata,Furnished,Bachelors/Family,3,Contact Agent
L00277,2022-05-22,3,30000,1250,Ground out of 2,Super Area,New Alipore,Kolkata,Unfurnished,Bachelors/Family,2,Contact Owner
L00278,2022-06-15,1,5000,700,Ground out of 2,Carpet Area,My Own House,Kolkata,Unfurnished,Bachelors/Family,1,Contact Owner
L00279,2022-06-12,2,15000,900,Ground out of 1,Super Area,"Park Circus, Ballygunge",Kolkata,Unfurnished,Bachelors,1,Contact Owner
L00280,2022-06-26,1,6500,650,1 out of 1,Super Area,Joka,Kolkata,Semi-Furnished,Bachelors/Family,1,Contact Owner
L00281,2022-06-29,2,4500,750,Ground out of 1,Super Area,Azadgarh,Kolkata,Furnished,Bachelors/Family,1,Contact Owner
L00282,2022-05-07,2,7000,450,Ground out of 3,Carpet Area,Mandirtala,Kolkata,Unfurnished,Bachelors/Family,1,Contact Owner
L00283,2022-06-25,1,6500,350,1 out of 2,Carpet Area,Dhakuria,Kolkata,Semi-Furnished,Bachelors/Family,1,Contact Owner
L00284,2022-06-12,1,17500,480,1 out of 2,Carpet Area,Rabindra Sarovar Metro,Kolkata,Furnished,Bachelors,2,Contact Owner
L00285,2022-06-18,2,10000,900,Ground out of 3,Super Area,Garia,Kolkata,Unfurnished,Bachelors/Family,1,Contact Owner
L00286,2022-05-24,1,1500,200,Ground out of 2,Super Area,Santoshpur,Kolkata,Semi-Furnished,Bachelors/Family,1,Contact Owner
L00287,2022-06-06,3,25000,1100,2 out of 3,Super Area,"Regent Estate, Bijoygarh",Kolkata,Unfurnished,Bachelors/Family,3,Contact Owner
L00288,2022-04-28,2,12000,800,1 out of 2,Carpet Area,Kasba,Kolkata,Unfurnished,Bachelors/Family,1,Contact Owner
L00289,2022-06-05,3,7500,1000,Ground out of 2,Carpet Area,south station pally dankuni,Kolkata,Furnished,Bachelors/Family,2,Contact Owner
L00290,2022-06-11,1,7000,800,1 out of 2,Carpet Area,Kumargali,Kolkata,Unfurnished,Bachelors/Family,1,Contact Owner
L00291,2022-06-29,1,3500,200,Upper Basement out of 4,Super Area,Baguihati,Kolkata,Semi-Furnished,Bachelors/Family,1,Contact Owner
L00292,2022-06-26,3,10000,1190,1 out of 2,Carpet Area,Sarsuna,Kolkata,Unfurnished,Bachelors/Family,2,Contact Owner
L00293,2022-05-17,2,14000,900,Ground out of 2,Carpet Area,Salt Lake City,Kolkata,Unfurnished,Bachelors,2,Contact Agent
L00294,2022-05-28,2,15000,1500,Ground out of 2,Super Area,Garia,Kolkata,Unfurnished,Bachelors/Family,2,Contact Owner
L00295,2022-05-15,2,6500,600,2 out of 3,Super Area,Thakurpukur,Kolkata,Unfurnished,Bachelors/Family,1,Contact Owner
L00296,2022-05-14,3,10000,800,Ground out of 4,Super Area,Brahmapur,Kolkata,Unfurnished,Bachelors/Family,1,Contact Owner
L00297,2022-05-09,2,10500,800,1 out of 2,Carpet Area,Santoshpur,Kolkata,Unfurnished,Family,2,Contact Owner
L00298,2022-06-11,3,10000,900,Ground out of 3,Carpet Area,Garia,Kolkata,Semi-Furnished,Bachelors/Family,2,Contact Owner
L00299,2022-04-24,1,5000,350,Ground out of 3,Carpet Area,Purba Barisha,Kolkata,Semi-Furnished,Bachelors/Family,1,Contact Owner
L00300,2022-06-29,2,9000,800,Ground out of 2,Carpet Area,Sodepur,Kolkata,Unfurnished,Bachelors/Family,1,Contact Owner
L00301,2022-06-23,2,20000,1600,Ground out of 3,Carpet Area,Jadavpur University,Kolkata,Unfurnished,Bachelors,2,Contact Owner
L00302,2022-05-12,3,35000,1012,2 out of 3,Carpet Area,Salt Lake City Sector 1,Kolkata,Semi-Furnished,Bachelors/Family,2,Contact Owner
L00303,2022-04-29,3,15000,1200,Ground out of 2,Carpet Area,"Pathak Para, Behala",Kolkata,Unfurnished,Bachelors,2,Contact Owner
L00304,2022-04-23,2,20000,700,1 out of 2,Super Area,Salt Lake City Sector 1,Kolkata,Furnished,Bachelors/Family,1,Contact Owner
L00305,2022-05-09,2,12000,1000,1 out of 3,Super Area,Behala,Kolkata,Semi-Furnished,Bachelors/Family,1,Contact Owner
L00306,2022-06-30,2,8000,800,Ground out of 3,Carpet Area,Thakurpukur,Kolkata,Unfurnished,Bachelors,1,Contact Owner
L00307,2022-05-05,1,3000,500,Ground out of 1,Super Area,Hatiara,Kolkata,Semi-Furnished,Bachelors/Family,1,Contact Owner
L00308,2022-05-20,3,20000,1200,Ground out of 1,Carpet Area,"Haridevpur, Paschim Putiary",Kolkata,Semi-Furnished,Bachelors,2,Contact Owner
L00309,2022-06-10,1,9000,450,Ground out of 2,Carpet Area,Salt Lake City Sector 2,Kolkata,Unfurnished,Bachelors,1,Contact Agent
L00310,2022-06-25,3,13000,950,Ground out of 2,Carpet Area,"Rabindrapally, Garia",Kolkata,Unfurnished,Bachelors/Family,2,Contact Owner
L00311,2022-06-30,1,7000,350,Ground out of 2,Carpet Area,Salt Lake City Sector 5,Kolkata,Unfurnished,Bachelors/Family,1,Contact Agent
L00312,2022-06-03,1,9000,450,Ground out of 3,Carpet Area,Salt Lake City Sector 5,Kolkata,Unfurnished,Bachelors/Family,1,Contact Agent
L00313,2022-05-03,1,9000,550,Ground out of 2,Carpet Area,"Bangur Avenue, Lake Town",Kolkata,Semi-Furnished,Bachelors,1,Contact Owner
L00314,2022-05-19,2,10000,300,Ground out of 1,Carpet Area,Keshtopur,Kolkata,Unfurnished,Bachelors,1,Contact Owner
L00315,2022-05-09,3,15000,1250,Ground out of 3,Super Area,"Sakher Bazar, Purba Barisha",Kolkata,Semi-Furnished,Bachelors/Family,2,Contact Owner
L00316,2022-06-22,2,7000,700,2 out of 3,Super Area,Garia,Kolkata,Unfurnished,Bachelors/Family,1,Contact Owner
L00317,2022-05-31,3,8000,812,Ground out of 3,Super Area,Hooghly,Kolkata,Unfurnished,Bachelors/Family,2,Contact Owner
L00318,2022-06-21,2,8000,550,Ground out of 2,Super Area,"Kalabagan, Tollygunge",Kolkata,Unfurnished,Bachelors/Family,1,Contact Owner
L00319,2022-06-22,1,5000,500,Ground out of 1,Super Area,Rishra,Kolkata,Semi-Furnished,Bachelors/Family,1,Contact Owner
L00320,2022-06-23,1,14000,320,1 out of 2,Carpet Area,"Action Area 3, Rajarhat Newtown",Kolkata,Furnished,Bachelors,1,Contact Owner
L00321,2022-05-05,2,5000,600,Ground out of 2,Super Area,"Anandapuri, Barrackpore",Kolkata,Unfurnished,Bachelors/Family,1,Contact Owner
L00322,2022-06-01,2,5000,420,Ground out of 2,Carpet Area,Barasat,Kolkata,Unfurnished,Bachelors,1,Contact Owner
L00323,2022-06-29,3,12000,1100,Ground out of 2,Super Area,Rabindrapally Kestopur,Kolkata,Unfurnished,Bachelors,1,Contact Owner
L00324,2022-06-29,1,3200,220,3 out of 4,Super Area,Sodepur,Kolkata,Unfurnished,Bachelors/Family,1,Contact Owner
L00325,2022-06-10,2,8500,700,Ground out of 2,Carpet Area,Nungi More,Kolkata,Semi-Furnished,Bachelors/Family,2,Contact Owner
L00326,2022-06-06,3,16000,1200,Ground out of 2,Carpet Area,"Baishnabghata, Garia",Kolkata,Unfurnished,Bachelors/Family,2,Contact Agent
L00327,2022-05-23,2,14000,800,Ground out of 3,Carpet Area,Santoshpur - EM Bypass,Kolkata,Unfurnished,Bachelors/Family,2,Contact Owner
L00328,2022-06-16,1,8000,300,Ground out of 1,Carpet Area,Bansdroni,Kolkata,Furnished,Bachelors,1,Contact Agent
L00329,2022-05-26,2,7000,650,Ground out of 2,Carpet Area,Baruipur,Kolkata,Unfurnished,Bachelors/Family,1,Contact Owner
L00330,2022-05-30,1,8000,600,1 out of 2,Super Area,Garia,Kolkata,Furnished,Bachelors/Family,1,Contact Owner
L00331,2022-06-08,1,3000,350,Ground out of 3,Super Area,Belghoria,Kolkata,Unfurnished,Bachelors/Family,1,Contact Owner
L00332,2022-06-14,1,3800,500,1 out of 3,Carpet Area,Nalta,Kolkata,Unfurnished,Bachelors,1,Contact Owner
L00333,2022-06-10,1,6500,400,1 out of 1,Super Area,"Vivek Nagar, Garfa",Kolkata,Unfurnished,Bachelors/Family,1,Contact Owner
L00334,2022-05-04,3,20000,1750,Ground out of 3,Super Area,Kalindi,Kolkata,Semi-Furnished,Bachelors/Family,3,Contact Owner
L00335,2022-05-04,3,30000,1600,3 out of 3,Super Area,Ballygunge,Kolkata,Unfurnished,Bachelors/Family,2,Contact Owner
L00336,2022-06-13,1,8000,300,Ground out of 2,Carpet Area,Salt Lake City Sector 5,Kolkata,Semi-Furnished,Bachelors/Family,1,Contact Agent
L00337,2022-06-25,2,14000,1100,1 out of 3,Super Area,"Survey park, Santoshpur, kolkata",Kolkata,Semi-Furnished,Bachelors/Family,2,Contact Owner
L00338,2022-06-22,2,7200,830,Ground out of 3,Super Area,Sodepur,Kolkata,Unfurnished,Bachelors/Family,1,Contact Owner
L00339,2022-05-20,2,7000,600,Ground out of 2,Carpet Area,2 BHK,Kolkata,Semi-Furnished,Bachelors/Family,2,Contact Owner
L00340,2022-06-01,1,7000,500,1 out of 2,Super Area,Baranagar,Kolkata,Unfurnished,Bachelors,2,Contact Owner
L00341,2022-06-29,2,7500,900,1 out of 2,Carpet Area,Dum Dum Cantonment,Kolkata,Unfurnished,Bachelors/Family,1,Contact Owner
L00342,2022-06-30,2,8500,1250,Ground out of 1,Carpet Area,Barasat,Kolkata,Unfurnished,Family,2,Contact Owner
L00343,2022-06-03,2,12000,700,Ground out of 2,Carpet Area,Salt Lake City Sector 2,Kolkata,Unfurnished,Bachelors,1,Contact Agent
L00344,2022-06-22,1,8500,850,Ground out of 1,Carpet Area,Dakshineswar,Kolkata,Unfurnished,Bachelors,2,Contact Owner
L00345,2022-06-29,2,9500,550,Ground out of 1,Carpet Area,"Garia Station, Garia",Kolkata,Unfurnished,Bachelors/Family,1,Contact Owner
L00346,2022-06-30,2,7500,550,Ground out of 1,Carpet Area,"New Garia Metro, New Garia",Kolkata,Furnished,Bachelors/Family,2,Contact Owner
L00347,2022-06-15,2,12000,1200,Ground out of 1,Super Area,Hati Bagan - Bansdroni,Kolkata,Unfurnished,Bachelors/Family,1,Contact Owner
L00348,2022-06-15,3,20000,1100,Ground out of 1,Carpet Area,Salt Lake City Sector 2,Kolkata,Unfurnished,Bachelors,2,Contact Agent
L00349,2022-06-29,2,8500,650,Ground out of 1,Super Area,Howrah,Kolkata,Semi-Furnished,Bachelors/Family,1,Contact Owner
L00350,2022-06-15,3,20000,1050,Ground out of 1,Carpet Area,Salt Lake City Sector 2,Kolkata,Unfurnished,Bachelors,2,Contact Agent
L00351,2022-05-20,2,6000,960,Ground out of 2,Super Area,Dum Dum,Kolkata,Semi-Furnished,Bachelors/Family,2,Contact Owner
L00352,2022-05-30,2,5500,650,1 out of 1,Carpet Area,Joka,Kolkata,Unfurnished,Bachelors/Family,2,Contact Owner
L00353,2022-05-21,1,7000,550,Ground out of 2,Super Area,Kasba,Kolkata,Semi-Furnished,Bachelors/Family,1,Contact Owner
L00354,2022-05-21,2,7000,500,Ground out of 1,Super Area,Dum Dum Metro,Kolkata,Semi-Furnished,Bachelors/Family,2,Contact Owner
L00355,2022-04-25,1,6500,450,3 out of 4,Super Area,"Baishnabghata Patuli Township, Patuli",Kolkata,Unfurnished,Family,1,Contact Owner
L00356,2022-06-29,2,10000,850,1 out of 2,Super Area,Agarpara,Kolkata,Unfurnished,Bachelors,2,Contact Owner
L00357,2022-07-01,1,5200,300,Ground out of 3,Carpet Area,Dum Dum,Kolkata,Unfurnished,Bachelors/Family,1,Contact Agent
L00358,2022-04-25,2,13000,1000,1 out of 2,Carpet Area,"N.S.C Bose Road (Near Ushagate), New Alipore",Kolkata,Semi-Furnished,Bachelors/Family,3,Contact Owner
L00359,2022-05-24,2,7000,500,1 out of 3,Carpet Area,Garia,Kolkata,Unfurnished,Bachelors/Family,1,Contact Owner
L00360,2022-05-12,2,12000,756,Ground out of 3,Carpet Area,Dashadron Newtown Rajarhat,Kolkata,Semi-Furnished,Bachelors/Family,1,Contact Owner
L00361,2022-04-23,1,15000,1000,2 out of 3,Super Area,Barrackpore,Kolkata,Unfurnished,Bachelors/Family,1,Contact Owner
L00362,2022-05-05,1,5000,150,1 out of 2,Carpet Area,Anandapur,Kolkata,Unfurnished,Bachelors/Family,1,Contact Owner
L00363,2022-05-14,1,8000,800,Ground out of 2,Carpet Area,New town near ecopark .,Kolkata,Unfurnished,Bachelors,1,Contact Owner
L00364,2022-06-21,2,8000,700,2 out of 3,Super Area,"Gandhi Colony, Netaji Nagar",Kolkata,Unfurnished,Bachelors,2,Contact Agent
L00365,2022-06-17,1,5000,420,3 out of 3,Super Area,Em Bypass South East,Kolkata,Unfurnished,Bachelors,1,Contact Owner
L00366,2022-06-21,2,10000,800,Ground out of 1,Super Area,"Gandhi Colony, Netaji Nagar",Kolkata,Unfurnished,Bachelors,1,Contact Agent
L00367,2022-06-24,2,12000,288,2 out of 3,Carpet Area,Kasba,Kolkata,Unfurnished,Bachelors,1,Contact Owner
L00368,2022-06-11,2,8000,900,Ground out of 1,Super Area,"Teghoria, Baguiati",Kolkata,Unfurnished,Bachelors/Family,2,Contact Owner
L00369,2022-07-03,2,21000,850,1 out of 1,Carpet Area,Salt Lake City Sector 2,Kolkata,Unfurnished,Bachelors,2,Contact Agent
L00370,2022-06-07,1,5000,350,1 out of 1,Carpet Area,Thakurpukur,Kolkata,Unfurnished,Bachelors,1,Contact Owner
L00371,2022-04-27,2,9000,600,Ground out of 2,Super Area,Baghajatin,Kolkata,Unfurnished,Bachelors/Family,1,Contact Owner
L00372,2022-06-26,2,8000,1600,Ground out of 2,Carpet Area,Kalyani,Kolkata,Semi-Furnished,Bachelors,1,Contact Owner
L00373,2022-06-11,2,7000,986,2 out of 3,Carpet Area,Pranthik Society Library Road Bhadreswar,Kolkata,Unfurnished,Bachelors,1,Contact Owner
L00374,2022-07-03,3,35000,1330,1 out of 3,Carpet Area,Salt Lake City Sector 2,Kolkata,Unfurnished,Bachelors,2,Contact Agent
L00375,2022-05-14,3,15000,1300,Ground out of 3,Super Area,Lake Town,Kolkata,Semi-Furnished,Bachelors/Family,2,Contact Owner
L00376,2022-05-22,2,6200,800,Ground out of 2,Carpet Area,Kestopur,Kolkata,Unfurnished,Bachelors,1,Contact Owner
L00377,2022-05-26,2,9900,800,1 out of 4,Carpet Area,Bijoygarh,Kolkata,Unfurnished,Bachelors/Family,1,Contact Owner
L00378,2022-07-03,2,7000,850,Ground out of 3,Super Area,Baranagar,Kolkata,Unfurnished,Bachelors,1,Contact Owner
L00379,2022-05-10,1,5000,322,1 out of 3,Carpet Area,Dum Dum Metro,Kolkata,Unfurnished,Bachelors/Family,1,Contact Agent
L00380,2022-06-19,2,6500,800,Ground out of 2,Carpet Area,Agarpara,Kolkata,Furnished,Bachelors/Family,1,Contact Owner
L00381,2022-07-03,4,40000,1500,Ground out of 2,Carpet Area,Salt Lake City Sector 1,Kolkata,Unfurnished,Bachelors,2,Contact Agent
L00382,2022-06-08,3,40000,3500,1 out of 2,Super Area,Salt Lake City,Kolkata,Semi-Furnished,Bachelors/Family,2,Contact Owner
L00383,2022-06-26,2,12000,957,1 out of 2,Carpet Area,Dasnagar,Kolkata,Furnished,Bachelors,2,Contact Owner
L00384,2022-05-18,1,6500,850,1 out of 3,Carpet Area,Baksara,Kolkata,Unfurnished,Bachelors,1,Contact Owner
L00385,2022-06-23,2,10000,900,Ground out of 2,Carpet Area,Birati,Kolkata,Unfurnished,Bachelors,2,Contact Owner
L00386,2022-06-29,2,15000,600,Ground out of 2,Super Area,Agarpara,Kolkata,Semi-Furnished,Bachelors/Family,1,Contact Owner
L00387,2022-05-09,1,5000,350,Ground out of 5,Carpet Area,Agarpara,Kolkata,Semi-Furnished,Bachelors/Family,1,Contact Owner
L00388,2022-06-18,2,7000,800,Ground out of 2,Super Area,Thakurpukur,Kolkata,Unfurnished,Bachelors/Family,1,Contact Owner
L00389,2022-05-31,2,6000,320,1 out of 2,Carpet Area,"Baishnabghata Patuli, Patuli",Kolkata,Unfurnished,Bachelors/Family,1,Contact Owner
L00390,2022-04-29,3,15000,800,Ground out of 4,Carpet Area,Jyangra,Kolkata,Unfurnished,Bachelors/Family,1,Contact Owner
L00391,2022-07-03,2,10000,700,1 out of 1,Carpet Area,Baghajatin,Kolkata,Semi-Furnished,Bachelors,2,Contact Owner
L00392,2022-07-04,2,22000,1200,1 out of 2,Super Area,Salt Lake City Sector 1,Kolkata,Semi-Furnished,Bachelors/Family,2,Contact Agent
L00393,2022-05-23,2,8500,750,1 out of 2,Carpet Area,Ramchandrapur north,Kolkata,Semi-Furnished,Bachelors/Family,1,Contact Owner
L00394,2022-07-04,3,35000,1200,Ground out of 3,Super Area,Salt Lake City Sector 1,Kolkata,Semi-Furnished,Bachelors/Family,3,Contact Agent
L00395,2022-06-12,2,7000,450,Ground out of 4,Carpet Area,"Gandhi Colony, Netaji Nagar",Kolkata,Unfurnished,Bachelors/Family,1,Contact Owner
L00396,2022-06-26,3,8500,1430,Ground out of 2,Super Area,Baguihati,Kolkata,Semi-Furnished,Bachelors/Family,1,Contact Owner
L00397,2022-05-09,2,6000,450,1 out of 3,Super Area,Dum Dum Metro,Kolkata,Unfurnished,Bachelors/Family,1,Contact Agent
L00398,2022-06-28,4,35000,800,Ground out of 1,Super Area,Behala,Kolkata,Semi-Furnished,Bachelors/Family,3,Contact Owner
L00399,2022-06-03,1,6000,400,1 out of 2,Super Area,Thakurpukur,Kolkata,Unfurnished,Bachelors/Family,1,Contact Owner
L00400,2022-04-23,2,8000,650,1 out of 2,Super Area,"Garia Station, Garia",Kolkata,Unfurnished,Bachelors/Family,1,Contact Owner
L00401,2022-06-07,1,5000,450,1 out of 2,Carpet Area,"Fartabad, Garia",Kolkata,Unfurnished,Bachelors/Family,1,Contact Owner
L00402,2022-05-24,2,6000,600,Ground out of 4,Super Area,Belgharia,Kolkata,Unfurnished,Bachelors/Family,1,Contact Owner
L00403,2022-06-10,3,15000,1200,1 out of 3,Carpet Area,Lake Town,Kolkata,Unfurnished,Family,2,Contact Owner
L00404,2022-05-13,2,9000,700,3 out of 3,Carpet Area,Baguiati,Kolkata,Unfurnished,Bachelors,1,Contact Owner
L00405,2022-05-13,1,5000,300,Ground out of 1,Carpet Area,Barrackpore,Kolkata,Unfurnished,Bachelors,1,Contact Agent
L00406,2022-05-26,3,8000,1200,1 out of 4,Super Area,"Ramkrishna Pally, Kaikhali",Kolkata,Unfurnished,Bachelors/Family,3,Contact Owner
L00407,2022-07-03,3,35000,1300,Ground out of 1,Carpet Area,Salt Lake City Sector 2,Kolkata,Unfurnished,Bachelors,2,Contact Agent
L00408,2022-06-27,1,5500,400,Ground out of 1,Super Area,"Shyam Villa V, Dum Dum",Kolkata,Unfurnished,Bachelors/Family,1,Contact Agent
L00409,2022-07-03,3,35000,1320,Ground out of 2,Carpet Area,Salt Lake City Sector 1,Kolkata,Unfurnished,Bachelors,2,Contact Agent
L00410,2022-04-24,2,11000,1000,Ground out of 1,Super Area,"Anandapuri, Barrackpore",Kolkata,Furnished,Bachelors/Family,2,Contact Owner
L00411,2022-04-28,2,10000,700,1 out of 2,Carpet Area,"Sarat Ghosh Garden, Dhakuria",Kolkata,Unfurnished,Bachelors,1,Contact Owner
L00412,2022-05-10,2,6500,800,Ground out of 2,Carpet Area,locality,Kolkata,Unfurnished,Bachelors/Family,2,Contact Owner
L00413,2022-06-08,2,6000,900,Ground out of 3,Super Area,Baguiati,Kolkata,Furnished,Bachelors/Family,1,Contact Owner
L00414,2022-04-23,3,36125,1700,Ground out of 2,Super Area,Salt Lake City,Kolkata,Unfurnished,Bachelors/Family,2,Contact Owner
L00415,2022-06-28,2,6800,600,Ground out of 2,Carpet Area,Purba Putiary,Kolkata,Unfurnished,Bachelors,1,Contact Owner
L00416,2022-06-20,2,8500,850,1 out of 2,Carpet Area,Barasat,Kolkata,Unfurnished,Family,2,Contact Owner
L00417,2022-05-22,2,5000,550,1 out of 3,Carpet Area,Birati,Kolkata,Unfurnished,Bachelors,1,Contact Owner
L00418,2022-06-30,1,6500,650,Ground out of 2,Carpet Area,"Garia Station, Garia",Kolkata,Furnished,Bachelors/Family,1,Contact Owner
L00419,2022-04-23,1,6500,800,Ground out of 1,Carpet Area,Santragachi,Kolkata,Unfurnished,Bachelors/Family,1,Contact Owner
L00420,2022-05-31,2,4500,475,Ground out of 2,Super Area,Birati,Kolkata,Unfurnished,Bachelors/Family,1,Contact Owner
L00421,2022-06-19,1,6000,200,Ground out of 1,Carpet Area,Salt Lake City Sector 5,Kolkata,Unfurnished,Bachelors/Family,1,Contact Agent
L00422,2022-06-03,1,10000,400,Ground out of 2,Carpet Area,Salt Lake City Sector 5,Kolkata,Unfurnished,Bachelors/Family,1,Contact Agent
L00423,2022-05-18,1,12000,500,Ground out of 2,Super Area,"Madurdaha, Hussainpur",Kolkata,Furnished,Bachelors/Family,1,Contact Agent
L00424,2022-06-19,2,12000,550,2 out of 3,Carpet Area,Salt Lake City Sector 5,Kolkata,Unfurnished,Bachelors/Family,1,Contact Agent
L00425,2022-05-31,2,12000,800,1 out of 2,Super Area,Dum Dum,Kolkata,Unfurnished,Bachelors/Family,1,Contact Owner
L00426,2022-05-22,2,9000,1000,2 out of 3,Super Area,Airport Area Behala,Kolkata,Furnished,Bachelors/Family,2,Contact Owner
L00427,2022-06-23,1,5000,400,Ground out of 5,Carpet Area,Sonarpur,Kolkata,Semi-Furnished,Bachelors,1,Contact Owner
L00428,2022-06-15,1,6000,300,1 out of 2,Carpet Area,"Picnic Garden, E M Bypass",Kolkata,Unfurnished,Bachelors/Family,1,Contact Agent
L00429,2022-06-03,2,5500,450,1 out of 1,Carpet Area,Bisharpara,Kolkata,Unfurnished,Bachelors/Family,1,Contact Owner
L00430,2022-06-03,2,5500,450,1 out of 2,Carpet Area,Bisharpara,Kolkata,Unfurnished,Bachelors/Family,1,Contact Owner
L00431,2022-05-08,2,8500,1100,Ground out of 1,Carpet Area,Nayabad,Kolkata,Unfurnished,Bachelors/Family,2,Contact Owner
L00432,2022-05-25,1,5000,450,2 out of 2,Super Area,"Ananda Pally, Jadavpur",Kolkata,Unfurnished,Bachelors/Family,1,Contact Owner
L00433,2022-07-04,2,23000,1100,Ground out of 2,Carpet Area,Salt Lake City Sector 2,Kolkata,Unfurnished,Bachelors,2,Contact Owner
L00434,2022-06-14,2,5500,650,2 out of 2,Carpet Area,Behala,Kolkata,Unfurnished,Bachelors/Family,1,Contact Owner
L00435,2022-06-03,2,8500,780,Ground out of 2,Carpet Area,Airport Area,Kolkata,Unfurnished,Bachelors,1,Contact Owner
L00436,2022-04-29,3,22000,1100,Ground out of 2,Super Area,Salt Lake City Sector 2,Kolkata,Semi-Furnished,Bachelors/Family,2,Contact Owner
L00437,2022-05-09,1,5500,800,2 out of 3,Super Area,Barrackpore,Kolkata,Unfurnished,Bachelors/Family,1,Contact Owner
L00438,2022-05-14,1,7000,500,Ground out of 2,Super Area,Ranikuthi Telephone Exchange,Kolkata,Semi-Furnished,Bachelors/Family,2,Contact Agent
L00439,2022-05-26,1,5000,400,3 out of 5,Carpet Area,Hooghly-Chinsurah,Kolkata,Unfurnished,Bachelors,1,Contact Owner
L00440,2022-07-03,1,5000,450,1 out of 1,Carpet Area,"Bansdroni Mauza, Krishnanagar",Kolkata,Unfurnished,Bachelors/Family,1,Contact Owner
L00441,2022-05-13,2,6500,550,Ground out of 1,Super Area,Kaikhali,Kolkata,Unfurnished,Bachelors/Family,1,Contact Agent
L00442,2022-05-30,2,8000,600,1 out of 2,Carpet Area,700051,Kolkata,Unfurnished,Bachelors/Family,1,Contact Owner
L00443,2022-06-26,1,5500,200,1 out of 3,Super Area,Jodhpur Park,Kolkata,Unfurnished,Bachelors/Family,1,Contact Owner
L00444,2022-05-10,2,6000,500,1 out of 2,Carpet Area,Purba Sinthi Area,Kolkata,Semi-Furnished,Bachelors/Family,1,Contact Owner
L00445,2022-06-19,1,5500,450,Ground out of 3,Carpet Area,Kadam Tala,Kolkata,Unfurnished,Bachelors,1,Contact Owner
L00446,2022-05-14,2,10000,1050,Ground out of 1,Super Area,Baidyabati,Kolkata,Unfurnished,Bachelors/Family,2,Contact Owner
L00447,2022-04-26,3,10000,1000,2 out of 5,Carpet Area,Bansdroni,Kolkata,Unfurnished,Bachelors,2,Contact Owner
L00448,2022-06-01,2,10000,1200,Ground out of 3,Super Area,Sodepur,Kolkata,Semi-Furnished,Bachelors/Family,2,Contact Owner
L00449,2022-07-02,3,12000,1100,1 out of 1,Super Area,Jagacha,Kolkata,Semi-Furnished,Family,2,Contact Owner
L00450,2022-06-05,1,5200,220,Ground out of 2,Super Area,New Town,Kolkata,Unfurnished,Bachelors/Family,1,Contact Owner
L00451,2022-06-20,1,4000,350,1 out of 1,Super Area,Behala,Kolkata,Unfurnished,Bachelors/Family,1,Contact Owner
L00452,2022-04-26,3,30000,1100,Ground out of 3,Carpet Area,FC Block,Kolkata,Unfurnished,Bachelors,1,Contact Owner
L00453,2022-05-17,2,5146,800,Ground out of 2,Super Area,Sodepur,Kolkata,Unfurnished,Bachelors/Family,1,Contact Owner
L00454,2022-06-01,2,12000,950,Ground out of 2,Super Area,"Satgachi, South Dum Dum",Kolkata,Unfurnished,Bachelors/Family,1,Contact Owner
L00455,2022-06-24,3,7000,1200,Ground out of 3,Super Area,Hooghly-Chinsurah,Kolkata,Unfurnished,Bachelors/Family,1,Contact Owner
L00456,2022-05-15,2,8500,700,Ground out of 2,Super Area,Behala,Kolkata,Semi-Furnished,Bachelors/Family,1,Contact Owner
L00457,2022-06-24,1,7000,500,1 out of 3,Super Area,"AH Block, Salt Lake",Kolkata,Unfurnished,Bachelors/Family,1,Contact Owner
L00458,2022-06-23,2,9500,570,Ground out of 3,Super Area,"Dhakuria -South East, Dhakuria",Kolkata,Unfurnished,Bachelors/Family,1,Contact Owner
L00459,2022-04-30,2,8000,650,2 out of 3,Super Area,Baghajatin,Kolkata,Unfurnished,Bachelors/Family,1,Contact Owner
L00460,2022-05-22,3,15000,1200,1 out of 2,Super Area,Tollygunge,Kolkata,Unfurnished,Bachelors/Family,3,Contact Owner
L00461,2022-06-08,5,22500,960,Ground out of 1,Super Area,Kasba,Kolkata,Unfurnished,Bachelors/Family,2,Contact Owner
L00462,2022-05-12,2,12500,1250,1 out of 2,Super Area,Rajarhat,Kolkata,Semi-Furnished,Bachelors/Family,2,Contact Owner
L00463,2022-05-30,3,34000,120,2 out of 5,Super Area,CA 150 sector 1 saltlake,Kolkata,Furnished,Bachelors/Family,2,Contact Owner
L00464,2022-05-28,3,14000,950,1 out of 2,Carpet Area,Kaikhali,Kolkata,Semi-Furnished,Bachelors/Family,2,Contact Owner
L00465,2022-06-03,1,9500,600,1 out of 2,Carpet Area,Salt Lake City Sector 5,Kolkata,Unfurnished,Bachelors/Family,1,Contact Agent
L00466,2022-05-10,2,7000,750,2 out of 2,Super Area,Baughati,Kolkata,Unfurnished,Bachelors/Family,1,Contact Owner
L00467,2022-06-13,3,20000,1200,3 out of 3,Super Area,Bansdroni,Kolkata,Unfurnished,Bachelors/Family,2,Contact Owner
L00468,2022-07-03,1,6500,400,Ground out of 2,Carpet Area,Salt Lake City Sector 5,Kolkata,Semi-Furnished,Bachelors/Family,1,Contact Agent
L00469,2022-04-29,1,7500,600,Ground out of 2,Carpet Area,Garfa,Kolkata,Furnished,Bachelors/Family,1,Contact Owner
L00470,2022-05-10,2,6500,700,Ground out of 2,Super Area,Dum Dum,Kolkata,Unfurnished,Bachelors/Family,1,Contact Owner
L00471,2022-06-14,2,9500,850,Ground out of 3,Super Area,Baguiati,Kolkata,Semi-Furnished,Bachelors/Family,1,Contact Owner
L00472,2022-05-12,1,1800,500,Ground out of 1,Super Area,Shyam Bazar,Kolkata,Semi-Furnished,Bachelors/Family,1,Contact Owner
L00473,2022-06-25,2,7500,650,Ground out of 2,Carpet Area,Baghajatin,Kolkata,Unfurnished,Bachelors/Family,1,Contact Owner
L00474,2022-06-17,2,10000,800,Ground out of 3,Super Area,Bansdroni,Kolkata,Semi-Furnished,Bachelors/Family,2,Contact Owner
L00475,2022-06-17,3,15000,830,3 out of 4,Super Area,Dum Dum,Kolkata,Unfurnished,Bachelors/Family,2,Contact Owner
L00476,2022-07-06,2,7000,600,Ground out of 2,Super Area,Keshtopur,Kolkata,Unfurnished,Bachelors,1,Contact Agent
L00477,2022-04-27,2,6000,800,1 out of 2,Super Area,"Chandannagar, Hooghly-Chinsurah",Kolkata,Unfurnished,Bachelors/Family,1,Contact Owner
L00478,2022-06-02,2,14000,1200,Ground out of 1,Super Area,"Sakuntala Park, Behala",Kolkata,Semi-Furnished,Family,2,Contact Owner
L00479,2022-06-03,2,22000,1000,Ground out of 2,Super Area,Jheel Road,Kolkata,Furnished,Bachelors/Family,2,Contact Owner
L00480,2022-06-29,2,18000,750,Ground out of 2,Carpet Area,Salt Lake City Sector 1,Kolkata,Unfurnished,Bachelors/Family,2,Contact Agent
L00481,2022-06-26,2,10000,800,Ground out of 3,Carpet Area,Garia,Kolkata,Unfurnished,Bachelors,2,Contact Owner
L00482,2022-06-10,2,6000,1200,Ground out of 3,Super Area,Madhyam Gram,Kolkata,Unfurnished,Bachelors/Family,2,Contact Owner
L00483,2022-05-11,2,10000,750,4 out of 4,Carpet Area,"Kumarpara, Narendrapur",Kolkata,Unfurnished,Bachelors/Family,1,Contact Owner
L00484,2022-06-10,3,10000,1500,11 out of 19,Super Area,Santoshpur,Kolkata,Semi-Furnished,Bachelors/Family,2,Contact Owner
L00485,2022-05-08,1,5000,300,1 out of 3,Super Area,"Noapara, Addarsha Pally",Kolkata,Unfurnished,Bachelors/Family,1,Contact Owner
L00486,2022-05-17,3,10000,800,Ground out of 2,Carpet Area,"Arobindo Pally, Paschim Putiary",Kolkata,Unfurnished,Bachelors,1,Contact Owner
L00487,2022-06-10,2,7000,450,Ground out of 2,Super Area,Dum Dum,Kolkata,Unfurnished,Bachelors/Family,2,Contact Owner
L00488,2022-06-24,4,10000,1200,5 out of 10,Super Area,Naihati,Kolkata,Furnished,Bachelors/Family,2,Contact Owner
L00489,2022-06-10,2,6000,500,11 out of 14,Super Area,Howrah,Kolkata,Semi-Furnished,Bachelors/Family,2,Contact Owner
L00490,2022-06-26,2,18000,900,Ground out of 1,Carpet Area,Garia,Kolkata,Semi-Furnished,Bachelors/Family,2,Contact Owner
L00491,2022-06-30,2,8000,460,Ground out of 2,Carpet Area,Majarhati,Kolkata,Unfurnished,Bachelors,1,Contact Owner
L00492,2022-06-22,2,8000,530,2 out of 3,Super Area,Baghajatin,Kolkata,Semi-Furnished,Family,1,Contact Owner
L00493,2022-06-15,2,13000,650,Ground out of 4,Carpet Area,Lake Gardens,Kolkata,Semi-Furnished,Bachelors/Family,2,Contact Owner
L00494,2022-05-08,2,20000,700,Ground out of 1,Carpet Area,Salt Lake City Sector 2,Kolkata,Semi-Furnished,Bachelors,2,Contact Owner
L00495,2022-06-17,2,6000,400,2 out of 3,Super Area,"Baishnabghata Patuli Township, Patuli",Kolkata,Unfurnished,Bachelors/Family,1,Contact Owner
L00496,2022-06-27,2,12000,1000,Ground out of 2,Super Area,"Picnic Garden, Tiljala",Kolkata,Unfurnished,Bachelors/Family,2,Contact Owner
L00497,2022-06-04,1,10000,400,Ground out of 2,Carpet Area,"New Garia, Garia",Kolkata,Semi-Furnished,Bachelors,1,Contact Owner
L00498,2022-05-10,2,14000,700,Ground out of 3,Carpet Area,Santoshpur,Kolkata,Unfurnished,Bachelors,2,Contact Owner
L00499,2022-07-03,2,10000,850,1 out of 4,Carpet Area,Baranagar,Kolkata,Semi-Furnished,Bachelors,2,Contact Owner
L00500,2022-06-21,2,10500,558,3 out of 3,Carpet Area,Tollygunge,Kolkata,Unfurnished,Bachelors/Family,2,Contact Agent
L00501,2022-06-08,2,6000,800,3 out of 4,Super Area,Thakurpukur,Kolkata,Unfurnished,Bachelors/Family,1,Contact Owner
L00502,2022-06-10,2,12000,900,1 out of 2,Carpet Area,"Bansdroni Mauza, Krishnanagar",Kolkata,Unfurnished,Bachelors/Family,2,Contact Owner
L00503,2022-06-27,3,14000,1600,1 out of 3,Super Area,Ramrajatala,Kolkata,Furnished,Bachelors/Family,2,Contact Owner
L00504,2022-06-14,1,3700,150,1 out of 5,Carpet Area,Lake Gardens,Kolkata,Unfurnished,Bachelors,1,Contact Owner
L00505,2022-06-06,3,40000,1600,Ground out of 3,Carpet Area,Salt Lake City Sector 2,Kolkata,Unfurnished,Bachelors,2,Contact Agent
L00506,2022-05-20,3,25000,1000,2 out of 4,Super Area,Rash Behari Avenue Connector,Kolkata,Unfurnished,Bachelors/Family,1,Contact Owner
L00507,2022-06-20,1,2200,700,1 out of 3,Super Area,Baranagar,Kolkata,Unfurnished,Bachelors/Family,1,Contact Owner
L00508,2022-04-28,1,3300,175,Ground out of 2,Super Area,New Town,Kolkata,Unfurnished,Bachelors/Family,1,Contact Owner
L00509,2022-05-12,1,5000,450,Ground out of 1,Super Area,"Siriti, Tollygunge",Kolkata,Semi-Furnished,Bachelors/Family,1,Contact Owner
L00510,2022-06-02,3,60000,1700,1 out of 3,Carpet Area,Salt Lake City,Kolkata,Semi-Furnished,Bachelors,3,Contact Agent
L00511,2022-06-09,2,6000,425,2 out of 3,Carpet Area,Nimta,Kolkata,Unfurnished,Bachelors/Family,1,Contact Owner
L00512,2022-05-17,3,7000,900,1 out of 2,Super Area,"Michael Nagar, New Barrakpur",Kolkata,Semi-Furnished,Bachelors/Family,3,Contact Owner
L00513,2022-05-28,1,5000,400,4 out of 4,Carpet Area,Keshtopur,Kolkata,Unfurnished,Bachelors/Family,1,Contact Agent
L00514,2022-07-03,2,11000,600,Ground out of 2,Super Area,Beliaghata,Kolkata,Unfurnished,Bachelors/Family,1,Contact Agent
L00515,2022-06-28,2,10000,721,3 out of 4,Super Area,Belgharia Nimta,Kolkata,Furnished,Bachelors/Family,2,Contact Owner
L00516,2022-07-06,3,22000,1150,1 out of 2,Carpet Area,Salt Lake City Sector 2,Kolkata,Unfurnished,Bachelors/Family,2,Contact Agent
L00517,2022-06-05,3,65000,2210,Ground out of 2,Carpet Area,"Vedic Village, Rajarhat",Kolkata,Unfurnished,Bachelors/Family,3,Contact Owner
L00518,2022-04-29,2,7500,675,Ground out of 2,Super Area,Dum Dum,Kolkata,Unfurnished,Bachelors/Family,1,Contact Owner
L00519,2022-06-08,2,45000,1320,Lower Basement out of 2,Super Area,Ballygunge,Kolkata,Furnished,Bachelors/Family,2,Contact Owner
L00520,2022-06-19,1,5000,250,Ground out of 2,Carpet Area,Salt Lake City Sector 5,Kolkata,Unfurnished,Bachelors/Family,1,Contact Agent
L00521,2022-05-11,2,12000,720,Ground out of 1,Super Area,Shyam Bazar,Kolkata,Unfurnished,Bachelors,2,Contact Owner
L00522,2022-05-12,5,25000,1880,2 out of 2,Carpet Area,Dashdrone,Kolkata,Unfurnished,Bachelors,2,Contact Owner
L00523,2022-05-29,3,18000,850,1 out of 1,Carpet Area,"Sangati Colony, Netaji Nagar",Kolkata,Semi-Furnished,Bachelors/Family,3,Contact Owner
L00524,2022-06-29,2,25000,1050,1 out of 1,Carpet Area,"Sahapur, New Alipore",Kolkata,Unfurnished,Bachelors/Family,2,Contact Owner
L00525,2022-05-16,1,25000,320,2 out of 7,Super Area,"Shaheen Apartment, Andheri West",Mumbai,Semi-Furnished,Bachelors/Family,1,Contact Owner
L00526,2022-06-14,2,70000,750,4 out of 10,Carpet Area,Santacruz West,Mumbai,Furnished,Bachelors/Family,2,Contact Agent
L00527,2022-05-26,1,45000,450,7 out of 10,Carpet Area,"Rose Queen, Old Khar",Mumbai,Furnished,Bachelors/Family,1,Contact Agent
L00528,2022-05-27,3,75000,1100,2 out of 13,Carpet Area,"Sabari Palm View, Chembur",Mumbai,Unfurnished,Family,3,Contact Agent
L00529,2022-06-07,1,14000,640,6 out of 7,Super Area,Mira Road,Mumbai,Furnished,Bachelors/Family,1,Contact Owner
L00530,2022-06-20,1,60000,650,4 out of 7,Super Area,"Siddhivinayak, Bandra West",Mumbai,Unfurnished,Bachelors,1,Contact Agent
L00531,2022-06-20,2,160000,800,14 out of 14,Carpet Area,parivar safalya chs,Mumbai,Unfurnished,Bachelors/Family,2,Contact Owner
L00532,2022-07-07,4,300000,1600,43 out of 78,Carpet Area,"Trump Tower, Worli",Mumbai,Semi-Furnished,Bachelors/Family,5,Contact Agent
L00533,2022-06-08,1,22000,460,2 out of 8,Super Area,Sion,Mumbai,Unfurnished,Bachelors/Family,1,Contact Owner
L00534,2022-07-07,4,130000,1650,13 out of 18,Carpet Area,"Ajmera Bhakti Park, Bhakti Park",Mumbai,Semi-Furnished,Bachelors/Family,4,Contact Agent
L00535,2022-06-02,1,33000,480,2 out of 4,Carpet Area,Sion Hospital Colony,Mumbai,Semi-Furnished,Bachelors,2,Contact Agent
L00536,2022-05-27,1,32000,500,1 out of 4,Carpet Area,Sion,Mumbai,Furnished,Bachelors,2,Contact Agent
L00537,2022-07-08,1,30000,490,2 out of 4,Carpet Area,"Sion East, Sion",Mumbai,Semi-Furnished,Bachelors,2,Contact Agent
L00538,2022-06-12,1,49000,620,2 out of 3,Super Area,"Sai Palace Apartment, Vile Parle West",Mumbai,Furnished,Bachelors/Family,1,Contact Owner
L00539,2022-05-10,2,28000,518,5 out of 12,Carpet Area,Bhandup West,Mumbai,Semi-Furnished,Bachelors/Family,2,Contact Owner
L00540,2022-05-13,2,33500,700,4 out of 7,Carpet Area,"Yogi Hills, Mulund West",Mumbai,Semi-Furnished,Bachelors/Family,2,Contact Agent
L00541,2022-07-09,2,85000,777,18 out of 24,Carpet Area,"Hiranandani Castle Rock, Powai",Mumbai,Semi-Furnished,Bachelors/Family,2,Contact Agent
L00542,2022-07-06,2,35000,650,6 out of 7,Carpet Area,Charkop,Mumbai,Unfurnished,Family,2,Contact Agent
L00543,2022-06-21,3,270000,1800,3 out of 7,Carpet Area,Bandra West,Mumbai,Semi-Furnished,Bachelors/Family,4,Contact Agent
L00544,2022-07-04,5,400000,2308,17 out of 31,Carpet Area,"Runwal Elegante, Andheri West",Mumbai,Furnished,Family,5,Contact Agent
L00545,2022-07-09,1,21000,425,11 out of 21,Carpet Area,"Godrej Tranquil, Kandivali East",Mumbai,Unfurnished,Bachelors/Family,2,Contact Agent
L00546,2022-05-25,2,150000,890,7 out of 19,Carpet Area,Cuffe Parade,Mumbai,Unfurnished,Bachelors,2,Contact Owner
L00547,2022-06-05,1,22000,270,14 out of 23,Super Area,Mahim West,Mumbai,Unfurnished,Bachelors/Family,1,Contact Owner
L00548,2022-07-01,2,100000,850,4 out of 7,Carpet Area,Prabhadevi,Mumbai,Semi-Furnished,Bachelors,2,Contact Agent
L00549,2022-07-09,2,60000,888,9 out of 20,Carpet Area,"Shapoorji Pallonji Vicinia, Chandivali",Mumbai,Semi-Furnished,Bachelors/Family,2,Contact Agent
L00550,2022-06-02,2,8000,650,Upper Basement out of 9,Carpet Area,"Nakoda Heights, Nalasopara",Mumbai,Semi-Furnished,Family,2,Contact Agent
L00551,2022-06-27,1,20000,275,19 out of 24,Carpet Area,Worli,Mumbai,Unfurnished,Bachelors,1,Contact Agent
L00552,2022-06-14,2,20000,700,3 out of 21,Carpet Area,"Man Opus, Kashimira",Mumbai,Semi-Furnished,Family,2,Contact Agent
L00553,2022-06-20,1,25000,375,1 out of 22,Super Area,Lal Baug,Mumbai,Unfurnished,Bachelors/Family,1,Contact Owner
L00554,2022-05-14,1,14000,424,3 out of 7,Super Area,Malad East,Mumbai,Semi-Furnished,Bachelors/Family,1,Contact Owner
L00555,2022-06-04,1,19411,400,8 out of 8,Super Area,Goregaon West,Mumbai,Furnished,Bachelors/Family,2,Contact Owner
L00556,2022-06-11,1,23000,450,6 out of 12,Carpet Area,"Dheeraj Hill View Tower, Thakur Village, Kandivali East",Mumbai,Furnished,Bachelors/Family,1,Contact Agent
L00557,2022-07-09,4,190000,2079,4 out of 58,Carpet Area,"Bombay Dyeing Two ICC, Dadar East",Mumbai,Semi-Furnished,Bachelors/Family,5,Contact Agent
L00558,2022-06-13,2,32000,586,Ground out of 4,Super Area,"Everard Nagar Co Operative Housing Society, Sion East",Mumbai,Semi-Furnished,Bachelors/Family,1,Contact Owner
L00559,2022-05-04,2,68000,610,1 out of 5,Carpet Area,shivsagar,Mumbai,Furnished,Bachelors/Family,2,Contact Owner
L00560,2022-05-22,1,30000,488,Upper Basement out of 16,Carpet Area,"Kyraa Ariso Apartment, Chembur",Mumbai,Semi-Furnished,Bachelors/Family,2,Contact Owner
L00561,2022-05-31,3,110000,1200,60 out of 66,Carpet Area,"Lodha Azzuro , Parel",Mumbai,Semi-Furnished,Bachelors/Family,3,Contact Agent
L00562,2022-07-09,2,44000,722,34 out of 48,Carpet Area,"Sheth Montana, Mulund West",Mumbai,Semi-Furnished,Bachelors/Family,2,Contact Agent
L00563,2022-05-25,1,20000,450,5 out of 8,Carpet Area,"Gokul Regency Apartment, Thakur Complex",Mumbai,Unfurnished,Bachelors/Family,1,Contact Agent
L00564,2022-06-12,1,25000,500,2 out of 8,Super Area,Ghatkopar West,Mumbai,Semi-Furnished,Bachelors/Family,2,Contact Owner
L00565,2022-07-09,2,40000,680,5 out of 14,Carpet Area,"NG Royal Park, Kanjurmarg East",Mumbai,Furnished,Bachelors,2,Contact Agent
L00566,2022-07-09,2,43000,1150,14 out of 40,Carpet Area,"Montana Giona, Moti Nagar",Mumbai,Unfurnished,Bachelors/Family,2,Contact Agent
L00567,2022-06-22,2,44000,830,2 out of 2,Carpet Area,"Sapphire Heights, Lokhandwala Twp",Mumbai,Furnished,Bachelors,2,Contact Agent
L00568,2022-05-23,1,75000,550,5 out of 7,Carpet Area,Bandra West,Mumbai,Furnished,Bachelors/Family,1,Contact Agent
L00569,2022-05-14,1,32000,470,6 out of 7,Carpet Area,Central Area,Mumbai,Semi-Furnished,Family,2,Contact Agent
L00570,2022-07-07,1,16000,410,9 out of 22,Carpet Area,Mira Bhayandar,Mumbai,Semi-Furnished,Family,2,Contact Agent
L00571,2022-07-07,2,65000,710,11 out of 14,Carpet Area,"Ajmera Bhakti Park, Bhakti Park",Mumbai,Semi-Furnished,Bachelors/Family,2,Contact Agent
L00572,2022-05-27,2,45000,750,12 out of 18,Carpet Area,"Ajmera Bhakti Park, Bhakti Park",Mumbai,Semi-Furnished,Bachelors/Family,2,Contact Agent
L00573,2022-06-12,2,57000,800,6 out of 7,Carpet Area,Chembur,Mumbai,Unfurnished,Bachelors/Family,2,Contact Agent
L00574,2022-07-01,1,27000,435,3 out of 7,Carpet Area,Film City Road,Mumbai,Unfurnished,Bachelors/Family,2,Contact Agent
L00575,2022-05-30,1,57000,500,26 out of 44,Carpet Area,"Lodha New Cuffe Parade, Wadala",Mumbai,Semi-Furnished,Bachelors/Family,1,Contact Agent
L00576,2022-06-20,2,55000,800,1 out of 8,Carpet Area,"Evershine Grandeur, Mindspace",Mumbai,Furnished,Bachelors/Family,2,Contact Agent
L00577,2022-06-15,1,40000,540,2 out of 4,Carpet Area,Vile Parle East,Mumbai,Semi-Furnished,Family,2,Contact Agent
L00578,2022-07-07,2,95000,1050,25 out of 42,Carpet Area,"Lodha New Cuffe Parade, Wadala East",Mumbai,Unfurnished,Bachelors/Family,2,Contact Agent
L00579,2022-06-30,2,85000,700,25 out of 41,Carpet Area,"Lodha New Cuffe Parade, Wadala",Mumbai,Semi-Furnished,Bachelors/Family,2,Contact Agent
L00580,2022-06-25,4,300000,1600,53 out of 78,Carpet Area,"Trump Tower, Worli",Mumbai,Semi-Furnished,Bachelors/Family,4,Contact Agent
L00581,2022-06-29,2,80000,600,2 out of 5,Carpet Area,Breach Candy,Mumbai,Furnished,Bachelors/Family,1,Contact Agent
L00582,2022-06-23,1,13000,300,Ground out of 7,Super Area,Malad West,Mumbai,Unfurnished,Bachelors/Family,2,Contact Owner
L00583,2022-05-15,1,28000,550,3 out of 4,Carpet Area,"Ambika Siddhi Apartment, Ghatkopar",Mumbai,Unfurnished,Bachelors,2,Contact Owner
L00584,2022-07-06,3,89000,932,14 out of 20,Carpet Area,Powai,Mumbai,Semi-Furnished,Bachelors/Family,3,Contact Agent
L00585,2022-05-27,1,28000,450,13 out of 20,Carpet Area,Dina Bama Estate,Mumbai,Unfurnished,Bachelors/Family,2,Contact Agent
L00586,2022-05-16,2,13000,600,2 out of 4,Carpet Area,Mira Road,Mumbai,Unfurnished,Bachelors/Family,2,Contact Owner
L00587,2022-07-04,1,24000,424,16 out of 23,Carpet Area,"Sethia Kalpavruksh Heights, Irani Wada",Mumbai,Unfurnished,Bachelors/Family,2,Contact Agent
L00588,2022-07-06,2,38000,560,Ground out of 3,Carpet Area,Andheri East,Mumbai,Furnished,Bachelors,2,Contact Owner
L00589,2022-06-04,1,32000,450,10 out of 18,Carpet Area,Goregaon West,Mumbai,Unfurnished,Bachelors,2,Contact Agent
L00590,2022-05-14,4,350000,3000,39 out of 60,Carpet Area,"Lodha World Crest, Lower Parel",Mumbai,Semi-Furnished,Bachelors/Family,5,Contact Agent
L00591,2022-06-06,1,40000,600,3 out of 7,Carpet Area,Lokhandwala Complex,Mumbai,Furnished,Family,2,Contact Agent
L00592,2022-05-27,3,150000,1400,16 out of 21,Carpet Area,darshan ricco Tower,Mumbai,Furnished,Bachelors,3,Contact Agent
L00593,2022-07-09,2,45000,630,10 out of 32,Carpet Area,Kanjurmarg West,Mumbai,Unfurnished,Bachelors,2,Contact Agent
L00594,2022-07-02,3,170000,1400,4 out of 8,Carpet Area,Khar West,Mumbai,Unfurnished,Bachelors/Family,3,Contact Agent
L00595,2022-05-31,1,30000,320,12 out of 24,Super Area,Worli,Mumbai,Furnished,Family,1,Contact Owner
L00596,2022-06-24,2,210000,1000,4 out of 8,Carpet Area,Bandra West,Mumbai,Unfurnished,Bachelors,2,Contact Agent
L00597,2022-07-06,3,75000,1150,32 out of 41,Carpet Area,"Kanakia Levels, Malad East",Mumbai,Unfurnished,Bachelors/Family,3,Contact Agent
L00598,2022-07-09,2,47000,751,3 out of 30,Carpet Area,"Kalpataru Towers, Akurli Nagar",Mumbai,Semi-Furnished,Family,2,Contact Agent
L00599,2022-06-20,2,14000,570,4 out of 7,Carpet Area,"Kailash Tower, Nalasopara",Mumbai,Furnished,Family,2,Contact Agent
L00600,2022-07-06,2,55000,696,13 out of 21,Carpet Area,Chandivali,Mumbai,Semi-Furnished,Bachelors/Family,2,Contact Agent
L00601,2022-07-09,4,120000,1600,9 out of 29,Carpet Area,"Anant Bhoomi, Mahavir Nagar",Mumbai,Unfurnished,Family,4,Contact Agent
L00602,2022-07-06,3,300000,2500,47 out of 89,Carpet Area,"India Bulls Sky Forest, Lower Parel",Mumbai,Semi-Furnished,Bachelors,3,Contact Agent
L00603,2022-07-06,3,70000,1150,7 out of 41,Carpet Area,"Kanakia Levels, Malad East",Mumbai,Unfurnished,Bachelors/Family,3,Contact Agent
L00604,2022-06-03,3,150000,1500,7 out of 10,Carpet Area,"Almeida Park, Turner Road",Mumbai,Semi-Furnished,Bachelors/Family,4,Contact Agent
L00605,2022-06-16,3,62000,950,6 out of 7,Carpet Area,Bhakti Park,Mumbai,Furnished,Bachelors/Family,3,Contact Agent
L00606,2022-05-18,2,42000,750,11 out of 21,Carpet Area,"RNA ROYALE PARK, Kandivali West",Mumbai,Unfurnished,Bachelors,2,Contact Agent
L00607,2022-05-23,2,130000,715,5 out of 10,Carpet Area,Bandra West,Mumbai,Furnished,Bachelors/Family,2,Contact Agent
L00608,2022-05-14,3,170000,1337,28 out of 30,Carpet Area,"Oberoi Splendor Grande, Agarkar Chowk",Mumbai,Furnished,Bachelors/Family,3,Contact Agent
L00609,2022-06-27,3,20000,737,13 out of 15,Carpet Area,"Ekta Parksville, Virar West",Mumbai,Semi-Furnished,Bachelors,3,Contact Agent
L00610,2022-05-18,2,41000,750,6 out of 21,Carpet Area,"RNA ROYALE PARK, Kandivali West",Mumbai,Unfurnished,Bachelors,2,Contact Agent
L00611,2022-06-03,2,65000,760,4 out of 7,Carpet Area,Prabhadevi,Mumbai,Semi-Furnished,Bachelors/Family,2,Contact Agent
L00612,2022-06-17,2,50000,750,8 out of 16,Carpet Area,"Green Park Apartment, Millat Nagar",Mumbai,Semi-Furnished,Bachelors/Family,2,Contact Agent
L00613,2022-07-01,2,85000,650,2 out of 6,Carpet Area,Breach Candy,Mumbai,Semi-Furnished,Bachelors,2,Contact Agent
L00614,2022-05-31,2,50000,1000,4 out of 7,Super Area,Ghatkopar East,Mumbai,Semi-Furnished,Bachelors/Family,2,Contact Owner
L00615,2022-04-28,1,30000,570,Ground out of 3,Carpet Area,Kurla West,Mumbai,Unfurnished,Bachelors/Family,1,Contact Owner
L00616,2022-07-04,2,120000,900,5 out of 19,Carpet Area,"Beach Towers, Prabhadevi",Mumbai,Semi-Furnished,Family,2,Contact Agent
L00617,2022-07-09,2,60000,760,3 out of 11,Carpet Area,"Kolte Patil Jai Vijay, New Airport Colony",Mumbai,Unfurnished,Family,2,Contact Agent
L00618,2022-07-09,3,110000,1500,17 out of 42,Carpet Area,"Lodha New Cuffe Parade, Bhakti Park",Mumbai,Unfurnished,Bachelors/Family,4,Contact Agent
L00619,2022-07-04,3,84500,1150,10 out of 12,Carpet Area,Chembur East,Mumbai,Unfurnished,Family,3,Contact Agent
L00620,2022-06-20,3,80000,1100,8 out of 28,Carpet Area,"HDIL Metropolis, 4 Bunglows",Mumbai,Semi-Furnished,Family,3,Contact Agent
L00621,2022-05-18,3,50000,1000,9 out of 15,Carpet Area,"Heena Gaurav Jewels, Gokuldham",Mumbai,Furnished,Bachelors/Family,3,Contact Agent
L00622,2022-06-13,2,40000,720,14 out of 22,Carpet Area,shabri shan,Mumbai,Unfurnished,Bachelors,2,Contact Agent
L00623,2022-07-09,1,34000,365,18 out of 40,Carpet Area,Malad East,Mumbai,Furnished,Family,1,Contact Agent
L00624,2022-07-09,4,220000,2000,9 out of 17,Carpet Area,Juhu Tara,Mumbai,Furnished,Bachelors/Family,4,Contact Agent
L00625,2022-07-07,1,25000,400,2 out of 13,Carpet Area,"Mindspace, Mindspace",Mumbai,Unfurnished,Bachelors/Family,1,Contact Agent
L00626,2022-05-17,3,150000,1330,12 out of 45,Carpet Area,"Oberoi Esquire, Goregaon East",Mumbai,Semi-Furnished,Bachelors/Family,4,Contact Agent
L00627,2022-06-04,3,85000,850,25 out of 35,Carpet Area,"Oberoi Woods, Goregaon East",Mumbai,Semi-Furnished,Family,3,Contact Agent
L00628,2022-06-25,4,180000,2000,4 out of 14,Carpet Area,"Vertical Bliss, Bandra West",Mumbai,Furnished,Bachelors/Family,5,Contact Agent
L00629,2022-05-14,2,40000,700,2 out of 6,Carpet Area,Sher E Punjab Society,Mumbai,Semi-Furnished,Bachelors/Family,2,Contact Agent
L00630,2022-05-28,2,50000,900,7 out of 15,Carpet Area,Oshiwara,Mumbai,Semi-Furnished,Bachelors,2,Contact Agent
L00631,2022-07-09,2,38000,650,10 out of 16,Carpet Area,"Nirmal Lifestyle, LBS Marg",Mumbai,Furnished,Family,2,Contact Agent
L00632,2022-06-04,4,310000,2600,Upper Basement out of 20,Carpet Area,Lokhandwala Complex,Mumbai,Unfurnished,Family,4,Contact Agent
L00633,2022-06-30,2,50000,680,5 out of 14,Carpet Area,Chembur,Mumbai,Unfurnished,Bachelors/Family,2,Contact Agent
L00634,2022-07-06,3,65000,950,Upper Basement out of 9,Carpet Area,Tilak Nagar - Harbour Line,Mumbai,Semi-Furnished,Bachelors/Family,3,Contact Agent
L00635,2022-05-18,4,210000,1783,5 out of 20,Carpet Area,GREEN PARK,Mumbai,Semi-Furnished,Bachelors/Family,3,Contact Owner
L00636,2022-05-18,3,150000,1330,Upper Basement out of 40,Carpet Area,Lodha Ajuro tower lalbag,Mumbai,Unfurnished,Bachelors/Family,3,Contact Agent
L00637,2022-06-10,1,32000,565,1 out of 8,Super Area,"Lake Bloom, Powai",Mumbai,Unfurnished,Bachelors/Family,2,Contact Owner
L00638,2022-05-26,1,26000,450,4 out of 8,Carpet Area,Kalina,Mumbai,Unfurnished,Bachelors/Family,1,Contact Agent
L00639,2022-06-08,2,60000,710,5 out of 18,Carpet Area,"Bhakti Park, Bhakti Park",Mumbai,Semi-Furnished,Bachelors/Family,2,Contact Agent
L00640,2022-07-09,3,190000,1514,34 out of 58,Carpet Area,"Bombay Dyeing Two ICC, Dadar East",Mumbai,Semi-Furnished,Bachelors/Family,4,Contact Agent
L00641,2022-06-16,3,100000,1080,5 out of 8,Carpet Area,Santacruz West,Mumbai,Unfurnished,Bachelors/Family,3,Contact Agent
L00642,2022-05-14,2,35000,700,5 out of 8,Carpet Area,"MUKTA MAHEK, Thakur Complex",Mumbai,Unfurnished,Family,2,Contact Agent
L00643,2022-06-17,3,68000,890,11 out of 19,Carpet Area,"Kanakia Rainforest, Marol",Mumbai,Unfurnished,Bachelors/Family,2,Contact Agent
L00644,2022-07-08,3,150000,1250,5 out of 8,Carpet Area,Bandra West,Mumbai,Semi-Furnished,Bachelors/Family,3,Contact Agent
L00645,2022-06-04,1,18000,300,4 out of 6,Super Area,Vile Parle West,Mumbai,Semi-Furnished,Bachelors/Family,1,Contact Owner
L00646,2022-07-06,2,55000,720,5 out of 7,Carpet Area,"Dheeraj Swapna Apartment, Pali Hill",Mumbai,Unfurnished,Bachelors/Family,2,Contact Agent
L00647,2022-07-03,3,65000,825,20 out of 22,Carpet Area,Lokhandwala Complex,Mumbai,Furnished,Family,3,Contact Agent
L00648,2022-06-04,2,80000,500,1 out of 5,Carpet Area,Vile Parle East,Mumbai,Furnished,Bachelors/Family,2,Contact Owner
L00649,2022-07-06,2,53000,750,12 out of 19,Carpet Area,"Lake Florence, Powai",Mumbai,Semi-Furnished,Bachelors/Family,2,Contact Agent
L00650,2022-06-17,2,80000,750,15 out of 18,Carpet Area,Bandra West,Mumbai,Semi-Furnished,Bachelors/Family,2,Contact Agent
L00651,2022-06-30,1,18000,360,3 out of 7,Carpet Area,"Anita, Lokhandwala Twp",Mumbai,Furnished,Bachelors/Family,1,Contact Agent
L00652,2022-06-23,4,250000,1545,65 out of 78,Carpet Area,"Trump Tower, Worli",Mumbai,Semi-Furnished,Family,5,Contact Agent
L00653,2022-07-07,1,17500,400,4 out of 4,Carpet Area,Evershine Nagar,Mumbai,Unfurnished,Bachelors/Family,1,Contact Agent
L00654,2022-07-09,3,43000,750,6 out of 16,Carpet Area,Mahavir Nagar,Mumbai,Unfurnished,Family,2,Contact Agent
L00655,2022-05-26,1,13500,432,5 out of 8,Carpet Area,"Hiral Greens, Mira Road East",Mumbai,Unfurnished,Family,2,Contact Agent
L00656,2022-05-23,2,18000,780,17 out of 22,Carpet Area,"Man Opus, Mira Road",Mumbai,Unfurnished,Family,2,Contact Agent
L00657,2022-05-31,2,75000,695,4 out of 7,Carpet Area,Bandra West,Mumbai,Semi-Furnished,Bachelors/Family,1,Contact Agent
L00658,2022-07-07,1,18000,375,6 out of 24,Carpet Area,"Prasanna Vastu Chs, Jankalyan Nagar",Mumbai,Unfurnished,Bachelors/Family,1,Contact Agent
L00659,2022-06-08,3,160000,1095,40 out of 75,Carpet Area,"Lodha The Park, Worli",Mumbai,Semi-Furnished,Bachelors/Family,3,Contact Agent
L00660,2022-05-31,1,32000,475,4 out of 4,Carpet Area,Shri Swami Samarth Nagar,Mumbai,Semi-Furnished,Family,2,Contact Agent
L00661,2022-06-07,2,55000,790,9 out of 15,Carpet Area,"Vijaya Heritage, Chembur",Mumbai,Unfurnished,Bachelors/Family,2,Contact Agent
L00662,2022-07-09,2,47000,661,19 out of 38,Carpet Area,"Runwal Forests, Kanjurmarg West",Mumbai,Semi-Furnished,Bachelors/Family,2,Contact Agent
L00663,2022-06-21,2,35000,700,5 out of 7,Carpet Area,"Evershine Millenium Paradise, Thakur Village, Kandivali East",Mumbai,Semi-Furnished,Bachelors/Family,2,Contact Agent
L00664,2022-06-08,1,15000,420,6 out of 7,Carpet Area,Dahisar East,Mumbai,Semi-Furnished,Family,1,Contact Agent
L00665,2022-07-03,2,50000,750,5 out of 7,Carpet Area,D.N. Nagar,Mumbai,Unfurnished,Bachelors/Family,2,Contact Agent
L00666,2022-05-25,2,25500,950,Ground out of 4,Super Area,Dhanukar Wadi,Mumbai,Semi-Furnished,Bachelors/Family,3,Contact Owner
L00667,2022-07-04,5,350000,1880,15 out of 31,Carpet Area,"Runwal Elegante, Andheri West",Mumbai,Furnished,Family,5,Contact Agent
L00668,2022-06-09,3,55000,1350,11 out of 28,Carpet Area,"Ekta Meadows, Borivali East",Mumbai,Furnished,Bachelors/Family,3,Contact Agent
L00669,2022-06-04,1,25000,330,4 out of 6,Super Area,Mazgaon,Mumbai,Semi-Furnished,Family,1,Contact Owner
L00670,2022-06-04,2,50000,750,8 out of 16,Carpet Area,"Safal Saraswati, Chembur",Mumbai,Unfurnished,Bachelors/Family,2,Contact Agent
L00671,2022-06-12,2,65000,925,10 out of 22,Carpet Area,"MJ Shah Centrio, Chembur",Mumbai,Furnished,Bachelors/Family,3,Contact Agent
L00672,2022-05-14,3,50000,1150,17 out of 24,Carpet Area,"Benzer Tower, Thakur Complex",Mumbai,Semi-Furnished,Family,3,Contact Agent
L00673,2022-06-17,3,65000,1105,15 out of 19,Carpet Area,"Hillcrest, Chakala MIDC",Mumbai,Unfurnished,Bachelors/Family,3,Contact Agent
L00674,2022-05-18,3,160000,1050,9 out of 10,Carpet Area,Khar,Mumbai,Furnished,Bachelors,3,Contact Agent
L00675,2022-06-27,1,25000,410,4 out of 8,Carpet Area,Friends Colony,Mumbai,Semi-Furnished,Bachelors,1,Contact Agent
L00676,2022-06-30,1,32000,460,7 out of 12,Carpet Area,Chembur,Mumbai,Unfurnished,Bachelors/Family,2,Contact Agent
L00677,2022-05-22,1,21000,600,2 out of 2,Super Area,Reay road east,Mumbai,Semi-Furnished,Bachelors/Family,1,Contact Owner
L00678,2022-06-05,1,20000,570,6 out of 7,Super Area,"Leo Ratnakar, Mahavir Nagar",Mumbai,Furnished,Bachelors/Family,2,Contact Owner
L00679,2022-07-05,2,55000,720,8 out of 20,Carpet Area,Chembur East,Mumbai,Furnished,Bachelors/Family,2,Contact Agent
L00680,2022-05-11,1,32000,500,4 out of 4,Carpet Area,Chirag Nagar,Mumbai,Semi-Furnished,Bachelors,2,Contact Owner
L00681,2022-05-18,4,150000,1460,11 out of 13,Carpet Area,"Insignia, Bandra East",Mumbai,Semi-Furnished,Bachelors/Family,4,Contact Agent
L00682,2022-06-08,1,30000,415,5 out of 8,Carpet Area,"Ekta Meadows, Borivali East",Mumbai,Unfurnished,Bachelors,2,Contact Agent
L00683,2022-06-01,3,150000,1400,6 out of 12,Carpet Area,Bandra West,Mumbai,Semi-Furnished,Bachelors/Family,3,Contact Agent
L00684,2022-06-16,1,27000,270,1 out of 4,Carpet Area,Mumbai Central,Mumbai,Unfurnished,Bachelors/Family,1,Contact Agent
L00685,2022-07-09,2,47000,585,7 out of 8,Carpet Area,Gokuldham,Mumbai,Semi-Furnished,Bachelors/Family,2,Contact Agent
L00686,2022-05-17,4,150000,1755,9 out of 19,Carpet Area,"Ekta Legranz, Chembur",Mumbai,Unfurnished,Family,4,Contact Agent
L00687,2022-05-14,1,27000,550,4 out of 7,Carpet Area,Borivali West,Mumbai,Furnished,Family,2,Contact Owner
L00688,2022-07-09,3,160000,1300,37 out of 51,Carpet Area,"Lodha Primero, Mahalakshmi",Mumbai,Semi-Furnished,Bachelors/Family,4,Contact Agent
L00689,2022-06-20,2,100000,1200,6 out of 11,Super Area,Mount Mary,Mumbai,Furnished,Bachelors/Family,2,Contact Agent
L00690,2022-07-06,2,45002,600,9 out of 17,Carpet Area,"Raheja Vista, Powai",Mumbai,Semi-Furnished,Bachelors/Family,2,Contact Agent
L00691,2022-07-06,2,48000,700,8 out of 15,Carpet Area,"Sundew CHS, Chandivali",Mumbai,Semi-Furnished,Bachelors/Family,2,Contact Agent
L00692,2022-06-16,1,18000,385,11 out of 20,Carpet Area,"Garden View Apartment, Aarey Milk Colony",Mumbai,Unfurnished,Bachelors/Family,1,Contact Agent
L00693,2022-05-18,1,7500,500,2 out of 2,Carpet Area,Suram Park Society,Mumbai,Semi-Furnished,Bachelors,1,Contact Owner
L00694,2022-06-13,2,50000,850,10 out of 23,Carpet Area,Film City,Mumbai,Semi-Furnished,Bachelors/Family,2,Contact Agent
L00695,2022-07-09,3,55000,900,Upper Basement out of 10,Carpet Area,Chikuwadi,Mumbai,Semi-Furnished,Family,2,Contact Agent
L00696,2022-07-07,1,26000,400,4 out of 7,Carpet Area,"Dheeraj Kiran CHS Walad West, Sunder Nagar",Mumbai,Unfurnished,Bachelors/Family,1,Contact Agent
L00697,2022-06-29,2,17000,600,7 out of 23,Carpet Area,"DB Ozone, Mira Road",Mumbai,Unfurnished,Bachelors,2,Contact Owner
L00698,2022-05-14,2,40000,750,5 out of 8,Carpet Area,"Vasant Marvel, Magathane",Mumbai,Semi-Furnished,Family,2,Contact Agent
L00699,2022-06-27,2,43000,628,4 out of 11,Carpet Area,Andheri East,Mumbai,Unfurnished,Bachelors/Family,2,Contact Agent
L00700,2022-07-09,3,140000,1330,17 out of 43,Carpet Area,"Lodha Altia, Wadala East",Mumbai,Unfurnished,Bachelors,4,Contact Agent
L00701,2022-07-06,3,140000,1064,7 out of 22,Carpet Area,"Rustomjee Seasons, Bandra East",Mumbai,Unfurnished,Bachelors/Family,3,Contact Agent
L00702,2022-05-23,3,120000,1200,14 out of 18,Carpet Area,"Stellar Tower, Lokhandwala Complex",Mumbai,Furnished,Family,3,Contact Agent
L00703,2022-05-28,4,400000,2200,6 out of 10,Carpet Area,Juhu,Mumbai,Furnished,Bachelors/Family,4,Contact Agent
L00704,2022-07-07,2,21000,630,8 out of 12,Carpet Area,Beverly Park,Mumbai,Semi-Furnished,Family,2,Contact Agent
L00705,2022-06-30,2,40000,650,3 out of 7,Carpet Area,Sindhi Society Chembur,Mumbai,Unfurnished,Bachelors/Family,2,Contact Agent
L00706,2022-05-31,2,40000,845,7 out of 8,Super Area,Vikhroli West,Mumbai,Furnished,Bachelors/Family,2,Contact Owner
L00707,2022-07-09,3,230000,1915,3 out of 18,Super Area,"Ashok tower, Parel",Mumbai,Semi-Furnished,Bachelors/Family,3,Contact Agent
L00708,2022-06-12,2,20000,900,7 out of 7,Super Area,Mira Road,Mumbai,Semi-Furnished,Bachelors/Family,2,Contact Owner
L00709,2022-05-18,2,60000,807,14 out of 58,Carpet Area,"Auris Serenity, Malad West",Mumbai,Unfurnished,Bachelors,2,Contact Agent
L00710,2022-05-27,2,35000,1100,Ground out of 3,Super Area,Mulund East,Mumbai,Semi-Furnished,Bachelors/Family,2,Contact Owner
L00711,2022-06-08,3,300000,1600,18 out of 23,Super Area,"Chaitanya Towers, Prabhadevi",Mumbai,Semi-Furnished,Bachelors/Family,5,Contact Owner
L00712,2022-05-25,2,6500,790,3 out of 7,Super Area,"Deep Heights, Nalasopara",Mumbai,Unfurnished,Bachelors/Family,2,Contact Owner
L00713,2022-05-05,1,15000,380,19 out of 19,Carpet Area,sra,Mumbai,Unfurnished,Bachelors/Family,1,Contact Owner
L00714,2022-07-07,2,38000,650,4 out of 10,Carpet Area,"Ahimsa Marg, Mindspace",Mumbai,Unfurnished,Family,2,Contact Agent
L00715,2022-05-27,2,35000,800,9 out of 20,Carpet Area,Borivali East,Mumbai,Semi-Furnished,Family,2,Contact Agent
L00716,2022-05-10,2,32000,830,13 out of 14,Super Area,Bhandup West,Mumbai,Semi-Furnished,Bachelors/Family,2,Contact Owner
L00717,2022-05-29,1,16000,410,Ground out of 4,Carpet Area,Mamletdarwadi,Mumbai,Unfurnished,Bachelors,1,Contact Owner
L00718,2022-06-01,1,33000,428,7 out of 11,Carpet Area,"Crescent Solitaire, Sakinaka Junction",Mumbai,Semi-Furnished,Bachelors/Family,2,Contact Agent
L00719,2022-05-23,1,8500,550,3 out of 5,Super Area,Thane-Kalyan-Dombivli,Mumbai,Semi-Furnished,Bachelors/Family,1,Contact Owner
L00720,2022-06-17,2,60000,630,11 out of 22,Carpet Area,Central Area,Mumbai,Unfurnished,Bachelors,2,Contact Agent
L00721,2022-06-27,1,20000,550,5 out of 7,Super Area,Rock garden Chs,Mumbai,Unfurnished,Bachelors,2,Contact Owner
L00722,2022-05-28,1,38000,450,4 out of 8,Carpet Area,"Juveria Apartment, Mazgaon",Mumbai,Unfurnished,Bachelors/Family,2,Contact Agent
L00723,2022-06-04,2,100000,750,Upper Basement out of 30,Carpet Area,"Lodha NCP Commercial , Wadala",Mumbai,Unfurnished,Bachelors/Family,2,Contact Agent
L00724,2022-06-25,2,65000,800,12 out of 14,Carpet Area,"Kabra Centroid, Santacruz East",Mumbai,Semi-Furnished,Bachelors/Family,2,Contact Agent
L00725,2022-07-01,3,80000,1050,16 out of 31,Carpet Area,"HDIL Metropolis, Andheri West",Mumbai,Furnished,Family,3,Contact Agent
L00726,2022-07-06,2,85000,850,1 out of 8,Carpet Area,Bandra West,Mumbai,Furnished,Bachelors,2,Contact Agent
L00727,2022-06-20,4,600000,2500,12 out of 13,Carpet Area,"Mount Marry, Bandra West",Mumbai,Semi-Furnished,Bachelors/Family,4,Contact Agent
L00728,2022-06-23,3,150000,2000,6 out of 7,Carpet Area,"Saraswati Sadan, Parel",Mumbai,Furnished,Bachelors/Family,3,Contact Agent
L00729,2022-07-06,3,130000,1330,11 out of 51,Carpet Area,"Oberoi Esquire, Goregaon East",Mumbai,Semi-Furnished,Bachelors/Family,4,Contact Agent
L00730,2022-06-10,3,55000,950,2 out of 12,Carpet Area,Srishti Complex,Mumbai,Unfurnished,Bachelors/Family,3,Contact Agent
L00731,2022-06-16,1,23000,435,9 out of 22,Carpet Area,Kandivali West,Mumbai,Semi-Furnished,Bachelors,2,Contact Agent
L00732,2022-06-04,3,95000,1300,8 out of 16,Carpet Area,"Bharat Ark, Andheri West",Mumbai,Semi-Furnished,Bachelors,4,Contact Agent
L00733,2022-04-29,2,40000,650,Ground out of 4,Super Area,Andheri West,Mumbai,Unfurnished,Bachelors/Family,2,Contact Owner
L00734,2022-07-06,3,180000,1550,22 out of 24,Carpet Area,Lower Parel,Mumbai,Semi-Furnished,Bachelors/Family,3,Contact Agent
L00735,2022-07-04,1,25000,380,3 out of 4,Carpet Area,Irla,Mumbai,Semi-Furnished,Bachelors/Family,1,Contact Agent
L00736,2022-05-31,4,140000,1454,7 out of 14,Carpet Area,Central Avenue Road,Mumbai,Unfurnished,Bachelors/Family,4,Contact Agent
L00737,2022-06-01,2,55000,860,9 out of 20,Carpet Area,"K Raheja Maple Leaf, Powai",Mumbai,Semi-Furnished,Family,2,Contact Agent
L00738,2022-06-14,2,46000,680,4 out of 7,Carpet Area,"Trans Residency, Andheri East",Mumbai,Semi-Furnished,Bachelors/Family,2,Contact Agent
L00739,2022-07-04,1,22000,433,2 out of 7,Carpet Area,"Highway Park Apartment, Kandivali East",Mumbai,Unfurnished,Bachelors,2,Contact Agent
L00740,2022-06-27,2,55100,710,10 out of 22,Carpet Area,"Shapoorji Pallonji Vicinia, Chandivali",Mumbai,Semi-Furnished,Bachelors/Family,2,Contact Agent
L00741,2022-07-06,2,65000,700,5 out of 7,Carpet Area,Mahim,Mumbai,Furnished,Bachelors,2,Contact Agent
L00742,2022-05-26,1,33000,550,Ground out of 4,Carpet Area,"Supreme Divine Light CHS, Chakala",Mumbai,Unfurnished,Bachelors/Family,1,Contact Agent
L00743,2022-06-25,4,320000,2700,10 out of 12,Carpet Area,Bandra West,Mumbai,Semi-Furnished,Bachelors/Family,5,Contact Agent
L00744,2022-05-10,1,33000,350,Ground out of 5,Super Area,Andheri West,Mumbai,Unfurnished,Bachelors/Family,1,Contact Owner
L00745,2022-05-10,1,25000,490,7 out of 8,Super Area,Bhandup East,Mumbai,Semi-Furnished,Bachelors/Family,1,Contact Owner
L00746,2022-07-09,3,300000,1225,5 out of 13,Carpet Area,"Mount Marry, Mount Mary",Mumbai,Furnished,Bachelors/Family,3,Contact Agent
L00747,2022-06-28,3,100000,1286,7 out of 21,Carpet Area,"Lodha Bel Air, Jogeshwari West",Mumbai,Unfurnished,Bachelors/Family,5,Contact Agent
L00748,2022-05-14,1,33000,425,5 out of 7,Carpet Area,Collector Colony,Mumbai,Unfurnished,Bachelors/Family,2,Contact Agent
L00749,2022-07-06,2,35000,550,7 out of 7,Carpet Area,90 ft road,Mumbai,Semi-Furnished,Bachelors,2,Contact Agent
L00750,2022-07-09,3,130000,1224,14 out of 21,Carpet Area,Mumbai Central,Mumbai,Unfurnished,Family,3,Contact Agent
L00751,2022-07-09,3,80000,950,17 out of 25,Carpet Area,Byculla West,Mumbai,Unfurnished,Bachelors/Family,3,Contact Agent
L00752,2022-06-04,1,10000,425,9 out of 14,Carpet Area,"Nicon Infinity, Vasai East",Mumbai,Semi-Furnished,Bachelors,2,Contact Owner
L00753,2022-06-03,3,92500,1000,6 out of 7,Carpet Area,"Rustomjee Central Park, Chakala",Mumbai,Furnished,Bachelors/Family,3,Contact Agent
L00754,2022-07-07,2,57000,710,15 out of 18,Carpet Area,"Ajmera Bhakti Park, Bhakti Park",Mumbai,Semi-Furnished,Bachelors/Family,2,Contact Agent
L00755,2022-07-06,3,170000,1300,5 out of 8,Carpet Area,Bandra West,Mumbai,Semi-Furnished,Bachelors/Family,3,Contact Agent
L00756,2022-05-13,1,29999,433,8 out of 20,Carpet Area,"Altavista, Sion Trombay Road",Mumbai,Semi-Furnished,Bachelors/Family,2,Contact Agent
L00757,2022-05-14,2,42000,650,8 out of 15,Carpet Area,Kings Circle,Mumbai,Furnished,Bachelors,2,Contact Agent
L00758,2022-07-09,3,330000,1650,8 out of 27,Carpet Area,buena vista,Mumbai,Furnished,Bachelors,4,Contact Agent
L00759,2022-04-29,2,24000,600,1 out of 5,Super Area,Mulund West,Mumbai,Semi-Furnished,Bachelors/Family,1,Contact Owner
L00760,2022-05-05,2,35000,850,3 out of 6,Super Area,Malad West,Mumbai,Semi-Furnished,Family,2,Contact Owner
L00761,2022-07-07,1,14000,305,6 out of 24,Carpet Area,Kandivali West,Mumbai,Unfurnished,Bachelors,1,Contact Agent
L00762,2022-06-12,2,45000,490,2 out of 3,Carpet Area,Gandhi Market,Mumbai,Furnished,Bachelors/Family,2,Contact Agent
L00763,2022-05-24,2,36000,690,4 out of 8,Carpet Area,Mulund West,Mumbai,Semi-Furnished,Bachelors,2,Contact Agent
L00764,2022-05-31,2,53500,635,17 out of 20,Carpet Area,"Nahar Jonquille and Jamaica, Chandivali",Mumbai,Unfurnished,Bachelors/Family,2,Contact Agent
L00765,2022-07-07,3,80000,1100,18 out of 22,Carpet Area,"Nahar Amrit Shakti powai, Chandivali",Mumbai,Furnished,Bachelors/Family,2,Contact Agent
L00766,2022-06-27,1,7500,250,1 out of 7,Super Area,Chinmay Gaurang Infrastructure Old Panvel,Mumbai,Unfurnished,Bachelors/Family,1,Contact Owner
L00767,2022-06-23,3,140000,1200,9 out of 30,Carpet Area,Worli Sea Face,Mumbai,Furnished,Bachelors/Family,3,Contact Agent
L00768,2022-06-23,2,95000,750,2 out of 7,Carpet Area,"Queens Palace, Bandra West",Mumbai,Unfurnished,Bachelors,2,Contact Agent
L00769,2022-06-06,3,130000,1100,3 out of 8,Carpet Area,Khar West,Mumbai,Furnished,Bachelors/Family,3,Contact Agent
L00770,2022-06-01,2,45000,700,4 out of 7,Carpet Area,"Bindra Complex , Andheri East",Mumbai,Semi-Furnished,Bachelors/Family,2,Contact Agent
L00771,2022-06-23,2,110000,1150,11 out of 26,Carpet Area,"Ivory Tower, Prabhadevi",Mumbai,Unfurnished,Bachelors/Family,2,Contact Agent
L00772,2022-06-28,3,120000,1379,17 out of 27,Carpet Area,Parmanand Wadi,Mumbai,Unfurnished,Bachelors/Family,3,Contact Agent
L00773,2022-06-23,1,60000,500,9 out of 10,Carpet Area,"Vaibhav Apartments, Dadar West",Mumbai,Furnished,Bachelors/Family,1,Contact Agent
L00774,2022-06-26,3,120000,1400,10 out of 32,Super Area,"Avarsekar Heights, Worli",Mumbai,Unfurnished,Bachelors/Family,3,Contact Agent
L00775,2022-06-30,1,40000,390,4 out of 12,Carpet Area,Parel,Mumbai,Unfurnished,Bachelors/Family,1,Contact Agent
L00776,2022-06-04,2,50000,935,2 out of 6,Super Area,Andheri West,Mumbai,Furnished,Bachelors/Family,2,Contact Owner
L00777,2022-05-27,2,36000,535,12 out of 16,Carpet Area,Ghatkopar West,Mumbai,Unfurnished,Bachelors/Family,2,Contact Agent
L00778,2022-06-10,3,150000,1250,6 out of 12,Carpet Area,Bandra West,Mumbai,Semi-Furnished,Bachelors/Family,3,Contact Agent
L00779,2022-06-12,4,230000,3700,5 out of 20,Carpet Area,"Lake Superior, Powai",Mumbai,Furnished,Bachelors/Family,4,Contact Agent
L00780,2022-06-28,1,25000,350,10 out of 24,Carpet Area,Lower Parel,Mumbai,Unfurnished,Bachelors,2,Contact Agent
L00781,2022-05-27,3,190000,1350,65 out of 76,Carpet Area,"Lodha Marquise, Worli",Mumbai,Semi-Furnished,Family,4,Contact Agent
L00782,2022-04-27,3,61000,1550,5 out of 20,Carpet Area,"Lovedale Residences, Malad West",Mumbai,Semi-Furnished,Bachelors/Family,3,Contact Owner
L00783,2022-06-27,3,70000,1100,7 out of 10,Carpet Area,"Kohinoor City Phase II, Holly Cross Church Chowk",Mumbai,Furnished,Bachelors/Family,3,Contact Agent
L00784,2022-06-16,3,42000,950,5 out of 7,Carpet Area,Mulund East,Mumbai,Unfurnished,Bachelors/Family,3,Contact Agent
L00785,2022-06-10,1,27000,400,1 out of 7,Carpet Area,Govandi Station Road,Mumbai,Unfurnished,Bachelors/Family,1,Contact Agent
L00786,2022-06-23,2,60000,700,3 out of 4,Carpet Area,Irla,Mumbai,Furnished,Bachelors,2,Contact Agent
L00787,2022-05-23,3,85000,850,3 out of 4,Super Area,Sion East,Mumbai,Furnished,Bachelors/Family,2,Contact Owner
L00788,2022-06-30,2,75000,900,7 out of 9,Carpet Area,"Marine Palace, Marine Lines",Mumbai,Furnished,Bachelors/Family,2,Contact Agent
L00789,2022-05-14,3,200000,1208,5 out of 14,Carpet Area,Khar West,Mumbai,Unfurnished,Bachelors,3,Contact Agent
L00790,2022-07-09,3,170000,1150,8 out of 12,Carpet Area,Bandra West,Mumbai,Semi-Furnished,Bachelors/Family,3,Contact Agent
L00791,2022-06-15,3,180000,1600,17 out of 60,Carpet Area,"Island City Centre, Dadar TT Circle",Mumbai,Semi-Furnished,Bachelors/Family,4,Contact Agent
L00792,2022-07-06,2,55000,700,10 out of 11,Carpet Area,"Shiv Bhagtani Manor 3A, Powai",Mumbai,Furnished,Bachelors/Family,2,Contact Agent
L00793,2022-06-13,5,600000,3200,10 out of 16,Carpet Area,Bandra East,Mumbai,Semi-Furnished,Bachelors/Family,5,Contact Agent
L00794,2022-05-23,1,18000,330,20 out of 22,Super Area,Antop Hill,Mumbai,Unfurnished,Bachelors/Family,1,Contact Owner
L00795,2022-06-04,1,19000,225,18 out of 25,Super Area,Worli,Mumbai,Unfurnished,Bachelors/Family,1,Contact Owner
L00796,2022-06-23,3,150000,1050,5 out of 7,Carpet Area,JVPD Scheme,Mumbai,Furnished,Bachelors/Family,3,Contact Agent
L00797,2022-05-19,1,18500,225,4 out of 7,Carpet Area,Lower Parel,Mumbai,Semi-Furnished,Bachelors,1,Contact Agent
L00798,2022-07-07,1,35000,463,5 out of 7,Carpet Area,Rambaug,Mumbai,Furnished,Bachelors/Family,2,Contact Agent
L00799,2022-07-06,4,200000,1900,5 out of 11,Carpet Area,"Dheeraj Insignia Apartment, Bandra Kurla Complex",Mumbai,Furnished,Bachelors/Family,3,Contact Agent
L00800,2022-05-27,2,150000,1500,15 out of 17,Super Area,Agripada,Mumbai,Furnished,Bachelors/Family,4,Contact Owner
L00801,2022-05-27,2,70000,1000,15 out of 23,Carpet Area,"Lake Primrose, Chandivali",Mumbai,Semi-Furnished,Bachelors/Family,2,Contact Agent
L00802,2022-06-27,1,35000,450,6 out of 10,Carpet Area,Borivali West,Mumbai,Semi-Furnished,Bachelors,2,Contact Agent
L00803,2022-06-20,2,45000,700,5 out of 17,Carpet Area,Goregaon West,Mumbai,Unfurnished,Bachelors,2,Contact Owner
L00804,2022-06-23,1,30000,355,2 out of 7,Carpet Area,Chembur East,Mumbai,Unfurnished,Bachelors/Family,1,Contact Owner
L00805,2022-06-23,3,50000,1325,3 out of 28,Carpet Area,"Challenger Tower, Thakur Village, Kandivali East",Mumbai,Furnished,Bachelors/Family,3,Contact Agent
L00806,2022-04-29,2,50000,950,4 out of 8,Super Area,Ghatkopar East,Mumbai,Furnished,Bachelors/Family,2,Contact Owner
L00807,2022-06-04,1,42000,600,5 out of 24,Super Area,"Universal Neo Galaxy, Bhuleshwar",Mumbai,Semi-Furnished,Bachelors/Family,1,Contact Owner
L00808,2022-05-30,2,19500,905,16 out of 32,Carpet Area,Navi Mumbai-Khargar-Panvel,Mumbai,Semi-Furnished,Bachelors/Family,2,Contact Owner
L00809,2022-06-30,3,90000,1500,6 out of 10,Carpet Area,Walkeshwar,Mumbai,Furnished,Bachelors/Family,3,Contact Agent
L00810,2022-06-30,1,60000,455,18 out of 22,Carpet Area,"Sugee Sadan, Dadar West",Mumbai,Unfurnished,Bachelors/Family,1,Contact Agent
L00811,2022-06-20,2,55000,850,3 out of 3,Carpet Area,Mahim West,Mumbai,Semi-Furnished,Bachelors,2,Contact Agent
L00812,2022-06-26,3,40000,1100,21 out of 22,Super Area,"Hudco Living Point, Bhandup West",Mumbai,Unfurnished,Family,2,Contact Owner
L00813,2022-06-12,1,40000,430,4 out of 8,Carpet Area,"Sion East, Sion",Mumbai,Unfurnished,Bachelors/Family,2,Contact Agent
L00814,2022-07-07,2,36000,650,10 out of 12,Carpet Area,"Keshav Srishti, Bhandup West",Mumbai,Semi-Furnished,Bachelors/Family,2,Contact Agent
L00815,2022-07-09,2,45000,795,7 out of 13,Carpet Area,"Runwal Elina, Andheri East",Mumbai,Unfurnished,Bachelors/Family,2,Contact Agent
L00816,2022-05-20,2,100000,800,9 out of 12,Carpet Area,Bandra West,Mumbai,Furnished,Bachelors/Family,2,Contact Agent
L00817,2022-06-23,1,42000,700,15 out of 32,Super Area,"Llyod Estate, Wadala",Mumbai,Furnished,Bachelors/Family,1,Contact Agent
L00818,2022-07-03,1,45000,450,5 out of 7,Carpet Area,Lokhandwala Complex,Mumbai,Furnished,Family,2,Contact Agent
L00819,2022-06-12,2,40000,575,4 out of 7,Carpet Area,"Sunglow, Chandivali",Mumbai,Semi-Furnished,Bachelors/Family,2,Contact Agent
L00820,2022-06-12,2,50000,650,Ground out of 3,Carpet Area,Mahim West,Mumbai,Furnished,Bachelors,3,Contact Agent
L00821,2022-06-24,1,11000,200,4 out of 4,Super Area,Parle Colony,Mumbai,Furnished,Bachelors/Family,1,Contact Owner
L00822,2022-04-29,2,50000,1200,2 out of 4,Super Area,Andheri East,Mumbai,Semi-Furnished,Bachelors/Family,2,Contact Owner
L00823,2022-05-14,1,34000,656,16 out of 23,Super Area,Chembur,Mumbai,Unfurnished,Bachelors/Family,2,Contact Owner
L00824,2022-07-09,3,93000,1600,18 out of 27,Carpet Area,"Godrej Platinum, Vikhroli East",Mumbai,Semi-Furnished,Family,3,Contact Agent
L00825,2022-05-26,3,69999,950,7 out of 12,Carpet Area,Chembur East,Mumbai,Unfurnished,Family,3,Contact Agent
L00826,2022-06-04,2,48000,719,14 out of 20,Carpet Area,"Raheja Heights Phase 2, Gokuldham",Mumbai,Semi-Furnished,Family,2,Contact Agent
L00827,2022-06-30,3,55000,1100,15 out of 16,Carpet Area,"Sakhi, Kandivali West",Mumbai,Unfurnished,Bachelors,3,Contact Agent
L00828,2022-05-18,4,1000000,3064,18 out of 45,Carpet Area,"Raheja Artesia, Worli",Mumbai,Semi-Furnished,Family,4,Contact Agent
L00829,2022-05-19,2,40000,650,15 out of 15,Carpet Area,"Rustomjee Regency, Gomant Nagar",Mumbai,Semi-Furnished,Bachelors/Family,2,Contact Agent
L00830,2022-07-09,3,130000,1450,9 out of 10,Carpet Area,Santacruz East,Mumbai,Semi-Furnished,Bachelors/Family,5,Contact Agent
L00831,2022-06-30,2,75000,720,6 out of 14,Carpet Area,"Vikas Finalay Apartments, Parel",Mumbai,Semi-Furnished,Bachelors/Family,2,Contact Agent
L00832,2022-06-20,2,23000,670,1 out of 20,Super Area,Bhandup West,Mumbai,Semi-Furnished,Bachelors/Family,2,Contact Owner
L00833,2022-07-09,3,200000,1350,1 out of 5,Carpet Area,anjali,Mumbai,Furnished,Bachelors,3,Contact Agent
L00834,2022-07-09,3,55000,925,16 out of 36,Carpet Area,"Runwal Greens, Mulund West",Mumbai,Unfurnished,Bachelors,2,Contact Agent
L00835,2022-07-09,4,80000,1450,30 out of 44,Carpet Area,Best Nagar Goregaon West,Mumbai,Unfurnished,Bachelors/Family,4,Contact Agent
L00836,2022-07-06,3,220000,1550,30 out of 37,Carpet Area,"Hiranandani Gardens Torino, Hiranandani Gardens",Mumbai,Furnished,Bachelors/Family,3,Contact Agent
L00837,2022-07-07,1,40000,420,5 out of 7,Carpet Area,Chembur,Mumbai,Semi-Furnished,Family,2,Contact Agent
L00838,2022-07-06,2,35000,650,5 out of 8,Carpet Area,"Riddhi Garden, Film City Road",Mumbai,Unfurnished,Bachelors/Family,2,Contact Agent
L00839,2022-05-31,2,33003,700,3 out of 7,Carpet Area,Dahisar West,Mumbai,Furnished,Family,2,Contact Agent
L00840,2022-05-19,5,450000,3400,2 out of 5,Carpet Area,Bandra West,Mumbai,Semi-Furnished,Bachelors/Family,5,Contact Agent
L00841,2022-07-07,2,65000,935,2 out of 4,Super Area,in Matunga West,Mumbai,Semi-Furnished,Bachelors/Family,2,Contact Owner
L00842,2022-05-30,2,45000,980,Ground out of 5,Carpet Area,"Aditi Apartment, Andheri West",Mumbai,Semi-Furnished,Bachelors/Family,2,Contact Owner
L00843,2022-05-17,4,280000,2800,2 out of 9,Carpet Area,JVPD Scheme,Mumbai,Furnished,Family,4,Contact Agent
L00844,2022-05-14,2,55000,700,4 out of 6,Carpet Area,Andheri West,Mumbai,Furnished,Bachelors,3,Contact Agent
L00845,2022-05-19,2,56000,720,12 out of 22,Carpet Area,"Shapoorji Pallonji Vicinia, Chandivali",Mumbai,Semi-Furnished,Bachelors/Family,2,Contact Agent
L00846,2022-07-09,2,55000,750,1 out of 7,Carpet Area,Santacruz East,Mumbai,Semi-Furnished,Bachelors,2,Contact Agent
L00847,2022-05-31,2,28000,700,4 out of 12,Carpet Area,"Usha Nagar Society, Bhandup West",Mumbai,Furnished,Bachelors/Family,2,Contact Agent
L00848,2022-05-31,2,150000,1000,4 out of 9,Carpet Area,"Smoky Hill Apartment, Bandra West",Mumbai,Semi-Furnished,Bachelors/Family,3,Contact Agent
L00849,2022-06-12,5,300000,3000,2 out of 22,Carpet Area,Chandivali,Mumbai,Furnished,Bachelors/Family,5,Contact Agent
L00850,2022-07-02,1,50000,413,5 out of 6,Carpet Area,Grant Road,Mumbai,Furnished,Bachelors/Family,1,Contact Owner
L00851,2022-05-22,4,180000,1755,6 out of 18,Carpet Area,"Godrej The Trees, Vikhroli East",Mumbai,Semi-Furnished,Family,4,Contact Agent
L00852,2022-05-31,3,190000,1850,35 out of 55,Carpet Area,"Crescent Bay Callisto, Parel",Mumbai,Semi-Furnished,Bachelors,4,Contact Agent
L00853,2022-05-06,2,8000,890,4 out of 4,Carpet Area,new panvel,Mumbai,Unfurnished,Bachelors/Family,2,Contact Owner
L00854,2022-06-23,3,75000,1200,5 out of 12,Carpet Area,Chembur,Mumbai,Semi-Furnished,Bachelors/Family,3,Contact Agent
L00855,2022-06-16,3,83000,1100,9 out of 20,Carpet Area,"Raheja Vista, Powai",Mumbai,Furnished,Bachelors,3,Contact Agent
L00856,2022-07-07,1,32000,420,1 out of 3,Carpet Area,Chembur,Mumbai,Semi-Furnished,Family,2,Contact Agent
L00857,2022-07-06,2,39000,630,6 out of 7,Carpet Area,"Yashodham Complex, Goregaon East",Mumbai,Unfurnished,Family,2,Contact Agent
L00858,2022-06-03,4,150000,1705,16 out of 29,Carpet Area,"Adani Western Heights, Andheri West",Mumbai,Semi-Furnished,Family,3,Contact Agent
L00859,2022-06-23,3,190000,1300,1 out of 7,Carpet Area,"Sunflower Apartment, Bandra West",Mumbai,Furnished,Bachelors,3,Contact Agent
L00860,2022-06-08,3,160000,1355,30 out of 45,Carpet Area,"Oberoi Exquisite II, Film City Road",Mumbai,Furnished,Bachelors/Family,3,Contact Agent
L00861,2022-06-20,1,25000,450,5 out of 7,Carpet Area,Goregaon West,Mumbai,Semi-Furnished,Bachelors,2,Contact Agent
L00862,2022-05-27,3,90000,1350,5 out of 12,Carpet Area,"Mahindra Vivante, Chakala",Mumbai,Unfurnished,Family,3,Contact Agent
L00863,2022-05-14,2,95000,825,17 out of 22,Carpet Area,"lokhandwala residency, Worli",Mumbai,Furnished,Bachelors,2,Contact Agent
L00864,2022-07-04,1,30000,550,2 out of 4,Super Area,"Jumbo Darshan , Andheri East",Mumbai,Semi-Furnished,Bachelors/Family,1,Contact Owner
L00865,2022-05-25,1,18500,430,5 out of 7,Carpet Area,"Gokul Accord, Thakur Complex",Mumbai,Unfurnished,Family,1,Contact Agent
L00866,2022-06-16,1,18000,320,5 out of 7,Carpet Area,"spring grove uno, Lokhandwala Twp",Mumbai,Furnished,Bachelors/Family,1,Contact Agent
L00867,2022-06-23,3,75000,1100,4 out of 12,Carpet Area,Chembur,Mumbai,Semi-Furnished,Bachelors/Family,3,Contact Agent
L00868,2022-05-14,4,150000,1460,11 out of 13,Carpet Area,"Insignia, Bandra East",Mumbai,Semi-Furnished,Bachelors/Family,4,Contact Agent
L00869,2022-06-12,3,100000,1250,6 out of 18,Carpet Area,"Panch Ritu, Chandivali",Mumbai,Furnished,Bachelors/Family,3,Contact Agent
L00870,2022-06-28,2,170000,1000,5 out of 9,Carpet Area,Breach Candy,Mumbai,Furnished,Bachelors/Family,3,Contact Agent
L00871,2022-07-07,2,45000,710,8 out of 16,Carpet Area,Saki Vihar Road,Mumbai,Unfurnished,Bachelors/Family,2,Contact Agent
L00872,2022-07-09,3,200000,1350,1 out of 5,Carpet Area,Anand niwas,Mumbai,Furnished,Bachelors,3,Contact Agent
L00873,2022-06-23,2,20000,400,3 out of 3,Carpet Area,Pant Nagar,Mumbai,Furnished,Bachelors/Family,1,Contact Owner
L00874,2022-07-07,3,85000,1000,16 out of 25,Carpet Area,"DLH Orchid, Andheri West",Mumbai,Semi-Furnished,Bachelors/Family,4,Contact Agent
L00875,2022-07-06,3,130000,1500,7 out of 12,Carpet Area,Central Avenue Road,Mumbai,Unfurnished,Family,3,Contact Agent
L00876,2022-07-09,1,40000,500,3 out of 6,Super Area,"7 Bungalow, Seven Bungalows",Mumbai,Semi-Furnished,Bachelors/Family,1,Contact Agent
L00877,2022-06-30,4,250000,2000,33 out of 42,Carpet Area,"Imperial Heights, Goregaon West",Mumbai,Furnished,Bachelors,4,Contact Agent
L00878,2022-04-29,1,15000,225,Ground out of 4,Carpet Area,Shrikrupa Society,Mumbai,Unfurnished,Bachelors,1,Contact Owner
L00879,2022-05-13,2,40000,650,12 out of 19,Carpet Area,Mulund West,Mumbai,Furnished,Bachelors/Family,2,Contact Agent
L00880,2022-07-06,2,48000,670,4 out of 16,Carpet Area,"Velentine Tower, Goregaon East",Mumbai,Semi-Furnished,Family,2,Contact Owner
L00881,2022-05-31,2,15000,610,Ground out of 6,Carpet Area,"RNA Broadway Avenue, Mira Road",Mumbai,Semi-Furnished,Bachelors,1,Contact Owner
L00882,2022-07-01,1,28000,400,1 out of 5,Carpet Area,Chakala,Mumbai,Furnished,Bachelors/Family,2,Contact Agent
L00883,2022-06-18,1,25000,340,13 out of 23,Carpet Area,"Mahalaxmi CHS, Worli",Mumbai,Unfurnished,Bachelors/Family,1,Contact Agent
L00884,2022-05-23,2,34000,471,9 out of 38,Carpet Area,"Runwal Forests, Kanjurmarg West",Mumbai,Semi-Furnished,Bachelors,2,Contact Agent
L00885,2022-06-03,1,75000,550,6 out of 8,Carpet Area,Carter Road,Mumbai,Furnished,Bachelors/Family,2,Contact Agent
L00886,2022-05-19,2,45000,630,8 out of 13,Carpet Area,"Crescent Solitaire, Sakinaka Junction",Mumbai,Semi-Furnished,Bachelors/Family,1,Contact Agent
L00887,2022-05-27,1,35000,500,1 out of 8,Super Area,Ghatkopar West,Mumbai,Semi-Furnished,Bachelors/Family,2,Contact Owner
L00888,2022-07-06,1,32000,400,3 out of 7,Carpet Area,"Trans Residency, Andheri East",Mumbai,Furnished,Bachelors/Family,1,Contact Agent
L00889,2022-07-04,2,17000,1000,3 out of 7,Super Area,"holy complex ,Mira Road, Mumbai",Mumbai,Unfurnished,Bachelors/Family,2,Contact Owner
L00890,2022-06-20,4,230000,1528,65 out of 76,Carpet Area,"Lodha Marquise, Worli",Mumbai,Unfurnished,Family,4,Contact Agent
L00891,2022-05-17,2,35000,650,5 out of 7,Carpet Area,"Thakur Village, Kandivali East",Mumbai,Semi-Furnished,Bachelors/Family,2,Contact Agent
L00892,2022-05-31,1,8500,500,6 out of 7,Carpet Area,Thane-Kalyan-Dombivli,Mumbai,Unfurnished,Bachelors,1,Contact Owner
L00893,2022-05-19,3,80000,850,19 out of 30,Carpet Area,"Oberoi Splendor, Agarkar Chowk",Mumbai,Semi-Furnished,Bachelors/Family,2,Contact Agent
L00894,2022-05-14,1,55000,550,13 out of 14,Carpet Area,"Paschim Apartments, Prabhadevi",Mumbai,Semi-Furnished,Bachelors,1,Contact Agent
L00895,2022-06-12,1,25000,430,7 out of 21,Carpet Area,"Godrej Tranquil, Kandivali East",Mumbai,Unfurnished,Family,2,Contact Agent
L00896,2022-07-01,3,40000,1030,10 out of 14,Carpet Area,"Bhairav Residency, Mira Road",Mumbai,Furnished,Family,3,Contact Agent
L00897,2022-06-27,1,15500,250,11 out of 24,Carpet Area,"MHADA Century Mill, Prabhadevi",Mumbai,Unfurnished,Bachelors/Family,1,Contact Agent
L00898,2022-07-06,1,45000,500,9 out of 16,Carpet Area,Mahim,Mumbai,Unfurnished,Bachelors,2,Contact Agent
L00899,2022-07-07,4,180000,1750,9 out of 31,Carpet Area,Andheri West,Mumbai,Semi-Furnished,Bachelors,4,Contact Agent
L00900,2022-07-06,2,51000,985,7 out of 15,Carpet Area,"Chembur Heights, Sindhi Society Chembur",Mumbai,Unfurnished,Bachelors/Family,2,Contact Agent
L00901,2022-06-20,3,60000,1050,12 out of 13,Carpet Area,"Veena Signature, Borivali West",Mumbai,Unfurnished,Bachelors,3,Contact Agent
L00902,2022-05-23,2,36000,700,4 out of 15,Carpet Area,Borivali East,Mumbai,Unfurnished,Bachelors/Family,2,Contact Agent
L00903,2022-06-24,3,180000,1200,10 out of 12,Carpet Area,Bandra West,Mumbai,Semi-Furnished,Bachelors/Family,3,Contact Agent
L00904,2022-06-23,3,75000,1000,6 out of 12,Carpet Area,Chembur,Mumbai,Furnished,Bachelors/Family,3,Contact Agent
L00905,2022-06-20,2,8000,550,3 out of 9,Carpet Area,"Nakoda Heights, Nalasopara",Mumbai,Unfurnished,Family,2,Contact Agent
L00906,2022-05-10,3,50000,806,2 out of 4,Super Area,Wadala,Mumbai,Semi-Furnished,Bachelors/Family,2,Contact Owner
L00907,2022-07-09,3,100000,1400,22 out of 30,Carpet Area,"Hiranandani Verona Co op Housing Society Ltd, Powai",Mumbai,Furnished,Bachelors/Family,3,Contact Agent
L00908,2022-07-07,1,16500,470,11 out of 14,Carpet Area,"Kanungos Garden City, Mira Road East",Mumbai,Semi-Furnished,Family,2,Contact Agent
L00909,2022-05-31,1,4500,475,3 out of 4,Super Area,Nalasopara West,Mumbai,Unfurnished,Bachelors/Family,1,Contact Owner
L00910,2022-07-07,2,34000,583,10 out of 23,Carpet Area,"Oasis, Akurli Nagar",Mumbai,Unfurnished,Family,2,Contact Agent
L00911,2022-06-16,2,32000,475,8 out of 12,Carpet Area,Goregaon West,Mumbai,Unfurnished,Bachelors,2,Contact Agent
L00912,2022-05-12,2,50000,900,1 out of 8,Carpet Area,Yashodham,Mumbai,Furnished,Family,2,Contact Agent
L00913,2022-07-07,1,24000,500,3 out of 7,Carpet Area,Dattani Park,Mumbai,Semi-Furnished,Bachelors/Family,1,Contact Owner
L00914,2022-07-06,2,62000,806,3 out of 58,Carpet Area,"Auris Serenity, Malad West",Mumbai,Unfurnished,Bachelors/Family,3,Contact Agent
L00915,2022-07-07,1,100000,400,9 out of 10,Carpet Area,"Violette Valley, Bandra West",Mumbai,Furnished,Bachelors/Family,1,Contact Agent
L00916,2022-04-29,1,21000,650,6 out of 10,Super Area,Bhandup West,Mumbai,Semi-Furnished,Bachelors/Family,2,Contact Owner
L00917,2022-04-29,1,27000,550,4 out of 15,Super Area,"Raj Hill, Borivali East",Mumbai,Semi-Furnished,Bachelors/Family,2,Contact Owner
L00918,2022-06-30,1,10000,390,3 out of 4,Carpet Area,Mira Road East,Mumbai,Unfurnished,Bachelors/Family,1,Contact Agent
L00919,2022-06-30,2,90000,994,2 out of 2,Carpet Area,"Ajmera Treon, Bhakti Park",Mumbai,Semi-Furnished,Bachelors/Family,2,Contact Agent
L00920,2022-05-31,1,8000,520,6 out of 8,Super Area,Virar West,Mumbai,Semi-Furnished,Bachelors/Family,2,Contact Owner
L00921,2022-06-15,1,75000,575,1 out of 9,Carpet Area,Malabar Hill,Mumbai,Semi-Furnished,Family,1,Contact Agent
L00922,2022-07-09,3,230000,2750,53 out of 60,Carpet Area,"Lodha World Crest, Lower Parel",Mumbai,Unfurnished,Bachelors/Family,3,Contact Agent
L00923,2022-06-13,1,15000,470,5 out of 22,Carpet Area,"Man Opus, Mira Road East",Mumbai,Semi-Furnished,Family,2,Contact Agent
L00924,2022-07-06,4,260000,2500,3 out of 7,Carpet Area,Khar West,Mumbai,Semi-Furnished,Bachelors/Family,4,Contact Agent
L00925,2022-07-09,3,62000,1100,15 out of 22,Carpet Area,"Lake Homes, Powai",Mumbai,Semi-Furnished,Family,3,Contact Agent
L00926,2022-06-27,1,43500,480,6 out of 7,Carpet Area,Yari Road,Mumbai,Furnished,Bachelors/Family,2,Contact Agent
L00927,2022-05-27,2,62000,750,12 out of 16,Carpet Area,"Cosmopolis Tower, Andheri West",Mumbai,Unfurnished,Bachelors/Family,2,Contact Agent
L00928,2022-05-27,4,400000,2424,5 out of 14,Carpet Area,"Rustomjee Elements, Andheri West",Mumbai,Semi-Furnished,Bachelors/Family,5,Contact Agent
L00929,2022-07-06,2,77500,724,19 out of 21,Carpet Area,"Sethia Grandeur, Bandra East",Mumbai,Semi-Furnished,Bachelors,2,Contact Agent
L00930,2022-05-19,1,30000,600,5 out of 5,Carpet Area,Mulund Railway Station,Mumbai,Furnished,Bachelors/Family,1,Contact Owner
L00931,2022-06-23,3,110000,1076,9 out of 40,Carpet Area,"Lodha New Cuffe Parade, Wadala East",Mumbai,Semi-Furnished,Bachelors/Family,2,Contact Agent
L00932,2022-04-29,1,20000,800,3 out of 4,Super Area,in Byculla,Mumbai,Unfurnished,Bachelors/Family,2,Contact Owner
L00933,2022-07-06,3,150000,1300,6 out of 7,Carpet Area,Seven Bungalows,Mumbai,Semi-Furnished,Bachelors/Family,3,Contact Agent
L00934,2022-07-04,1,55000,500,1 out of 7,Carpet Area,Bandra West,Mumbai,Unfurnished,Bachelors/Family,2,Contact Agent
L00935,2022-06-22,2,70000,700,Ground out of 8,Carpet Area,Santacruz West,Mumbai,Semi-Furnished,Bachelors,2,Contact Agent
L00936,2022-05-23,2,65000,700,4 out of 9,Carpet Area,Kamla Nagar,Mumbai,Furnished,Bachelors,2,Contact Agent
L00937,2022-07-09,3,310000,2170,44 out of 75,Carpet Area,"Omkar 1973, Worli",Mumbai,Semi-Furnished,Bachelors/Family,4,Contact Agent
L00938,2022-06-17,1,18000,225,18 out of 24,Carpet Area,Worli,Mumbai,Unfurnished,Bachelors,2,Contact Agent
L00939,2022-06-23,1,48000,485,8 out of 17,Carpet Area,"Kanakia Sevens, Andheri East",Mumbai,Furnished,Bachelors/Family,2,Contact Agent
L00940,2022-04-29,1,10000,225,7 out of 8,Super Area,Kanjurmarg East,Mumbai,Unfurnished,Bachelors/Family,1,Contact Owner
L00941,2022-06-16,1,32000,478,4 out of 11,Carpet Area,"Blue Monarch, Marol",Mumbai,Semi-Furnished,Bachelors/Family,2,Contact Agent
L00942,2022-05-10,3,32000,1200,4 out of 5,Super Area,"Ishwardas Bhuvan CHS, Kandivali East",Mumbai,Semi-Furnished,Bachelors/Family,3,Contact Owner
L00943,2022-07-07,2,36000,620,3 out of 14,Carpet Area,Datta Pada,Mumbai,Semi-Furnished,Family,2,Contact Agent
L00944,2022-06-08,1,22000,280,3 out of 7,Carpet Area,"Suryodaya CHS, Prabhadevi",Mumbai,Unfurnished,Bachelors/Family,1,Contact Agent
L00945,2022-06-20,1,5500,385,3 out of 9,Carpet Area,"Manibhadra Avenue, Morya Nagar",Mumbai,Unfurnished,Family,1,Contact Agent
L00946,2022-05-25,3,15000,704,5 out of 17,Carpet Area,Thane-Kalyan-Dombivli,Mumbai,Unfurnished,Bachelors/Family,2,Contact Owner
L00947,2022-04-29,2,40000,710,3 out of 4,Carpet Area,Anushakti Nagar,Mumbai,Unfurnished,Bachelors/Family,2,Contact Owner
L00948,2022-04-29,1,28000,525,2 out of 8,Super Area,"Balkrishna, Goregaon East",Mumbai,Unfurnished,Bachelors/Family,1,Contact Owner
L00949,2022-06-30,1,11000,390,Ground out of 4,Carpet Area,Mira Road East,Mumbai,Semi-Furnished,Bachelors/Family,1,Contact Agent
L00950,2022-07-06,2,40000,755,12 out of 31,Carpet Area,"Omkar Ananta, Goregaon East",Mumbai,Semi-Furnished,Bachelors,2,Contact Agent
L00951,2022-05-27,2,45000,700,3 out of 7,Carpet Area,Oshiwara,Mumbai,Unfurnished,Bachelors/Family,2,Contact Agent
L00952,2022-06-10,2,180000,1000,6 out of 10,Carpet Area,Bandra West,Mumbai,Semi-Furnished,Bachelors,3,Contact Agent
L00953,2022-06-24,3,160000,2000,Upper Basement out of 30,Carpet Area,"Flora Heights, Andheri West",Mumbai,Furnished,Family,3,Contact Agent
L00954,2022-07-01,2,36000,650,3 out of 4,Carpet Area,Tata Nagar,Mumbai,Unfurnished,Family,2,Contact Agent
L00955,2022-06-30,1,59000,470,26 out of 42,Carpet Area,"Lodha New Cuffe Parade, Bhakti Park",Mumbai,Semi-Furnished,Bachelors,1,Contact Agent
L00956,2022-06-30,1,40000,450,3 out of 8,Carpet Area,"TATA Housing Merwanjee Cama Park, Andheri West",Mumbai,Semi-Furnished,Bachelors/Family,2,Contact Agent
L00957,2022-05-10,2,40000,625,6 out of 10,Super Area,Goregaon West,Mumbai,Semi-Furnished,Bachelors/Family,2,Contact Owner
L00958,2022-05-23,2,72000,700,3 out of 9,Carpet Area,Gulmohar Road,Mumbai,Furnished,Bachelors,2,Contact Agent
L00959,2022-07-07,2,40000,600,4 out of 10,Carpet Area,"Mindspace, Mindspace",Mumbai,Unfurnished,Family,2,Contact Agent
L00960,2022-06-11,2,16000,600,2 out of 3,Carpet Area,Nerul sector-3,Mumbai,Unfurnished,Family,1,Contact Owner
L00961,2022-06-27,2,50000,1100,14 out of 22,Super Area,"Magnum Tower CHS, Lokhandwala Complex",Mumbai,Furnished,Bachelors/Family,4,Contact Agent
L00962,2022-05-27,1,24000,370,5 out of 8,Carpet Area,"Kanakia Sanskruti, Thakur Complex",Mumbai,Semi-Furnished,Family,1,Contact Agent
L00963,2022-07-09,2,65000,950,2 out of 45,Carpet Area,"DB Woods, Gokuldham",Mumbai,Semi-Furnished,Bachelors/Family,2,Contact Agent
L00964,2022-07-07,2,33000,825,12 out of 13,Super Area,Mulund East,Mumbai,Unfurnished,Bachelors/Family,2,Contact Owner
L00965,2022-06-16,2,27000,650,2 out of 7,Carpet Area,Kandivali West,Mumbai,Unfurnished,Bachelors,2,Contact Agent
L00966,2022-06-14,2,52000,750,2 out of 9,Carpet Area,Oshiwara,Mumbai,Semi-Furnished,Bachelors/Family,2,Contact Agent
L00967,2022-06-29,3,95000,900,4 out of 9,Carpet Area,"Dosti Flamingo, Sewri",Mumbai,Semi-Furnished,Family,3,Contact Agent
L00968,2022-07-06,2,68000,805,12 out of 68,Carpet Area,"Auris Serenity, Kanch Pada",Mumbai,Semi-Furnished,Bachelors/Family,3,Contact Agent
L00969,2022-07-09,2,48000,742,17 out of 36,Carpet Area,"Runwal Forests, Kanjurmarg West",Mumbai,Unfurnished,Family,2,Contact Agent
L00970,2022-06-30,2,32000,550,4 out of 7,Carpet Area,"Shiv Ganga Apartment, Malad West",Mumbai,Semi-Furnished,Bachelors/Family,2,Contact Agent
L00971,2022-06-13,2,42000,745,10 out of 11,Carpet Area,"Akruti Orchid Park, Sakinaka Junction",Mumbai,Semi-Furnished,Bachelors/Family,2,Contact Agent
L00972,2022-05-31,2,60000,800,2 out of 7,Carpet Area,"Kenmore Apartment, Lokhandwala Complex",Mumbai,Furnished,Family,2,Contact Agent
L00973,2022-06-12,3,51500,1265,10 out of 28,Carpet Area,"Ambrosia Apartment, Borivali East",Mumbai,Unfurnished,Family,3,Contact Agent
L00974,2022-07-09,3,130000,1800,10 out of 16,Super Area,Lokhandwala Complex,Mumbai,Unfurnished,Bachelors/Family,3,Contact Agent
L00975,2022-06-27,1,25000,325,17 out of 24,Carpet Area,"Mahalaxmi CHS, Worli",Mumbai,Furnished,Bachelors/Family,1,Contact Agent
L00976,2022-07-09,2,85000,902,41 out of 41,Carpet Area,"Lodha Fiorenza, Goregaon East",Mumbai,Semi-Furnished,Bachelors/Family,2,Contact Agent
L00977,2022-07-06,3,98000,1233,14 out of 68,Carpet Area,"Auris Serenity, Kanch Pada",Mumbai,Semi-Furnished,Bachelors/Family,4,Contact Agent
L00978,2022-06-12,2,100000,750,Ground out of 6,Super Area,Peddar Road,Mumbai,Furnished,Bachelors/Family,2,Contact Owner
L00979,2022-05-21,2,65000,600,14 out of 17,Carpet Area,"Platinum Prive, Andheri West",Mumbai,Unfurnished,Bachelors,2,Contact Agent
L00980,2022-06-24,1,23000,500,3 out of 9,Super Area,Chembur,Mumbai,Unfurnished,Bachelors/Family,1,Contact Agent
L00981,2022-07-02,2,40000,600,15 out of 20,Carpet Area,Tilak Nagar - Harbour Line,Mumbai,Unfurnished,Bachelors/Family,2,Contact Agent
L00982,2022-06-23,3,45000,950,15 out of 17,Carpet Area,IC Colony,Mumbai,Unfurnished,Bachelors/Family,3,Contact Agent
L00983,2022-06-27,1,40000,680,5 out of 7,Super Area,"Ballerina Apartment, Lokhandwala Complex",Mumbai,Furnished,Bachelors/Family,4,Contact Agent
L00984,2022-07-07,1,23500,400,1 out of 7,Carpet Area,"Midas Enclave CHS , Nandiadwala Colony",Mumbai,Unfurnished,Bachelors/Family,1,Contact Agent
L00985,2022-07-07,4,250000,2120,46 out of 76,Carpet Area,"Lodha Marquise, Worli Sea Face",Mumbai,Furnished,Bachelors/Family,5,Contact Agent
L00986,2022-07-01,3,110000,1350,12 out of 20,Carpet Area,"Atur Park, Chembur",Mumbai,Semi-Furnished,Bachelors,4,Contact Agent
L00987,2022-06-20,3,150000,1600,6 out of 7,Carpet Area,JVPD Scheme,Mumbai,Semi-Furnished,Bachelors/Family,3,Contact Agent
L00988,2022-06-03,1,22000,430,4 out of 6,Carpet Area,Thakur Complex,Mumbai,Unfurnished,Family,1,Contact Agent
L00989,2022-07-09,4,150000,1937,20 out of 30,Carpet Area,"Raj Grandeur, Powai",Mumbai,Semi-Furnished,Bachelors/Family,5,Contact Agent
L00990,2022-06-07,2,75000,700,4 out of 7,Carpet Area,Santacruz West,Mumbai,Semi-Furnished,Bachelors,3,Contact Agent
L00991,2022-05-22,2,41000,780,14 out of 18,Carpet Area,"Nirmal Lifestyle, LBS Marg",Mumbai,Unfurnished,Bachelors/Family,2,Contact Agent
L00992,2022-06-02,4,150000,1300,5 out of 13,Carpet Area,"Kabra Centroid, Kalina",Mumbai,Semi-Furnished,Bachelors/Family,4,Contact Agent
L00993,2022-06-20,3,150000,1350,18 out of 32,Carpet Area,"Transcon Triumph, Lokhandwala Complex",Mumbai,Semi-Furnished,Bachelors/Family,3,Contact Agent
L00994,2022-05-14,2,53000,750,5 out of 18,Carpet Area,Chembur,Mumbai,Furnished,Bachelors/Family,2,Contact Agent
L00995,2022-05-31,4,140000,1400,10 out of 25,Carpet Area,"Adani Western Heights, Andheri West",Mumbai,Semi-Furnished,Bachelors/Family,3,Contact Agent
L00996,2022-06-28,4,200000,2000,17 out of 29,Carpet Area,"Raj Grandeur, Hiranandani Gardens",Mumbai,Furnished,Bachelors/Family,5,Contact Agent
L00997,2022-06-30,2,65000,850,10 out of 31,Carpet Area,"Vishnu Shivam Tower, Thakur Village, Kandivali East",Mumbai,Furnished,Bachelors/Family,2,Contact Agent
L00998,2022-05-23,1,48000,500,4 out of 9,Carpet Area,Gulmohar Road,Mumbai,Furnished,Bachelors,1,Contact Agent
L00999,2022-07-09,2,75000,900,10 out of 15,Super Area,"7 Bungalow, Seven Bungalows",Mumbai,Unfurnished,Bachelors/Family,2,Contact Agent
L01000,2022-06-23,2,39000,750,1 out of 3,Carpet Area,"Takshila CHS, Andheri East",Mumbai,Semi-Furnished,Family,2,Contact Agent
L01001,2022-07-09,3,70000,1100,18 out of 22,Carpet Area,Chandivali,Mumbai,Semi-Furnished,Bachelors/Family,2,Contact Agent
L01002,2022-06-01,4,1200000,5000,4 out of 15,Carpet Area,Juhu,Mumbai,Semi-Furnished,Bachelors/Family,4,Contact Agent
L01003,2022-04-29,1,25000,596,1 out of 7,Super Area,Kandivali West,Mumbai,Semi-Furnished,Bachelors/Family,1,Contact Owner
L01004,2022-06-28,2,45000,680,3 out of 4,Carpet Area,"DLH Orchid, Lokhandwala Complex",Mumbai,Unfurnished,Bachelors,2,Contact Agent
L01005,2022-05-17,4,190000,1950,11 out of 21,Carpet Area,"Godrej Serenity Mumbai, Chembur",Mumbai,Unfurnished,Bachelors/Family,4,Contact Agent
L01006,2022-07-09,3,140000,1350,18 out of 32,Carpet Area,"Transcon Triumph, Lokhandwala Complex",Mumbai,Semi-Furnished,Bachelors/Family,3,Contact Agent
L01007,2022-05-01,1,35000,510,3 out of 4,Carpet Area,Chakala Cigarette Factory,Mumbai,Semi-Furnished,Bachelors/Family,1,Contact Owner
L01008,2022-06-20,1,60000,500,5 out of 7,Carpet Area,"Green Gate Apartment, Pali Hill",Mumbai,Furnished,Bachelors/Family,1,Contact Agent
L01009,2022-04-29,1,15000,375,13 out of 16,Super Area,Kanjurmarg East,Mumbai,Unfurnished,Bachelors/Family,1,Contact Owner
L01010,2022-05-21,1,39000,500,2 out of 7,Carpet Area,Model Town,Mumbai,Furnished,Family,1,Contact Agent
L01011,2022-05-13,3,190000,1500,8 out of 10,Carpet Area,Bandra West,Mumbai,Semi-Furnished,Bachelors/Family,3,Contact Agent
L01012,2022-06-20,3,84000,1000,18 out of 21,Carpet Area,"Lake Primrose, Powai",Mumbai,Furnished,Bachelors/Family,3,Contact Agent
L01013,2022-05-31,3,68000,1260,27 out of 58,Carpet Area,"Alta Monte, Pathanwadi",Mumbai,Unfurnished,Family,3,Contact Agent
L01014,2022-06-12,1,26000,475,8 out of 20,Carpet Area,"Dreams Complex, Bhandup West",Mumbai,Unfurnished,Bachelors/Family,2,Contact Agent
L01015,2022-06-20,2,42000,620,6 out of 11,Carpet Area,"NG Royal Park, Kanjurmarg East",Mumbai,Semi-Furnished,Family,2,Contact Agent
L01016,2022-06-28,1,35000,490,1 out of 6,Carpet Area,Mukund Nagar,Mumbai,Furnished,Bachelors/Family,1,Contact Agent
L01017,2022-07-09,2,44000,710,13 out of 18,Carpet Area,"Ajmera Bhakti Park, Bhakti Park",Mumbai,Semi-Furnished,Bachelors/Family,2,Contact Agent
L01018,2022-05-31,2,60000,720,4 out of 7,Carpet Area,Sindhi Society Chembur,Mumbai,Unfurnished,Bachelors/Family,2,Contact Agent
L01019,2022-06-23,2,45000,770,2 out of 12,Carpet Area,Goregaon West,Mumbai,Semi-Furnished,Bachelors,2,Contact Agent
L01020,2022-06-04,3,250000,1600,19 out of 25,Super Area,"Chaitanya Towers, Prabhadevi",Mumbai,Semi-Furnished,Bachelors/Family,3,Contact Agent
L01021,2022-05-23,1,65000,500,Ground out of 5,Carpet Area,Bandra West,Mumbai,Furnished,Bachelors/Family,1,Contact Agent
L01022,2022-05-14,1,20000,350,1 out of 8,Super Area,Parel,Mumbai,Unfurnished,Bachelors/Family,1,Contact Owner
L01023,2022-07-09,2,75000,1000,3 out of 15,Super Area,"7 Bungalow, Seven Bungalows",Mumbai,Semi-Furnished,Bachelors/Family,2,Contact Agent
L01024,2022-07-09,5,500000,3900,4 out of 6,Carpet Area,Altamount Road,Mumbai,Furnished,Bachelors/Family,5,Contact Agent
L01025,2022-06-30,3,140000,1000,3 out of 7,Carpet Area,Juhu,Mumbai,Semi-Furnished,Family,3,Contact Agent
L01026,2022-07-06,2,45000,660,25 out of 43,Carpet Area,"Wadhwa Atmoshphere, Mulund West",Mumbai,Semi-Furnished,Bachelors,2,Contact Agent
L01027,2022-05-25,1,9400,600,4 out of 6,Super Area,Bhayandar East,Mumbai,Semi-Furnished,Bachelors/Family,1,Contact Owner
L01028,2022-06-22,2,100000,900,2 out of 12,Carpet Area,Santacruz West,Mumbai,Furnished,Bachelors/Family,2,Contact Agent
L01029,2022-06-20,2,65000,750,2 out of 3,Carpet Area,"Ganpat Niketan Apartment, Khar West",Mumbai,Furnished,Bachelors/Family,2,Contact Agent
L01030,2022-05-31,2,230000,1000,2 out of 7,Carpet Area,Bandra West,Mumbai,Furnished,Bachelors/Family,2,Contact Agent
L01031,2022-05-19,3,180000,1500,7 out of 12,Carpet Area,Bandra West,Mumbai,Semi-Furnished,Bachelors,3,Contact Agent
L01032,2022-05-19,2,180000,1200,7 out of 12,Carpet Area,Khar West,Mumbai,Furnished,Bachelors/Family,3,Contact Agent
L01033,2022-06-25,3,120000,1200,10 out of 14,Carpet Area,Khar West,Mumbai,Furnished,Bachelors/Family,3,Contact Agent
L01034,2022-07-07,1,20000,280,11 out of 24,Carpet Area,Century Bazaar,Mumbai,Semi-Furnished,Bachelors/Family,1,Contact Agent
L01035,2022-05-19,2,130000,1000,10 out of 12,Carpet Area,Khar West,Mumbai,Furnished,Bachelors,2,Contact Agent
L01036,2022-05-19,3,400000,1800,7 out of 14,Carpet Area,Pali Hill,Mumbai,Semi-Furnished,Bachelors,4,Contact Agent
L01037,2022-06-22,2,75000,694,1 out of 7,Carpet Area,Bandra West,Mumbai,Semi-Furnished,Bachelors/Family,2,Contact Agent
L01038,2022-05-31,5,350000,3250,12 out of 18,Carpet Area,Deonar,Mumbai,Unfurnished,Family,5,Contact Agent
L01039,2022-04-29,3,100000,1740,21 out of 22,Super Area,Powai,Mumbai,Furnished,Bachelors/Family,4,Contact Owner
L01040,2022-06-16,2,55000,750,8 out of 14,Carpet Area,Chembur,Mumbai,Furnished,Bachelors/Family,2,Contact Agent
L01041,2022-06-14,3,70000,1000,12 out of 20,Carpet Area,"Nahar Amrit Shakti powai, Chandivali",Mumbai,Semi-Furnished,Bachelors/Family,3,Contact Agent
L01042,2022-06-29,1,30000,500,3 out of 4,Super Area,Sion,Mumbai,Furnished,Bachelors/Family,1,Contact Owner
L01043,2022-06-28,4,330000,2000,11 out of 12,Carpet Area,Mehboob Studio,Mumbai,Semi-Furnished,Bachelors,5,Contact Agent
L01044,2022-06-13,1,75000,550,7 out of 10,Carpet Area,Bandra West,Mumbai,Furnished,Bachelors/Family,2,Contact Agent
L01045,2022-06-27,1,14000,270,6 out of 7,Carpet Area,Poisar,Mumbai,Unfurnished,Bachelors,1,Contact Owner
L01046,2022-07-06,3,130000,960,9 out of 21,Carpet Area,7 Bungalows Andheri West,Mumbai,Semi-Furnished,Family,3,Contact Agent
L01047,2022-04-29,3,40000,1200,2 out of 4,Super Area,Kandivali West,Mumbai,Semi-Furnished,Family,2,Contact Owner
L01048,2022-05-27,2,46000,710,15 out of 18,Carpet Area,"Ajmera Bhakti Park, Bhakti Park",Mumbai,Unfurnished,Bachelors/Family,2,Contact Agent
L01049,2022-07-04,1,27000,472,13 out of 14,Carpet Area,"Marathon Embryo, Bhandup West",Mumbai,Semi-Furnished,Bachelors,2,Contact Owner
L01050,2022-05-26,2,95000,1000,10 out of 13,Carpet Area,Bandra West,Mumbai,Semi-Furnished,Bachelors/Family,2,Contact Agent
L01051,2022-07-09,2,94000,800,14 out of 18,Carpet Area,"Kanakia Hollywood, Sai Nagar",Mumbai,Semi-Furnished,Family,2,Contact Agent
L01052,2022-06-30,2,40000,650,7 out of 11,Carpet Area,"Gaurav Heights, Kandivali West",Mumbai,Unfurnished,Bachelors,2,Contact Agent
L01053,2022-07-04,3,150000,1300,6 out of 7,Carpet Area,Seven Bungalows,Mumbai,Semi-Furnished,Bachelors/Family,3,Contact Agent
L01054,2022-07-07,2,30000,600,2 out of 5,Carpet Area,"Gokul Apartment, Evershine Nagar",Mumbai,Unfurnished,Bachelors/Family,2,Contact Agent
L01055,2022-06-16,2,95000,750,7 out of 10,Carpet Area,Opera House,Mumbai,Furnished,Bachelors,2,Contact Agent
L01056,2022-06-16,2,130000,890,45 out of 77,Carpet Area,"Lodha The Park, Worli",Mumbai,Semi-Furnished,Family,2,Contact Agent
L01057,2022-05-27,1,14000,421,3 out of 4,Carpet Area,Borivali East,Mumbai,Unfurnished,Bachelors/Family,1,Contact Agent
L01058,2022-05-27,3,100000,1300,12 out of 24,Carpet Area,"L&T Emerald Isle, Powai",Mumbai,Semi-Furnished,Family,3,Contact Agent
L01059,2022-07-05,1,35000,350,2 out of 3,Super Area,Dadar West,Mumbai,Unfurnished,Bachelors/Family,1,Contact Owner
L01060,2022-06-07,2,57000,800,5 out of 20,Carpet Area,"Nahar Amrit Shakti powai, Chandivali",Mumbai,Semi-Furnished,Bachelors/Family,2,Contact Agent
L01061,2022-07-06,2,45000,650,5 out of 6,Carpet Area,Santacruz East,Mumbai,Semi-Furnished,Bachelors/Family,2,Contact Owner
L01062,2022-04-29,1,11000,650,18 out of 19,Super Area,Mira Road,Mumbai,Furnished,Bachelors/Family,2,Contact Owner
L01063,2022-05-14,2,50000,650,10 out of 20,Carpet Area,"Sheth Montana, Mulund West",Mumbai,Semi-Furnished,Bachelors/Family,2,Contact Agent
L01064,2022-05-27,2,35000,680,12 out of 20,Carpet Area,"Parinee Adney, Borivali West",Mumbai,Unfurnished,Bachelors/Family,2,Contact Agent
L01065,2022-07-06,2,100000,800,1 out of 5,Carpet Area,Bandra West,Mumbai,Furnished,Bachelors/Family,2,Contact Agent
L01066,2022-07-06,3,130000,1250,12 out of 29,Carpet Area,"Adani Western Heights, 4 Bunglows",Mumbai,Semi-Furnished,Family,3,Contact Agent
L01067,2022-05-23,1,52000,475,10 out of 18,Carpet Area,Shivaji Park,Mumbai,Unfurnished,Bachelors/Family,1,Contact Agent
L01068,2022-07-07,2,28000,600,1 out of 5,Carpet Area,"Gokul Apartment, Evershine Nagar",Mumbai,Unfurnished,Bachelors/Family,2,Contact Agent
L01069,2022-04-29,1,18000,450,2 out of 4,Super Area,"Nem Vihar, Mulund West",Mumbai,Unfurnished,Bachelors/Family,1,Contact Owner
L01070,2022-06-04,1,30000,400,3 out of 6,Super Area,Bhatti Pada,Mumbai,Unfurnished,Bachelors,1,Contact Owner
L01071,2022-07-06,3,45000,985,Lower Basement out of 18,Carpet Area,"Gemstar Symphony Apartment, Kandivali West",Mumbai,Unfurnished,Family,3,Contact Agent
L01072,2022-05-27,3,130000,1450,3 out of 7,Carpet Area,Shivaji Park,Mumbai,Unfurnished,Bachelors,3,Contact Agent
L01073,2022-05-27,2,58000,650,15 out of 24,Carpet Area,"L&T Emerald Isle, Powai",Mumbai,Semi-Furnished,Family,2,Contact Agent
L01074,2022-07-06,2,65000,805,48 out of 68,Carpet Area,"Auris Serenity, Kanch Pada",Mumbai,Semi-Furnished,Bachelors/Family,3,Contact Agent
L01075,2022-05-27,1,24000,650,3 out of 4,Super Area,Malad East,Mumbai,Semi-Furnished,Bachelors/Family,1,Contact Owner
L01076,2022-07-09,1,54500,515,12 out of 42,Carpet Area,"Lodha New Cuffe Parade, Wadala East",Mumbai,Unfurnished,Bachelors/Family,1,Contact Agent
L01077,2022-06-12,3,70000,1000,15 out of 20,Carpet Area,Chandivali,Mumbai,Semi-Furnished,Bachelors/Family,2,Contact Agent
L01078,2022-06-07,3,67000,1050,6 out of 8,Carpet Area,Chembur,Mumbai,Semi-Furnished,Family,3,Contact Agent
L01079,2022-07-09,2,75000,777,17 out of 22,Carpet Area,"Hiranandani Castle Rock, Powai",Mumbai,Furnished,Bachelors/Family,2,Contact Agent
L01080,2022-06-11,2,45000,831,16 out of 22,Carpet Area,"Kaustubh Platinum, Datta Pada",Mumbai,Unfurnished,Family,2,Contact Agent
L01081,2022-07-06,3,98000,1233,35 out of 68,Carpet Area,"Auris Serenity, Kanch Pada",Mumbai,Semi-Furnished,Bachelors/Family,4,Contact Agent
L01082,2022-06-11,1,16000,250,4 out of 10,Carpet Area,Charkop,Mumbai,Unfurnished,Bachelors/Family,1,Contact Owner
L01083,2022-05-14,2,95000,900,18 out of 30,Carpet Area,"Oberoi Springs, Andheri West",Mumbai,Semi-Furnished,Bachelors,2,Contact Agent
L01084,2022-07-06,2,40000,753,11 out of 31,Carpet Area,"Omkar Ananta, Film City Road",Mumbai,Unfurnished,Bachelors/Family,2,Contact Agent
L01085,2022-06-10,3,300000,1800,8 out of 12,Carpet Area,Bandra West,Mumbai,Furnished,Bachelors,3,Contact Agent
L01086,2022-07-06,2,80000,670,5 out of 17,Carpet Area,Matunga East,Mumbai,Unfurnished,Bachelors,2,Contact Agent
L01087,2022-07-09,4,380000,2800,50 out of 75,Carpet Area,"Omkar 1973, Worli",Mumbai,Semi-Furnished,Bachelors/Family,4,Contact Agent
L01088,2022-07-09,3,160000,1197,18 out of 26,Carpet Area,"Aristo Pearl Residency, Prabhadevi",Mumbai,Semi-Furnished,Bachelors/Family,3,Contact Agent
L01089,2022-06-27,2,44000,880,12 out of 27,Carpet Area,orchid suburbia,Mumbai,Unfurnished,Bachelors,2,Contact Owner
L01090,2022-05-16,2,200000,1000,7 out of 8,Carpet Area,Union Park,Mumbai,Furnished,Bachelors/Family,2,Contact Agent
L01091,2022-04-29,2,65000,935,2 out of 7,Super Area,Andheri West,Mumbai,Semi-Furnished,Bachelors/Family,2,Contact Owner
L01092,2022-07-06,2,50000,751,16 out of 20,Carpet Area,"Raj Legacy, Vikhroli West",Mumbai,Semi-Furnished,Bachelors/Family,2,Contact Agent
L01093,2022-07-04,1,6000,200,Ground out of 5,Super Area,"Sonal Apartment, Bhandari Compound",Mumbai,Unfurnished,Bachelors/Family,1,Contact Owner
L01094,2022-06-13,4,280000,2500,24 out of 55,Carpet Area,"Island City Centre, Dadar East",Mumbai,Semi-Furnished,Bachelors/Family,6,Contact Agent
L01095,2022-07-09,1,46000,500,6 out of 8,Carpet Area,"Sundar Nagar, Kalina",Mumbai,Furnished,Family,1,Contact Agent
L01096,2022-05-31,1,35000,430,15 out of 23,Carpet Area,"Conwood Astoria, Film City Road",Mumbai,Furnished,Bachelors/Family,1,Contact Agent
L01097,2022-07-06,3,75000,1088,16 out of 37,Carpet Area,"Sunteck City Avenue 1, Goregaon West",Mumbai,Semi-Furnished,Bachelors/Family,3,Contact Agent
L01098,2022-05-10,1,20000,330,4 out of 8,Carpet Area,Andheri West,Mumbai,Semi-Furnished,Bachelors/Family,1,Contact Owner
L01099,2022-04-29,1,25000,400,Upper Basement out of 7,Carpet Area,shanti kutir tunga village powai,Mumbai,Unfurnished,Bachelors/Family,1,Contact Owner
L01100,2022-06-27,3,110000,1200,6 out of 15,Carpet Area,"Salvation CHS, Dadar West",Mumbai,Furnished,Bachelors/Family,3,Contact Agent
L01101,2022-06-28,2,29500,700,2 out of 7,Carpet Area,Borivali West,Mumbai,Unfurnished,Bachelors/Family,2,Contact Agent
L01102,2022-07-09,3,53000,1000,16 out of 32,Carpet Area,"Mahindra Splendour, Bhandup West",Mumbai,Semi-Furnished,Bachelors/Family,2,Contact Agent
L01103,2022-06-12,2,85000,750,11 out of 27,Carpet Area,"Hiranandani Atlantis, Hiranandani Gardens",Mumbai,Semi-Furnished,Bachelors/Family,2,Contact Agent
L01104,2022-06-12,1,26000,450,6 out of 10,Carpet Area,Goregaon West,Mumbai,Unfurnished,Bachelors,2,Contact Agent
L01105,2022-04-29,1,33000,640,11 out of 23,Super Area,Bhandup West,Mumbai,Furnished,Bachelors/Family,2,Contact Owner
L01106,2022-07-08,3,180000,1190,5 out of 12,Carpet Area,"L Nagpal Ruby, Turner Road",Mumbai,Semi-Furnished,Bachelors/Family,3,Contact Agent
L01107,2022-06-23,3,70000,850,5 out of 8,Super Area,Chembur,Mumbai,Unfurnished,Bachelors,3,Contact Agent
L01108,2022-07-07,1,17000,330,Ground out of 7,Carpet Area,Jankalyan Nagar,Mumbai,Semi-Furnished,Bachelors/Family,1,Contact Agent
L01109,2022-05-13,2,37000,685,10 out of 18,Carpet Area,Mulund West,Mumbai,Semi-Furnished,Bachelors,2,Contact Agent
L01110,2022-06-12,1,27000,400,6 out of 10,Carpet Area,Goregaon West,Mumbai,Unfurnished,Bachelors,2,Contact Agent
L01111,2022-06-15,1,35500,500,8 out of 13,Carpet Area,"Mayfair Sonata Greens, Park Site Colony",Mumbai,Furnished,Bachelors/Family,2,Contact Agent
L01112,2022-05-24,1,24000,550,2 out of 4,Carpet Area,Mulund West,Mumbai,Unfurnished,Bachelors,1,Contact Agent
L01113,2022-06-11,4,250000,2500,2 out of 8,Carpet Area,Juhu,Mumbai,Unfurnished,Bachelors/Family,4,Contact Agent
L01114,2022-05-14,3,180000,1100,6 out of 15,Carpet Area,JVPD Scheme,Mumbai,Furnished,Family,3,Contact Agent
L01115,2022-05-31,2,18500,650,3 out of 12,Carpet Area,"Swayam Apartment, Poonam Gardens",Mumbai,Unfurnished,Family,2,Contact Agent
L01116,2022-07-09,3,200000,1400,8 out of 17,Carpet Area,"Hill Road, Bandra West",Mumbai,Furnished,Bachelors/Family,3,Contact Agent
L01117,2022-07-04,2,70000,1050,14 out of 15,Carpet Area,"Godrej Prime, Chembur",Mumbai,Furnished,Bachelors/Family,2,Contact Agent
L01118,2022-06-04,3,55000,850,6 out of 7,Carpet Area,Goregaon West,Mumbai,Unfurnished,Bachelors,3,Contact Agent
L01119,2022-05-23,1,24000,550,Ground out of 4,Carpet Area,Ghatkopar West,Mumbai,Unfurnished,Bachelors,1,Contact Agent
L01120,2022-06-23,2,55000,750,5 out of 8,Carpet Area,Chandivali,Mumbai,Furnished,Bachelors/Family,2,Contact Agent
L01121,2022-07-09,3,150000,1350,23 out of 25,Carpet Area,"Kalpataru Antariksha, Prabhadevi",Mumbai,Semi-Furnished,Bachelors/Family,3,Contact Agent
L01122,2022-06-25,2,50000,800,5 out of 8,Carpet Area,Santacruz East,Mumbai,Semi-Furnished,Bachelors/Family,2,Contact Agent
L01123,2022-07-06,4,300000,2650,14 out of 48,Carpet Area,"Lodha Bellissimo, Mahalakshmi",Mumbai,Semi-Furnished,Bachelors/Family,3,Contact Agent
L01124,2022-07-06,3,90100,975,29 out of 35,Carpet Area,Goregaon East,Mumbai,Semi-Furnished,Bachelors/Family,2,Contact Agent
L01125,2022-06-16,3,57000,1325,15 out of 36,Carpet Area,"Raheja Exotica Sorento, Madh",Mumbai,Furnished,Bachelors/Family,4,Contact Agent
L01126,2022-04-29,2,40000,700,3 out of 6,Super Area,Andheri West,Mumbai,Semi-Furnished,Bachelors/Family,2,Contact Owner
L01127,2022-07-09,2,80000,700,3 out of 8,Carpet Area,Hindu Colony,Mumbai,Furnished,Family,2,Contact Agent
L01128,2022-06-23,2,95000,850,15 out of 25,Carpet Area,Powai,Mumbai,Semi-Furnished,Bachelors/Family,2,Contact Agent
L01129,2022-06-22,1,14000,305,10 out of 24,Carpet Area,Ekta Nagar,Mumbai,Unfurnished,Bachelors,1,Contact Agent
L01130,2022-06-14,2,50000,850,8 out of 10,Carpet Area,"Dsk Madhuban, Sakinaka Junction",Mumbai,Unfurnished,Bachelors/Family,2,Contact Agent
L01131,2022-06-14,2,43000,724,6 out of 11,Carpet Area,"Akruti Orchid Park, Sakinaka Junction",Mumbai,Unfurnished,Bachelors/Family,2,Contact Agent
L01132,2022-06-12,2,55000,650,8 out of 16,Carpet Area,Andheri West,Mumbai,Furnished,Bachelors,2,Contact Agent
L01133,2022-06-16,2,35000,650,5 out of 7,Carpet Area,Nahur Gaothan,Mumbai,Unfurnished,Family,2,Contact Agent
L01134,2022-06-15,2,33000,700,15 out of 28,Carpet Area,"Acme Avenue, Kandivali West",Mumbai,Unfurnished,Bachelors,2,Contact Agent
L01135,2022-05-26,2,47000,785,4 out of 7,Carpet Area,JB Nagar,Mumbai,Furnished,Bachelors/Family,2,Contact Agent
L01136,2022-06-27,3,75000,1250,15 out of 20,Carpet Area,"Laksharia Tower, Andheri West",Mumbai,Semi-Furnished,Family,3,Contact Agent
L01137,2022-07-07,4,45000,1016,3 out of 36,Carpet Area,"Oasis, Lokhandwala Twp",Mumbai,Unfurnished,Bachelors/Family,3,Contact Agent
L01138,2022-05-28,1,36000,380,12 out of 20,Carpet Area,Mazgaon,Mumbai,Unfurnished,Bachelors/Family,2,Contact Agent
L01139,2022-05-14,1,40000,475,18 out of 23,Carpet Area,"Sanghvi Evana, Worli",Mumbai,Unfurnished,Bachelors,1,Contact Agent
L01140,2022-07-03,1,40000,444,8 out of 11,Carpet Area,Sakinaka Junction,Mumbai,Unfurnished,Bachelors,2,Contact Agent
L01141,2022-06-20,2,32000,640,6 out of 20,Carpet Area,"GSA Grandeur, Gokuldham",Mumbai,Unfurnished,Bachelors/Family,2,Contact Agent
L01142,2022-06-02,1,17000,320,23 out of 23,Carpet Area,"Midas PMGP Mhada Colony, PMGP Colony",Mumbai,Unfurnished,Bachelors/Family,1,Contact Owner
L01143,2022-05-13,3,77000,1100,16 out of 21,Carpet Area,"Auris Serenity, Adarsh Nagar",Mumbai,Unfurnished,Bachelors/Family,4,Contact Agent
L01144,2022-06-16,4,290000,1500,5 out of 15,Carpet Area,"Benchmark Solus, Waterfield Road",Mumbai,Furnished,Bachelors/Family,3,Contact Agent
L01145,2022-05-18,2,35000,650,6 out of 8,Carpet Area,"Evershine Millenium Paradise, Thakur Village, Kandivali East",Mumbai,Semi-Furnished,Bachelors/Family,2,Contact Agent
L01146,2022-05-19,1,40000,508,16 out of 18,Carpet Area,"Kanakia Sevens, Marol Maroshi Road",Mumbai,Semi-Furnished,Bachelors/Family,2,Contact Agent
L01147,2022-07-09,4,250000,2500,2 out of 10,Carpet Area,JVPD Scheme,Mumbai,Furnished,Bachelors/Family,4,Contact Agent
L01148,2022-05-22,2,47000,720,Upper Basement out of 16,Carpet Area,Chembur,Mumbai,Unfurnished,Bachelors,2,Contact Agent
L01149,2022-04-29,2,50000,750,Ground out of 5,Super Area,D.N. Nagar,Mumbai,Unfurnished,Bachelors/Family,2,Contact Owner
L01150,2022-06-27,1,32000,430,2 out of 3,Carpet Area,"Sion East, Sion Koliwada",Mumbai,Unfurnished,Family,1,Contact Agent
L01151,2022-06-20,2,8000,623,6 out of 7,Carpet Area,"Shreenath nagar, Morya Nagar",Mumbai,Unfurnished,Family,2,Contact Agent
L01152,2022-07-09,3,240000,1358,40 out of 50,Carpet Area,"Lodha Kiara, Worli Hill",Mumbai,Semi-Furnished,Family,4,Contact Agent
L01153,2022-07-07,3,85000,1000,4 out of 11,Carpet Area,"Lodha Eternis, Chakala MIDC",Mumbai,Semi-Furnished,Bachelors/Family,3,Contact Agent
L01154,2022-06-28,3,65000,1100,25 out of 28,Carpet Area,"Sejal Tower, Goregaon West",Mumbai,Unfurnished,Bachelors,3,Contact Agent
L01155,2022-07-03,3,75000,1255,12 out of 17,Carpet Area,Bhakti Park,Mumbai,Furnished,Bachelors/Family,3,Contact Owner
L01156,2022-05-27,1,26500,450,5 out of 8,Carpet Area,"Vasant Sagar, Thakur Village, Kandivali East",Mumbai,Furnished,Family,2,Contact Agent
L01157,2022-06-16,2,45000,650,3 out of 7,Carpet Area,"Akruti Aneri, Marol",Mumbai,Furnished,Bachelors/Family,2,Contact Agent
L01158,2022-07-06,2,95000,955,34 out of 40,Carpet Area,"Lodha New Cuffe Parade, Bhakti Park",Mumbai,Semi-Furnished,Bachelors,2,Contact Agent
L01159,2022-05-22,2,38000,700,Upper Basement out of 22,Carpet Area,"Altavista, Chembur",Mumbai,Unfurnished,Bachelors/Family,2,Contact Agent
L01160,2022-07-06,3,260000,1915,8 out of 23,Super Area,"Ashford Casa Grande, Lower Parel",Mumbai,Semi-Furnished,Family,4,Contact Agent
L01161,2022-06-03,4,300000,2308,9 out of 31,Carpet Area,"Windsor Grande Residences, Andheri West",Mumbai,Semi-Furnished,Bachelors/Family,6,Contact Agent
L01162,2022-07-09,3,180000,1250,11 out of 13,Carpet Area,"Ekta Trinity, Santacruz West",Mumbai,Semi-Furnished,Family,3,Contact Agent
L01163,2022-06-04,2,40000,625,6 out of 14,Carpet Area,"Kailash Tower, Powai",Mumbai,Semi-Furnished,Bachelors,2,Contact Agent
L01164,2022-05-17,4,300000,2200,7 out of 8,Carpet Area,JVPD Scheme,Mumbai,Furnished,Family,4,Contact Agent
L01165,2022-06-20,2,85000,870,5 out of 21,Carpet Area,"Royal Residency, Lal Baug",Mumbai,Furnished,Bachelors/Family,2,Contact Agent
L01166,2022-06-04,3,110000,1300,4 out of 12,Carpet Area,Kalina,Mumbai,Semi-Furnished,Bachelors/Family,3,Contact Agent
L01167,2022-06-23,2,40000,750,2 out of 8,Carpet Area,"Techno Park I, Kandivali East",Mumbai,Unfurnished,Family,2,Contact Agent
L01168,2022-07-06,2,45000,750,2 out of 8,Super Area,Andheri East,Mumbai,Furnished,Bachelors,2,Contact Owner
L01169,2022-06-04,2,52000,550,3 out of 9,Carpet Area,Kalina,Mumbai,Furnished,Bachelors/Family,2,Contact Agent
L01170,2022-07-06,4,90000,1250,2 out of 7,Carpet Area,Andheri West,Mumbai,Furnished,Family,4,Contact Agent
L01171,2022-07-09,3,140000,1400,11 out of 13,Carpet Area,"Insignia, Bandra Kurla Complex",Mumbai,Semi-Furnished,Family,3,Contact Agent
L01172,2022-06-23,3,150000,1330,32 out of 59,Carpet Area,"Oberoi Esquire, Goregaon East",Mumbai,Semi-Furnished,Family,4,Contact Agent
L01173,2022-06-23,3,65000,1000,5 out of 10,Carpet Area,Chembur,Mumbai,Semi-Furnished,Bachelors/Family,3,Contact Agent
L01174,2022-05-31,2,50000,770,4 out of 14,Carpet Area,"Sufalam CHS, Chembur East",Mumbai,Unfurnished,Bachelors/Family,2,Contact Agent
L01175,2022-06-16,2,54000,800,3 out of 7,Carpet Area,"Shimpla Vighnaharta CHS, Seven Bungalows",Mumbai,Unfurnished,Family,2,Contact Agent
L01176,2022-05-29,4,180000,1691,20 out of 32,Carpet Area,"Oberoi Prisma, Agarkar Chowk",Mumbai,Semi-Furnished,Bachelors/Family,6,Contact Agent
L01177,2022-05-14,1,60000,550,12 out of 20,Carpet Area,"Neumec Elegance, Lower Parel",Mumbai,Furnished,Bachelors,2,Contact Agent
L01178,2022-07-09,2,65000,800,10 out of 14,Carpet Area,Andheri West,Mumbai,Unfurnished,Family,2,Contact Agent
L01179,2022-07-09,2,35000,615,6 out of 14,Carpet Area,"Aspire, Thakur Village, Kandivali East",Mumbai,Unfurnished,Family,2,Contact Agent
L01180,2022-06-25,2,43000,663,25 out of 43,Carpet Area,"Wadhwa Atmosphere, Mulund West",Mumbai,Unfurnished,Bachelors/Family,2,Contact Agent
L01181,2022-06-16,1,20000,400,3 out of 4,Carpet Area,Bhandup,Mumbai,Semi-Furnished,Bachelors/Family,1,Contact Owner
L01182,2022-06-04,2,57000,625,9 out of 18,Carpet Area,"Panch Complex, Powai",Mumbai,Furnished,Bachelors,2,Contact Agent
L01183,2022-06-16,4,130000,1432,12 out of 20,Carpet Area,"Sabari Ashville, Chembur East",Mumbai,Unfurnished,Bachelors/Family,3,Contact Agent
L01184,2022-05-24,1,25000,425,3 out of 5,Carpet Area,Mulund West,Mumbai,Unfurnished,Bachelors,1,Contact Agent
L01185,2022-06-12,2,56000,649,5 out of 22,Carpet Area,"Promenade At The Address, Ghatkopar West",Mumbai,Semi-Furnished,Bachelors,2,Contact Agent
L01186,2022-05-14,2,55000,905,10 out of 37,Carpet Area,"Sunteck City Avenue 1, Goregaon West",Mumbai,Unfurnished,Bachelors,2,Contact Agent
L01187,2022-04-27,2,18000,882,10 out of 22,Super Area,"DB Ozone, Mira Road",Mumbai,Unfurnished,Bachelors,2,Contact Owner
L01188,2022-06-27,3,100000,1200,4 out of 15,Carpet Area,"Salvation CHS, Dadar West",Mumbai,Furnished,Bachelors/Family,3,Contact Agent
L01189,2022-05-31,2,76000,736,16 out of 36,Carpet Area,"Rustomjee Elanza, Mindspace",Mumbai,Unfurnished,Family,2,Contact Agent
L01190,2022-07-09,3,270000,1710,25 out of 48,Carpet Area,"Lodha Bellissimo, Mahalakshmi",Mumbai,Furnished,Bachelors/Family,3,Contact Agent
L01191,2022-06-24,1,45000,225,3 out of 6,Carpet Area,"simla house at nepeasea road, Napean Sea Road",Mumbai,Unfurnished,Bachelors,1,Contact Owner
L01192,2022-05-22,2,39000,720,Upper Basement out of 22,Carpet Area,"Altavista, Chembur",Mumbai,Unfurnished,Bachelors/Family,2,Contact Agent
L01193,2022-06-07,1,12500,555,6 out of 7,Super Area,"Hubtown Gardenia, Mira Road",Mumbai,Unfurnished,Bachelors,1,Contact Owner
L01194,2022-07-07,1,35000,415,2 out of 7,Super Area,Andheri East,Mumbai,Unfurnished,Bachelors/Family,1,Contact Owner
L01195,2022-06-12,2,55000,649,4 out of 22,Carpet Area,"Promenade At The Address, Ghatkopar West",Mumbai,Semi-Furnished,Bachelors,2,Contact Agent
L01196,2022-06-15,3,90000,1000,3 out of 3,Carpet Area,Vile Parle West,Mumbai,Furnished,Bachelors,2,Contact Agent
L01197,2022-06-04,2,250000,1300,Upper Basement out of 10,Carpet Area,Khar West,Mumbai,Furnished,Bachelors/Family,2,Contact Agent
L01198,2022-06-24,2,25000,1065,15 out of 15,Super Area,"Gaurav Excellency, Mira Road",Mumbai,Furnished,Bachelors/Family,2,Contact Owner
L01199,2022-07-08,2,90000,854,15 out of 20,Carpet Area,"Kanakia Paris, Bandra Kurla Complex",Mumbai,Semi-Furnished,Bachelors/Family,2,Contact Agent
L01200,2022-06-27,3,120000,1200,5 out of 14,Carpet Area,"Salvation CHS, Dadar West",Mumbai,Furnished,Bachelors/Family,3,Contact Agent
L01201,2022-06-06,1,55000,500,8 out of 18,Carpet Area,Hiranandani Gardens,Mumbai,Unfurnished,Bachelors,1,Contact Agent
L01202,2022-05-31,3,70000,906,7 out of 10,Carpet Area,"Sanjona Gulmarg Towers, Chembur East",Mumbai,Semi-Furnished,Bachelors/Family,3,Contact Agent
L01203,2022-06-22,3,300000,1800,11 out of 11,Carpet Area,Bandra West,Mumbai,Furnished,Bachelors/Family,4,Contact Agent
L01204,2022-05-26,2,25000,500,1 out of 3,Carpet Area,New Devchhaya Building,Mumbai,Furnished,Bachelors/Family,1,Contact Owner
L01205,2022-06-16,1,35000,450,2 out of 7,Super Area,Goregaon West,Mumbai,Unfurnished,Bachelors/Family,1,Contact Owner
L01206,2022-07-09,3,120000,1130,3 out of 7,Carpet Area,Bandra West,Mumbai,Semi-Furnished,Bachelors/Family,3,Contact Agent
L01207,2022-06-04,1,27000,495,5 out of 7,Super Area,Andheri East,Mumbai,Furnished,Bachelors/Family,2,Contact Owner
L01208,2022-05-19,1,25000,407,5 out of 23,Super Area,Devi Pada,Mumbai,Unfurnished,Bachelors/Family,2,Contact Owner
L01209,2022-06-16,3,150000,1092,60 out of 77,Carpet Area,"Lodha The Park, Worli",Mumbai,Semi-Furnished,Family,3,Contact Agent
L01210,2022-07-07,2,32000,610,11 out of 18,Carpet Area,"The Windsor, Kandivali East",Mumbai,Unfurnished,Family,2,Contact Agent
L01211,2022-07-07,1,40000,500,13 out of 14,Super Area,"Manavsthal, Andheri East",Mumbai,Furnished,Bachelors/Family,2,Contact Owner
L01212,2022-05-31,2,52000,750,4 out of 20,Carpet Area,"vanamali chs ghatla, Ghatla",Mumbai,Unfurnished,Bachelors/Family,2,Contact Agent
L01213,2022-06-18,2,80000,750,6 out of 16,Carpet Area,"lokhandwala residency, Worli",Mumbai,Furnished,Bachelors,2,Contact Agent
L01214,2022-06-23,2,55000,850,6 out of 10,Carpet Area,"Adityavardhan Apartment, Raheja Vihar",Mumbai,Furnished,Bachelors/Family,2,Contact Agent
L01215,2022-06-04,1,30000,350,5 out of 16,Carpet Area,Prabhadevi,Mumbai,Unfurnished,Bachelors/Family,1,Contact Agent
L01216,2022-06-04,1,20000,300,2 out of 12,Carpet Area,"Sundar Nagar, Kalina",Mumbai,Semi-Furnished,Bachelors/Family,1,Contact Agent
L01217,2022-05-23,1,85000,695,2 out of 7,Carpet Area,Union Park,Mumbai,Furnished,Bachelors/Family,2,Contact Agent
L01218,2022-06-16,1,40000,415,15 out of 22,Carpet Area,"Kanakia Rainforest, Andheri East",Mumbai,Semi-Furnished,Bachelors/Family,2,Contact Agent
L01219,2022-06-25,1,21000,450,3 out of 13,Carpet Area,Bhandup Village,Mumbai,Unfurnished,Bachelors,2,Contact Agent
L01220,2022-06-23,3,43000,850,8 out of 14,Carpet Area,"Aspire, Kandivali East",Mumbai,Unfurnished,Family,3,Contact Agent
L01221,2022-05-11,2,58000,805,30 out of 58,Carpet Area,"Auris Serenity, Link Road",Mumbai,Semi-Furnished,Bachelors/Family,3,Contact Agent
L01222,2022-07-06,2,130000,700,7 out of 10,Carpet Area,Bandra West,Mumbai,Furnished,Bachelors/Family,2,Contact Agent
L01223,2022-04-13,3,260000,1800,10 out of 11,Carpet Area,JVPD Scheme,Mumbai,Furnished,Family,4,Contact Agent
L01224,2022-06-27,2,46000,669,15 out of 43,Carpet Area,"Tulip at Runwal Forests, Kanjurmarg West",Mumbai,Unfurnished,Bachelors,2,Contact Agent
L01225,2022-06-23,1,6500,325,7 out of 16,Carpet Area,"Unicorn Global Arena, Naigaon East",Mumbai,Unfurnished,Family,1,Contact Agent
L01226,2022-05-31,1,21000,600,5 out of 6,Super Area,Sher E Punjab Society,Mumbai,Furnished,Bachelors/Family,1,Contact Owner
L01227,2022-05-22,2,46000,725,Upper Basement out of 16,Carpet Area,Chembur,Mumbai,Unfurnished,Bachelors/Family,2,Contact Agent
L01228,2022-06-03,2,60000,750,5 out of 9,Carpet Area,"Green Woods Chkala, Andheri East",Mumbai,Semi-Furnished,Bachelors/Family,2,Contact Agent
L01229,2022-06-29,3,65000,1050,13 out of 21,Carpet Area,"Hillcrest, Andheri East",Mumbai,Semi-Furnished,Bachelors,3,Contact Agent
L01230,2022-05-19,2,15000,600,18 out of 28,Carpet Area,Shilphata,Mumbai,Unfurnished,Bachelors/Family,2,Contact Owner
L01231,2022-06-28,2,130000,1000,10 out of 13,Carpet Area,Bandra West,Mumbai,Semi-Furnished,Bachelors/Family,2,Contact Agent
L01232,2022-07-04,3,90000,1110,9 out of 55,Carpet Area,"Omkar Alta Monte, Kurar Village",Mumbai,Furnished,Bachelors/Family,3,Contact Agent
L01233,2022-07-09,2,62000,650,11 out of 25,Carpet Area,Jacob Circle,Mumbai,Unfurnished,Family,2,Contact Agent
L01234,2022-06-08,3,160000,1100,8 out of 10,Carpet Area,Santacruz West,Mumbai,Semi-Furnished,Bachelors/Family,3,Contact Agent
L01235,2022-06-23,3,80000,1100,15 out of 28,Carpet Area,"Godrej Central, Chembur",Mumbai,Unfurnished,Bachelors/Family,3,Contact Agent
L01236,2022-07-04,3,80000,1110,49 out of 55,Carpet Area,"Omkar Alta Monte, Kurar Village",Mumbai,Semi-Furnished,Bachelors/Family,3,Contact Agent
L01237,2022-06-28,3,55000,999,14 out of 23,Carpet Area,"Orchid Residency, Link Road",Mumbai,Semi-Furnished,Family,2,Contact Agent
L01238,2022-06-22,3,100000,1000,2 out of 4,Carpet Area,Santacruz West,Mumbai,Furnished,Bachelors/Family,3,Contact Agent
L01239,2022-07-09,4,200000,2200,11 out of 20,Carpet Area,Seven Bungalows,Mumbai,Semi-Furnished,Bachelors/Family,5,Contact Agent
L01240,2022-06-02,3,100000,1256,10 out of 22,Carpet Area,"Satyam Springs, Deonar",Mumbai,Furnished,Family,3,Contact Agent
L01241,2022-07-06,2,79500,750,17 out of 20,Carpet Area,"Hiranandani Castle Rock, Hiranandani Gardens",Mumbai,Semi-Furnished,Family,2,Contact Agent
L01242,2022-07-06,3,84500,889,7 out of 27,Carpet Area,"Oberoi Splendor, JVLR-Jogeshwari Vikhroli Link Road",Mumbai,Semi-Furnished,Bachelors/Family,2,Contact Agent
L01243,2022-06-12,2,100000,750,14 out of 27,Carpet Area,"Hiranandani Atlantis, Hiranandani Gardens",Mumbai,Semi-Furnished,Bachelors/Family,2,Contact Agent
L01244,2022-05-17,1,13000,385,6 out of 20,Carpet Area,"Aims Sea View, Indralok",Mumbai,Unfurnished,Family,1,Contact Agent
L01245,2022-06-16,4,100000,1454,5 out of 7,Carpet Area,"diamond garden, Chembur East",Mumbai,Unfurnished,Bachelors/Family,4,Contact Agent
L01246,2022-07-06,1,35000,480,1 out of 7,Carpet Area,Seven Bungalows,Mumbai,Semi-Furnished,Family,2,Contact Agent
L01247,2022-05-23,2,72000,660,12 out of 22,Carpet Area,"Hiranandani Castle Rock, Hiranandani Gardens",Mumbai,Semi-Furnished,Bachelors/Family,2,Contact Agent
L01248,2022-06-22,3,180000,1600,9 out of 16,Carpet Area,Bandra West,Mumbai,Furnished,Bachelors/Family,3,Contact Agent
L01249,2022-07-06,1,26000,434,5 out of 22,Carpet Area,"Samarth Srishti, Bhandup West",Mumbai,Semi-Furnished,Bachelors/Family,2,Contact Agent
L01250,2022-05-31,3,72000,1121,7 out of 14,Carpet Area,"Hari Kunj II, Sindhi Society Chembur",Mumbai,Unfurnished,Bachelors/Family,3,Contact Agent
L01251,2022-06-28,1,8000,620,6 out of 8,Super Area,Virar,Mumbai,Semi-Furnished,Bachelors/Family,2,Contact Owner
L01252,2022-07-07,3,130000,937,16 out of 27,Carpet Area,"Runwal Elegante, Andheri West",Mumbai,Furnished,Family,2,Contact Agent
L01253,2022-06-12,1,52000,470,6 out of 7,Carpet Area,"Godrej The Trees, Vikhroli East",Mumbai,Semi-Furnished,Bachelors/Family,2,Contact Agent
L01254,2022-06-12,1,13000,410,2 out of 7,Carpet Area,Mira Road East,Mumbai,Unfurnished,Family,1,Contact Agent
L01255,2022-06-16,3,45000,850,5 out of 7,Carpet Area,Mulund West,Mumbai,Unfurnished,Family,3,Contact Agent
L01256,2022-07-09,3,180000,1500,15 out of 20,Carpet Area,"Purushottam Towers, Dadar West",Mumbai,Furnished,Bachelors/Family,4,Contact Agent
L01257,2022-07-09,2,63000,888,12 out of 20,Carpet Area,"Shapoorji Pallonji Vicinia, Chandivali",Mumbai,Furnished,Bachelors/Family,2,Contact Agent
L01258,2022-06-28,1,7500,380,3 out of 7,Carpet Area,sunanda circal,Mumbai,Unfurnished,Bachelors,2,Contact Owner
L01259,2022-07-06,1,30000,360,4 out of 20,Carpet Area,"Antop Hill, Wadala",Mumbai,Unfurnished,Bachelors/Family,1,Contact Agent
L01260,2022-07-07,1,28500,565,1 out of 8,Super Area,Kandivali East,Mumbai,Furnished,Bachelors/Family,2,Contact Owner
L01261,2022-07-07,3,100000,2000,25 out of 50,Super Area,"Auris Serenity, Malad West",Mumbai,Semi-Furnished,Bachelors/Family,4,Contact Agent
L01262,2022-06-23,4,270000,1358,25 out of 50,Carpet Area,"Lodha Kiara, Worli Hill",Mumbai,Semi-Furnished,Family,4,Contact Agent
L01263,2022-07-09,2,38000,661,17 out of 36,Carpet Area,"Runwal Forests, Kanjurmarg West",Mumbai,Semi-Furnished,Bachelors/Family,2,Contact Agent
L01264,2022-07-06,1,26000,450,9 out of 20,Carpet Area,"Ratan Silicon Park, Jankalyan Nagar",Mumbai,Unfurnished,Family,2,Contact Agent
L01265,2022-05-14,3,70000,1300,6 out of 30,Carpet Area,Goregaon West,Mumbai,Unfurnished,Bachelors,3,Contact Agent
L01266,2022-06-04,2,41000,600,4 out of 8,Carpet Area,"Vasant Oscar, Mulund West",Mumbai,Furnished,Family,2,Contact Agent
L01267,2022-04-27,2,27000,900,Ground out of 4,Super Area,Mahatama Gandhi Road,Mumbai,Semi-Furnished,Bachelors/Family,3,Contact Owner
L01268,2022-06-30,1,53000,379,21 out of 23,Carpet Area,"Hiranandani Regent Hill, Powai",Mumbai,Semi-Furnished,Bachelors,1,Contact Agent
L01269,2022-05-18,2,65000,805,8 out of 58,Carpet Area,"Auris Serenity, Kanch Pada",Mumbai,Semi-Furnished,Family,3,Contact Agent
L01270,2022-05-14,1,85000,650,3 out of 8,Super Area,Malabar Hill,Mumbai,Furnished,Bachelors/Family,2,Contact Owner
L01271,2022-04-28,1,6000,500,8 out of 10,Super Area,Naigaon East,Mumbai,Semi-Furnished,Bachelors/Family,2,Contact Owner
L01272,2022-06-20,1,43000,480,5 out of 7,Carpet Area,Seven Bungalows,Mumbai,Furnished,Family,2,Contact Agent
L01273,2022-06-23,2,65000,550,1 out of 7,Super Area,"Dr Babasaheb Ambedkar Road, Mumbai",Mumbai,Semi-Furnished,Bachelors/Family,2,Contact Owner
L01274,2022-06-08,3,280000,1600,5 out of 12,Carpet Area,Bandra West,Mumbai,Furnished,Bachelors/Family,3,Contact Agent
L01275,2022-06-28,3,98000,1400,4 out of 15,Carpet Area,"Hubtown Sunmist, Chakala",Mumbai,Semi-Furnished,Family,2,Contact Agent
L01276,2022-06-15,3,330000,1500,20 out of 41,Carpet Area,"Indiabulls Blu, Worli",Mumbai,Semi-Furnished,Bachelors/Family,2,Contact Agent
L01277,2022-07-09,3,65000,1050,3 out of 62,Carpet Area,"Alpine, Kandivali East",Mumbai,Unfurnished,Bachelors,3,Contact Agent
L01278,2022-07-06,3,85000,920,4 out of 13,Carpet Area,Ghatkopar East,Mumbai,Unfurnished,Family,3,Contact Agent
L01279,2022-07-07,1,40000,450,8 out of 13,Carpet Area,"Ajmera Bhakti Park, Bhakti Park",Mumbai,Semi-Furnished,Bachelors/Family,1,Contact Agent
L01280,2022-07-07,1,23000,440,Ground out of 4,Carpet Area,in Kandivali West,Mumbai,Semi-Furnished,Bachelors,1,Contact Agent
L01281,2022-05-10,3,55000,932,3 out of 8,Super Area,Ghatkopar West,Mumbai,Unfurnished,Bachelors/Family,3,Contact Owner
L01282,2022-04-27,1,15000,270,15 out of 15,Carpet Area,chakala andheri east,Mumbai,Unfurnished,Bachelors,2,Contact Owner
L01283,2022-06-30,1,52000,379,23 out of 23,Carpet Area,"Hiranandani Regent Hill, Powai",Mumbai,Semi-Furnished,Bachelors,2,Contact Agent
L01284,2022-05-26,2,13000,582,5 out of 8,Carpet Area,Lodha casa rio,Mumbai,Furnished,Family,2,Contact Owner
L01285,2022-06-28,2,95000,800,6 out of 8,Carpet Area,"Pali Hill Apartment, Pali Hill",Mumbai,Semi-Furnished,Bachelors/Family,2,Contact Agent
L01286,2022-07-06,1,25000,444,7 out of 17,Carpet Area,"Srishti Solitaire, Bhandup Industrial Estate",Mumbai,Unfurnished,Bachelors/Family,2,Contact Agent
L01287,2022-06-04,1,21000,428,12 out of 21,Carpet Area,"Godrej Tranquil, Lokhandwala Twp",Mumbai,Unfurnished,Bachelors/Family,1,Contact Agent
L01288,2022-06-27,5,360000,1880,11 out of 27,Carpet Area,"Runwal Elegante, Andheri West",Mumbai,Furnished,Family,4,Contact Agent
L01289,2022-07-06,2,60000,888,5 out of 20,Carpet Area,"Shapoorji Pallonji Vicinia, Chandivali",Mumbai,Semi-Furnished,Bachelors/Family,2,Contact Agent
L01290,2022-05-31,1,19000,490,Ground out of 8,Super Area,Bhandup East,Mumbai,Unfurnished,Bachelors/Family,1,Contact Owner
L01291,2022-06-16,3,140000,937,28 out of 39,Carpet Area,"Sheth Beaumonte, Sion Koliwada",Mumbai,Unfurnished,Family,4,Contact Agent
L01292,2022-05-13,2,30000,710,12 out of 21,Carpet Area,"Gokul Gagan, Thakur Village, Kandivali East",Mumbai,Unfurnished,Family,2,Contact Agent
L01293,2022-05-18,4,130000,1617,15 out of 58,Carpet Area,"Auris Serenity, Kanch Pada",Mumbai,Semi-Furnished,Bachelors/Family,5,Contact Agent
L01294,2022-05-24,2,80000,836,6 out of 23,Carpet Area,"TATA Falcon Crest, Parel",Mumbai,Unfurnished,Bachelors/Family,2,Contact Agent
L01295,2022-07-06,2,85000,1200,36 out of 45,Carpet Area,"Crescent Bay T3, Bhoiwada",Mumbai,Semi-Furnished,Bachelors/Family,3,Contact Agent
L01296,2022-07-07,2,65000,950,9 out of 28,Carpet Area,"Vishnu Shivam Tower, Thakur Village, Kandivali East",Mumbai,Furnished,Bachelors/Family,2,Contact Agent
L01297,2022-07-09,1,33000,460,10 out of 25,Carpet Area,"Conwood Astoria, Goregaon East",Mumbai,Semi-Furnished,Bachelors/Family,2,Contact Agent
L01298,2022-07-09,1,36000,585,10 out of 14,Super Area,"Odyssey Bhakti Park, Bhakti Park",Mumbai,Semi-Furnished,Bachelors/Family,2,Contact Agent
L01299,2022-06-12,2,22000,550,2 out of 7,Carpet Area,"Salasar Garden, Beverly Park",Mumbai,Furnished,Family,2,Contact Agent
L01300,2022-06-16,1,17000,375,9 out of 20,Carpet Area,"Royal Palms Diamond Isle Phase II, Aarey Milk Colony",Mumbai,Unfurnished,Bachelors/Family,1,Contact Agent
L01301,2022-06-03,2,55000,700,10 out of 20,Carpet Area,"Raj Legacy, Vikhroli West",Mumbai,Furnished,Bachelors/Family,2,Contact Agent
L01302,2022-07-09,2,66000,750,2 out of 8,Carpet Area,"Sundar Nagar, Kalina",Mumbai,Unfurnished,Family,2,Contact Agent
L01303,2022-07-09,4,140000,2000,6 out of 45,Carpet Area,"DB Woods, Gokuldham",Mumbai,Furnished,Family,4,Contact Agent
L01304,2022-07-06,4,260000,2046,22 out of 52,Carpet Area,"Oberoi Esquire, Goregaon East",Mumbai,Semi-Furnished,Bachelors/Family,5,Contact Agent
L01305,2022-06-28,2,32000,750,3 out of 7,Super Area,"Shree Sai Usha Complex, Bhandup West",Mumbai,Semi-Furnished,Bachelors/Family,2,Contact Owner
L01306,2022-06-27,2,45000,730,5 out of 17,Carpet Area,"Raheja Heights, Malad East",Mumbai,Unfurnished,Family,2,Contact Agent
L01307,2022-05-17,2,50000,750,10 out of 20,Carpet Area,"Hillcrest, Andheri East",Mumbai,Semi-Furnished,Bachelors/Family,2,Contact Agent
L01308,2022-04-29,1,18500,229,5 out of 9,Super Area,Vile Parle,Mumbai,Semi-Furnished,Bachelors/Family,1,Contact Owner
L01309,2022-06-29,2,51000,910,10 out of 19,Carpet Area,"Rivali Park, Borivali East",Mumbai,Unfurnished,Bachelors,2,Contact Agent
L01310,2022-06-04,4,140000,1648,21 out of 58,Carpet Area,"Sheth Auris Serinity, Malad West",Mumbai,Semi-Furnished,Bachelors/Family,5,Contact Agent
L01311,2022-07-09,3,80000,1100,48 out of 54,Carpet Area,"Alpine Shapoorji Pallonji, Thakur Village, Kandivali East",Mumbai,Unfurnished,Family,3,Contact Agent
L01312,2022-06-26,1,30000,560,2 out of 4,Carpet Area,Ghatkopar East,Mumbai,Unfurnished,Bachelors,2,Contact Agent
L01313,2022-06-30,2,85000,850,4 out of 6,Carpet Area,Andheri West,Mumbai,Unfurnished,Bachelors/Family,2,Contact Agent
L01314,2022-06-16,1,15000,450,2 out of 4,Super Area,Dahisar East,Mumbai,Unfurnished,Family,1,Contact Owner
L01315,2022-05-31,2,50000,820,7 out of 28,Carpet Area,"Raheja Heights, BMC Colony Malad East",Mumbai,Semi-Furnished,Bachelors/Family,2,Contact Agent
L01316,2022-05-31,2,60000,750,10 out of 20,Carpet Area,"Tridhaatu Bhaveshwar Vilas, Central Avenue Road",Mumbai,Unfurnished,Bachelors/Family,2,Contact Agent
L01317,2022-07-07,1,23000,410,4 out of 7,Carpet Area,"Midas Enclave CHS , Nandiadwala Colony",Mumbai,Unfurnished,Bachelors/Family,1,Contact Agent
L01318,2022-05-02,1,14500,490,12 out of 20,Carpet Area,Ketki Pada,Mumbai,Unfurnished,Bachelors/Family,2,Contact Owner
L01319,2022-06-30,2,40000,700,11 out of 15,Carpet Area,Collector Colony,Mumbai,Unfurnished,Bachelors/Family,2,Contact Agent
L01320,2022-05-31,5,650000,3000,8 out of 10,Carpet Area,Khar West,Mumbai,Semi-Furnished,Bachelors/Family,5,Contact Agent
L01321,2022-05-23,1,80000,560,1 out of 7,Carpet Area,Waterfield Road,Mumbai,Furnished,Bachelors/Family,1,Contact Agent
L01322,2022-07-07,2,55000,650,8 out of 18,Carpet Area,"White Lily Apartment, Bhandup East",Mumbai,Unfurnished,Bachelors/Family,2,Contact Agent
L01323,2022-05-31,1,12000,520,2 out of 3,Super Area,in Mira Road,Mumbai,Semi-Furnished,Bachelors/Family,1,Contact Owner
L01324,2022-07-09,2,45000,850,9 out of 12,Carpet Area,"Eco Residency, Andheri East",Mumbai,Unfurnished,Bachelors/Family,2,Contact Agent
L01325,2022-07-09,2,90000,777,19 out of 22,Carpet Area,"Hiranandani Castle Rock, Hiranandani Gardens",Mumbai,Furnished,Bachelors/Family,2,Contact Agent
L01326,2022-07-06,2,43000,771,15 out of 37,Carpet Area,"Kalpataru Crest, Bhandup West",Mumbai,Unfurnished,Bachelors/Family,2,Contact Agent
L01327,2022-07-07,1,22000,400,3 out of 7,Carpet Area,"Midas Enclave CHS , Nandiadwala Colony",Mumbai,Unfurnished,Bachelors/Family,1,Contact Agent
L01328,2022-06-26,2,20000,600,7 out of 7,Carpet Area,"Marigold-5, Beverly Park",Mumbai,Furnished,Family,2,Contact Agent
L01329,2022-07-04,1,26000,390,Upper Basement out of 7,Carpet Area,"Greenfields CHS, Andheri East",Mumbai,Semi-Furnished,Bachelors/Family,2,Contact Agent
L01330,2022-06-23,4,850000,3200,2 out of 4,Carpet Area,Breach Candy,Mumbai,Furnished,Bachelors/Family,4,Contact Agent
L01331,2022-06-27,1,34999,450,5 out of 12,Carpet Area,"HDIL Premier Residences, Kurla West",Mumbai,Furnished,Bachelors/Family,2,Contact Agent
L01332,2022-06-04,1,35000,500,7 out of 23,Super Area,Powai,Mumbai,Semi-Furnished,Bachelors/Family,2,Contact Owner
L01333,2022-05-13,1,50000,410,6 out of 12,Carpet Area,Dadar East,Mumbai,Semi-Furnished,Bachelors/Family,1,Contact Agent
L01334,2022-06-03,1,16000,160,2 out of 3,Carpet Area,Lal Baug,Mumbai,Unfurnished,Bachelors/Family,1,Contact Owner
L01335,2022-05-14,2,55000,750,10 out of 14,Carpet Area,Chandivali,Mumbai,Unfurnished,Bachelors/Family,2,Contact Agent
L01336,2022-06-02,1,39000,585,3 out of 7,Super Area,"Chanchal Kalyan Complex, Yari Road",Mumbai,Unfurnished,Family,2,Contact Agent
L01337,2022-06-16,3,100000,1300,12 out of 24,Carpet Area,"L&T Emerald Isle, Powai",Mumbai,Semi-Furnished,Family,3,Contact Agent
L01338,2022-06-10,1,25000,350,2 out of 17,Carpet Area,Ghatla,Mumbai,Furnished,Bachelors/Family,1,Contact Owner
L01339,2022-05-05,1,25000,490,3 out of 7,Super Area,Kandivali East,Mumbai,Semi-Furnished,Bachelors/Family,2,Contact Owner
L01340,2022-07-06,2,49500,650,5 out of 16,Carpet Area,Juhu Versova Link Road,Mumbai,Unfurnished,Family,2,Contact Agent
L01341,2022-06-10,1,21000,225,6 out of 24,Carpet Area,Lower Parel,Mumbai,Unfurnished,Bachelors/Family,1,Contact Owner
L01342,2022-06-20,2,110000,850,5 out of 13,Carpet Area,Pali Hill,Mumbai,Semi-Furnished,Bachelors/Family,2,Contact Agent
L01343,2022-07-07,1,21000,385,Ground out of 5,Super Area,in Santacruz East,Mumbai,Unfurnished,Bachelors/Family,1,Contact Owner
L01344,2022-07-09,2,46700,800,2 out of 7,Carpet Area,"Milap CHS, Seven Bungalows",Mumbai,Unfurnished,Family,2,Contact Agent
L01345,2022-06-22,4,400000,2500,5 out of 12,Carpet Area,Bandra West,Mumbai,Furnished,Bachelors/Family,4,Contact Agent
L01346,2022-05-14,4,280000,1526,76 out of 78,Carpet Area,"Lodha Marquise, Worli",Mumbai,Semi-Furnished,Bachelors/Family,5,Contact Agent
L01347,2022-05-27,1,18000,300,3 out of 10,Super Area,Kurla West,Mumbai,Unfurnished,Bachelors/Family,1,Contact Owner
L01348,2022-07-06,3,80000,1800,10 out of 13,Super Area,"Sabari Palm View, Chembur",Mumbai,Semi-Furnished,Bachelors/Family,3,Contact Agent
L01349,2022-06-28,2,88000,800,5 out of 20,Carpet Area,"Kanakia Paris, Bandra Kurla Complex",Mumbai,Semi-Furnished,Bachelors/Family,2,Contact Agent
L01350,2022-05-17,3,90000,890,20 out of 27,Carpet Area,"Oberoi Splendor, JVLR-Jogeshwari Vikhroli Link Road",Mumbai,Furnished,Family,2,Contact Agent
L01351,2022-05-18,2,38000,700,14 out of 23,Carpet Area,"Sky Villa, Gokuldham",Mumbai,Unfurnished,Bachelors/Family,2,Contact Agent
L01352,2022-07-07,1,20000,465,3 out of 4,Super Area,in Borivali East,Mumbai,Semi-Furnished,Bachelors,1,Contact Owner
L01353,2022-06-20,2,140000,900,8 out of 36,Carpet Area,"Marathon Next Gen Era, Lower Parel",Mumbai,Furnished,Family,2,Contact Agent
L01354,2022-05-17,3,78000,1073,8 out of 20,Carpet Area,"Raheja Ridgewood, Goregaon East",Mumbai,Semi-Furnished,Bachelors/Family,3,Contact Agent
L01355,2022-05-23,1,21000,450,4 out of 7,Super Area,Chembur,Mumbai,Unfurnished,Bachelors/Family,1,Contact Owner
L01356,2022-06-27,3,95000,1350,8 out of 16,Carpet Area,"Rajesh Raj Classic, Yari Road",Mumbai,Furnished,Bachelors/Family,3,Contact Agent
L01357,2022-06-30,2,90000,800,5 out of 8,Carpet Area,"Band Stand, Bandra Band Stand",Mumbai,Furnished,Bachelors/Family,2,Contact Agent
L01358,2022-06-04,2,34000,600,4 out of 7,Carpet Area,"Shiv Dham Apartment, Goregaon East",Mumbai,Unfurnished,Bachelors,2,Contact Agent
L01359,2022-06-30,2,55000,650,5 out of 15,Carpet Area,Sion Trombay Road,Mumbai,Unfurnished,Bachelors/Family,2,Contact Agent
L01360,2022-05-18,2,52000,550,3 out of 3,Carpet Area,Dadar East,Mumbai,Furnished,Bachelors,2,Contact Agent
L01361,2022-06-20,1,74999,840,8 out of 17,Carpet Area,"Celestia Spaces, Balkrishna Dadu Karade Chowk",Mumbai,Unfurnished,Bachelors/Family,2,Contact Agent
L01362,2022-05-18,3,75000,1121,30 out of 45,Carpet Area,"DB Woods, Gokuldham",Mumbai,Furnished,Bachelors/Family,2,Contact Agent
L01363,2022-05-26,2,45000,650,2 out of 12,Carpet Area,"Swastik Pride, Chembur East",Mumbai,Unfurnished,Bachelors/Family,2,Contact Agent
L01364,2022-06-16,1,22000,575,14 out of 14,Super Area,Kanjurmarg East,Mumbai,Unfurnished,Bachelors/Family,1,Contact Owner
L01365,2022-05-27,1,32000,475,3 out of 4,Super Area,Andheri East,Mumbai,Furnished,Bachelors/Family,1,Contact Owner
L01366,2022-06-22,2,34000,830,9 out of 21,Carpet Area,"Indraprastha CHS, Bhayandar East",Mumbai,Semi-Furnished,Bachelors/Family,2,Contact Agent
L01367,2022-05-19,3,170000,1337,28 out of 30,Carpet Area,"Oberoi Splendor Grande, Agarkar Chowk",Mumbai,Semi-Furnished,Bachelors/Family,3,Contact Agent
L01368,2022-05-13,1,23000,420,5 out of 7,Carpet Area,"Spring Leaf, Lokhandwala Twp",Mumbai,Semi-Furnished,Bachelors/Family,2,Contact Agent
L01369,2022-06-21,1,20000,310,Ground out of 7,Carpet Area,Malad West,Mumbai,Unfurnished,Bachelors,1,Contact Agent
L01370,2022-07-04,3,350000,1800,2 out of 12,Carpet Area,Khar West,Mumbai,Furnished,Family,4,Contact Agent
L01371,2022-07-06,3,90000,967,14 out of 33,Carpet Area,"Romell Aether, Goregaon East",Mumbai,Furnished,Bachelors/Family,3,Contact Agent
L01372,2022-06-30,1,55000,505,4 out of 12,Carpet Area,"Godrej The Trees, Vikhroli East",Mumbai,Semi-Furnished,Bachelors/Family,1,Contact Agent
L01373,2022-06-23,1,15000,275,3 out of 7,Super Area,Borivali East,Mumbai,Unfurnished,Bachelors/Family,1,Contact Owner
L01374,2022-07-07,2,22000,640,21 out of 21,Carpet Area,Mahajan Wadi,Mumbai,Semi-Furnished,Family,2,Contact Agent
L01375,2022-06-13,3,60000,1500,10 out of 23,Carpet Area,Film City,Mumbai,Semi-Furnished,Bachelors/Family,3,Contact Agent
L01376,2022-06-13,2,49000,850,10 out of 23,Carpet Area,"Lakshchandi Height, Goregaon East",Mumbai,Semi-Furnished,Bachelors/Family,2,Contact Agent
L01377,2022-05-20,2,34000,900,12 out of 25,Carpet Area,"Challenger Tower, Thakur Village, Kandivali East",Mumbai,Semi-Furnished,Bachelors/Family,2,Contact Agent
L01378,2022-05-18,1,24000,430,6 out of 7,Carpet Area,"Bhoomi Elegant, Thakur Complex",Mumbai,Furnished,Bachelors/Family,2,Contact Agent
L01379,2022-07-07,4,270000,1649,18 out of 29,Carpet Area,"Adani Western Heights, Andheri West",Mumbai,Semi-Furnished,Family,3,Contact Agent
L01380,2022-05-11,3,69000,1100,12 out of 24,Carpet Area,Chandivali,Mumbai,Unfurnished,Bachelors/Family,3,Contact Agent
L01381,2022-07-09,3,120000,1200,14 out of 35,Carpet Area,Worli,Mumbai,Semi-Furnished,Bachelors/Family,3,Contact Agent
L01382,2022-06-17,2,32000,680,5 out of 20,Carpet Area,"Galassia, Kandarpada",Mumbai,Unfurnished,Family,2,Contact Agent
L01383,2022-05-25,2,24000,600,5 out of 7,Carpet Area,Charkop,Mumbai,Semi-Furnished,Bachelors,2,Contact Owner
L01384,2022-06-07,4,100000,1560,12 out of 19,Carpet Area,"diamond garden, Chembur",Mumbai,Unfurnished,Bachelors/Family,4,Contact Agent
L01385,2022-05-27,5,600000,4500,7 out of 20,Carpet Area,Bandra West,Mumbai,Furnished,Bachelors,5,Contact Agent
L01386,2022-07-06,2,45000,771,20 out of 37,Carpet Area,"Kalpataru Crest, Bhandup West",Mumbai,Unfurnished,Bachelors/Family,2,Contact Agent
L01387,2022-07-09,2,80000,800,7 out of 22,Carpet Area,"Hiranandani Castle Rock, Powai",Mumbai,Semi-Furnished,Bachelors/Family,2,Contact Agent
L01388,2022-06-27,2,37000,800,5 out of 14,Super Area,"Mayuresh Srishti, Bhandup West",Mumbai,Semi-Furnished,Bachelors,2,Contact Agent
L01389,2022-06-16,3,210000,1425,9 out of 35,Carpet Area,"The Primordial House, Kemps Corner",Mumbai,Furnished,Bachelors,4,Contact Agent
L01390,2022-06-27,4,190000,1750,5 out of 17,Carpet Area,"Godrej The Trees, Pirojshah Nagar",Mumbai,Semi-Furnished,Bachelors/Family,4,Contact Agent
L01391,2022-05-27,1,25000,475,11 out of 15,Carpet Area,Ghatkopar East,Mumbai,Unfurnished,Bachelors,2,Contact Agent
L01392,2022-07-09,4,210000,2000,27 out of 27,Carpet Area,Vikhroli,Mumbai,Unfurnished,Bachelors,5,Contact Agent
L01393,2022-06-04,3,200000,1375,15 out of 60,Carpet Area,"Raheja Imperia, Worli",Mumbai,Semi-Furnished,Family,3,Contact Agent
L01394,2022-06-29,5,310000,2800,19 out of 33,Carpet Area,"MidCity Shikhar, Andheri West",Mumbai,Semi-Furnished,Bachelors/Family,5,Contact Agent
L01395,2022-05-18,1,26000,650,1 out of 3,Super Area,Srinagarchs chembur west near sankralyammandir,Mumbai,Semi-Furnished,Bachelors/Family,1,Contact Owner
L01396,2022-06-01,2,27000,600,18 out of 20,Carpet Area,"Royal Palms, Goregaon East",Mumbai,Unfurnished,Bachelors,2,Contact Agent
L01397,2022-04-29,1,26000,649,3 out of 3,Super Area,"Uttam Society, Chembur",Mumbai,Unfurnished,Bachelors/Family,1,Contact Owner
L01398,2022-06-29,2,60000,950,2 out of 8,Carpet Area,"Green Woods Chkala, Andheri East",Mumbai,Furnished,Bachelors,2,Contact Agent
L01399,2022-06-02,1,12000,225,7 out of 7,Carpet Area,Ashok Van,Mumbai,Unfurnished,Family,1,Contact Owner
L01400,2022-06-22,2,180000,1000,6 out of 10,Carpet Area,Malabar Hill,Mumbai,Furnished,Bachelors/Family,2,Contact Agent
L01401,2022-07-09,1,30000,330,13 out of 40,Carpet Area,Malad East,Mumbai,Furnished,Family,1,Contact Agent
L01402,2022-06-25,3,100000,1200,8 out of 14,Carpet Area,Khar West,Mumbai,Furnished,Bachelors/Family,3,Contact Agent
L01403,2022-06-23,3,140000,1270,15 out of 60,Carpet Area,"Lodha Azzuro , Parel",Mumbai,Semi-Furnished,Bachelors,3,Contact Agent
L01404,2022-05-17,3,70000,920,14 out of 21,Carpet Area,"Safal Twins, Chembur",Mumbai,Unfurnished,Bachelors/Family,3,Contact Agent
L01405,2022-05-26,2,20000,630,4 out of 22,Carpet Area,"SK Imperial Heights, Mira Road East",Mumbai,Unfurnished,Family,2,Contact Agent
L01406,2022-05-28,2,22000,670,4 out of 12,Carpet Area,"Prathamesh Heritage, Beverly Park",Mumbai,Furnished,Family,2,Contact Agent
L01407,2022-06-04,1,32000,450,1 out of 5,Super Area,Andheri West,Mumbai,Furnished,Bachelors/Family,1,Contact Owner
L01408,2022-04-28,1,20000,265,6 out of 7,Super Area,Mazgaon,Mumbai,Unfurnished,Bachelors/Family,1,Contact Owner
L01409,2022-07-06,2,50000,600,9 out of 11,Carpet Area,"K Raheja Maple Leaf, Powai",Mumbai,Semi-Furnished,Bachelors/Family,2,Contact Agent
L01410,2022-07-04,2,29000,670,7 out of 7,Carpet Area,Amar Nagar,Mumbai,Unfurnished,Family,2,Contact Owner
L01411,2022-07-06,2,45000,650,10 out of 18,Carpet Area,Chandivali,Mumbai,Semi-Furnished,Bachelors/Family,2,Contact Agent
L01412,2022-06-02,1,6500,422,9 out of 15,Carpet Area,Nalasopara West,Mumbai,Semi-Furnished,Family,2,Contact Agent
L01413,2022-06-12,2,55000,955,8 out of 22,Carpet Area,"MJ Shah Centrio, Chembur",Mumbai,Unfurnished,Bachelors/Family,2,Contact Agent
L01414,2022-06-27,3,69999,1100,6 out of 13,Carpet Area,Kurla,Mumbai,Furnished,Bachelors/Family,3,Contact Agent
L01415,2022-05-08,1,18500,300,3 out of 4,Carpet Area,JL Tambe Nagar,Mumbai,Unfurnished,Bachelors,1,Contact Owner
L01416,2022-06-30,2,50000,900,5 out of 17,Carpet Area,"Dheeraj Valley Tower, Goregaon East",Mumbai,Semi-Furnished,Bachelors/Family,2,Contact Owner
L01417,2022-06-28,2,45000,785,2 out of 7,Carpet Area,Chakala,Mumbai,Unfurnished,Bachelors,2,Contact Agent
L01418,2022-06-03,3,85000,1350,20 out of 31,Carpet Area,"HDIL Metropolis, 4 Bunglows",Mumbai,Furnished,Family,3,Contact Agent
L01419,2022-06-06,2,85000,900,27 out of 45,Carpet Area,"Ruparel Ariana, Parel",Mumbai,Semi-Furnished,Bachelors/Family,2,Contact Agent
L01420,2022-06-27,1,25000,400,18 out of 23,Carpet Area,Worli,Mumbai,Unfurnished,Bachelors,1,Contact Agent
L01421,2022-05-27,2,75000,800,19 out of 20,Carpet Area,"Sethia Grandeur, Bandra East",Mumbai,Semi-Furnished,Bachelors,3,Contact Agent
L01422,2022-07-09,2,190000,895,32 out of 46,Carpet Area,"Indiabulls Blu, Worli",Mumbai,Semi-Furnished,Bachelors/Family,2,Contact Agent
L01423,2022-06-27,1,20000,625,10 out of 12,Super Area,Dahisar East,Mumbai,Semi-Furnished,Bachelors/Family,1,Contact Owner
L01424,2022-06-23,2,30000,720,5 out of 14,Carpet Area,"Samarth Garden, Bhandup West",Mumbai,Semi-Furnished,Bachelors/Family,2,Contact Agent
L01425,2022-07-04,2,75000,750,4 out of 13,Carpet Area,"Utkarsh CHS, Prabhadevi",Mumbai,Furnished,Bachelors/Family,2,Contact Agent
L01426,2022-06-08,3,350000,1663,19 out of 85,Carpet Area,"Indiabulls Blu, Worli Naka Acharaya Atre Chowk",Mumbai,Semi-Furnished,Bachelors/Family,2,Contact Agent
L01427,2022-07-06,2,70000,660,Ground out of 6,Carpet Area,Azad Nagar Colaba,Mumbai,Semi-Furnished,Bachelors/Family,2,Contact Agent
L01428,2022-06-30,2,32000,700,Ground out of 7,Carpet Area,"MUKTA MAHEK, Thakur Complex",Mumbai,Furnished,Bachelors/Family,2,Contact Agent
L01429,2022-06-23,1,22000,377,3 out of 23,Super Area,"Srishti Elegance, Bhandup West",Mumbai,Unfurnished,Bachelors/Family,2,Contact Owner
L01430,2022-06-04,2,35000,650,5 out of 6,Carpet Area,Thakur Complex,Mumbai,Semi-Furnished,Family,2,Contact Agent
L01431,2022-05-31,2,47000,650,5 out of 7,Carpet Area,"117 Residency, Chembur East",Mumbai,Unfurnished,Bachelors/Family,2,Contact Agent
L01432,2022-07-09,4,400000,2080,34 out of 46,Carpet Area,"Indiabulls Blu, Worli",Mumbai,Semi-Furnished,Bachelors/Family,5,Contact Agent
L01433,2022-06-08,2,31000,700,2 out of 8,Super Area,"Sai Aasha Daya, Mulund East",Mumbai,Semi-Furnished,Bachelors/Family,2,Contact Owner
L01434,2022-05-12,1,60000,430,1 out of 7,Carpet Area,Bandra West,Mumbai,Furnished,Bachelors/Family,1,Contact Agent
L01435,2022-06-16,2,58000,650,15 out of 24,Carpet Area,"L&T Emerald Isle, Powai",Mumbai,Unfurnished,Family,2,Contact Agent
L01436,2022-06-14,3,85000,890,4 out of 27,Carpet Area,"Oberoi Splendor, JVLR-Jogeshwari Vikhroli Link Road",Mumbai,Furnished,Bachelors/Family,2,Contact Agent
L01437,2022-07-09,2,45000,965,19 out of 27,Super Area,Bhakti Park,Mumbai,Unfurnished,Bachelors/Family,2,Contact Agent
L01438,2022-07-02,1,7500,630,3 out of 12,Super Area,"Sumit Greendale, Chikhal Dongari",Mumbai,Semi-Furnished,Bachelors/Family,2,Contact Agent
L01439,2022-05-14,4,250000,2100,35 out of 60,Carpet Area,"Bombay Dyeing Two ICC, Dadar East",Mumbai,Semi-Furnished,Bachelors/Family,4,Contact Agent
L01440,2022-07-09,3,150000,1100,9 out of 16,Carpet Area,"Badrinath Tower, Amit Nagar",Mumbai,Furnished,Family,3,Contact Agent
L01441,2022-06-29,2,80000,730,4 out of 6,Carpet Area,Perry Rd,Mumbai,Semi-Furnished,Bachelors/Family,2,Contact Owner
L01442,2022-05-18,3,75000,1380,9 out of 22,Carpet Area,"Thakur Jewel, Thakur Village, Kandivali East",Mumbai,Semi-Furnished,Bachelors/Family,3,Contact Agent
L01443,2022-06-17,3,66000,1100,17 out of 22,Carpet Area,"Shapoorji Pallonji Vicinia, Chandivali",Mumbai,Semi-Furnished,Bachelors/Family,3,Contact Agent
L01444,2022-07-09,1,45000,450,5 out of 7,Carpet Area,Mahim West,Mumbai,Semi-Furnished,Bachelors,1,Contact Agent
L01445,2022-07-04,1,22000,500,3 out of 4,Super Area,"Madhugiri Society, Chembur",Mumbai,Unfurnished,Bachelors/Family,1,Contact Owner
L01446,2022-07-09,3,65000,1100,9 out of 20,Carpet Area,"Raheja Heights, Malad East",Mumbai,Semi-Furnished,Bachelors,3,Contact Agent
L01447,2022-05-25,3,55000,868,9 out of 21,Carpet Area,"Orchid Suburbia, Bander Pakhadi",Mumbai,Unfurnished,Family,3,Contact Agent
L01448,2022-06-18,2,55000,750,6 out of 15,Carpet Area,"Omkar Meridia, Bandra Kurla Complex",Mumbai,Semi-Furnished,Bachelors/Family,2,Contact Agent
L01449,2022-04-28,1,36000,540,2 out of 3,Super Area,in Mahim West,Mumbai,Unfurnished,Bachelors/Family,2,Contact Owner
L01450,2022-06-16,4,230000,2100,21 out of 33,Carpet Area,"Hiranandani Gardens Odyssey I, Hiranandani Gardens",Mumbai,Furnished,Family,5,Contact Agent
L01451,2022-07-06,1,22000,450,4 out of 7,Carpet Area,Charkop Sector 6,Mumbai,Semi-Furnished,Family,2,Contact Agent
L01452,2022-05-31,3,170000,1600,25 out of 52,Carpet Area,"Crescent Bay Callisto, Parel",Mumbai,Semi-Furnished,Family,4,Contact Agent
L01453,2022-04-28,1,34000,560,3 out of 7,Super Area,Serenity Complex,Mumbai,Semi-Furnished,Bachelors,2,Contact Owner
L01454,2022-06-02,1,45000,500,2 out of 3,Carpet Area,"Irla, Vile Parle West",Mumbai,Unfurnished,Bachelors,1,Contact Agent
L01455,2022-05-23,1,14000,305,2 out of 24,Carpet Area,Kandivali West,Mumbai,Unfurnished,Bachelors/Family,1,Contact Agent
L01456,2022-06-09,3,75000,970,1 out of 3,Carpet Area,"Paras Building, Sion East",Mumbai,Furnished,Bachelors/Family,2,Contact Owner
L01457,2022-06-04,1,7000,480,4 out of 4,Carpet Area,Taloja Phase 2,Mumbai,Unfurnished,Bachelors/Family,1,Contact Owner
L01458,2022-05-31,2,55000,720,1 out of 6,Carpet Area,"diamond garden, Chembur East",Mumbai,Semi-Furnished,Bachelors/Family,2,Contact Agent
L01459,2022-07-09,2,55000,950,7 out of 10,Carpet Area,"Valentine Apartments, Gokuldham",Mumbai,Semi-Furnished,Family,2,Contact Agent
L01460,2022-06-27,4,700000,3200,24 out of 24,Carpet Area,"Lady Ratan Tower, Worli",Mumbai,Furnished,Bachelors/Family,4,Contact Agent
L01461,2022-06-16,3,140000,1450,18 out of 33,Carpet Area,"Hiranandani Gardens Torino, Hiranandani Gardens",Mumbai,Furnished,Family,3,Contact Agent
L01462,2022-06-23,2,42000,774,10 out of 20,Carpet Area,"Lokhandwala Octacrest, Lokhandwala Twp",Mumbai,Semi-Furnished,Family,2,Contact Agent
L01463,2022-06-23,1,27000,450,2 out of 3,Super Area,Andheri West,Mumbai,Unfurnished,Family,1,Contact Agent
L01464,2022-06-09,3,60000,1000,1 out of 10,Carpet Area,Malad West,Mumbai,Semi-Furnished,Bachelors,3,Contact Agent
L01465,2022-06-23,1,17000,340,1 out of 8,Super Area,Goregaon East,Mumbai,Semi-Furnished,Bachelors/Family,1,Contact Owner
L01466,2022-05-26,1,30000,430,14 out of 23,Carpet Area,"Sindhi Society, Chembur",Mumbai,Semi-Furnished,Bachelors/Family,2,Contact Agent
L01467,2022-05-31,2,45000,722,4 out of 7,Carpet Area,"Alpine Apartments, Chembur East",Mumbai,Unfurnished,Bachelors/Family,2,Contact Agent
L01468,2022-06-25,3,90000,1152,12 out of 21,Carpet Area,"Kabra Metro One, Seven Bungalows",Mumbai,Furnished,Bachelors/Family,2,Contact Agent
L01469,2022-04-28,1,25000,641,3 out of 8,Super Area,Borivali West,Mumbai,Unfurnished,Bachelors/Family,1,Contact Owner
L01470,2022-06-14,2,70000,810,4 out of 11,Carpet Area,"Vintage Pearl Apartment, Bandra West",Mumbai,Furnished,Bachelors/Family,2,Contact Agent
L01471,2022-06-04,2,90000,800,5 out of 6,Carpet Area,Vile Parle West,Mumbai,Furnished,Family,2,Contact Agent
L01472,2022-07-07,2,110000,875,12 out of 14,Carpet Area,Bandra West,Mumbai,Unfurnished,Bachelors/Family,2,Contact Agent
L01473,2022-05-04,2,20000,700,8 out of 22,Super Area,"Man Opus, Mira Road",Mumbai,Unfurnished,Family,2,Contact Owner
L01474,2022-06-15,1,35000,420,Ground out of 3,Super Area,in Andheri West,Mumbai,Semi-Furnished,Bachelors/Family,1,Contact Owner
L01475,2022-06-23,3,80000,1400,1 out of 2,Carpet Area,Ghatkopar,Mumbai,Furnished,Bachelors/Family,3,Contact Owner
L01476,2022-05-13,2,54500,758,12 out of 24,Carpet Area,"L&T Emerald Isle, Chandivali",Mumbai,Semi-Furnished,Bachelors/Family,2,Contact Agent
L01477,2022-06-07,4,350000,2880,45 out of 60,Carpet Area,"Lodha World Crest, Lower Parel",Mumbai,Unfurnished,Bachelors,5,Contact Agent
L01478,2022-06-20,1,45000,480,7 out of 7,Carpet Area,Seven Bungalows,Mumbai,Furnished,Bachelors/Family,2,Contact Agent
L01479,2022-06-17,1,38000,550,6 out of 10,Carpet Area,Sion East,Mumbai,Unfurnished,Bachelors,2,Contact Agent
L01480,2022-07-07,2,90000,900,60 out of 71,Carpet Area,"Lodha Venezia, Parel",Mumbai,Semi-Furnished,Bachelors,2,Contact Agent
L01481,2022-05-27,1,22000,400,8 out of 22,Super Area,Bhoiwada,Mumbai,Unfurnished,Bachelors/Family,1,Contact Owner
L01482,2022-07-09,2,70000,760,9 out of 22,Carpet Area,"L&T Emerald Isle, Powai",Mumbai,Semi-Furnished,Bachelors/Family,2,Contact Agent
L01483,2022-06-07,4,380000,2800,36 out of 81,Carpet Area,"World One Tower Mumbai, Worli",Mumbai,Unfurnished,Bachelors,5,Contact Agent
L01484,2022-06-20,1,50000,400,10 out of 22,Carpet Area,"Hiranandani Regent Hill, Hiranandani Gardens",Mumbai,Semi-Furnished,Bachelors/Family,1,Contact Agent
L01485,2022-07-07,4,680000,1962,18 out of 20,Carpet Area,Khar West,Mumbai,Semi-Furnished,Bachelors/Family,5,Contact Agent
L01486,2022-07-09,3,140000,1100,6 out of 12,Carpet Area,Waterfield Road,Mumbai,Semi-Furnished,Bachelors/Family,3,Contact Agent
L01487,2022-05-27,2,40000,800,1 out of 3,Super Area,in Borivali West,Mumbai,Semi-Furnished,Bachelors/Family,2,Contact Owner
L01488,2022-07-07,2,32000,590,7 out of 12,Carpet Area,"Saaga Mrunali CHS, Shantivan",Mumbai,Unfurnished,Family,2,Contact Agent
L01489,2022-07-06,2,78000,600,14 out of 22,Carpet Area,Andheri West,Mumbai,Semi-Furnished,Bachelors/Family,2,Contact Agent
L01490,2022-05-25,4,280000,2500,24 out of 60,Carpet Area,"Bombay Dyeing Two ICC, Dadar TT Circle",Mumbai,Semi-Furnished,Bachelors/Family,6,Contact Agent
L01491,2022-07-06,2,45000,670,17 out of 22,Carpet Area,Chembur,Mumbai,Unfurnished,Bachelors/Family,2,Contact Agent
L01492,2022-06-09,2,65000,960,16 out of 38,Carpet Area,"Dosti Ambrosia, Wadala East",Mumbai,Semi-Furnished,Bachelors/Family,2,Contact Agent
L01493,2022-06-21,2,65000,1500,4 out of 4,Super Area,in Sion,Mumbai,Semi-Furnished,Bachelors/Family,3,Contact Owner
L01494,2022-06-08,1,35000,500,1 out of 5,Super Area,Ghatkopar West,Mumbai,Semi-Furnished,Bachelors/Family,1,Contact Owner
L01495,2022-05-28,3,90000,1120,8 out of 45,Carpet Area,"DB Woods, Gokuldham",Mumbai,Furnished,Family,2,Contact Agent
L01496,2022-05-27,4,250000,2729,20 out of 27,Carpet Area,"L&T Emerald Isle, Powai",Mumbai,Semi-Furnished,Bachelors,5,Contact Agent
L01497,2022-06-30,3,70000,3354,Ground out of 16,Carpet Area,Talagatta Pura,Bangalore,Furnished,Bachelors/Family,3,Contact Agent
L01498,2022-06-23,2,10500,800,3 out of 4,Super Area,Nagappa Reddy layout-Dooravani Nagar,Bangalore,Semi-Furnished,Bachelors/Family,2,Contact Owner
L01499,2022-07-04,2,13000,1000,Ground out of 4,Super Area,"Kattigenahalli, Bellary Road",Bangalore,Semi-Furnished,Bachelors/Family,2,Contact Owner
L01500,2022-06-04,2,17000,1040,4 out of 4,Super Area,C V Raman Nagar,Bangalore,Furnished,Bachelors/Family,2,Contact Owner
L01501,2022-06-04,3,21000,1403,1 out of 4,Super Area,"Chikkalasandra, Bangalore",Bangalore,Semi-Furnished,Bachelors/Family,3,Contact Owner
L01502,2022-06-04,2,10000,600,3 out of 4,Super Area,Talaghattapura,Bangalore,Furnished,Bachelors/Family,1,Contact Owner
L01503,2022-07-09,4,61500,2608,1 out of 4,Carpet Area,Malleshwaram,Bangalore,Semi-Furnished,Bachelors,3,Contact Agent
L01504,2022-05-11,2,13000,850,1 out of 3,Carpet Area,"Ramaiah Layout, Kacharakanahalli",Bangalore,Semi-Furnished,Family,2,Contact Agent
L01505,2022-06-04,1,7500,400,1 out of 2,Super Area,Rajajinagar,Bangalore,Unfurnished,Bachelors/Family,1,Contact Owner
L01506,2022-06-04,2,17000,1000,3 out of 4,Super Area,Padmanabha Nagar,Bangalore,Semi-Furnished,Bachelors/Family,2,Contact Owner
L01507,2022-06-23,3,25000,1350,5 out of 14,Carpet Area,Kengeri Main Road,Bangalore,Semi-Furnished,Bachelors,3,Contact Owner
L01508,2022-05-10,2,10500,800,1 out of 2,Carpet Area,Ramamurthy Nagar,Bangalore,Semi-Furnished,Bachelors/Family,2,Contact Owner
L01509,2022-05-04,1,8000,350,3 out of 3,Super Area,Thanisandra,Bangalore,Semi-Furnished,Bachelors/Family,1,Contact Owner
L01510,2022-05-10,1,9500,900,Ground out of 2,Super Area,J P Nagar,Bangalore,Semi-Furnished,Bachelors/Family,1,Contact Owner
L01511,2022-07-06,3,50000,2000,1 out of 2,Carpet Area,Bannerghatta Main Road,Bangalore,Semi-Furnished,Bachelors/Family,3,Contact Agent
L01512,2022-05-09,2,13000,700,1 out of 4,Super Area,"Vinayakanagar, Hebbal",Bangalore,Semi-Furnished,Bachelors/Family,2,Contact Owner
L01513,2022-05-20,1,13500,600,1 out of 4,Super Area,venkatapuram,Bangalore,Semi-Furnished,Bachelors/Family,1,Contact Owner
L01514,2022-06-16,2,13000,700,Ground out of 1,Carpet Area,"Vv Nagar, Bikasipura",Bangalore,Semi-Furnished,Bachelors/Family,1,Contact Owner
L01515,2022-06-02,1,15000,600,2 out of 4,Super Area,C V Raman Nagar,Bangalore,Semi-Furnished,Bachelors,1,Contact Agent
L01516,2022-05-10,2,15000,1400,Ground out of 1,Super Area,Ramamurthy Nagar,Bangalore,Furnished,Bachelors/Family,3,Contact Owner
L01517,2022-05-10,1,7000,600,Ground out of 3,Super Area,Kacharakanahalli,Bangalore,Unfurnished,Bachelors/Family,1,Contact Owner
L01518,2022-05-10,2,25000,770,8 out of 32,Super Area,Tumkur Road,Bangalore,Furnished,Bachelors/Family,2,Contact Owner
L01519,2022-06-25,2,17000,900,1 out of 2,Carpet Area,Babusahib Palya,Bangalore,Semi-Furnished,Family,2,Contact Owner
L01520,2022-06-23,1,7500,500,Ground out of 3,Super Area,"Kumaraswamy Layout, Kumaraswamy Layout",Bangalore,Furnished,Bachelors/Family,1,Contact Owner
L01521,2022-05-27,2,15000,1100,1 out of 2,Super Area,Nri Layout,Bangalore,Unfurnished,Bachelors/Family,2,Contact Owner
L01522,2022-06-27,1,7500,500,1 out of 2,Super Area,"Balaji Layout -Hongasandra, Hongasandra",Bangalore,Semi-Furnished,Bachelors/Family,1,Contact Owner
L01523,2022-04-28,3,25000,1260,Ground out of 2,Super Area,Vijaya Bank Layout,Bangalore,Furnished,Bachelors/Family,3,Contact Owner
L01524,2022-06-30,3,54000,1750,2 out of 4,Carpet Area,"Jaya Nagar Block 1, Jayanagar",Bangalore,Semi-Furnished,Bachelors/Family,3,Contact Agent
L01525,2022-05-24,1,14500,600,1 out of 3,Carpet Area,Maruthi Sevanagar,Bangalore,Semi-Furnished,Bachelors,1,Contact Agent
L01526,2022-06-20,1,4500,450,Ground out of 3,Super Area,Nelamangala,Bangalore,Semi-Furnished,Bachelors/Family,1,Contact Owner
L01527,2022-06-27,2,10500,800,3 out of 4,Super Area,Yelahanka New Town,Bangalore,Semi-Furnished,Bachelors/Family,1,Contact Owner
L01528,2022-05-27,1,5500,400,Ground out of 2,Super Area,Hongasandra,Bangalore,Unfurnished,Bachelors/Family,1,Contact Owner
L01529,2022-06-13,2,16000,600,1 out of 2,Carpet Area,Girinagar,Bangalore,Unfurnished,Bachelors,2,Contact Owner
L01530,2022-06-04,1,7000,400,Ground out of 2,Super Area,T Dasarahalli,Bangalore,Unfurnished,Bachelors/Family,1,Contact Owner
L01531,2022-06-20,2,12500,900,Ground out of 3,Super Area,Ramamurthy Nagar,Bangalore,Furnished,Bachelors/Family,2,Contact Owner
L01532,2022-06-08,2,10000,1200,Ground out of 4,Super Area,Jogupalya,Bangalore,Semi-Furnished,Bachelors/Family,1,Contact Owner
L01533,2022-05-04,2,18000,1045,1 out of 2,Carpet Area,Maruthi Sevanagar,Bangalore,Semi-Furnished,Bachelors,2,Contact Owner
L01534,2022-05-02,3,28000,1021,10 out of 10,Carpet Area,"Balaji Gardens Layout, Gottigere",Bangalore,Furnished,Bachelors,3,Contact Owner
L01535,2022-06-17,3,12000,1200,Ground out of 4,Super Area,in Bannerghatta Road,Bangalore,Unfurnished,Bachelors/Family,2,Contact Owner
L01536,2022-05-23,2,13000,1000,1 out of 3,Carpet Area,"Electronic City Phase 2, Electronic City",Bangalore,Unfurnished,Bachelors/Family,1,Contact Owner
L01537,2022-05-18,2,50000,1280,2 out of 12,Carpet Area,Hebbal,Bangalore,Furnished,Bachelors/Family,2,Contact Agent
L01538,2022-06-21,1,7000,450,1 out of 2,Carpet Area,Jalahalli East,Bangalore,Semi-Furnished,Bachelors/Family,1,Contact Owner
L01539,2022-06-14,2,30000,450,2 out of 3,Super Area,"Garebhavipalya, Hongasandra, Hosur Road",Bangalore,Unfurnished,Bachelors/Family,2,Contact Owner
L01540,2022-06-08,1,10000,600,3 out of 4,Super Area,Btm Layout Stage 4,Bangalore,Semi-Furnished,Bachelors/Family,2,Contact Owner
L01541,2022-05-04,2,15000,800,2 out of 3,Super Area,Konanakunte,Bangalore,Semi-Furnished,Bachelors/Family,2,Contact Owner
L01542,2022-06-04,1,7500,500,2 out of 4,Super Area,Basaveshwar Nagar,Bangalore,Unfurnished,Bachelors/Family,1,Contact Owner
L01543,2022-07-06,3,45000,1680,7 out of 19,Super Area,"Jp Nagar Phase 7, J P Nagar",Bangalore,Semi-Furnished,Bachelors/Family,3,Contact Agent
L01544,2022-07-06,3,65000,2000,23 out of 40,Carpet Area,Hebbal,Bangalore,Semi-Furnished,Bachelors,3,Contact Agent
L01545,2022-07-06,1,12000,500,1 out of 4,Carpet Area,Koramangala Block 4,Bangalore,Semi-Furnished,Bachelors,1,Contact Agent
L01546,2022-07-06,1,7000,500,2 out of 2,Carpet Area,"Aecs Layout-Singasandra, Singasandra, Hosur Road",Bangalore,Semi-Furnished,Bachelors,1,Contact Owner
L01547,2022-06-20,1,9000,800,2 out of 3,Super Area,Mahadevapura,Bangalore,Unfurnished,Bachelors/Family,1,Contact Owner
L01548,2022-06-20,2,23000,1100,2 out of 3,Super Area,Banaswadi,Bangalore,Semi-Furnished,Family,2,Contact Owner
L01549,2022-06-20,2,30000,1200,3 out of 4,Super Area,"Kalasipalyam, Kalasipalyam",Bangalore,Semi-Furnished,Bachelors/Family,2,Contact Owner
L01550,2022-05-27,1,8000,500,2 out of 3,Carpet Area,"Tilak Nagar, Jayanagar, bannerghatta main Road",Bangalore,Unfurnished,Bachelors/Family,1,Contact Owner
L01551,2022-06-12,2,16000,1155,3 out of 4,Super Area,K R Puram,Bangalore,Semi-Furnished,Family,2,Contact Owner
L01552,2022-06-21,1,7500,440,3 out of 4,Super Area,Electronic City,Bangalore,Semi-Furnished,Bachelors/Family,1,Contact Owner
L01553,2022-05-18,2,20000,1040,1 out of 7,Carpet Area,Sarjapur Road,Bangalore,Semi-Furnished,Bachelors/Family,2,Contact Agent
L01554,2022-05-27,4,110000,2900,7 out of 18,Carpet Area,whitefield,Bangalore,Furnished,Bachelors,4,Contact Agent
L01555,2022-07-07,3,30000,1200,1 out of 2,Super Area,Nagondanahalli,Bangalore,Semi-Furnished,Bachelors/Family,2,Contact Owner
L01556,2022-06-30,3,20000,1600,2 out of 3,Super Area,"Isro Layout, Kumaraswamy Layout",Bangalore,Semi-Furnished,Family,3,Contact Agent
L01557,2022-05-11,4,84000,3150,8 out of 19,Carpet Area,Banashankari,Bangalore,Unfurnished,Bachelors,4,Contact Owner
L01558,2022-06-08,2,17000,1000,2 out of 4,Super Area,JAR Shikara,Bangalore,Semi-Furnished,Bachelors/Family,2,Contact Owner
L01559,2022-07-04,2,15000,1200,1 out of 2,Super Area,Medahalli,Bangalore,Semi-Furnished,Bachelors/Family,2,Contact Owner
L01560,2022-05-26,1,6000,400,4 out of 5,Super Area,"Electronic City Phase 2, Electronic City",Bangalore,Semi-Furnished,Bachelors/Family,1,Contact Owner
L01561,2022-06-16,2,16000,950,1 out of 1,Carpet Area,Ramamurthy Nagar,Bangalore,Furnished,Bachelors/Family,3,Contact Owner
L01562,2022-06-07,2,9500,530,1 out of 3,Carpet Area,Byatarayanapura,Bangalore,Semi-Furnished,Bachelors/Family,1,Contact Owner
L01563,2022-06-16,1,8000,300,Ground out of 2,Carpet Area,"Udayanagar Extension, Mahadevapura",Bangalore,Unfurnished,Bachelors/Family,1,Contact Owner
L01564,2022-06-22,2,15000,1000,Ground out of 3,Super Area,"Dwarka Nagar, Kattigenahalli",Bangalore,Semi-Furnished,Bachelors/Family,2,Contact Owner
L01565,2022-05-23,1,12000,450,3 out of 3,Super Area,Btm Layout,Bangalore,Unfurnished,Bachelors/Family,1,Contact Owner
L01566,2022-06-06,1,10000,600,Ground out of 1,Carpet Area,"Jeevan Bima Nagar, Airport Road",Bangalore,Semi-Furnished,Bachelors,1,Contact Owner
L01567,2022-06-23,2,16000,1100,2 out of 4,Super Area,"Jaya Nagar Block 7, Jayanagar",Bangalore,Unfurnished,Bachelors/Family,2,Contact Owner
L01568,2022-06-30,1,11000,400,1 out of 4,Super Area,Chamrajpet,Bangalore,Unfurnished,Bachelors/Family,1,Contact Owner
L01569,2022-06-30,2,11000,700,1 out of 2,Super Area,"Hosa Road, off Hosur Road",Bangalore,Unfurnished,Bachelors/Family,2,Contact Owner
L01570,2022-07-04,2,20000,1105,1 out of 4,Super Area,"Electronics City Phase 1, Electronic City",Bangalore,Semi-Furnished,Bachelors/Family,2,Contact Owner
L01571,2022-07-04,3,24000,1430,3 out of 4,Super Area,Subramanyapura,Bangalore,Semi-Furnished,Bachelors/Family,2,Contact Owner
L01572,2022-06-20,2,14500,850,2 out of 4,Super Area,K R Puram,Bangalore,Semi-Furnished,Bachelors/Family,2,Contact Owner
L01573,2022-05-23,1,4000,650,1 out of 2,Super Area,Byatarayanapura,Bangalore,Unfurnished,Bachelors/Family,1,Contact Owner
L01574,2022-05-23,2,12000,1200,Ground out of 2,Super Area,Kempapura Agrahara,Bangalore,Unfurnished,Bachelors/Family,2,Contact Owner
L01575,2022-07-04,2,8500,600,1 out of 3,Super Area,Vijayanagar,Bangalore,Unfurnished,Bachelors/Family,2,Contact Owner
L01576,2022-06-26,1,9000,400,2 out of 4,Carpet Area,Munnekollal,Bangalore,Semi-Furnished,Bachelors/Family,1,Contact Owner
L01577,2022-05-27,4,180000,2800,Ground out of 4,Carpet Area,"Sarakki Nagar, J P Nagar",Bangalore,Furnished,Family,4,Contact Agent
L01578,2022-05-06,2,10500,1100,Ground out of 1,Super Area,"Ananda Puram, Jeevan Bima Nagar",Bangalore,Semi-Furnished,Bachelors/Family,2,Contact Owner
L01579,2022-05-29,2,12000,900,1 out of 5,Super Area,"Electronic City Phase 2, Electronic City",Bangalore,Unfurnished,Bachelors,2,Contact Owner
L01580,2022-06-12,3,32000,1300,2 out of 4,Super Area,"Hrbr Layout, Kalyan Nagar, Outer Ring Road",Bangalore,Semi-Furnished,Bachelors/Family,2,Contact Owner
L01581,2022-05-25,2,15000,1000,Ground out of 1,Super Area,Horamavu kelkkeri road,Bangalore,Semi-Furnished,Bachelors/Family,3,Contact Owner
L01582,2022-06-24,3,21000,1000,1 out of 2,Carpet Area,"Vishweshwaraiah Layout, Annapurneshwari Nagar",Bangalore,Furnished,Bachelors/Family,3,Contact Owner
L01583,2022-06-06,2,12000,900,Ground out of 1,Carpet Area,Babusapalya,Bangalore,Unfurnished,Bachelors/Family,2,Contact Agent
L01584,2022-06-06,1,7000,800,1 out of 1,Carpet Area,Babusapalya,Bangalore,Unfurnished,Bachelors/Family,1,Contact Agent
L01585,2022-05-12,2,15000,750,1 out of 3,Super Area,Hutchins Road,Bangalore,Unfurnished,Bachelors/Family,2,Contact Owner
L01586,2022-05-10,2,11400,1100,2 out of 5,Carpet Area,Nisarga capital appartment,Bangalore,Unfurnished,Bachelors,2,Contact Owner
L01587,2022-04-28,2,15000,1200,1 out of 3,Super Area,"Jp Nagar Phase 1, J P Nagar",Bangalore,Semi-Furnished,Bachelors/Family,2,Contact Owner
L01588,2022-06-20,2,19000,1000,Ground out of 2,Carpet Area,"Rbi Layout, J P Nagar",Bangalore,Semi-Furnished,Bachelors/Family,2,Contact Agent
L01589,2022-07-04,2,27000,1000,4 out of 4,Carpet Area,"Hbr Layout Block 4, HBR Layout",Bangalore,Semi-Furnished,Bachelors,2,Contact Agent
L01590,2022-05-18,3,48000,2000,2 out of 4,Carpet Area,Frazer Town,Bangalore,Semi-Furnished,Bachelors/Family,3,Contact Agent
L01591,2022-06-04,1,7000,550,1 out of 3,Super Area,Chikkalasandra,Bangalore,Semi-Furnished,Bachelors/Family,1,Contact Owner
L01592,2022-06-12,2,15000,1130,Ground out of 4,Super Area,whitefield,Bangalore,Unfurnished,Family,2,Contact Owner
L01593,2022-06-27,2,10000,600,Ground out of 1,Super Area,Abbigere,Bangalore,Semi-Furnished,Bachelors/Family,2,Contact Owner
L01594,2022-05-16,1,7000,100,1 out of 2,Carpet Area,Chikkabanavara,Bangalore,Semi-Furnished,Bachelors/Family,1,Contact Owner
L01595,2022-06-20,2,9000,500,2 out of 5,Super Area,"Meenakshi Layout, Kengeri",Bangalore,Semi-Furnished,Bachelors/Family,1,Contact Owner
L01596,2022-05-10,1,8000,600,Ground out of 3,Super Area,Rajajinagar,Bangalore,Unfurnished,Bachelors/Family,1,Contact Owner
L01597,2022-05-31,2,35000,1200,1 out of 5,Carpet Area,Mahatma Gandhi Road,Bangalore,Semi-Furnished,Bachelors,2,Contact Agent
L01598,2022-05-31,2,16000,850,1 out of 2,Super Area,Bilekahalli,Bangalore,Semi-Furnished,Bachelors/Family,2,Contact Owner
L01599,2022-05-27,1,4500,600,1 out of 4,Super Area,Madanayakahalli,Bangalore,Unfurnished,Bachelors/Family,1,Contact Owner
L01600,2022-05-23,2,16000,600,1 out of 3,Super Area,Sivanchetti Gardens,Bangalore,Unfurnished,Bachelors/Family,1,Contact Owner
L01601,2022-06-23,2,10000,700,1 out of 4,Super Area,Nagavara,Bangalore,Semi-Furnished,Bachelors/Family,1,Contact Owner
L01602,2022-06-20,1,8000,400,1 out of 1,Carpet Area,Hebbal,Bangalore,Unfurnished,Bachelors/Family,1,Contact Owner
L01603,2022-05-23,1,6000,400,3 out of 4,Super Area,Thammenahalli Apartmentge,Bangalore,Semi-Furnished,Bachelors/Family,1,Contact Owner
L01604,2022-06-30,2,13000,1000,1 out of 2,Carpet Area,Horamavu,Bangalore,Unfurnished,Bachelors/Family,2,Contact Owner
L01605,2022-06-20,2,10000,1200,Ground out of 4,Super Area,K R Puram,Bangalore,Semi-Furnished,Bachelors/Family,2,Contact Owner
L01606,2022-05-14,3,55000,1603,6 out of 17,Carpet Area,Magadi Road,Bangalore,Semi-Furnished,Bachelors/Family,3,Contact Agent
L01607,2022-05-14,3,15000,1200,Ground out of 2,Super Area,Bagalakunte,Bangalore,Semi-Furnished,Family,3,Contact Owner
L01608,2022-07-07,1,12000,420,2 out of 5,Carpet Area,"Murugeshpalya, Airport Road",Bangalore,Semi-Furnished,Bachelors/Family,1,Contact Agent
L01609,2022-07-07,2,9000,1200,3 out of 4,Super Area,Gottigere,Bangalore,Semi-Furnished,Bachelors/Family,2,Contact Owner
L01610,2022-07-07,3,36000,1771,10 out of 18,Super Area,Gottigere,Bangalore,Semi-Furnished,Bachelors/Family,3,Contact Agent
L01611,2022-06-16,3,37000,1200,2 out of 3,Super Area,No 309 6th A cross Banashankari 1st stage 2nd block Bangalore 560050,Bangalore,Semi-Furnished,Bachelors/Family,3,Contact Owner
L01612,2022-06-23,2,6000,700,1 out of 2,Super Area,Ragavendra Industrial Estate,Bangalore,Unfurnished,Bachelors/Family,1,Contact Owner
L01613,2022-05-31,1,17000,610,10 out of 10,Super Area,"Jalahalli, Jalahalli, Outer Ring Road",Bangalore,Semi-Furnished,Bachelors/Family,1,Contact Owner
L01614,2022-05-31,1,8000,800,3 out of 4,Super Area,"Dooravani Nagar, Dooravani Nagar",Bangalore,Unfurnished,Bachelors/Family,1,Contact Owner
L01615,2022-06-21,1,7500,550,2 out of 3,Super Area,Hommadevanahalli,Bangalore,Semi-Furnished,Bachelors/Family,1,Contact Owner
L01616,2022-05-27,2,9500,750,1 out of 4,Super Area,"Ms Palya, Vidyaranyapura",Bangalore,Semi-Furnished,Bachelors/Family,1,Contact Owner
L01617,2022-06-04,2,13500,700,1 out of 3,Carpet Area,Mathikere,Bangalore,Semi-Furnished,Bachelors,2,Contact Owner
L01618,2022-05-22,1,9000,600,2 out of 2,Carpet Area,Ramamurthy Nagar,Bangalore,Semi-Furnished,Bachelors/Family,1,Contact Owner
L01619,2022-06-20,1,7000,360,Ground out of 2,Super Area,J P Nagar,Bangalore,Unfurnished,Bachelors/Family,1,Contact Owner
L01620,2022-06-08,2,12000,800,2 out of 4,Super Area,"Btm Layout Stage 2, BTM Layout",Bangalore,Unfurnished,Bachelors/Family,2,Contact Owner
L01621,2022-05-18,4,100000,3700,18 out of 22,Carpet Area,"Sanjeevini Nagar, Hegganahalli",Bangalore,Semi-Furnished,Bachelors/Family,5,Contact Agent
L01622,2022-07-08,2,12000,1200,1 out of 3,Super Area,Electronic City,Bangalore,Unfurnished,Bachelors/Family,2,Contact Owner
L01623,2022-06-20,1,8500,480,2 out of 3,Super Area,"Prakruthi Township, Hennur",Bangalore,Furnished,Bachelors/Family,1,Contact Owner
L01624,2022-07-01,2,18000,1000,Ground out of 3,Super Area,"M C Layout, Vijayanagar, Magadi Road",Bangalore,Semi-Furnished,Bachelors/Family,2,Contact Owner
L01625,2022-06-27,1,11000,800,Ground out of 3,Super Area,"Dr.Shivaram Karanth Nagar, Jakkuru",Bangalore,Semi-Furnished,Family,1,Contact Owner
L01626,2022-05-27,3,18000,900,2 out of 3,Super Area,Rajajinagar,Bangalore,Furnished,Bachelors/Family,2,Contact Owner
L01627,2022-06-20,3,17000,1450,Ground out of 2,Super Area,Rayasandra,Bangalore,Semi-Furnished,Bachelors/Family,3,Contact Owner
L01628,2022-06-20,1,6500,400,Ground out of 3,Super Area,Rajajinagar,Bangalore,Unfurnished,Bachelors/Family,1,Contact Owner
L01629,2022-05-18,2,11500,700,1 out of 2,Super Area,Near coffee board layout,Bangalore,Semi-Furnished,Bachelors/Family,2,Contact Owner
L01630,2022-05-10,2,22000,1000,2 out of 6,Carpet Area,Banaswadi,Bangalore,Semi-Furnished,Bachelors/Family,2,Contact Agent
L01631,2022-05-16,1,13000,450,3 out of 3,Carpet Area,"Lakkasandra, Wilson Garden, bannerghatta main road",Bangalore,Furnished,Bachelors/Family,1,Contact Owner
L01632,2022-06-16,3,20000,773,2 out of 12,Carpet Area,Mysore Road,Bangalore,Semi-Furnished,Bachelors,2,Contact Agent
L01633,2022-05-27,2,10000,1200,1 out of 2,Super Area,Kengeri,Bangalore,Semi-Furnished,Bachelors/Family,2,Contact Owner
L01634,2022-05-27,2,15000,1000,2 out of 3,Super Area,Begur Koppa Rd,Bangalore,Unfurnished,Bachelors/Family,2,Contact Owner
L01635,2022-06-10,1,8000,150,2 out of 3,Super Area,B.Narayanapura,Bangalore,Unfurnished,Bachelors/Family,1,Contact Owner
L01636,2022-06-04,2,12000,865,1 out of 5,Super Area,Ananth Nagar,Bangalore,Semi-Furnished,Bachelors/Family,2,Contact Owner
L01637,2022-06-04,1,20000,600,1 out of 4,Super Area,Rayasandra,Bangalore,Semi-Furnished,Bachelors/Family,1,Contact Owner
L01638,2022-05-23,2,20000,800,2 out of 3,Super Area,Basavanagudi,Bangalore,Semi-Furnished,Bachelors/Family,1,Contact Owner
L01639,2022-05-31,1,8000,200,Ground out of 4,Super Area,Old Airport Road,Bangalore,Semi-Furnished,Bachelors/Family,1,Contact Owner
L01640,2022-06-02,1,11000,600,1 out of 4,Carpet Area,Hebbal,Bangalore,Unfurnished,Bachelors,2,Contact Owner
L01641,2022-06-14,3,40000,1840,5 out of 14,Carpet Area,Horamavu,Bangalore,Semi-Furnished,Bachelors/Family,2,Contact Agent
L01642,2022-06-04,2,10000,800,2 out of 4,Super Area,Hegganahalli,Bangalore,Semi-Furnished,Bachelors/Family,2,Contact Owner
L01643,2022-06-20,3,30000,1600,2 out of 4,Carpet Area,"Hrbr Layout Block 2, Kalyan Nagar, Outer Ring Road",Bangalore,Semi-Furnished,Family,2,Contact Agent
L01644,2022-06-30,2,8000,600,1 out of 2,Super Area,Electronic City,Bangalore,Unfurnished,Bachelors/Family,1,Contact Owner
L01645,2022-06-28,2,15000,1100,3 out of 3,Carpet Area,"Vishwapriya Nagar, Begur",Bangalore,Unfurnished,Bachelors,2,Contact Owner
L01646,2022-05-27,2,12000,950,1 out of 2,Super Area,Nri Layout,Bangalore,Semi-Furnished,Bachelors/Family,2,Contact Owner
L01647,2022-06-07,2,12000,905,3 out of 6,Super Area,Kanakapura Road,Bangalore,Semi-Furnished,Family,2,Contact Owner
L01648,2022-04-28,3,20000,1200,Ground out of 1,Carpet Area,"Ms Palya, Vidyaranyapura",Bangalore,Semi-Furnished,Bachelors,2,Contact Owner
L01649,2022-06-11,3,13000,1000,1 out of 2,Super Area,K R Puram,Bangalore,Semi-Furnished,Bachelors/Family,1,Contact Owner
L01650,2022-06-05,2,17500,1080,1 out of 4,Super Area,Electronic City,Bangalore,Furnished,Bachelors/Family,2,Contact Owner
L01651,2022-05-10,1,8000,600,Ground out of 4,Super Area,Kamala Nagar,Bangalore,Semi-Furnished,Bachelors/Family,1,Contact Owner
L01652,2022-05-31,2,8500,1000,Ground out of 3,Super Area,Kachohalli,Bangalore,Semi-Furnished,Bachelors/Family,2,Contact Owner
L01653,2022-05-23,1,7500,600,1 out of 2,Super Area,Bommanahalli,Bangalore,Semi-Furnished,Bachelors/Family,1,Contact Owner
L01654,2022-05-31,2,22000,1100,2 out of 5,Super Area,Rmv Extension Stage 2,Bangalore,Semi-Furnished,Bachelors/Family,2,Contact Owner
L01655,2022-06-04,1,6000,300,Ground out of 2,Super Area,Nagarbhavi,Bangalore,Unfurnished,Bachelors/Family,1,Contact Owner
L01656,2022-07-04,2,32900,1200,3 out of 6,Carpet Area,Marathahalli,Bangalore,Furnished,Bachelors/Family,1,Contact Agent
L01657,2022-05-23,2,15000,800,1 out of 4,Super Area,J P Nagar,Bangalore,Furnished,Bachelors/Family,1,Contact Owner
L01658,2022-05-23,2,10000,535,3 out of 4,Super Area,"Moodalaplya, Vijayanagar",Bangalore,Unfurnished,Bachelors/Family,1,Contact Owner
L01659,2022-06-15,2,10000,800,1 out of 3,Super Area,"Bedarahalli, Magadi Road",Bangalore,Unfurnished,Bachelors/Family,2,Contact Owner
L01660,2022-05-05,3,21000,1159,4 out of 5,Super Area,Electronic City,Bangalore,Unfurnished,Bachelors/Family,2,Contact Owner
L01661,2022-06-02,4,63000,2650,16 out of 34,Carpet Area,Kanakapura Road,Bangalore,Unfurnished,Bachelors,5,Contact Agent
L01662,2022-05-25,1,6900,50,Ground out of 4,Carpet Area,Kodigehalli,Bangalore,Semi-Furnished,Bachelors,1,Contact Owner
L01663,2022-05-14,2,14000,700,2 out of 3,Super Area,Vijayanagar,Bangalore,Unfurnished,Bachelors/Family,1,Contact Owner
L01664,2022-05-31,1,14500,550,4 out of 5,Super Area,Mahadevapura,Bangalore,Semi-Furnished,Bachelors,1,Contact Agent
L01665,2022-06-04,1,6500,700,2 out of 4,Super Area,Rukmini Nagar,Bangalore,Semi-Furnished,Bachelors/Family,1,Contact Owner
L01666,2022-06-23,2,13000,600,1 out of 5,Super Area,Vibhutipura,Bangalore,Unfurnished,Bachelors/Family,2,Contact Owner
L01667,2022-05-27,2,8000,600,1 out of 4,Super Area,"Mallasandra, Jalahalli West",Bangalore,Semi-Furnished,Bachelors/Family,1,Contact Owner
L01668,2022-06-14,2,18000,1000,2 out of 4,Super Area,Hebbal Kempapura,Bangalore,Semi-Furnished,Bachelors/Family,1,Contact Owner
L01669,2022-05-19,2,20000,1100,2 out of 2,Super Area,Rajajinagar,Bangalore,Semi-Furnished,Bachelors/Family,3,Contact Owner
L01670,2022-04-28,1,14000,750,3 out of 4,Carpet Area,"Jp Nagar Phase 5, J P Nagar, Outer Ring Road",Bangalore,Semi-Furnished,Bachelors/Family,1,Contact Owner
L01671,2022-05-23,4,50000,2900,5 out of 7,Super Area,Kannur,Bangalore,Furnished,Bachelors/Family,4,Contact Owner
L01672,2022-06-25,2,14500,990,1 out of 4,Super Area,Bhattarahalli,Bangalore,Unfurnished,Bachelors/Family,2,Contact Owner
L01673,2022-05-01,2,15000,1300,Ground out of 2,Super Area,Raghuvanahalli-Bcmc Layout,Bangalore,Furnished,Bachelors/Family,2,Contact Owner
L01674,2022-06-20,1,11500,550,2 out of 3,Carpet Area,Mahadevapura,Bangalore,Semi-Furnished,Bachelors/Family,1,Contact Owner
L01675,2022-06-07,3,15000,1360,5 out of 9,Super Area,Chandapura,Bangalore,Semi-Furnished,Bachelors/Family,2,Contact Owner
L01676,2022-06-01,2,12000,600,2 out of 4,Carpet Area,"Marutinagar,",Bangalore,Semi-Furnished,Bachelors,2,Contact Owner
L01677,2022-05-04,2,18000,1200,Ground out of 12,Carpet Area,Electronic City,Bangalore,Semi-Furnished,Bachelors/Family,2,Contact Owner
L01678,2022-05-14,2,15000,1050,1 out of 5,Super Area,Electronic City,Bangalore,Semi-Furnished,Bachelors/Family,2,Contact Owner
L01679,2022-06-23,2,12000,840,2 out of 4,Super Area,Medahalli,Bangalore,Semi-Furnished,Bachelors/Family,2,Contact Owner
L01680,2022-06-16,2,25000,1050,1 out of 5,Super Area,Hoysala Nagar,Bangalore,Semi-Furnished,Bachelors/Family,2,Contact Owner
L01681,2022-05-18,3,150000,3250,2 out of 6,Carpet Area,Vasanth Nagar,Bangalore,Furnished,Bachelors/Family,4,Contact Agent
L01682,2022-05-23,1,10000,500,2 out of 3,Super Area,Nagarabhavi,Bangalore,Unfurnished,Bachelors/Family,1,Contact Owner
L01683,2022-05-23,2,8000,900,1 out of 3,Super Area,Gottigere,Bangalore,Semi-Furnished,Bachelors/Family,1,Contact Owner
L01684,2022-05-22,2,40000,1300,2 out of 4,Carpet Area,Indira Nagar,Bangalore,Semi-Furnished,Bachelors/Family,2,Contact Agent
L01685,2022-05-30,2,12000,600,2 out of 3,Super Area,"Shamanna Garden, Wilson Garden",Bangalore,Unfurnished,Bachelors/Family,1,Contact Owner
L01686,2022-05-20,2,16000,900,3 out of 5,Carpet Area,Kodi Halli,Bangalore,Semi-Furnished,Bachelors/Family,1,Contact Agent
L01687,2022-05-20,2,23000,1100,2 out of 5,Carpet Area,Kodi Halli,Bangalore,Semi-Furnished,Bachelors/Family,2,Contact Agent
L01688,2022-05-20,2,25000,1100,2 out of 10,Carpet Area,"Jagadish Nagar, Kaggadasapura",Bangalore,Semi-Furnished,Bachelors/Family,2,Contact Agent
L01689,2022-06-08,1,7000,600,2 out of 3,Super Area,Kadugodi,Bangalore,Unfurnished,Bachelors/Family,1,Contact Owner
L01690,2022-05-31,2,17500,1250,1 out of 2,Carpet Area,Yeshwantpur,Bangalore,Unfurnished,Bachelors,2,Contact Owner
L01691,2022-06-16,1,10000,415,3 out of 3,Carpet Area,"Jeevan Bima Nagar, Airport Road",Bangalore,Semi-Furnished,Bachelors/Family,1,Contact Agent
L01692,2022-06-04,3,39000,1200,1 out of 4,Super Area,Vidyaranyapura,Bangalore,Furnished,Bachelors/Family,3,Contact Owner
L01693,2022-05-18,3,22000,1200,4 out of 4,Carpet Area,Bommasandra,Bangalore,Unfurnished,Bachelors,2,Contact Owner
L01694,2022-06-23,2,18000,1000,2 out of 4,Super Area,Gottigere,Bangalore,Semi-Furnished,Family,2,Contact Owner
L01695,2022-05-27,2,23000,1300,3 out of 4,Super Area,Bangalore,Bangalore,Furnished,Bachelors/Family,2,Contact Owner
L01696,2022-04-28,2,20000,1150,2 out of 4,Carpet Area,"Jp Nagar Phase 5, J P Nagar, Outer Ring Road",Bangalore,Unfurnished,Bachelors/Family,2,Contact Owner
L01697,2022-07-04,1,10000,450,3 out of 4,Carpet Area,"Malleshpalya, Kaggadasapura",Bangalore,Semi-Furnished,Bachelors/Family,1,Contact Owner
L01698,2022-07-04,1,15000,600,5 out of 5,Carpet Area,Mahadevapura,Bangalore,Semi-Furnished,Bachelors/Family,1,Contact Agent
L01699,2022-06-04,2,17000,1000,3 out of 4,Super Area,Bommanahalli,Bangalore,Semi-Furnished,Bachelors/Family,2,Contact Owner
L01700,2022-06-04,3,56000,1900,6 out of 16,Carpet Area,Jaya Nagar Block 3,Bangalore,Unfurnished,Bachelors,3,Contact Agent
L01701,2022-07-06,3,43000,1700,3 out of 4,Carpet Area,"Arakere Mico Layout, Arakere",Bangalore,Semi-Furnished,Bachelors/Family,3,Contact Agent
L01702,2022-06-09,2,25000,1100,2 out of 5,Carpet Area,Seshadripuram,Bangalore,Semi-Furnished,Bachelors/Family,2,Contact Owner
L01703,2022-05-14,1,9000,500,1 out of 3,Carpet Area,Mudhaliar layout,Bangalore,Semi-Furnished,Bachelors/Family,1,Contact Owner
L01704,2022-07-07,3,31000,1757,9 out of 10,Super Area,"Jalahalli, Jalahalli, Outer Ring Road",Bangalore,Semi-Furnished,Bachelors/Family,3,Contact Owner
L01705,2022-06-19,1,6000,300,Ground out of 2,Super Area,Ullal Upnagar,Bangalore,Semi-Furnished,Bachelors/Family,1,Contact Owner
L01706,2022-06-12,1,5000,500,2 out of 3,Super Area,Guttahalli,Bangalore,Semi-Furnished,Bachelors/Family,1,Contact Owner
L01707,2022-05-11,2,16000,1200,Ground out of 1,Super Area,"Dr.Shivaram Karanth Nagar, Jakkuru",Bangalore,Unfurnished,Bachelors,2,Contact Owner
L01708,2022-07-06,1,20000,800,Ground out of 5,Carpet Area,Koramangala,Bangalore,Semi-Furnished,Family,1,Contact Agent
L01709,2022-05-10,3,28000,1281,2 out of 4,Super Area,Banaswadi,Bangalore,Semi-Furnished,Bachelors/Family,3,Contact Owner
L01710,2022-05-23,2,18000,1450,Ground out of 2,Carpet Area,"Jp Nagar Phase 6, J P Nagar, Outer Ring Road",Bangalore,Semi-Furnished,Bachelors/Family,2,Contact Owner
L01711,2022-06-16,1,12000,600,3 out of 3,Super Area,Basava Nagar,Bangalore,Semi-Furnished,Bachelors,1,Contact Agent
L01712,2022-06-04,2,20000,980,3 out of 4,Super Area,Mathikere,Bangalore,Furnished,Family,2,Contact Owner
L01713,2022-05-23,3,25000,1500,1 out of 7,Super Area,"Kaggadasapura, Indira nagar",Bangalore,Semi-Furnished,Bachelors,3,Contact Agent
L01714,2022-07-06,3,35000,1800,1 out of 1,Super Area,whitefield,Bangalore,Semi-Furnished,Bachelors/Family,3,Contact Agent
L01715,2022-07-06,1,7000,400,1 out of 2,Super Area,C V Raman Nagar,Bangalore,Unfurnished,Bachelors/Family,1,Contact Owner
L01716,2022-06-22,1,7500,600,Ground out of 2,Carpet Area,"Banashankari Stage 3, Banashankari",Bangalore,Unfurnished,Bachelors,1,Contact Owner
L01717,2022-05-25,2,14000,1100,Ground out of 2,Carpet Area,K R Puram,Bangalore,Semi-Furnished,Bachelors/Family,2,Contact Owner
L01718,2022-05-31,2,20000,1100,1 out of 5,Carpet Area,"Yelachenahalli, Kumaraswamy Layout, Kanakapura Road",Bangalore,Semi-Furnished,Bachelors,2,Contact Owner
L01719,2022-06-29,4,380000,3500,2 out of 4,Carpet Area,Lavelle Road,Bangalore,Semi-Furnished,Bachelors,5,Contact Agent
L01720,2022-06-12,2,21000,1100,2 out of 5,Carpet Area,"Murugeshpalya, Airport Road",Bangalore,Unfurnished,Bachelors/Family,2,Contact Owner
L01721,2022-05-27,2,15000,700,1 out of 2,Super Area,Yeshwantpur,Bangalore,Semi-Furnished,Bachelors/Family,2,Contact Owner
L01722,2022-06-28,1,5500,600,1 out of 2,Carpet Area,Hesaraghatta Main Road,Bangalore,Unfurnished,Bachelors,1,Contact Owner
L01723,2022-05-23,2,10000,700,1 out of 3,Super Area,Nri Layout,Bangalore,Unfurnished,Bachelors/Family,2,Contact Owner
L01724,2022-07-07,1,7000,250,1 out of 4,Super Area,"Konappana Agrahara, Electronic City",Bangalore,Semi-Furnished,Bachelors/Family,1,Contact Owner
L01725,2022-05-24,2,11500,1200,2 out of 3,Super Area,"Jp Nagar Phase 7, J P Nagar",Bangalore,Semi-Furnished,Bachelors/Family,1,Contact Owner
L01726,2022-04-30,3,22000,1450,Ground out of 4,Super Area,Bannerghatta Main Road,Bangalore,Semi-Furnished,Bachelors/Family,3,Contact Owner
L01727,2022-06-30,2,19000,1221,2 out of 5,Carpet Area,"Hosa Road, off Hosur Road",Bangalore,Unfurnished,Bachelors,2,Contact Owner
L01728,2022-04-30,2,15000,1250,1 out of 4,Super Area,"Dinnur, Hebbal",Bangalore,Semi-Furnished,Bachelors/Family,2,Contact Owner
L01729,2022-05-01,2,10500,700,Ground out of 2,Carpet Area,"Chikkasandra-Jalahalli West, Jalahalli West",Bangalore,Semi-Furnished,Family,1,Contact Owner
L01730,2022-05-19,2,12000,700,1 out of 2,Carpet Area,"Doddanekundi, Kartik Nagar",Bangalore,Semi-Furnished,Bachelors/Family,2,Contact Owner
L01731,2022-06-23,1,7000,200,2 out of 3,Super Area,"Jp Nagar Phase 2, J P Nagar",Bangalore,Semi-Furnished,Bachelors/Family,1,Contact Owner
L01732,2022-05-27,2,15000,1200,Ground out of 1,Carpet Area,Attibele,Bangalore,Semi-Furnished,Bachelors/Family,2,Contact Owner
L01733,2022-05-27,2,23000,600,3 out of 5,Super Area,"Devinagar, Outer Ring Road",Bangalore,Semi-Furnished,Bachelors/Family,2,Contact Owner
L01734,2022-05-27,1,6500,600,3 out of 5,Super Area,Electronic City,Bangalore,Semi-Furnished,Bachelors/Family,1,Contact Owner
L01735,2022-07-08,3,29000,1800,3 out of 4,Carpet Area,"Jp Nagar Phase 7, J P Nagar",Bangalore,Semi-Furnished,Bachelors/Family,3,Contact Owner
L01736,2022-05-09,2,12000,900,Ground out of 2,Carpet Area,"Fci Layout, Deepanjali Nagar",Bangalore,Unfurnished,Bachelors/Family,2,Contact Owner
L01737,2022-05-17,2,10000,1000,2 out of 2,Super Area,Mathikere,Bangalore,Semi-Furnished,Bachelors,2,Contact Owner
L01738,2022-05-28,2,12500,500,1 out of 2,Carpet Area,"Ombr Layout, Banaswadi",Bangalore,Semi-Furnished,Bachelors/Family,2,Contact Owner
L01739,2022-05-14,3,32000,1800,1 out of 4,Super Area,"Sinthan Nagar, Thanisandra",Bangalore,Semi-Furnished,Bachelors/Family,3,Contact Owner
L01740,2022-05-14,1,8000,416,19 out of 20,Super Area,Kengeri Hobli,Bangalore,Unfurnished,Bachelors/Family,1,Contact Owner
L01741,2022-05-25,2,10500,600,3 out of 5,Super Area,Kodichikkanahalli Main Road,Bangalore,Semi-Furnished,Bachelors/Family,1,Contact Owner
L01742,2022-05-23,1,6000,400,1 out of 3,Super Area,"Mangammanapalya, Hosur Road",Bangalore,Unfurnished,Bachelors/Family,1,Contact Owner
L01743,2022-06-06,3,16000,1200,2 out of 3,Super Area,Uttarahalli,Bangalore,Semi-Furnished,Bachelors/Family,2,Contact Owner
L01744,2022-06-27,3,45000,1600,1 out of 4,Carpet Area,Malleshwaram,Bangalore,Semi-Furnished,Bachelors/Family,3,Contact Agent
L01745,2022-06-16,1,6000,500,Ground out of 2,Super Area,"Immadihalli, Whitefield",Bangalore,Semi-Furnished,Bachelors/Family,1,Contact Owner
L01746,2022-05-23,1,5000,500,1 out of 4,Super Area,"Bydara Halli, Benson Town",Bangalore,Semi-Furnished,Family,1,Contact Owner
L01747,2022-05-01,3,14000,1800,5 out of 7,Super Area,Yelahanka,Bangalore,Semi-Furnished,Bachelors/Family,3,Contact Owner
L01748,2022-06-04,2,20000,900,Ground out of 12,Carpet Area,Electronic City,Bangalore,Furnished,Bachelors/Family,2,Contact Owner
L01749,2022-06-16,1,11000,550,3 out of 4,Carpet Area,"Jp Nagar Phase 7, J P Nagar",Bangalore,Semi-Furnished,Bachelors/Family,1,Contact Agent
L01750,2022-05-27,1,5500,600,1 out of 2,Super Area,"Chikkana Layout, Kammanahalli",Bangalore,Unfurnished,Bachelors,1,Contact Owner
L01751,2022-05-27,3,55000,1800,1 out of 4,Carpet Area,"Langford Town, Shanti Nagar, Hosur Road",Bangalore,Unfurnished,Bachelors,3,Contact Agent
L01752,2022-05-23,2,15000,976,1 out of 3,Super Area,"Jaya Nagar Block 5, Jayanagar",Bangalore,Semi-Furnished,Bachelors/Family,1,Contact Owner
L01753,2022-05-31,1,8500,350,2 out of 3,Super Area,Bommanahalli,Bangalore,Semi-Furnished,Bachelors/Family,1,Contact Owner
L01754,2022-07-02,2,15000,1100,Ground out of 2,Carpet Area,Vidyaranyapura,Bangalore,Semi-Furnished,Bachelors/Family,2,Contact Owner
L01755,2022-05-23,2,12000,500,2 out of 3,Super Area,"Guddadahalli, Mysore Road",Bangalore,Unfurnished,Bachelors/Family,1,Contact Owner
L01756,2022-05-22,1,7500,600,3 out of 3,Carpet Area,"Electronics City Phase 1, Electronic City",Bangalore,Semi-Furnished,Bachelors,1,Contact Owner
L01757,2022-06-16,2,16000,1100,2 out of 4,Super Area,Bannerghatta Main Road,Bangalore,Semi-Furnished,Bachelors/Family,2,Contact Owner
L01758,2022-06-16,2,20000,1150,2 out of 4,Carpet Area,"Hennur, Hennur Bagalur Road",Bangalore,Furnished,Family,2,Contact Agent
L01759,2022-06-16,2,14500,850,Ground out of 3,Super Area,Basava Nagar,Bangalore,Semi-Furnished,Bachelors/Family,2,Contact Agent
L01760,2022-05-24,1,6000,600,2 out of 2,Super Area,Meenakshi Layout Hosa Road,Bangalore,Semi-Furnished,Bachelors/Family,1,Contact Owner
L01761,2022-06-02,2,14000,900,4 out of 5,Carpet Area,"Kaggadasapura, Indira nagar",Bangalore,Semi-Furnished,Bachelors,2,Contact Agent
L01762,2022-06-20,1,7000,300,Ground out of 4,Super Area,"Kattigenahalli, Bellary Road",Bangalore,Semi-Furnished,Bachelors/Family,1,Contact Owner
L01763,2022-06-22,2,27500,1130,2 out of 4,Super Area,Old Airport Road,Bangalore,Semi-Furnished,Bachelors/Family,2,Contact Owner
L01764,2022-06-04,2,18000,1200,Ground out of 3,Super Area,Vijayanagar,Bangalore,Unfurnished,Bachelors/Family,2,Contact Owner
L01765,2022-06-23,2,10000,1000,1 out of 3,Super Area,Varthur,Bangalore,Semi-Furnished,Bachelors/Family,2,Contact Owner
L01766,2022-05-05,3,31000,1700,6 out of 9,Super Area,"Electronics City Phase 1, Electronic City",Bangalore,Furnished,Family,3,Contact Owner
L01767,2022-06-17,2,15000,1100,2 out of 4,Carpet Area,Horamavu,Bangalore,Semi-Furnished,Bachelors/Family,2,Contact Agent
L01768,2022-05-23,1,11000,300,Ground out of 4,Super Area,Btm Layout,Bangalore,Semi-Furnished,Bachelors/Family,1,Contact Owner
L01769,2022-06-04,1,4500,600,Ground out of 3,Super Area,"Peenya Industrial Area, Tumkur Road",Bangalore,Unfurnished,Bachelors/Family,1,Contact Owner
L01770,2022-06-20,1,10000,1000,Ground out of 2,Super Area,K R Puram,Bangalore,Semi-Furnished,Bachelors/Family,2,Contact Owner
L01771,2022-06-20,2,10000,1200,1 out of 2,Super Area,Ramamurthy Nagar,Bangalore,Unfurnished,Bachelors/Family,2,Contact Owner
L01772,2022-05-27,1,9000,500,Ground out of 3,Super Area,Nandini Layout,Bangalore,Semi-Furnished,Bachelors/Family,1,Contact Owner
L01773,2022-05-10,2,16000,1050,1 out of 3,Super Area,Basaveshwar Nagar,Bangalore,Semi-Furnished,Bachelors/Family,2,Contact Owner
L01774,2022-06-04,1,5000,350,2 out of 2,Carpet Area,"Chamundi Nagar, Rajajinagar",Bangalore,Unfurnished,Bachelors/Family,1,Contact Owner
L01775,2022-06-30,2,10000,1000,1 out of 3,Super Area,"Ilyas Nagar, Kumaraswamy Layout",Bangalore,Semi-Furnished,Bachelors/Family,2,Contact Owner
L01776,2022-07-04,1,15000,600,3 out of 5,Carpet Area,Mahadevapura,Bangalore,Semi-Furnished,Bachelors/Family,1,Contact Agent
L01777,2022-05-19,1,3500,150,2 out of 3,Super Area,Yeshwantpur,Bangalore,Unfurnished,Bachelors/Family,1,Contact Owner
L01778,2022-05-19,2,16000,1400,1 out of 2,Super Area,Hebbal,Bangalore,Furnished,Bachelors/Family,2,Contact Owner
L01779,2022-05-19,2,17000,1387,Ground out of 4,Super Area,"Nobo Nagar, Kalena Agrahara",Bangalore,Semi-Furnished,Bachelors/Family,3,Contact Owner
L01780,2022-05-19,3,30000,1350,Ground out of 5,Super Area,K R Puram,Bangalore,Furnished,Bachelors/Family,2,Contact Owner
L01781,2022-06-03,2,12000,1020,1 out of 4,Carpet Area,Electronic City,Bangalore,Unfurnished,Bachelors/Family,2,Contact Owner
L01782,2022-05-30,1,9000,600,2 out of 4,Carpet Area,Byrathi,Bangalore,Semi-Furnished,Bachelors/Family,1,Contact Owner
L01783,2022-06-04,1,6000,400,3 out of 4,Super Area,Doddanagamangala,Bangalore,Semi-Furnished,Bachelors/Family,1,Contact Owner
L01784,2022-07-06,1,20000,550,2 out of 5,Carpet Area,Mahadevapura,Bangalore,Semi-Furnished,Bachelors,1,Contact Agent
L01785,2022-05-12,3,30000,1400,2 out of 4,Carpet Area,"Btm Layout Stage 2, BTM Layout",Bangalore,Furnished,Bachelors/Family,2,Contact Owner
L01786,2022-06-30,2,20000,1050,5 out of 5,Carpet Area,"Hoodi Circle, Hoodi",Bangalore,Semi-Furnished,Bachelors/Family,2,Contact Agent
L01787,2022-07-04,2,15000,800,1 out of 5,Super Area,whitefield,Bangalore,Unfurnished,Bachelors/Family,2,Contact Owner
L01788,2022-06-04,2,20000,1100,1 out of 3,Super Area,Kodi Halli,Bangalore,Unfurnished,Bachelors/Family,2,Contact Owner
L01789,2022-06-04,3,25000,1500,Ground out of 3,Super Area,Kammanahalli,Bangalore,Semi-Furnished,Bachelors/Family,2,Contact Owner
L01790,2022-06-19,1,9000,800,2 out of 3,Carpet Area,Yelechenahalli,Bangalore,Semi-Furnished,Bachelors/Family,1,Contact Owner
L01791,2022-07-08,2,17000,800,Ground out of 4,Carpet Area,J P Nagar,Bangalore,Semi-Furnished,Bachelors,1,Contact Owner
L01792,2022-07-04,2,16500,1200,2 out of 3,Super Area,Padmanabha Nagar,Bangalore,Semi-Furnished,Bachelors/Family,2,Contact Owner
L01793,2022-06-04,1,7000,450,2 out of 4,Super Area,"Kattigenahalli, Bellary Road",Bangalore,Unfurnished,Bachelors/Family,1,Contact Owner
L01794,2022-05-14,3,30000,1425,Ground out of 5,Super Area,"Electronic City Phase 2, Electronic City",Bangalore,Semi-Furnished,Bachelors/Family,2,Contact Owner
L01795,2022-05-05,2,8500,720,1 out of 4,Super Area,K R Puram,Bangalore,Semi-Furnished,Bachelors/Family,2,Contact Owner
L01796,2022-05-05,1,8000,700,2 out of 3,Carpet Area,Kadugodi,Bangalore,Semi-Furnished,Bachelors/Family,1,Contact Owner
L01797,2022-05-11,2,20000,1100,2 out of 3,Super Area,Jayanagar,Bangalore,Semi-Furnished,Bachelors/Family,2,Contact Owner
L01798,2022-05-23,3,30000,1645,6 out of 12,Carpet Area,"Electronic City Phase 2, Electronic City",Bangalore,Semi-Furnished,Bachelors/Family,3,Contact Agent
L01799,2022-05-24,3,120000,3276,3 out of 4,Super Area,"Cleveland Town, Frazer Town",Bangalore,Semi-Furnished,Bachelors/Family,3,Contact Agent
L01800,2022-06-04,1,7000,500,2 out of 3,Super Area,Kengeri Satellite Town,Bangalore,Unfurnished,Bachelors/Family,1,Contact Owner
L01801,2022-06-12,2,10000,600,4 out of 5,Super Area,Akshayanagar,Bangalore,Furnished,Bachelors/Family,2,Contact Owner
L01802,2022-05-10,1,5000,600,1 out of 3,Super Area,HMT Layout Nagasandra,Bangalore,Semi-Furnished,Bachelors/Family,1,Contact Owner
L01803,2022-06-20,3,30000,1893,Ground out of 18,Super Area,Begur Road,Bangalore,Semi-Furnished,Bachelors,4,Contact Agent
L01804,2022-06-20,1,6500,450,1 out of 4,Super Area,Nimbekaipura,Bangalore,Unfurnished,Bachelors,1,Contact Owner
L01805,2022-06-20,1,10000,650,4 out of 4,Carpet Area,"Jp Nagar Phase 7, J P Nagar",Bangalore,Semi-Furnished,Bachelors,1,Contact Agent
L01806,2022-06-20,1,18000,400,Ground out of 3,Carpet Area,indiranagar near bda complex,Bangalore,Unfurnished,Bachelors,1,Contact Agent
L01807,2022-07-06,2,30000,1296,9 out of 22,Carpet Area,Kanakapura Road,Bangalore,Semi-Furnished,Bachelors/Family,2,Contact Agent
L01808,2022-06-30,2,20000,1000,4 out of 5,Carpet Area,"Kaggadasapura, Indira nagar",Bangalore,Semi-Furnished,Bachelors,2,Contact Agent
L01809,2022-07-09,1,16500,600,4 out of 5,Carpet Area,"Kr Garden-Murugeshpalya, Murugeshpalya, Airport Road",Bangalore,Unfurnished,Bachelors,1,Contact Agent
L01810,2022-06-06,1,15000,600,3 out of 3,Super Area,J P Nagar,Bangalore,Furnished,Bachelors/Family,1,Contact Owner
L01811,2022-07-02,4,130000,4800,11 out of 19,Carpet Area,whitefield,Bangalore,Semi-Furnished,Bachelors/Family,4,Contact Agent
L01812,2022-05-24,2,15000,1000,Ground out of 2,Super Area,"Srinagar, Banashankari",Bangalore,Semi-Furnished,Bachelors/Family,1,Contact Owner
L01813,2022-06-12,1,70000,800,1 out of 3,Carpet Area,Nagarabhavi BDA complex,Bangalore,Unfurnished,Bachelors,1,Contact Owner
L01814,2022-06-04,1,22000,455,2 out of 5,Carpet Area,"Murugeshpalya, Airport Road",Bangalore,Semi-Furnished,Bachelors/Family,1,Contact Agent
L01815,2022-06-22,2,9750,575,Ground out of 2,Carpet Area,Varanasi,Bangalore,Semi-Furnished,Bachelors,2,Contact Owner
L01816,2022-04-29,2,23000,1066,3 out of 4,Super Area,Manayata Tech Park,Bangalore,Unfurnished,Bachelors/Family,2,Contact Owner
L01817,2022-05-10,2,12000,850,3 out of 4,Super Area,Munnekollal,Bangalore,Semi-Furnished,Bachelors/Family,1,Contact Owner
L01818,2022-07-06,3,60000,1550,2 out of 5,Carpet Area,"Bhel Township- Malleshwaram, Malleshwaram",Bangalore,Semi-Furnished,Bachelors/Family,3,Contact Agent
L01819,2022-05-05,2,11000,1000,2 out of 4,Super Area,K R Puram,Bangalore,Semi-Furnished,Bachelors/Family,2,Contact Owner
L01820,2022-05-05,2,12000,800,1 out of 3,Super Area,"Srinagar, Banashankari",Bangalore,Semi-Furnished,Bachelors/Family,1,Contact Owner
L01821,2022-06-23,1,11000,450,1 out of 4,Carpet Area,"Murugeshpalya, Airport Road",Bangalore,Semi-Furnished,Bachelors/Family,1,Contact Agent
L01822,2022-06-01,2,19000,1350,1 out of 2,Carpet Area,"Coffee Board Layout, Nagavara",Bangalore,Semi-Furnished,Bachelors/Family,2,Contact Owner
L01823,2022-06-14,2,10000,1350,1 out of 1,Super Area,Rampura,Bangalore,Semi-Furnished,Bachelors/Family,2,Contact Owner
L01824,2022-06-04,1,7500,600,3 out of 4,Super Area,"Mallathahalli, Outer Ring Road",Bangalore,Semi-Furnished,Bachelors/Family,1,Contact Owner
L01825,2022-07-07,3,55000,2150,3 out of 6,Super Area,Basavanagudi,Bangalore,Semi-Furnished,Bachelors,3,Contact Agent
L01826,2022-06-27,2,11000,1080,3 out of 5,Super Area,Hosakerehalli,Bangalore,Semi-Furnished,Bachelors/Family,2,Contact Owner
L01827,2022-06-23,3,50000,1450,3 out of 4,Super Area,Old Airport Road,Bangalore,Semi-Furnished,Bachelors/Family,3,Contact Agent
L01828,2022-05-23,2,13500,700,2 out of 3,Super Area,Anantapura,Bangalore,Unfurnished,Bachelors/Family,2,Contact Owner
L01829,2022-06-03,2,16500,1200,2 out of 4,Super Area,Bannerghatta Main Road,Bangalore,Semi-Furnished,Bachelors/Family,2,Contact Owner
L01830,2022-07-01,3,120000,2110,3 out of 4,Carpet Area,"Richmond Town, Richmond Town",Bangalore,Unfurnished,Bachelors,3,Contact Agent
L01831,2022-07-04,1,7000,500,2 out of 4,Super Area,Bilekahalli,Bangalore,Semi-Furnished,Bachelors/Family,1,Contact Owner
L01832,2022-07-04,2,10000,850,2 out of 3,Super Area,"Jyothi Nagar, Dooravani Nagar",Bangalore,Semi-Furnished,Bachelors/Family,1,Contact Owner
L01833,2022-05-10,1,7000,400,2 out of 3,Super Area,"Bikasipura, kanakapura Road",Bangalore,Unfurnished,Bachelors/Family,1,Contact Owner
L01834,2022-06-04,1,18000,800,Ground out of 2,Super Area,Gottigere,Bangalore,Furnished,Bachelors/Family,1,Contact Owner
L01835,2022-06-08,1,11000,600,2 out of 4,Super Area,Kudlu,Bangalore,Semi-Furnished,Family,1,Contact Owner
L01836,2022-05-27,1,9000,450,2 out of 3,Super Area,Nandini Layout,Bangalore,Unfurnished,Bachelors/Family,1,Contact Owner
L01837,2022-07-06,3,60000,2080,2 out of 5,Carpet Area,Frazer Town,Bangalore,Semi-Furnished,Family,3,Contact Owner
L01838,2022-06-08,3,3500000,2500,4 out of 4,Carpet Area,Marathahalli,Bangalore,Semi-Furnished,Bachelors,3,Contact Agent
L01839,2022-05-10,2,12500,650,3 out of 4,Super Area,Banashankari,Bangalore,Semi-Furnished,Bachelors/Family,1,Contact Owner
L01840,2022-06-04,2,16000,1100,2 out of 4,Super Area,Padmanabha Nagar,Bangalore,Semi-Furnished,Bachelors/Family,2,Contact Owner
L01841,2022-06-16,2,30000,1025,2 out of 4,Carpet Area,Indira Nagar,Bangalore,Semi-Furnished,Bachelors/Family,2,Contact Agent
L01842,2022-06-06,2,17000,1100,1 out of 4,Carpet Area,Bannerghatta Main Road,Bangalore,Semi-Furnished,Bachelors,2,Contact Agent
L01843,2022-05-19,1,8000,350,2 out of 3,Super Area,Banaswadi,Bangalore,Unfurnished,Bachelors/Family,1,Contact Owner
L01844,2022-07-05,2,16500,1050,Ground out of 2,Super Area,Vidyaranyapura,Bangalore,Furnished,Bachelors/Family,2,Contact Owner
L01845,2022-06-27,2,13000,600,2 out of 3,Super Area,"Banashankari Stage 3, Banashankari",Bangalore,Semi-Furnished,Bachelors/Family,1,Contact Owner
L01846,2022-07-06,2,12000,800,1 out of 1,Super Area,"Horamavu Agara, Hormavu",Bangalore,Semi-Furnished,Family,2,Contact Owner
L01847,2022-05-19,2,17000,700,2 out of 5,Super Area,"Jp Nagar Phase 7, J P Nagar",Bangalore,Semi-Furnished,Bachelors/Family,2,Contact Owner
L01848,2022-05-19,3,15000,750,1 out of 2,Super Area,"Hmt Layout Block 4, Vidyaranyapura",Bangalore,Semi-Furnished,Bachelors/Family,2,Contact Owner
L01849,2022-06-18,3,35000,1600,20 out of 25,Super Area,Hennur Main Road,Bangalore,Semi-Furnished,Bachelors/Family,3,Contact Owner
L01850,2022-05-10,2,13000,1180,1 out of 3,Carpet Area,Electronic City,Bangalore,Semi-Furnished,Family,2,Contact Owner
L01851,2022-04-29,2,12000,1400,2 out of 4,Super Area,Kothanur,Bangalore,Semi-Furnished,Bachelors/Family,2,Contact Owner
L01852,2022-04-29,1,10000,750,2 out of 5,Super Area,whitefield,Bangalore,Semi-Furnished,Bachelors/Family,1,Contact Owner
L01853,2022-06-04,2,9000,580,Ground out of 3,Carpet Area,Visthar,Bangalore,Semi-Furnished,Bachelors,1,Contact Owner
L01854,2022-06-04,1,6000,350,Ground out of 1,Super Area,K R Puram,Bangalore,Unfurnished,Bachelors/Family,1,Contact Owner
L01855,2022-05-11,2,8900,1100,1 out of 2,Super Area,Sarjapur Road,Bangalore,Semi-Furnished,Bachelors/Family,2,Contact Owner
L01856,2022-06-30,3,40000,1900,3 out of 6,Carpet Area,Basavanagudi,Bangalore,Unfurnished,Bachelors,3,Contact Agent
L01857,2022-06-23,2,24000,1105,1 out of 4,Carpet Area,"Syndicate Bank Colony, Arakere",Bangalore,Furnished,Bachelors/Family,2,Contact Agent
L01858,2022-07-05,2,18500,1080,3 out of 12,Carpet Area,"Jalahalli, Jalahalli, Outer Ring Road",Bangalore,Furnished,Bachelors/Family,2,Contact Owner
L01859,2022-06-13,2,16000,1281,1 out of 5,Super Area,Padmanabha Nagar,Bangalore,Semi-Furnished,Bachelors/Family,2,Contact Owner
L01860,2022-05-23,1,8000,600,Ground out of 3,Super Area,Uttarahalli,Bangalore,Semi-Furnished,Bachelors/Family,1,Contact Owner
L01861,2022-07-04,2,15000,850,Ground out of 3,Super Area,Horamavu,Bangalore,Semi-Furnished,Bachelors/Family,2,Contact Owner
L01862,2022-07-04,2,27000,1200,2 out of 5,Super Area,"Hennur, Hennur Bagalur Road",Bangalore,Semi-Furnished,Bachelors/Family,2,Contact Owner
L01863,2022-07-04,2,17000,900,4 out of 5,Super Area,Bhuvaneswari Nagar,Bangalore,Furnished,Bachelors/Family,2,Contact Owner
L01864,2022-07-06,3,50000,1250,3 out of 5,Carpet Area,"Bhel Township- Malleshwaram, Malleshwaram",Bangalore,Semi-Furnished,Bachelors/Family,3,Contact Agent
L01865,2022-06-22,2,14000,800,3 out of 3,Carpet Area,"Ews Colony, BTM Layout",Bangalore,Unfurnished,Bachelors,2,Contact Owner
L01866,2022-05-14,1,5000,500,Ground out of 3,Super Area,Peenya 2nd Stage,Bangalore,Unfurnished,Bachelors/Family,1,Contact Owner
L01867,2022-04-28,2,8000,600,2 out of 3,Super Area,"Electronic City Phase 2, Electronic City",Bangalore,Semi-Furnished,Bachelors/Family,2,Contact Owner
L01868,2022-05-19,3,20000,904,1 out of 5,Super Area,Gottigere Main Rd,Bangalore,Furnished,Bachelors/Family,2,Contact Owner
L01869,2022-06-27,2,15000,750,1 out of 4,Super Area,"Banashankari Stage 2, Banashankari",Bangalore,Semi-Furnished,Bachelors/Family,2,Contact Owner
L01870,2022-07-07,3,20000,1252,3 out of 5,Carpet Area,Kogilu,Bangalore,Semi-Furnished,Bachelors/Family,2,Contact Owner
L01871,2022-05-20,2,11000,1200,1 out of 2,Super Area,"Bhel Layout, Rajarajeshwari Nagar",Bangalore,Semi-Furnished,Bachelors/Family,2,Contact Owner
L01872,2022-05-14,2,8500,440,2 out of 4,Super Area,Kamala Nagar,Bangalore,Furnished,Bachelors/Family,2,Contact Owner
L01873,2022-05-23,3,22500,1600,2 out of 4,Carpet Area,"Bohra Layout, Gottigere, bannerghatta main Road",Bangalore,Semi-Furnished,Bachelors/Family,3,Contact Agent
L01874,2022-06-04,2,15000,1200,3 out of 4,Super Area,Kodigenahalli,Bangalore,Furnished,Bachelors/Family,2,Contact Owner
L01875,2022-05-18,2,11000,950,2 out of 3,Carpet Area,Begur,Bangalore,Semi-Furnished,Bachelors/Family,2,Contact Owner
L01876,2022-06-27,2,11000,800,Ground out of 4,Super Area,Battarahalli,Bangalore,Unfurnished,Bachelors/Family,2,Contact Owner
L01877,2022-05-24,2,9000,1000,1 out of 3,Carpet Area,Budigere Cross,Bangalore,Semi-Furnished,Bachelors/Family,1,Contact Owner
L01878,2022-07-09,3,120000,2770,3 out of 22,Super Area,"Dollars Colony-Rmv Extension Stage 2, RMV Extension Stage 2",Bangalore,Semi-Furnished,Bachelors/Family,3,Contact Agent
L01879,2022-06-04,2,15000,800,Ground out of 4,Super Area,Bilekahalli,Bangalore,Semi-Furnished,Bachelors/Family,1,Contact Owner
L01880,2022-06-20,1,7000,400,Ground out of 2,Super Area,Mathikere,Bangalore,Semi-Furnished,Bachelors/Family,1,Contact Owner
L01881,2022-05-23,1,5000,144,Ground out of 1,Super Area,Padmanabha Nagar,Bangalore,Semi-Furnished,Bachelors/Family,1,Contact Owner
L01882,2022-05-27,1,18000,600,2 out of 4,Super Area,"Itpl, Whitefield",Bangalore,Furnished,Bachelors/Family,1,Contact Owner
L01883,2022-05-27,3,45000,2200,2 out of 4,Carpet Area,"Hsr Layout Sector 6, HSR Layout",Bangalore,Semi-Furnished,Bachelors,3,Contact Agent
L01884,2022-07-07,2,21000,1005,2 out of 5,Carpet Area,Indira Nagar,Bangalore,Semi-Furnished,Bachelors/Family,3,Contact Agent
L01885,2022-06-20,2,10000,1200,Ground out of 1,Super Area,Ramamurthy Nagar,Bangalore,Semi-Furnished,Bachelors/Family,2,Contact Owner
L01886,2022-05-19,2,15000,1180,Ground out of 5,Super Area,Bommanahalli,Bangalore,Semi-Furnished,Family,2,Contact Owner
L01887,2022-05-19,2,11000,900,2 out of 3,Super Area,T Dasarahalli,Bangalore,Semi-Furnished,Bachelors/Family,2,Contact Owner
L01888,2022-06-30,1,7500,500,1 out of 2,Carpet Area,Hosa Road Junction,Bangalore,Semi-Furnished,Bachelors/Family,1,Contact Owner
L01889,2022-07-08,3,22000,1100,2 out of 4,Carpet Area,"East Of Ngef Layout, Bennigana Halli",Bangalore,Semi-Furnished,Family,2,Contact Owner
L01890,2022-05-31,2,17000,1100,1 out of 3,Super Area,"Malleshpalya, Kaggadasapura",Bangalore,Semi-Furnished,Bachelors/Family,2,Contact Owner
L01891,2022-05-27,1,6000,400,3 out of 4,Super Area,Parappana Agrahara,Bangalore,Semi-Furnished,Bachelors/Family,1,Contact Owner
L01892,2022-05-27,2,20000,1250,3 out of 4,Super Area,"Ags Layout, Hebbal",Bangalore,Semi-Furnished,Family,2,Contact Owner
L01893,2022-05-23,2,18000,600,Ground out of 2,Super Area,Marathahalli,Bangalore,Unfurnished,Bachelors/Family,2,Contact Owner
L01894,2022-06-23,2,13000,780,1 out of 3,Carpet Area,"Murugeshpalya, Airport Road",Bangalore,Semi-Furnished,Bachelors/Family,1,Contact Agent
L01895,2022-07-06,2,38000,1274,9 out of 32,Carpet Area,Kanakapura Road,Bangalore,Semi-Furnished,Bachelors/Family,2,Contact Agent
L01896,2022-06-16,2,36000,1200,1 out of 4,Carpet Area,whitefield,Bangalore,Furnished,Bachelors/Family,2,Contact Agent
L01897,2022-06-20,1,7500,400,3 out of 4,Super Area,Chikkalasandra,Bangalore,Unfurnished,Bachelors/Family,1,Contact Owner
L01898,2022-06-20,1,9000,500,Ground out of 4,Super Area,Maruthi Sevanagar,Bangalore,Unfurnished,Bachelors/Family,1,Contact Owner
L01899,2022-06-04,3,18000,1100,11 out of 18,Carpet Area,Doddabanahalli,Bangalore,Semi-Furnished,Bachelors,3,Contact Owner
L01900,2022-06-30,1,6500,700,1 out of 4,Super Area,"Electronic City Phase 2, Electronic City",Bangalore,Unfurnished,Bachelors,1,Contact Owner
L01901,2022-07-04,2,6000,600,2 out of 3,Super Area,Chikkabanavara,Bangalore,Semi-Furnished,Bachelors/Family,1,Contact Owner
L01902,2022-06-09,2,18000,1200,3 out of 10,Carpet Area,Kodigenahalli,Bangalore,Semi-Furnished,Bachelors/Family,2,Contact Owner
L01903,2022-06-16,2,12000,900,2 out of 4,Super Area,"Shivananda Nagar, Vijayanagar",Bangalore,Semi-Furnished,Bachelors/Family,2,Contact Owner
L01904,2022-05-12,3,75000,1850,6 out of 11,Carpet Area,"Jaya Nagar Block 8, Jayanagar",Bangalore,Semi-Furnished,Bachelors,3,Contact Agent
L01905,2022-06-04,2,25000,900,Ground out of 1,Super Area,Kammanahalli,Bangalore,Unfurnished,Family,2,Contact Owner
L01906,2022-06-16,2,20000,1050,2 out of 4,Super Area,Hulimavu,Bangalore,Semi-Furnished,Bachelors/Family,2,Contact Owner
L01907,2022-05-27,2,8000,1200,2 out of 3,Super Area,Vidyaranyapura,Bangalore,Semi-Furnished,Bachelors/Family,2,Contact Owner
L01908,2022-05-27,2,11000,600,2 out of 4,Super Area,Electronic City,Bangalore,Unfurnished,Bachelors/Family,2,Contact Owner
L01909,2022-07-09,3,65000,1480,7 out of 14,Carpet Area,"Dodda Nekkundi Extension, Kartik Nagar, Outer Ring Road",Bangalore,Furnished,Family,2,Contact Agent
L01910,2022-05-23,1,6000,400,4 out of 5,Super Area,Kasturi Nagar,Bangalore,Semi-Furnished,Bachelors/Family,1,Contact Owner
L01911,2022-06-30,4,160000,4500,4 out of 4,Carpet Area,Langford Gardens,Bangalore,Unfurnished,Bachelors,4,Contact Agent
L01912,2022-06-29,1,11000,600,Ground out of 3,Super Area,"Maruthi Extesnion, Rajajinagar",Bangalore,Semi-Furnished,Bachelors/Family,1,Contact Owner
L01913,2022-05-11,2,20000,1100,1 out of 5,Super Area,"Jp Nagar Phase 5, J P Nagar, Outer Ring Road",Bangalore,Unfurnished,Bachelors/Family,2,Contact Owner
L01914,2022-06-04,1,5500,600,Ground out of 3,Super Area,Rayasandra,Bangalore,Unfurnished,Bachelors/Family,1,Contact Owner
L01915,2022-06-04,3,12000,1100,6 out of 7,Super Area,"Shampura, Kaval Byrasandra",Bangalore,Semi-Furnished,Bachelors/Family,3,Contact Owner
L01916,2022-07-04,3,21500,1320,3 out of 4,Super Area,Bommasandra,Bangalore,Semi-Furnished,Bachelors/Family,2,Contact Owner
L01917,2022-05-19,2,9300,500,2 out of 4,Super Area,Rajajinagar,Bangalore,Unfurnished,Bachelors/Family,1,Contact Owner
L01918,2022-05-19,1,6000,600,Ground out of 2,Super Area,Choodasandra,Bangalore,Unfurnished,Bachelors/Family,1,Contact Owner
L01919,2022-05-27,2,13000,650,1 out of 4,Super Area,Arakere,Bangalore,Unfurnished,Bachelors/Family,1,Contact Owner
L01920,2022-06-20,1,7000,300,3 out of 3,Carpet Area,New Thippasandra,Bangalore,Unfurnished,Bachelors/Family,1,Contact Owner
L01921,2022-06-20,2,14000,1000,1 out of 4,Super Area,Battarahalli,Bangalore,Unfurnished,Bachelors/Family,2,Contact Owner
L01922,2022-06-20,2,14000,1200,Ground out of 3,Super Area,"A Narayanapura, Mahadevapura",Bangalore,Semi-Furnished,Bachelors/Family,2,Contact Owner
L01923,2022-06-12,1,6000,650,2 out of 6,Super Area,Banashankari,Bangalore,Semi-Furnished,Bachelors/Family,1,Contact Owner
L01924,2022-06-04,1,12500,600,1 out of 1,Super Area,New Bel Road,Bangalore,Unfurnished,Bachelors/Family,1,Contact Owner
L01925,2022-04-28,1,7000,400,2 out of 7,Carpet Area,Gunjur,Bangalore,Semi-Furnished,Bachelors,1,Contact Owner
L01926,2022-06-04,2,13000,1000,2 out of 3,Super Area,Anantapura,Bangalore,Furnished,Bachelors/Family,2,Contact Owner
L01927,2022-07-07,2,20000,1100,2 out of 3,Carpet Area,Hulimavu,Bangalore,Semi-Furnished,Bachelors/Family,2,Contact Owner
L01928,2022-05-23,2,24000,1300,2 out of 3,Super Area,"Ombr Layout, Banaswadi",Bangalore,Unfurnished,Bachelors,2,Contact Owner
L01929,2022-04-28,1,6000,600,3 out of 3,Super Area,Hongasandra,Bangalore,Unfurnished,Bachelors/Family,1,Contact Owner
L01930,2022-05-19,2,15000,800,1 out of 6,Super Area,Chamrajpet,Bangalore,Semi-Furnished,Bachelors/Family,2,Contact Owner
L01931,2022-05-30,2,20000,1115,2 out of 4,Super Area,Sahakara Nagar,Bangalore,Furnished,Bachelors/Family,2,Contact Owner
L01932,2022-05-31,2,17000,1060,1 out of 5,Carpet Area,K R Puram,Bangalore,Unfurnished,Bachelors,2,Contact Owner
L01933,2022-05-19,3,35000,1278,3 out of 7,Super Area,Mathikere,Bangalore,Semi-Furnished,Bachelors/Family,2,Contact Owner
L01934,2022-07-04,3,22000,1500,2 out of 4,Super Area,Kanakapura Road,Bangalore,Semi-Furnished,Bachelors/Family,3,Contact Owner
L01935,2022-07-04,2,18000,1000,2 out of 3,Carpet Area,"Jp Nagar Phase 7, J P Nagar",Bangalore,Semi-Furnished,Bachelors,2,Contact Agent
L01936,2022-06-08,4,120000,4105,11 out of 25,Carpet Area,Hebbal,Bangalore,Semi-Furnished,Bachelors/Family,4,Contact Agent
L01937,2022-06-27,2,10000,800,Ground out of 5,Super Area,Adugodi,Bangalore,Semi-Furnished,Bachelors/Family,2,Contact Owner
L01938,2022-05-19,2,8000,500,1 out of 3,Super Area,Vijayanagar,Bangalore,Semi-Furnished,Bachelors/Family,1,Contact Owner
L01939,2022-05-23,2,9500,700,Ground out of 4,Super Area,Chikkalasandra,Bangalore,Semi-Furnished,Bachelors/Family,1,Contact Owner
L01940,2022-05-22,2,9000,1055,Ground out of 1,Carpet Area,Sathnur,Bangalore,Semi-Furnished,Bachelors,2,Contact Agent
L01941,2022-06-30,3,31000,1325,1 out of 10,Carpet Area,"Jalahalli, Jalahalli, Outer Ring Road",Bangalore,Semi-Furnished,Bachelors/Family,2,Contact Owner
L01942,2022-06-29,2,14000,950,2 out of 4,Super Area,Electronic City,Bangalore,Unfurnished,Bachelors/Family,2,Contact Owner
L01943,2022-05-28,1,7000,450,Ground out of 4,Carpet Area,Banjara Layout,Bangalore,Semi-Furnished,Bachelors/Family,1,Contact Owner
L01944,2022-05-10,3,24000,1200,1 out of 3,Super Area,Banaswadi,Bangalore,Semi-Furnished,Bachelors/Family,2,Contact Owner
L01945,2022-05-24,1,8000,400,2 out of 3,Carpet Area,"Electronic City Phase 2, Electronic City",Bangalore,Semi-Furnished,Bachelors/Family,1,Contact Owner
L01946,2022-05-14,1,22000,400,Ground out of 3,Super Area,Indira Nagar,Bangalore,Semi-Furnished,Bachelors/Family,1,Contact Owner
L01947,2022-04-29,2,12000,600,Ground out of 2,Super Area,Vijay Enclave,Bangalore,Semi-Furnished,Bachelors/Family,2,Contact Owner
L01948,2022-07-04,1,5000,500,1 out of 2,Super Area,Vidyaranyapura,Bangalore,Unfurnished,Bachelors/Family,1,Contact Owner
L01949,2022-05-14,1,6000,400,3 out of 4,Super Area,Hongasandra,Bangalore,Unfurnished,Bachelors/Family,1,Contact Owner
L01950,2022-05-23,2,30000,1100,2 out of 5,Super Area,Maruthi Sevanagar,Bangalore,Furnished,Bachelors/Family,2,Contact Owner
L01951,2022-05-23,2,12000,650,2 out of 4,Super Area,Bommanahalli,Bangalore,Semi-Furnished,Bachelors/Family,2,Contact Owner
L01952,2022-05-23,2,15000,600,2 out of 3,Super Area,Ejipura,Bangalore,Semi-Furnished,Bachelors/Family,2,Contact Owner
L01953,2022-06-04,2,14000,800,1 out of 3,Super Area,Hongasandra,Bangalore,Furnished,Bachelors/Family,2,Contact Owner
L01954,2022-06-04,1,22000,460,3 out of 5,Carpet Area,"Murugeshpalya, Airport Road",Bangalore,Semi-Furnished,Bachelors/Family,1,Contact Agent
L01955,2022-05-31,2,40000,1380,2 out of 9,Carpet Area,"Hal Layout, Hosur Road",Bangalore,Semi-Furnished,Bachelors/Family,2,Contact Agent
L01956,2022-06-22,1,12000,500,1 out of 3,Super Area,Banaswadi,Bangalore,Semi-Furnished,Bachelors/Family,1,Contact Owner
L01957,2022-06-04,2,15000,825,Ground out of 2,Super Area,Hulimavu,Bangalore,Unfurnished,Bachelors/Family,2,Contact Owner
L01958,2022-05-23,2,9500,700,2 out of 6,Super Area,Varthur,Bangalore,Semi-Furnished,Bachelors/Family,2,Contact Owner
L01959,2022-05-27,2,15000,1110,1 out of 2,Carpet Area,Subramanyapura,Bangalore,Unfurnished,Bachelors,2,Contact Owner
L01960,2022-07-04,2,15000,800,2 out of 4,Super Area,"Panduranga Nagar, bannerghatta main Road",Bangalore,Semi-Furnished,Bachelors/Family,2,Contact Owner
L01961,2022-06-20,2,10000,810,Ground out of 2,Super Area,Vijayanagar,Bangalore,Semi-Furnished,Bachelors/Family,1,Contact Owner
L01962,2022-05-27,4,15000,1150,Ground out of 3,Super Area,Yelahanka New Town,Bangalore,Semi-Furnished,Bachelors/Family,3,Contact Owner
L01963,2022-05-19,1,7000,700,3 out of 4,Super Area,Mailasandar,Bangalore,Semi-Furnished,Bachelors/Family,1,Contact Owner
L01964,2022-07-04,1,10000,300,2 out of 3,Super Area,CV Raman Nagar,Bangalore,Unfurnished,Bachelors/Family,1,Contact Owner
L01965,2022-06-27,3,26969,1400,4 out of 14,Super Area,"Hoodi, Hoodi",Bangalore,Semi-Furnished,Bachelors/Family,3,Contact Owner
L01966,2022-06-12,1,8000,450,2 out of 3,Carpet Area,Channasandra,Bangalore,Unfurnished,Bachelors,1,Contact Owner
L01967,2022-07-06,3,52000,1603,26 out of 32,Carpet Area,Kanakapura Road,Bangalore,Semi-Furnished,Bachelors/Family,3,Contact Agent
L01968,2022-07-05,3,30000,1500,1 out of 1,Super Area,Ulsoor Road,Bangalore,Semi-Furnished,Bachelors/Family,2,Contact Owner
L01969,2022-05-20,1,6500,200,4 out of 4,Super Area,Mahadevapura,Bangalore,Semi-Furnished,Bachelors,1,Contact Owner
L01970,2022-06-20,3,22000,1500,Ground out of 5,Super Area,J P Nagar,Bangalore,Furnished,Bachelors/Family,3,Contact Owner
L01971,2022-06-20,1,10000,600,1 out of 3,Super Area,Rajajinagar,Bangalore,Semi-Furnished,Bachelors/Family,1,Contact Owner
L01972,2022-06-20,1,6000,150,3 out of 4,Super Area,Malleshwaram,Bangalore,Furnished,Bachelors/Family,1,Contact Owner
L01973,2022-05-19,2,13000,750,Ground out of 4,Super Area,K R Puram,Bangalore,Semi-Furnished,Bachelors/Family,2,Contact Owner
L01974,2022-05-19,2,18000,1300,Ground out of 4,Super Area,Basavanapura,Bangalore,Semi-Furnished,Bachelors/Family,2,Contact Owner
L01975,2022-05-19,4,30000,1900,3 out of 5,Super Area,Bommanahalli,Bangalore,Unfurnished,Bachelors/Family,3,Contact Owner
L01976,2022-05-17,2,10000,300,Ground out of 4,Carpet Area,"Aditya Nagar-Vidyaranyapura, Vidyaranyapura",Bangalore,Semi-Furnished,Bachelors/Family,2,Contact Owner
L01977,2022-04-28,1,15000,700,2 out of 4,Super Area,Varthur,Bangalore,Semi-Furnished,Bachelors/Family,2,Contact Owner
L01978,2022-06-12,2,70000,1325,12 out of 16,Carpet Area,Koramangala Block 1,Bangalore,Semi-Furnished,Family,2,Contact Agent
L01979,2022-06-12,2,19000,894,3 out of 4,Carpet Area,Amrutahalli,Bangalore,Unfurnished,Bachelors,2,Contact Owner
L01980,2022-06-11,2,20000,1100,3 out of 4,Super Area,Electronic City,Bangalore,Semi-Furnished,Bachelors/Family,2,Contact Owner
L01981,2022-06-20,2,9000,600,1 out of 4,Super Area,Begur,Bangalore,Unfurnished,Bachelors/Family,2,Contact Owner
L01982,2022-05-19,1,5000,500,Ground out of 2,Super Area,Vijayanagar,Bangalore,Furnished,Bachelors/Family,1,Contact Owner
L01983,2022-07-07,2,27500,1000,4 out of 4,Carpet Area,ITI Layout,Bangalore,Furnished,Bachelors/Family,2,Contact Owner
L01984,2022-06-27,2,16000,850,Ground out of 3,Super Area,Thambuchetty Palya,Bangalore,Semi-Furnished,Bachelors/Family,2,Contact Owner
L01985,2022-07-05,1,12000,400,3 out of 3,Carpet Area,"Pai Layout-Hulimavu, Hulimavu",Bangalore,Semi-Furnished,Bachelors/Family,1,Contact Owner
L01986,2022-07-09,3,75000,2400,5 out of 14,Carpet Area,Outer Ring Road,Bangalore,Semi-Furnished,Bachelors/Family,4,Contact Agent
L01987,2022-05-19,2,20000,1200,Ground out of 4,Super Area,Btm Layout,Bangalore,Semi-Furnished,Bachelors/Family,2,Contact Owner
L01988,2022-06-20,1,7000,500,1 out of 2,Super Area,Varanasi,Bangalore,Unfurnished,Bachelors/Family,1,Contact Owner
L01989,2022-06-20,1,11000,550,Ground out of 2,Super Area,Hebbal Kempapura,Bangalore,Semi-Furnished,Bachelors/Family,1,Contact Owner
L01990,2022-06-11,1,13500,450,Ground out of 4,Carpet Area,Nagarbhavi,Bangalore,Semi-Furnished,Bachelors,1,Contact Owner
L01991,2022-06-16,1,17000,430,4 out of 5,Super Area,Garvebhavi Palya,Bangalore,Semi-Furnished,Bachelors/Family,1,Contact Owner
L01992,2022-07-04,3,55000,2430,4 out of 5,Super Area,Halasuru,Bangalore,Semi-Furnished,Bachelors/Family,3,Contact Owner
L01993,2022-05-27,1,13000,500,4 out of 5,Super Area,Electronic City,Bangalore,Furnished,Bachelors/Family,2,Contact Owner
L01994,2022-05-27,2,11000,600,2 out of 5,Super Area,Electronic City,Bangalore,Semi-Furnished,Bachelors/Family,1,Contact Owner
L01995,2022-05-14,2,16000,805,5 out of 6,Carpet Area,"Mallasandra, Jalahalli West",Bangalore,Furnished,Bachelors/Family,2,Contact Owner
L01996,2022-05-10,2,23500,950,6 out of 8,Super Area,Bilekahalli,Bangalore,Semi-Furnished,Bachelors/Family,2,Contact Owner
L01997,2022-05-22,2,8500,1000,1 out of 1,Carpet Area,"Kattigenahalli, Bellary Road",Bangalore,Unfurnished,Bachelors,2,Contact Agent
L01998,2022-05-05,3,30000,1350,14 out of 14,Super Area,Mylasandra,Bangalore,Furnished,Bachelors/Family,3,Contact Owner
L01999,2022-07-02,3,22000,1500,2 out of 4,Carpet Area,Rajarajeshwari Nagar,Bangalore,Furnished,Bachelors/Family,2,Contact Owner
L02000,2022-05-12,2,15000,1000,1 out of 3,Carpet Area,Ramamurthy Nagar,Bangalore,Unfurnished,Bachelors,2,Contact Owner
L02001,2022-05-19,3,15000,800,Ground out of 3,Super Area,Kithiganur,Bangalore,Semi-Furnished,Bachelors/Family,3,Contact Owner
L02002,2022-05-19,2,10000,1000,Ground out of 2,Carpet Area,Kamala Nagar,Bangalore,Unfurnished,Bachelors,1,Contact Owner
L02003,2022-06-20,2,12500,800,2 out of 3,Super Area,Nagondanahalli,Bangalore,Furnished,Bachelors/Family,2,Contact Owner
L02004,2022-06-29,3,24000,1550,1 out of 2,Carpet Area,Byrathi,Bangalore,Semi-Furnished,Bachelors,3,Contact Owner
L02005,2022-07-04,2,32000,1000,1 out of 5,Super Area,Guttahalli,Bangalore,Unfurnished,Bachelors/Family,2,Contact Owner
L02006,2022-07-04,2,19000,800,1 out of 4,Super Area,whitefield,Bangalore,Unfurnished,Bachelors/Family,2,Contact Owner
L02007,2022-05-05,1,9000,700,Ground out of 4,Super Area,"Bikasipura, kanakapura Road",Bangalore,Furnished,Bachelors/Family,1,Contact Owner
L02008,2022-06-20,2,5500,500,7 out of 10,Super Area,Laggere,Bangalore,Furnished,Bachelors/Family,2,Contact Owner
L02009,2022-07-08,1,15000,500,2 out of 3,Carpet Area,"Hsr Layout Sector 3, HSR Layout",Bangalore,Semi-Furnished,Bachelors/Family,1,Contact Owner
L02010,2022-05-30,2,14000,900,1 out of 4,Super Area,"Seetharampalya, Hoodi",Bangalore,Semi-Furnished,Bachelors/Family,2,Contact Owner
L02011,2022-06-04,3,27000,1200,2 out of 3,Super Area,"Jp Nagar Phase 7, J P Nagar",Bangalore,Unfurnished,Bachelors,2,Contact Owner
L02012,2022-05-27,2,14000,1000,1 out of 2,Super Area,Thanisandra,Bangalore,Semi-Furnished,Bachelors/Family,2,Contact Owner
L02013,2022-07-06,3,43000,1680,4 out of 9,Carpet Area,Sarjapur Road,Bangalore,Unfurnished,Bachelors,3,Contact Agent
L02014,2022-06-16,2,30000,1100,2 out of 5,Carpet Area,"Kaggadasapura, Indira nagar",Bangalore,Semi-Furnished,Bachelors,2,Contact Agent
L02015,2022-06-30,2,50000,1200,1 out of 5,Carpet Area,Lavelle Road,Bangalore,Furnished,Bachelors,1,Contact Agent
L02016,2022-06-25,1,15000,900,1 out of 3,Carpet Area,"Manyata Residency, Thanisandra",Bangalore,Semi-Furnished,Bachelors/Family,2,Contact Owner
L02017,2022-06-24,3,25000,1600,3 out of 4,Carpet Area,"Vijaya Bank Colony -Bilekahalli, Bilekahalli",Bangalore,Semi-Furnished,Bachelors,3,Contact Agent
L02018,2022-06-30,2,25500,1475,4 out of 9,Carpet Area,"Royal Lakefront Phase-3 North, JP Nagar Phase 8",Bangalore,Furnished,Bachelors/Family,2,Contact Agent
L02019,2022-05-14,1,6000,300,1 out of 2,Super Area,Abbigere,Bangalore,Unfurnished,Bachelors/Family,1,Contact Owner
L02020,2022-05-14,1,5000,400,1 out of 2,Super Area,Vaderahalli,Bangalore,Unfurnished,Bachelors/Family,1,Contact Owner
L02021,2022-05-23,1,10000,550,1 out of 4,Super Area,Btm Layout,Bangalore,Semi-Furnished,Family,1,Contact Owner
L02022,2022-05-23,1,15000,400,1 out of 5,Super Area,"Nallurhalli, Whitefield, Borewell Road",Bangalore,Unfurnished,Bachelors/Family,1,Contact Owner
L02023,2022-06-04,1,5000,500,1 out of 2,Super Area,T Dasarahalli,Bangalore,Unfurnished,Family,1,Contact Owner
L02024,2022-05-12,3,17000,1200,2 out of 2,Super Area,"Maruthi Nagar-Yelahanka, Yelahanka",Bangalore,Unfurnished,Bachelors/Family,3,Contact Owner
L02025,2022-05-23,2,14000,1300,2 out of 4,Super Area,"Chuchangatta Colony, J P Nagar",Bangalore,Semi-Furnished,Bachelors/Family,2,Contact Owner
L02026,2022-06-08,3,35000,2100,1 out of 2,Super Area,Srinivaspura,Bangalore,Furnished,Bachelors/Family,3,Contact Owner
L02027,2022-05-10,2,35000,800,9 out of 10,Carpet Area,Ashok Nagar,Bangalore,Semi-Furnished,Bachelors/Family,1,Contact Owner
L02028,2022-06-16,2,16000,800,1 out of 4,Carpet Area,"Murugeshpalya, Airport Road",Bangalore,Semi-Furnished,Bachelors/Family,1,Contact Agent
L02029,2022-07-06,4,130000,4341,9 out of 15,Carpet Area,Arakere,Bangalore,Semi-Furnished,Bachelors/Family,4,Contact Agent
L02030,2022-06-04,2,35000,1300,3 out of 5,Super Area,Jayanagar,Bangalore,Semi-Furnished,Bachelors/Family,2,Contact Owner
L02031,2022-06-16,1,10000,400,2 out of 2,Carpet Area,Halasuru,Bangalore,Semi-Furnished,Bachelors/Family,1,Contact Owner
L02032,2022-05-19,2,12000,800,1 out of 3,Super Area,Ramamurthy Nagar,Bangalore,Unfurnished,Bachelors/Family,2,Contact Owner
L02033,2022-06-04,2,10500,1000,Ground out of 3,Super Area,Banashankari,Bangalore,Unfurnished,Bachelors/Family,1,Contact Owner
L02034,2022-05-27,1,8000,400,1 out of 5,Super Area,"Hennur, Hennur Bagalur Road",Bangalore,Semi-Furnished,Bachelors/Family,1,Contact Owner
L02035,2022-06-23,2,15000,1100,Ground out of 5,Carpet Area,"Kaggadasapura, Indira nagar",Bangalore,Semi-Furnished,Bachelors,2,Contact Agent
L02036,2022-07-06,2,25000,1200,4 out of 4,Carpet Area,Hsr Layout,Bangalore,Semi-Furnished,Bachelors/Family,2,Contact Agent
L02037,2022-05-23,2,9000,600,1 out of 2,Super Area,Mathikere,Bangalore,Semi-Furnished,Bachelors/Family,2,Contact Owner
L02038,2022-05-23,2,30000,1700,Ground out of 3,Super Area,Sanjay Nagar Stage 2,Bangalore,Semi-Furnished,Bachelors/Family,2,Contact Owner
L02039,2022-06-30,2,22000,846,2 out of 4,Carpet Area,Ramachandrapuram Rajajinagar,Bangalore,Semi-Furnished,Bachelors/Family,2,Contact Owner
L02040,2022-06-29,2,14000,1100,1 out of 3,Super Area,Kyalasanahalli,Bangalore,Unfurnished,Bachelors/Family,2,Contact Owner
L02041,2022-07-08,2,12000,700,1 out of 2,Carpet Area,"Chamundeshwari Layout, Arakere",Bangalore,Semi-Furnished,Family,1,Contact Owner
L02042,2022-06-26,2,10000,110,1 out of 1,Carpet Area,Kengeri,Bangalore,Unfurnished,Bachelors/Family,2,Contact Owner
L02043,2022-04-29,3,25000,900,Ground out of 1,Super Area,Kalyan Nagar,Bangalore,Semi-Furnished,Bachelors/Family,3,Contact Owner
L02044,2022-07-07,1,25000,420,17 out of 18,Carpet Area,Haralur Road,Bangalore,Semi-Furnished,Bachelors,1,Contact Agent
L02045,2022-06-20,2,16000,800,1 out of 4,Super Area,J P Nagar,Bangalore,Semi-Furnished,Bachelors/Family,2,Contact Owner
L02046,2022-07-08,3,60000,1500,3 out of 4,Carpet Area,Indira Nagar,Bangalore,Semi-Furnished,Bachelors,3,Contact Agent
L02047,2022-06-04,1,7000,900,3 out of 4,Super Area,Vijayanagar,Bangalore,Semi-Furnished,Bachelors/Family,1,Contact Owner
L02048,2022-05-27,3,21000,1600,1 out of 4,Super Area,Bilekahalli,Bangalore,Semi-Furnished,Bachelors/Family,3,Contact Owner
L02049,2022-05-31,4,250000,5700,24 out of 25,Carpet Area,whitefield,Bangalore,Semi-Furnished,Bachelors/Family,4,Contact Agent
L02050,2022-07-09,1,19000,625,2 out of 4,Carpet Area,"Hsr Layout Sector 2, HSR Layout",Bangalore,Unfurnished,Bachelors,1,Contact Agent
L02051,2022-04-29,4,42500,1760,1 out of 4,Carpet Area,Sun City Layout,Bangalore,Unfurnished,Bachelors/Family,3,Contact Owner
L02052,2022-05-19,2,11000,600,Ground out of 3,Super Area,Nagarbhavi,Bangalore,Furnished,Bachelors,1,Contact Owner
L02053,2022-05-19,2,18000,1200,3 out of 4,Super Area,Annapurneshwari Nagar,Bangalore,Semi-Furnished,Bachelors/Family,2,Contact Owner
L02054,2022-05-19,1,4300,300,2 out of 4,Super Area,Ragavendra Nagar,Bangalore,Unfurnished,Bachelors/Family,1,Contact Owner
L02055,2022-06-04,2,9000,900,2 out of 4,Super Area,Attiguppe,Bangalore,Furnished,Family,1,Contact Owner
L02056,2022-05-27,1,7000,450,1 out of 2,Super Area,Electronic City,Bangalore,Semi-Furnished,Bachelors/Family,1,Contact Owner
L02057,2022-06-12,2,15000,1050,2 out of 2,Carpet Area,"Mcechs Layout, Jakkuru",Bangalore,Semi-Furnished,Family,2,Contact Owner
L02058,2022-05-07,1,4800,580,Ground out of 1,Super Area,Kengeri,Bangalore,Semi-Furnished,Bachelors/Family,1,Contact Owner
L02059,2022-06-10,2,15000,600,Ground out of 3,Carpet Area,Kalkere,Bangalore,Unfurnished,Bachelors,2,Contact Owner
L02060,2022-06-20,1,18000,550,3 out of 6,Carpet Area,Marathahalli,Bangalore,Semi-Furnished,Bachelors/Family,1,Contact Agent
L02061,2022-06-20,2,22500,1115,1 out of 4,Super Area,"Abbiareddy Layout, Kaggadasapura",Bangalore,Semi-Furnished,Bachelors/Family,2,Contact Owner
L02062,2022-06-23,1,9500,300,2 out of 3,Carpet Area,Yemalur,Bangalore,Semi-Furnished,Bachelors/Family,1,Contact Owner
L02063,2022-05-30,2,12000,1200,1 out of 3,Carpet Area,Abbigere,Bangalore,Semi-Furnished,Bachelors/Family,2,Contact Owner
L02064,2022-07-06,1,9000,900,3 out of 5,Carpet Area,"Btm Layout Stage 2, BTM Layout",Bangalore,Semi-Furnished,Bachelors,1,Contact Agent
L02065,2022-05-23,3,25000,1400,1 out of 7,Super Area,"Kaggadasapura, Indira nagar",Bangalore,Semi-Furnished,Bachelors/Family,3,Contact Agent
L02066,2022-05-23,1,9000,400,1 out of 3,Super Area,C V Raman Nagar,Bangalore,Semi-Furnished,Bachelors/Family,1,Contact Owner
L02067,2022-05-23,2,11000,900,3 out of 4,Super Area,Arakere,Bangalore,Semi-Furnished,Bachelors/Family,1,Contact Owner
L02068,2022-05-19,1,12500,500,Ground out of 3,Super Area,Seshadripuram,Bangalore,Semi-Furnished,Bachelors/Family,1,Contact Owner
L02069,2022-07-05,3,21000,1360,1 out of 4,Super Area,whitefield,Bangalore,Semi-Furnished,Bachelors/Family,2,Contact Owner
L02070,2022-05-14,3,17681,1110,3 out of 5,Super Area,Electronic City,Bangalore,Semi-Furnished,Bachelors/Family,2,Contact Owner
L02071,2022-05-23,3,28000,2400,3 out of 4,Super Area,Virupakshapura,Bangalore,Semi-Furnished,Bachelors/Family,3,Contact Owner
L02072,2022-07-06,3,30000,1700,19 out of 26,Carpet Area,Kanakapura Road,Bangalore,Semi-Furnished,Bachelors/Family,3,Contact Agent
L02073,2022-06-16,2,25000,980,17 out of 19,Super Area,Mysore Road,Bangalore,Furnished,Bachelors/Family,2,Contact Owner
L02074,2022-06-27,2,13000,600,1 out of 2,Super Area,Ramaswami Palya kammanhalli,Bangalore,Semi-Furnished,Bachelors/Family,2,Contact Owner
L02075,2022-05-15,2,8000,200,2 out of 2,Carpet Area,"Mallathahalli, Outer Ring Road",Bangalore,Furnished,Bachelors/Family,2,Contact Owner
L02076,2022-07-09,3,35000,1300,3 out of 4,Carpet Area,Benson Town,Bangalore,Semi-Furnished,Bachelors/Family,2,Contact Agent
L02077,2022-05-19,1,8000,750,Ground out of 3,Super Area,K R Puram,Bangalore,Unfurnished,Bachelors/Family,1,Contact Owner
L02078,2022-05-19,2,10000,850,2 out of 4,Super Area,Cox Town,Bangalore,Unfurnished,Bachelors/Family,2,Contact Owner
L02079,2022-05-19,1,11500,600,3 out of 4,Super Area,J P Nagar,Bangalore,Semi-Furnished,Bachelors/Family,1,Contact Owner
L02080,2022-07-09,4,140000,3100,9 out of 22,Super Area,"Dollars Colony-Rmv Extension Stage 2, RMV Extension Stage 2",Bangalore,Semi-Furnished,Bachelors/Family,4,Contact Agent
L02081,2022-06-21,2,6000,660,2 out of 3,Super Area,Electronic City,Bangalore,Unfurnished,Bachelors,1,Contact Owner
L02082,2022-05-24,2,11000,600,1 out of 3,Carpet Area,Battarahalli,Bangalore,Semi-Furnished,Bachelors/Family,1,Contact Owner
L02083,2022-06-04,1,4000,250,2 out of 3,Super Area,Btm Layout,Bangalore,Unfurnished,Bachelors/Family,1,Contact Owner
L02084,2022-05-27,2,14000,1200,Ground out of 2,Super Area,Ramamurthy Nagar,Bangalore,Unfurnished,Bachelors/Family,2,Contact Owner
L02085,2022-07-09,2,24000,630,2 out of 5,Carpet Area,Halasuru,Bangalore,Semi-Furnished,Bachelors/Family,2,Contact Agent
L02086,2022-05-23,2,11000,840,1 out of 3,Super Area,"Dooravani Nagar, Dooravani Nagar",Bangalore,Semi-Furnished,Bachelors/Family,1,Contact Owner
L02087,2022-05-23,2,10000,500,Upper Basement out of 4,Carpet Area,Marathahalli,Bangalore,Unfurnished,Bachelors/Family,1,Contact Owner
L02088,2022-05-31,3,62000,1680,4 out of 15,Carpet Area,Hebbal,Bangalore,Semi-Furnished,Bachelors,3,Contact Owner
L02089,2022-06-23,2,12000,775,2 out of 3,Carpet Area,"Murugeshpalya, Airport Road",Bangalore,Semi-Furnished,Bachelors/Family,1,Contact Agent
L02090,2022-05-19,2,18000,1000,3 out of 4,Super Area,Basaveshwara Layout,Bangalore,Semi-Furnished,Bachelors/Family,2,Contact Owner
L02091,2022-05-19,2,17500,900,Ground out of 2,Super Area,Hebbal Kempapura,Bangalore,Semi-Furnished,Bachelors/Family,2,Contact Owner
L02092,2022-06-08,1,6500,500,2 out of 5,Super Area,Aduru,Bangalore,Semi-Furnished,Bachelors/Family,1,Contact Owner
L02093,2022-06-20,1,16000,550,2 out of 5,Carpet Area,Chinnapanna Halli,Bangalore,Semi-Furnished,Bachelors/Family,1,Contact Agent
L02094,2022-06-20,3,30000,1250,15 out of 18,Carpet Area,Begur Road,Bangalore,Semi-Furnished,Bachelors,3,Contact Agent
L02095,2022-06-09,2,28000,850,2 out of 6,Carpet Area,"Nanja Reddy Colony, Jeevan Bima Nagar",Bangalore,Semi-Furnished,Bachelors/Family,2,Contact Agent
L02096,2022-05-30,1,6500,150,1 out of 2,Super Area,"Subhash Nagar, Kengeri Satellite Town",Bangalore,Semi-Furnished,Bachelors/Family,1,Contact Owner
L02097,2022-06-23,1,9000,445,1 out of 3,Carpet Area,"Murugeshpalya, Airport Road",Bangalore,Semi-Furnished,Bachelors/Family,1,Contact Agent
L02098,2022-07-08,2,8500,500,2 out of 3,Carpet Area,"Electronics City Phase 1, Electronic City",Bangalore,Semi-Furnished,Bachelors/Family,2,Contact Owner
L02099,2022-05-21,2,20000,750,2 out of 3,Carpet Area,"Venkateshappa Layout-Kammanahalli, Kammanahalli",Bangalore,Semi-Furnished,Bachelors/Family,2,Contact Owner
L02100,2022-07-02,3,26000,2000,1 out of 2,Carpet Area,"Rbi Colony-Jayanagar, Jayanagar",Bangalore,Semi-Furnished,Bachelors/Family,2,Contact Owner
L02101,2022-05-05,1,8000,500,1 out of 3,Super Area,Electronic City,Bangalore,Semi-Furnished,Bachelors/Family,1,Contact Owner
L02102,2022-05-05,1,8500,730,2 out of 4,Super Area,K R Puram,Bangalore,Semi-Furnished,Bachelors/Family,1,Contact Owner
L02103,2022-06-24,2,12500,750,1 out of 4,Super Area,Neelasandra,Bangalore,Semi-Furnished,Bachelors/Family,2,Contact Owner
L02104,2022-06-16,1,8000,600,3 out of 4,Super Area,Ramagondanahalli,Bangalore,Semi-Furnished,Bachelors/Family,1,Contact Owner
L02105,2022-07-09,3,52000,2710,4 out of 7,Super Area,Thanisandra,Bangalore,Semi-Furnished,Bachelors,3,Contact Agent
L02106,2022-06-12,2,18000,1190,3 out of 4,Carpet Area,Basava Nagar,Bangalore,Semi-Furnished,Bachelors,2,Contact Owner
L02107,2022-07-07,1,15000,435,2 out of 5,Carpet Area,"Murugeshpalya, Airport Road",Bangalore,Semi-Furnished,Bachelors/Family,1,Contact Agent
L02108,2022-04-29,2,12000,750,1 out of 3,Super Area,"Electronics City Phase 1, Electronic City",Bangalore,Unfurnished,Bachelors/Family,2,Contact Owner
L02109,2022-05-27,3,100000,1800,2 out of 4,Carpet Area,Bilal Nagar-Sagayapura,Bangalore,Semi-Furnished,Bachelors/Family,3,Contact Agent
L02110,2022-06-14,1,6000,1200,3 out of 5,Carpet Area,Lakshmipura,Bangalore,Furnished,Bachelors,1,Contact Owner
L02111,2022-05-05,2,12000,600,2 out of 3,Super Area,Btm Layout,Bangalore,Semi-Furnished,Bachelors/Family,1,Contact Owner
L02112,2022-05-11,1,6500,450,2 out of 2,Super Area,Mathikere,Bangalore,Unfurnished,Bachelors/Family,1,Contact Owner
L02113,2022-06-16,3,13500,1100,3 out of 5,Super Area,Kudlu Gate,Bangalore,Unfurnished,Family,3,Contact Owner
L02114,2022-06-30,1,10000,700,1 out of 1,Super Area,Nagarbhavi,Bangalore,Unfurnished,Bachelors,1,Contact Owner
L02115,2022-06-04,2,8500,650,8 out of 8,Carpet Area,Attibele,Bangalore,Furnished,Family,2,Contact Owner
L02116,2022-06-27,3,32000,1768,8 out of 13,Super Area,Yelahanka,Bangalore,Semi-Furnished,Family,3,Contact Agent
L02117,2022-06-20,3,42000,1600,3 out of 5,Carpet Area,"Hrbr Layout Block 2, Kalyan Nagar, Outer Ring Road",Bangalore,Semi-Furnished,Family,3,Contact Agent
L02118,2022-05-05,1,7500,400,2 out of 4,Super Area,C V Raman Nagar,Bangalore,Semi-Furnished,Bachelors/Family,1,Contact Owner
L02119,2022-05-23,2,16000,1200,1 out of 4,Super Area,Kengeri,Bangalore,Semi-Furnished,Bachelors/Family,2,Contact Owner
L02120,2022-05-10,1,5000,500,2 out of 4,Super Area,Rayasandra,Bangalore,Semi-Furnished,Bachelors/Family,1,Contact Owner
L02121,2022-07-04,2,14000,700,1 out of 2,Super Area,C V Raman Nagar,Bangalore,Unfurnished,Bachelors/Family,2,Contact Owner
L02122,2022-05-15,4,60000,2500,1 out of 2,Super Area,Basaveshvara Nagar,Bangalore,Semi-Furnished,Family,4,Contact Owner
L02123,2022-06-23,1,8500,500,2 out of 4,Super Area,Hulimavu,Bangalore,Semi-Furnished,Bachelors/Family,1,Contact Owner
L02124,2022-05-26,1,10000,500,Ground out of 3,Carpet Area,snv la,Bangalore,Semi-Furnished,Bachelors/Family,1,Contact Owner
L02125,2022-04-30,1,8500,500,1 out of 2,Super Area,"Rmv Extension, Armane Nagar",Bangalore,Semi-Furnished,Bachelors,1,Contact Owner
L02126,2022-05-05,2,15000,1280,Ground out of 5,Carpet Area,"Ittamadu, Banashankari, Outer Ring Road",Bangalore,Unfurnished,Bachelors/Family,2,Contact Owner
L02127,2022-05-16,2,9500,200,Ground out of 2,Carpet Area,Kengeri Upanagara,Bangalore,Semi-Furnished,Bachelors/Family,1,Contact Owner
L02128,2022-06-12,2,25000,750,4 out of 5,Carpet Area,Koramangala,Bangalore,Unfurnished,Bachelors/Family,2,Contact Agent
L02129,2022-07-07,2,14000,900,2 out of 3,Super Area,K R Puram,Bangalore,Semi-Furnished,Bachelors/Family,2,Contact Owner
L02130,2022-05-05,3,20000,1200,Ground out of 2,Super Area,Basaveshwar Nagar,Bangalore,Semi-Furnished,Bachelors/Family,2,Contact Owner
L02131,2022-07-05,1,10000,800,1 out of 1,Super Area,Ramamurthy Nagar,Bangalore,Unfurnished,Bachelors/Family,1,Contact Owner
L02132,2022-05-10,2,10000,500,2 out of 4,Carpet Area,"Aecs Layout-Singasandra, Singasandra, Hosur Road",Bangalore,Unfurnished,Bachelors,1,Contact Owner
L02133,2022-04-29,2,13000,1000,Ground out of 3,Super Area,"Jayanti Nagar, Hormavu",Bangalore,Semi-Furnished,Bachelors/Family,2,Contact Owner
L02134,2022-07-02,2,13000,850,Lower Basement out of 2,Carpet Area,Sun City Layout,Bangalore,Semi-Furnished,Family,2,Contact Owner
L02135,2022-06-12,2,24000,900,2 out of 5,Carpet Area,Koramangala,Bangalore,Semi-Furnished,Bachelors/Family,2,Contact Agent
L02136,2022-07-04,1,10000,600,3 out of 4,Super Area,"State Bank Of India Colony, Hegganahalli",Bangalore,Semi-Furnished,Bachelors/Family,1,Contact Owner
L02137,2022-07-04,1,8000,600,2 out of 4,Super Area,Mahadevapura,Bangalore,Unfurnished,Bachelors/Family,1,Contact Owner
L02138,2022-07-04,1,6000,600,1 out of 4,Super Area,Begur,Bangalore,Unfurnished,Bachelors/Family,1,Contact Owner
L02139,2022-07-04,3,21000,1250,Ground out of 1,Super Area,Margondanahalli,Bangalore,Semi-Furnished,Bachelors/Family,2,Contact Owner
L02140,2022-05-23,3,25000,2000,1 out of 1,Super Area,Horamavu,Bangalore,Semi-Furnished,Bachelors/Family,3,Contact Owner
L02141,2022-05-19,2,8500,532,1 out of 2,Carpet Area,Tannery Road,Bangalore,Unfurnished,Bachelors,1,Contact Owner
L02142,2022-06-08,2,13000,1000,1 out of 4,Super Area,Whitefield,Bangalore,Unfurnished,Bachelors/Family,2,Contact Owner
L02143,2022-06-20,1,5000,150,2 out of 3,Super Area,Rajarajeshwari Nagar,Bangalore,Unfurnished,Bachelors/Family,1,Contact Owner
L02144,2022-05-23,1,7500,500,1 out of 4,Super Area,Mahadevapura,Bangalore,Semi-Furnished,Bachelors/Family,1,Contact Owner
L02145,2022-07-04,1,13900,600,1 out of 4,Carpet Area,"Nallurhalli, Whitefield, Borewell Road",Bangalore,Semi-Furnished,Bachelors/Family,1,Contact Agent
L02146,2022-05-22,2,15000,1100,3 out of 3,Carpet Area,Uttarahalli,Bangalore,Furnished,Bachelors,2,Contact Owner
L02147,2022-05-27,3,30000,1500,4 out of 4,Carpet Area,"Panduranga Nagar, bannerghatta main Road",Bangalore,Semi-Furnished,Bachelors/Family,3,Contact Agent
L02148,2022-07-06,2,13000,500,2 out of 5,Carpet Area,Koramangala,Bangalore,Semi-Furnished,Bachelors,1,Contact Agent
L02149,2022-04-29,1,7700,600,1 out of 2,Carpet Area,Sir M V Nagar,Bangalore,Semi-Furnished,Bachelors/Family,1,Contact Owner
L02150,2022-05-14,2,25000,1200,5 out of 12,Super Area,Yelahanka,Bangalore,Unfurnished,Bachelors/Family,1,Contact Owner
L02151,2022-07-06,2,17000,1100,1 out of 4,Super Area,"Kaggadasapura, Indira nagar",Bangalore,Semi-Furnished,Bachelors/Family,2,Contact Owner
L02152,2022-07-07,3,39000,1550,1 out of 13,Carpet Area,Hennur Main Road,Bangalore,Semi-Furnished,Bachelors/Family,3,Contact Agent
L02153,2022-07-02,2,18000,1050,1 out of 3,Carpet Area,Varthur,Bangalore,Semi-Furnished,Bachelors/Family,2,Contact Owner
L02154,2022-05-05,1,15000,500,1 out of 2,Super Area,Shanti Nagar,Bangalore,Semi-Furnished,Bachelors/Family,1,Contact Owner
L02155,2022-05-05,2,28000,1500,1 out of 4,Super Area,Shivaji Nagar,Bangalore,Semi-Furnished,Bachelors/Family,2,Contact Owner
L02156,2022-06-24,2,17500,1150,3 out of 4,Carpet Area,"Vijaya Bank Colony -Bilekahalli, Bilekahalli",Bangalore,Semi-Furnished,Family,2,Contact Agent
L02157,2022-05-23,4,75000,2000,Ground out of 2,Super Area,Hsr Layout,Bangalore,Furnished,Bachelors/Family,3,Contact Owner
L02158,2022-05-11,2,14000,110,1 out of 2,Carpet Area,RT Nagar,Bangalore,Semi-Furnished,Bachelors/Family,1,Contact Owner
L02159,2022-04-29,1,9000,500,3 out of 4,Super Area,"Jp Nagar Phase 7, J P Nagar",Bangalore,Semi-Furnished,Bachelors/Family,1,Contact Owner
L02160,2022-06-08,3,20000,1465,2 out of 4,Super Area,Sunkadakatte,Bangalore,Semi-Furnished,Bachelors/Family,3,Contact Owner
L02161,2022-06-04,2,12000,940,2 out of 5,Carpet Area,"Attur Layout, Yelahanka New Town",Bangalore,Semi-Furnished,Bachelors/Family,2,Contact Owner
L02162,2022-05-23,2,12000,850,Ground out of 4,Super Area,Basaveshwar Nagar,Bangalore,Semi-Furnished,Bachelors/Family,1,Contact Owner
L02163,2022-07-02,2,24000,990,14 out of 30,Carpet Area,Tumkur Road,Bangalore,Furnished,Bachelors/Family,2,Contact Owner
L02164,2022-06-20,2,12000,750,Ground out of 3,Super Area,BBMP convertion layout,Bangalore,Semi-Furnished,Bachelors/Family,2,Contact Owner
L02165,2022-06-20,1,10000,500,2 out of 3,Super Area,Garvebhavi Palya,Bangalore,Semi-Furnished,Bachelors/Family,1,Contact Owner
L02166,2022-06-16,3,24000,1430,2 out of 3,Super Area,"Jp Nagar Phase 7, J P Nagar",Bangalore,Semi-Furnished,Bachelors/Family,2,Contact Owner
L02167,2022-06-08,1,9000,600,3 out of 4,Carpet Area,"Chelekare, Kalyan Nagar, Outer Ring Road",Bangalore,Semi-Furnished,Family,1,Contact Owner
L02168,2022-06-11,2,12000,900,1 out of 2,Carpet Area,"Jeevanhalli, Cox Town",Bangalore,Semi-Furnished,Bachelors/Family,1,Contact Owner
L02169,2022-04-29,2,11000,1100,Ground out of 2,Super Area,Konanakunte,Bangalore,Semi-Furnished,Bachelors/Family,2,Contact Owner
L02170,2022-04-29,2,15000,900,1 out of 3,Carpet Area,"Venkatpura, HSR Layout",Bangalore,Semi-Furnished,Bachelors/Family,1,Contact Owner
L02171,2022-05-23,1,5500,600,2 out of 3,Super Area,Byatarayanapura,Bangalore,Semi-Furnished,Bachelors/Family,1,Contact Owner
L02172,2022-06-23,2,18000,1000,Ground out of 4,Carpet Area,Kudlu Gate,Bangalore,Semi-Furnished,Family,2,Contact Owner
L02173,2022-07-06,2,42000,1150,2 out of 4,Carpet Area,Koramangala,Bangalore,Furnished,Bachelors,2,Contact Agent
L02174,2022-04-29,2,18000,1250,1 out of 4,Super Area,"Devarachikannahalli, Begur Road",Bangalore,Semi-Furnished,Bachelors/Family,2,Contact Owner
L02175,2022-04-29,2,15000,1000,1 out of 4,Super Area,"Jp Nagar Phase 7, J P Nagar",Bangalore,Semi-Furnished,Bachelors/Family,2,Contact Owner
L02176,2022-06-04,1,6000,500,2 out of 3,Super Area,"Electronic City Phase 2, Electronic City",Bangalore,Semi-Furnished,Bachelors/Family,1,Contact Owner
L02177,2022-05-14,3,30000,2000,1 out of 1,Super Area,"Jp Nagar Phase 6, J P Nagar, Outer Ring Road",Bangalore,Semi-Furnished,Bachelors/Family,3,Contact Owner
L02178,2022-04-30,2,12000,850,Ground out of 2,Super Area,Choodasandra,Bangalore,Semi-Furnished,Bachelors/Family,2,Contact Owner
L02179,2022-06-28,2,10000,990,Ground out of 2,Carpet Area,"Hbr Layout Block 2, HBR Layout",Bangalore,Semi-Furnished,Bachelors/Family,2,Contact Owner
L02180,2022-06-27,2,9500,850,1 out of 2,Carpet Area,Raghavendra Layout,Bangalore,Semi-Furnished,Bachelors,1,Contact Owner
L02181,2022-05-05,2,16000,1000,4 out of 5,Super Area,"Kaggadasapura, Indira nagar",Bangalore,Semi-Furnished,Bachelors/Family,2,Contact Owner
L02182,2022-06-23,2,9500,650,4 out of 5,Super Area,Nagvarpalya Main Road,Bangalore,Semi-Furnished,Bachelors/Family,2,Contact Owner
L02183,2022-06-16,1,6500,400,2 out of 2,Carpet Area,whitefield,Bangalore,Semi-Furnished,Bachelors/Family,1,Contact Owner
L02184,2022-06-03,2,13500,1000,2 out of 2,Carpet Area,Mylasandra,Bangalore,Semi-Furnished,Bachelors/Family,2,Contact Owner
L02185,2022-04-29,2,25000,1350,12 out of 13,Super Area,Doddaballapur Road,Bangalore,Semi-Furnished,Bachelors/Family,2,Contact Owner
L02186,2022-05-23,2,9500,600,2 out of 3,Super Area,Hbr Layout,Bangalore,Semi-Furnished,Bachelors/Family,2,Contact Owner
L02187,2022-06-08,4,190000,4000,Ground out of 2,Super Area,Koramangala,Bangalore,Furnished,Bachelors/Family,5,Contact Owner
L02188,2022-06-28,2,90000,950,4 out of 5,Carpet Area,Aarna Enclave,Bangalore,Unfurnished,Bachelors/Family,2,Contact Owner
L02189,2022-06-30,2,24000,777,4 out of 8,Carpet Area,Yelahanka,Bangalore,Semi-Furnished,Family,2,Contact Agent
L02190,2022-06-23,3,15000,1200,2 out of 4,Carpet Area,Electronic City,Bangalore,Semi-Furnished,Bachelors/Family,2,Contact Owner
L02191,2022-05-10,2,22000,1600,Ground out of 2,Super Area,Kodigehalli,Bangalore,Furnished,Bachelors/Family,3,Contact Owner
L02192,2022-06-20,3,34000,1500,14 out of 20,Carpet Area,Yeshwantpur,Bangalore,Semi-Furnished,Bachelors,3,Contact Agent
L02193,2022-06-06,2,12500,570,1 out of 3,Super Area,Btm Layout Stage 4,Bangalore,Semi-Furnished,Bachelors/Family,2,Contact Owner
L02194,2022-07-03,3,28000,1800,18 out of 19,Carpet Area,Mysore Road,Bangalore,Semi-Furnished,Bachelors/Family,3,Contact Owner
L02195,2022-07-04,2,12000,1100,1 out of 3,Super Area,Arakere,Bangalore,Semi-Furnished,Bachelors/Family,1,Contact Owner
L02196,2022-06-23,1,8000,400,Ground out of 2,Super Area,"Lingarajapuram, Lingarajapuram, Hennur Main Road",Bangalore,Unfurnished,Bachelors/Family,1,Contact Owner
L02197,2022-06-11,1,7500,750,1 out of 1,Carpet Area,Bettadasanapura,Bangalore,Semi-Furnished,Bachelors/Family,1,Contact Owner
L02198,2022-06-03,2,34000,1400,5 out of 5,Carpet Area,HRBR Layout Block 1,Bangalore,Furnished,Bachelors,2,Contact Agent
L02199,2022-06-27,3,32000,1789,8 out of 13,Super Area,Yelahanka,Bangalore,Semi-Furnished,Family,3,Contact Agent
L02200,2022-05-23,2,14500,650,1 out of 2,Carpet Area,"Maruthi Nagar-Kaggadasapura, Kaggadasapura",Bangalore,Semi-Furnished,Bachelors/Family,1,Contact Owner
L02201,2022-04-29,2,16000,1200,2 out of 4,Super Area,Hulimavu,Bangalore,Semi-Furnished,Bachelors/Family,2,Contact Owner
L02202,2022-04-29,1,7500,460,3 out of 4,Super Area,Singahalli,Bangalore,Semi-Furnished,Bachelors/Family,1,Contact Owner
L02203,2022-06-24,2,7500,500,1 out of 2,Carpet Area,"Kammagondahalli, Jalahalli",Bangalore,Semi-Furnished,Bachelors/Family,1,Contact Owner
L02204,2022-07-06,2,19500,1080,Ground out of 2,Carpet Area,Bda Layout -Lingarajapuram,Bangalore,Semi-Furnished,Family,2,Contact Owner
L02205,2022-06-10,3,75000,2000,1 out of 5,Carpet Area,Dhobi Ghat- Rajajinagar,Bangalore,Furnished,Bachelors,2,Contact Agent
L02206,2022-07-06,2,16500,1100,2 out of 3,Super Area,Hbr Layout,Bangalore,Semi-Furnished,Bachelors/Family,2,Contact Owner
L02207,2022-06-01,2,14500,1025,8 out of 9,Super Area,Chandapura,Bangalore,Unfurnished,Bachelors,2,Contact Owner
L02208,2022-06-27,2,16000,650,Ground out of 3,Carpet Area,"Aradhana Layout, Arakere",Bangalore,Unfurnished,Bachelors/Family,2,Contact Owner
L02209,2022-05-23,2,8000,800,1 out of 3,Super Area,Mahadevapura,Bangalore,Semi-Furnished,Bachelors/Family,1,Contact Owner
L02210,2022-07-06,3,280000,2800,6 out of 30,Carpet Area,Rajajinagar,Bangalore,Furnished,Bachelors/Family,3,Contact Agent
L02211,2022-05-19,2,21000,1100,3 out of 4,Carpet Area,Hennur Main Road,Bangalore,Furnished,Bachelors,2,Contact Agent
L02212,2022-05-19,3,30000,1300,2 out of 4,Carpet Area,Maruthi Sevanagar,Bangalore,Semi-Furnished,Bachelors,3,Contact Agent
L02213,2022-06-16,3,65000,2000,3 out of 6,Super Area,Frazer Town,Bangalore,Semi-Furnished,Bachelors,3,Contact Agent
L02214,2022-06-16,3,180000,2500,4 out of 8,Carpet Area,Mahatma Gandhi Road,Bangalore,Unfurnished,Bachelors,3,Contact Agent
L02215,2022-06-08,2,10000,600,2 out of 4,Super Area,Hommadevanahalli,Bangalore,Semi-Furnished,Bachelors/Family,2,Contact Owner
L02216,2022-07-07,2,12000,630,3 out of 5,Super Area,Whitefield,Bangalore,Furnished,Bachelors/Family,2,Contact Owner
L02217,2022-07-07,2,9000,550,Ground out of 2,Super Area,Hosakerehalli,Bangalore,Unfurnished,Bachelors/Family,2,Contact Owner
L02218,2022-06-01,2,22000,1025,3 out of 3,Super Area,Basaveshvara Nagar,Bangalore,Semi-Furnished,Family,2,Contact Owner
L02219,2022-05-08,1,10000,500,1 out of 4,Carpet Area,Kadugodi Pattalamma Layout,Bangalore,Semi-Furnished,Bachelors,1,Contact Owner
L02220,2022-05-25,3,48000,1286,8 out of 16,Carpet Area,Hebbal,Bangalore,Semi-Furnished,Bachelors,3,Contact Agent
L02221,2022-06-22,1,11000,800,Ground out of 4,Super Area,Adugodi,Bangalore,Semi-Furnished,Bachelors/Family,1,Contact Owner
L02222,2022-06-09,2,11000,900,1 out of 3,Super Area,"Singasandra, Hosur Road",Bangalore,Semi-Furnished,Bachelors/Family,2,Contact Owner
L02223,2022-06-23,3,40000,1618,2 out of 4,Super Area,Yelahanka New Town,Bangalore,Semi-Furnished,Bachelors/Family,3,Contact Owner
L02224,2022-06-08,1,10000,500,2 out of 5,Super Area,Marathahalli-Sarjapur Outer Ring Road,Bangalore,Semi-Furnished,Bachelors/Family,1,Contact Owner
L02225,2022-06-27,1,6500,450,Ground out of 2,Carpet Area,Garden City University,Bangalore,Semi-Furnished,Bachelors/Family,1,Contact Owner
L02226,2022-04-29,2,18000,850,3 out of 4,Super Area,Padmanabha Nagar,Bangalore,Semi-Furnished,Bachelors/Family,2,Contact Owner
L02227,2022-07-07,3,22000,1374,Ground out of 16,Super Area,Kanakapura Road,Bangalore,Semi-Furnished,Family,2,Contact Agent
L02228,2022-05-30,3,28000,1600,2 out of 4,Super Area,Banaswadi,Bangalore,Semi-Furnished,Bachelors/Family,3,Contact Owner
L02229,2022-06-10,1,6200,400,2 out of 3,Super Area,Nagarbhavi,Bangalore,Semi-Furnished,Bachelors/Family,1,Contact Owner
L02230,2022-06-12,3,110000,1500,6 out of 16,Carpet Area,Hebbal,Bangalore,Furnished,Bachelors/Family,3,Contact Agent
L02231,2022-06-15,2,5500,800,1 out of 4,Super Area,Kengeri Hobli,Bangalore,Unfurnished,Bachelors/Family,1,Contact Owner
L02232,2022-05-21,3,50000,1580,3 out of 3,Carpet Area,Koramangala 8Th Block,Bangalore,Unfurnished,Bachelors,3,Contact Agent
L02233,2022-06-23,2,12000,700,Ground out of 2,Carpet Area,Agrahara Layout,Bangalore,Semi-Furnished,Bachelors/Family,1,Contact Owner
L02234,2022-05-08,2,11500,700,Ground out of 2,Super Area,Sadashiva Nagar,Bangalore,Semi-Furnished,Bachelors/Family,1,Contact Owner
L02235,2022-06-20,1,16000,550,1 out of 7,Carpet Area,"Doddanekundi, Kartik Nagar",Bangalore,Semi-Furnished,Bachelors/Family,1,Contact Agent
L02236,2022-06-16,1,11000,450,4 out of 4,Carpet Area,Krishna Reddy Layout -Domlur,Bangalore,Semi-Furnished,Bachelors/Family,1,Contact Agent
L02237,2022-06-18,4,150000,4550,3 out of 5,Super Area,"Jakkur Plantation, Jakkuru, Bellary Road",Bangalore,Semi-Furnished,Family,5,Contact Agent
L02238,2022-06-30,1,9000,400,1 out of 1,Super Area,"Laxminarayana Layout, Munnekollal",Bangalore,Semi-Furnished,Bachelors,1,Contact Owner
L02239,2022-07-07,1,6000,650,Ground out of 3,Super Area,Jnana Ganga Nagar,Bangalore,Semi-Furnished,Bachelors/Family,1,Contact Owner
L02240,2022-07-04,2,12000,700,1 out of 4,Super Area,Bagalur,Bangalore,Semi-Furnished,Bachelors/Family,2,Contact Owner
L02241,2022-05-27,2,16000,1333,2 out of 4,Super Area,"Ms Palya, Vidyaranyapura",Bangalore,Unfurnished,Bachelors,2,Contact Owner
L02242,2022-05-31,3,35000,1500,1 out of 4,Carpet Area,Vasanth Nagar,Bangalore,Semi-Furnished,Bachelors/Family,2,Contact Agent
L02243,2022-05-27,1,9000,425,2 out of 5,Carpet Area,"Murugeshpalya, Airport Road",Bangalore,Semi-Furnished,Bachelors/Family,1,Contact Agent
L02244,2022-05-27,1,8000,300,Ground out of 3,Super Area,Airport Road,Bangalore,Unfurnished,Bachelors/Family,1,Contact Owner
L02245,2022-06-30,2,13500,650,2 out of 3,Carpet Area,Vijayanagar,Bangalore,Unfurnished,Family,2,Contact Owner
L02246,2022-06-15,2,14000,800,Ground out of 2,Super Area,"Banashankari Stage 2, Banashankari",Bangalore,Semi-Furnished,Family,2,Contact Owner
L02247,2022-07-07,2,14000,1200,2 out of 3,Carpet Area,Srinivaspura,Bangalore,Semi-Furnished,Family,2,Contact Owner
L02248,2022-05-05,1,4700,500,1 out of 4,Super Area,Chikkabanavara,Bangalore,Unfurnished,Bachelors/Family,1,Contact Owner
L02249,2022-05-05,2,17000,1000,3 out of 4,Super Area,Mavalli,Bangalore,Semi-Furnished,Bachelors/Family,2,Contact Owner
L02250,2022-06-04,2,11000,600,1 out of 3,Super Area,K R Puram,Bangalore,Semi-Furnished,Bachelors/Family,2,Contact Owner
L02251,2022-06-08,1,12000,600,2 out of 3,Super Area,Thanisandra,Bangalore,Semi-Furnished,Bachelors/Family,1,Contact Owner
L02252,2022-04-27,3,30000,1875,3 out of 3,Super Area,"Jp Nagar Phase 1, J P Nagar",Bangalore,Semi-Furnished,Bachelors/Family,2,Contact Owner
L02253,2022-05-05,2,12000,1000,Ground out of 4,Super Area,K R Puram,Bangalore,Semi-Furnished,Bachelors/Family,2,Contact Owner
L02254,2022-05-05,3,21000,1300,3 out of 3,Super Area,Hormavu Ring Road,Bangalore,Furnished,Bachelors/Family,2,Contact Owner
L02255,2022-05-14,1,6000,350,3 out of 4,Super Area,Sunkadakatte,Bangalore,Unfurnished,Bachelors/Family,1,Contact Owner
L02256,2022-06-04,2,18500,900,2 out of 3,Super Area,Rajajinagar,Bangalore,Unfurnished,Bachelors/Family,2,Contact Owner
L02257,2022-04-27,1,4750,200,2 out of 2,Carpet Area,"Chamundeshwari Layout, Arakere",Bangalore,Semi-Furnished,Bachelors/Family,1,Contact Owner
L02258,2022-05-23,2,15000,700,1 out of 5,Super Area,Yeshwantpur,Bangalore,Semi-Furnished,Bachelors/Family,2,Contact Owner
L02259,2022-05-14,2,17600,1000,1 out of 4,Carpet Area,Hosur Road,Bangalore,Semi-Furnished,Bachelors,2,Contact Owner
L02260,2022-06-10,3,35000,1700,10 out of 13,Carpet Area,Thanisandra,Bangalore,Semi-Furnished,Bachelors/Family,3,Contact Agent
L02261,2022-05-27,2,8000,600,2 out of 3,Super Area,Ullal Main Road,Bangalore,Semi-Furnished,Bachelors/Family,1,Contact Owner
L02262,2022-05-05,1,7000,650,2 out of 5,Super Area,Rayasandra,Bangalore,Semi-Furnished,Bachelors/Family,1,Contact Owner
L02263,2022-05-05,2,15000,750,Ground out of 2,Super Area,Byrathi,Bangalore,Semi-Furnished,Bachelors/Family,1,Contact Owner
L02264,2022-05-10,3,30000,1750,1 out of 3,Super Area,"Chowdeshwari Layout, Yelahanka",Bangalore,Semi-Furnished,Bachelors/Family,3,Contact Owner
L02265,2022-06-02,3,100000,1950,3 out of 3,Carpet Area,Koramangala Block 3,Bangalore,Semi-Furnished,Bachelors/Family,3,Contact Agent
L02266,2022-05-23,2,18000,1065,2 out of 5,Carpet Area,Horamavu,Bangalore,Semi-Furnished,Bachelors/Family,2,Contact Agent
L02267,2022-05-23,2,8000,600,Ground out of 1,Super Area,Nagadevana Halli,Bangalore,Semi-Furnished,Bachelors/Family,1,Contact Owner
L02268,2022-05-23,2,9000,600,2 out of 4,Super Area,Laggere,Bangalore,Semi-Furnished,Bachelors/Family,1,Contact Owner
L02269,2022-06-27,1,6000,500,Ground out of 2,Super Area,Doddanagamangala,Bangalore,Unfurnished,Bachelors/Family,1,Contact Owner
L02270,2022-07-04,2,7500,600,Ground out of 2,Super Area,K R Puram,Bangalore,Semi-Furnished,Bachelors/Family,1,Contact Owner
L02271,2022-07-04,1,15000,600,5 out of 5,Carpet Area,"A Narayanapura, Mahadevapura",Bangalore,Semi-Furnished,Bachelors/Family,1,Contact Agent
L02272,2022-07-06,2,10000,900,1 out of 1,Carpet Area,"Chikbasavnapura, Krishnarajapura",Bangalore,Semi-Furnished,Bachelors/Family,1,Contact Owner
L02273,2022-06-23,2,14000,500,Ground out of 3,Super Area,Shivaji Nagar,Bangalore,Semi-Furnished,Bachelors/Family,2,Contact Owner
L02274,2022-05-23,1,7000,600,2 out of 3,Super Area,Sunkadakatte,Bangalore,Unfurnished,Bachelors/Family,1,Contact Owner
L02275,2022-07-06,3,60000,1710,6 out of 18,Carpet Area,"Ambedkar Colony, Yelahanka",Bangalore,Unfurnished,Bachelors/Family,3,Contact Agent
L02276,2022-05-23,1,6000,600,3 out of 4,Super Area,Doddabidarakallu,Bangalore,Unfurnished,Bachelors,1,Contact Owner
L02277,2022-06-13,3,17000,1100,1 out of 3,Carpet Area,Anjanapura,Bangalore,Semi-Furnished,Bachelors/Family,2,Contact Owner
L02278,2022-05-06,2,15000,920,4 out of 4,Super Area,Yelahanka,Bangalore,Semi-Furnished,Bachelors/Family,2,Contact Owner
L02279,2022-05-30,1,8200,750,2 out of 4,Super Area,"Aecs Layout-Singasandra, Singasandra, Hosur Road",Bangalore,Semi-Furnished,Bachelors/Family,1,Contact Owner
L02280,2022-07-07,1,8500,300,2 out of 3,Super Area,Bommanahalli,Bangalore,Semi-Furnished,Bachelors/Family,1,Contact Owner
L02281,2022-05-23,3,20000,1660,1 out of 3,Carpet Area,"Doddathoguru, Electronic City",Bangalore,Semi-Furnished,Bachelors/Family,2,Contact Owner
L02282,2022-05-23,1,8000,400,2 out of 3,Super Area,"Vimanapura, Airport Road",Bangalore,Semi-Furnished,Bachelors/Family,1,Contact Owner
L02283,2022-04-29,2,20000,300,1 out of 3,Super Area,Nagarathpete,Bangalore,Semi-Furnished,Bachelors/Family,1,Contact Owner
L02284,2022-05-26,1,11500,300,1 out of 2,Carpet Area,"Cooke Town, Cooke Town",Bangalore,Unfurnished,Bachelors,1,Contact Owner
L02285,2022-05-16,3,30000,2000,3 out of 3,Carpet Area,"Jakkur Plantation, Jakkuru, Bellary Road",Bangalore,Furnished,Bachelors/Family,2,Contact Owner
L02286,2022-06-12,3,22000,1200,4 out of 4,Carpet Area,Doddakammanahalli,Bangalore,Semi-Furnished,Bachelors,3,Contact Owner
L02287,2022-04-28,1,6500,300,2 out of 3,Super Area,Hebbal,Bangalore,Semi-Furnished,Bachelors/Family,1,Contact Owner
L02288,2022-05-25,1,6500,700,Ground out of 1,Super Area,Hosakerehalli,Bangalore,Unfurnished,Bachelors/Family,1,Contact Owner
L02289,2022-05-18,2,16000,850,Ground out of 2,Super Area,"Jp Nagar Phase 1, J P Nagar",Bangalore,Semi-Furnished,Bachelors/Family,3,Contact Owner
L02290,2022-05-26,1,24000,700,7 out of 7,Carpet Area,"Domlur, Domlur",Bangalore,Furnished,Bachelors/Family,1,Contact Agent
L02291,2022-07-07,1,15000,455,2 out of 4,Carpet Area,"Murugeshpalya, Airport Road",Bangalore,Semi-Furnished,Bachelors/Family,1,Contact Agent
L02292,2022-06-26,2,18000,1000,Ground out of 4,Carpet Area,"Sai Colony, Krishnarajapura",Bangalore,Semi-Furnished,Bachelors/Family,2,Contact Owner
L02293,2022-05-30,1,8500,600,1 out of 2,Super Area,Shivaji Nagar,Bangalore,Semi-Furnished,Bachelors/Family,1,Contact Owner
L02294,2022-05-23,1,4000,250,Ground out of 2,Super Area,Vijayanagar,Bangalore,Unfurnished,Bachelors/Family,1,Contact Owner
L02295,2022-05-23,1,5000,400,1 out of 2,Super Area,T Dasarahalli,Bangalore,Unfurnished,Bachelors/Family,1,Contact Owner
L02296,2022-07-04,2,22000,1200,3 out of 5,Carpet Area,Mahadevapura,Bangalore,Semi-Furnished,Bachelors/Family,2,Contact Agent
L02297,2022-04-27,1,12000,500,2 out of 5,Carpet Area,"Electronics City Phase 1, Electronic City",Bangalore,Semi-Furnished,Bachelors,1,Contact Owner
L02298,2022-05-23,1,9000,350,2 out of 3,Super Area,Btm Layout,Bangalore,Unfurnished,Bachelors/Family,1,Contact Owner
L02299,2022-04-29,2,7500,1100,Ground out of 3,Super Area,"Vinayak Nagar, Kattigenahalli",Bangalore,Semi-Furnished,Bachelors/Family,2,Contact Owner
L02300,2022-06-04,2,30000,1650,2 out of 3,Super Area,Ganga Nagar,Bangalore,Unfurnished,Bachelors/Family,3,Contact Owner
L02301,2022-05-05,4,14000,1000,Ground out of 4,Super Area,"Electronic City Phase 2, Electronic City",Bangalore,Semi-Furnished,Bachelors/Family,2,Contact Owner
L02302,2022-06-19,2,9250,500,2 out of 3,Super Area,Banashankari,Bangalore,Semi-Furnished,Bachelors/Family,1,Contact Owner
L02303,2022-06-29,1,13000,700,1 out of 5,Super Area,Gh society,Bangalore,Semi-Furnished,Bachelors/Family,2,Contact Owner
L02304,2022-05-23,2,12000,1200,Ground out of 5,Super Area,Vijayanagar,Bangalore,Unfurnished,Bachelors/Family,2,Contact Owner
L02305,2022-04-27,1,12000,600,1 out of 2,Super Area,Wilson Garden,Bangalore,Unfurnished,Bachelors/Family,1,Contact Owner
L02306,2022-05-01,2,10000,925,2 out of 5,Super Area,Electronic City,Bangalore,Unfurnished,Bachelors/Family,2,Contact Owner
L02307,2022-07-09,3,60000,2400,Ground out of 8,Carpet Area,Koramangala,Bangalore,Semi-Furnished,Bachelors,3,Contact Agent
L02308,2022-05-23,3,35000,1500,1 out of 9,Carpet Area,Hebbal,Bangalore,Semi-Furnished,Bachelors/Family,3,Contact Agent
L02309,2022-05-27,2,12000,600,Ground out of 4,Super Area,"Dooravani Nagar, Dooravani Nagar",Bangalore,Unfurnished,Bachelors/Family,2,Contact Owner
L02310,2022-05-27,1,14000,435,3 out of 5,Carpet Area,"Murugeshpalya, Airport Road",Bangalore,Semi-Furnished,Bachelors/Family,1,Contact Agent
L02311,2022-05-14,1,8000,650,Ground out of 1,Carpet Area,"Srinivasa Nagar-Banashankari, Banashankari",Bangalore,Semi-Furnished,Bachelors/Family,1,Contact Owner
L02312,2022-06-15,2,11000,700,Ground out of 2,Carpet Area,Uttarahalli,Bangalore,Semi-Furnished,Bachelors/Family,2,Contact Owner
L02313,2022-06-30,2,20000,890,5 out of 12,Carpet Area,Yelahanka,Bangalore,Semi-Furnished,Bachelors/Family,2,Contact Agent
L02314,2022-06-23,1,12500,600,3 out of 4,Super Area,Hbr Layout,Bangalore,Furnished,Bachelors/Family,1,Contact Owner
L02315,2022-06-23,2,35000,1250,3 out of 4,Carpet Area,Cunningham Road,Bangalore,Semi-Furnished,Bachelors/Family,2,Contact Agent
L02316,2022-07-04,3,26000,1350,2 out of 5,Carpet Area,Mahadevapura,Bangalore,Semi-Furnished,Bachelors/Family,2,Contact Agent
L02317,2022-07-06,3,85000,2600,8 out of 18,Carpet Area,Hebbal,Bangalore,Semi-Furnished,Family,4,Contact Agent
L02318,2022-05-27,1,14000,440,2 out of 5,Carpet Area,"Murugeshpalya, Airport Road",Bangalore,Semi-Furnished,Bachelors/Family,1,Contact Agent
L02319,2022-05-18,2,22000,1150,1 out of 4,Carpet Area,Electronic City,Bangalore,Semi-Furnished,Bachelors/Family,2,Contact Owner
L02320,2022-05-16,1,7000,450,2 out of 4,Super Area,"Electronic City Phase 2, Electronic City",Bangalore,Semi-Furnished,Bachelors/Family,1,Contact Owner
L02321,2022-04-29,2,16000,1150,3 out of 5,Super Area,Nri Layout,Bangalore,Furnished,Bachelors/Family,2,Contact Owner
L02322,2022-05-28,2,11000,600,2 out of 5,Carpet Area,Gottigere,Bangalore,Unfurnished,Bachelors,1,Contact Owner
L02323,2022-06-30,2,20000,980,4 out of 12,Carpet Area,Yelahanka,Bangalore,Semi-Furnished,Family,2,Contact Agent
L02324,2022-07-05,3,60000,1850,3 out of 3,Carpet Area,Halasuru,Bangalore,Furnished,Bachelors/Family,3,Contact Owner
L02325,2022-05-31,2,5000,625,1 out of 3,Carpet Area,Kadabagere,Bangalore,Semi-Furnished,Bachelors/Family,2,Contact Owner
L02326,2022-05-27,1,4000,100,2 out of 3,Super Area,"Itc Colony, Maruthi Sevanagar",Bangalore,Semi-Furnished,Bachelors/Family,2,Contact Owner
L02327,2022-07-05,2,15000,1200,1 out of 1,Carpet Area,Varthur,Bangalore,Semi-Furnished,Bachelors/Family,1,Contact Owner
L02328,2022-05-01,3,18000,1200,Ground out of 4,Carpet Area,Bagalakunte,Bangalore,Semi-Furnished,Bachelors/Family,2,Contact Owner
L02329,2022-06-14,2,12000,1080,1 out of 2,Carpet Area,Punyabhoomi Layout,Bangalore,Semi-Furnished,Bachelors,1,Contact Owner
L02330,2022-05-14,1,8500,700,1 out of 3,Super Area,Amrutahalli,Bangalore,Semi-Furnished,Bachelors/Family,1,Contact Owner
L02331,2022-05-05,2,11000,800,Ground out of 1,Super Area,"Panduranga Nagar, bannerghatta main Road",Bangalore,Unfurnished,Bachelors/Family,2,Contact Owner
L02332,2022-05-05,3,42000,1880,14 out of 14,Super Area,whitefield,Bangalore,Semi-Furnished,Family,2,Contact Owner
L02333,2022-04-29,2,25000,1305,1 out of 8,Super Area,Jakkur,Bangalore,Semi-Furnished,Bachelors/Family,2,Contact Owner
L02334,2022-04-29,1,8500,600,3 out of 5,Super Area,Sahakara Nagar,Bangalore,Semi-Furnished,Bachelors/Family,1,Contact Owner
L02335,2022-06-08,2,12500,950,2 out of 8,Super Area,Yelahanka Dodda Ballapur Road,Bangalore,Semi-Furnished,Bachelors/Family,2,Contact Owner
L02336,2022-06-20,2,18000,1188,Ground out of 4,Super Area,"Hegde Nagar, R.K.Hegde Nagar",Bangalore,Unfurnished,Bachelors/Family,2,Contact Owner
L02337,2022-06-23,1,6000,500,2 out of 3,Super Area,Vijayanagar,Bangalore,Unfurnished,Bachelors/Family,1,Contact Owner
L02338,2022-05-27,2,9000,875,Ground out of 1,Super Area,"Kereguddadahalli, chikkabanavara Bangalore",Bangalore,Semi-Furnished,Bachelors/Family,2,Contact Owner
L02339,2022-06-23,3,54000,2100,3 out of 4,Carpet Area,Wilson garden Bangalore,Bangalore,Unfurnished,Bachelors,3,Contact Agent
L02340,2022-05-05,3,22000,1200,2 out of 4,Super Area,Annapurneshwari Nagar,Bangalore,Furnished,Bachelors/Family,2,Contact Owner
L02341,2022-07-06,3,120000,2390,3 out of 17,Super Area,Rajajinagar,Bangalore,Semi-Furnished,Bachelors/Family,3,Contact Owner
L02342,2022-06-20,1,7000,600,1 out of 3,Super Area,Ramamurthy Nagar,Bangalore,Semi-Furnished,Bachelors/Family,1,Contact Owner
L02343,2022-06-10,2,28000,1150,1 out of 2,Carpet Area,"Hrbr Layout Block 2, Kalyan Nagar, Outer Ring Road",Bangalore,Semi-Furnished,Family,2,Contact Agent
L02344,2022-06-12,3,55000,1788,Ground out of 1,Carpet Area,Koramangala Block 4,Bangalore,Semi-Furnished,Family,3,Contact Agent
L02345,2022-05-23,2,19000,1250,3 out of 3,Super Area,Electronic City,Bangalore,Semi-Furnished,Bachelors/Family,2,Contact Owner
L02346,2022-07-04,1,11000,600,4 out of 5,Carpet Area,Mahadevapura,Bangalore,Semi-Furnished,Bachelors/Family,1,Contact Agent
L02347,2022-07-04,3,18000,1600,2 out of 4,Super Area,"Vimanapura, Airport Road",Bangalore,Semi-Furnished,Bachelors/Family,2,Contact Owner
L02348,2022-07-06,3,70000,1520,23 out of 25,Carpet Area,"Sena Vihar, Kammanahalli",Bangalore,Semi-Furnished,Bachelors/Family,4,Contact Agent
L02349,2022-06-15,1,12000,550,1 out of 3,Carpet Area,Koramangala,Bangalore,Semi-Furnished,Bachelors,1,Contact Agent
L02350,2022-05-05,2,18000,1100,2 out of 4,Super Area,K R Puram,Bangalore,Semi-Furnished,Bachelors/Family,2,Contact Owner
L02351,2022-05-12,2,30000,1100,2 out of 5,Carpet Area,Hsr Layout,Bangalore,Semi-Furnished,Bachelors/Family,2,Contact Agent
L02352,2022-07-04,2,10000,1100,Ground out of 3,Super Area,Chikkabanavara,Bangalore,Semi-Furnished,Bachelors/Family,2,Contact Owner
L02353,2022-05-05,1,6000,400,1 out of 3,Super Area,Nandini Layout,Bangalore,Unfurnished,Bachelors/Family,1,Contact Owner
L02354,2022-07-07,1,4500,300,3 out of 3,Super Area,"Virat Nagar, Bommanahalli",Bangalore,Semi-Furnished,Bachelors/Family,1,Contact Owner
L02355,2022-06-16,1,8000,500,Ground out of 3,Super Area,Rajarajeshwari Nagar,Bangalore,Semi-Furnished,Bachelors/Family,1,Contact Owner
L02356,2022-05-19,2,20000,1100,3 out of 4,Carpet Area,Hennur Main Road,Bangalore,Furnished,Bachelors,2,Contact Agent
L02357,2022-06-27,2,17500,1000,1 out of 3,Carpet Area,"Dodda Banaswadi, Banaswadi",Bangalore,Unfurnished,Family,2,Contact Owner
L02358,2022-05-27,2,22000,850,Ground out of 4,Super Area,"Jp Nagar Phase 5, J P Nagar, Outer Ring Road",Bangalore,Semi-Furnished,Bachelors/Family,2,Contact Owner
L02359,2022-05-27,2,17000,1020,2 out of 5,Super Area,Bommanahalli,Bangalore,Semi-Furnished,Bachelors/Family,2,Contact Owner
L02360,2022-05-19,2,22000,1250,1 out of 1,Super Area,Kammanahalli,Bangalore,Unfurnished,Bachelors,2,Contact Owner
L02361,2022-05-05,3,24000,1400,2 out of 4,Super Area,"Jalahalli, Jalahalli, Outer Ring Road",Bangalore,Semi-Furnished,Bachelors/Family,3,Contact Owner
L02362,2022-05-05,1,12000,600,1 out of 3,Super Area,Koramangala,Bangalore,Unfurnished,Bachelors/Family,1,Contact Owner
L02363,2022-06-20,1,4500,200,4 out of 5,Super Area,T Dasarahalli,Bangalore,Unfurnished,Bachelors/Family,1,Contact Owner
L02364,2022-05-23,1,5000,300,Ground out of 3,Super Area,Basaveshvara Nagar,Bangalore,Unfurnished,Bachelors/Family,1,Contact Owner
L02365,2022-05-23,1,6000,400,1 out of 3,Super Area,"Vyalikaval, Malleshwaram",Bangalore,Furnished,Bachelors/Family,1,Contact Owner
L02366,2022-05-14,1,11000,450,3 out of 4,Super Area,Rajamahal Guttahalli,Bangalore,Semi-Furnished,Bachelors/Family,1,Contact Owner
L02367,2022-05-22,2,20000,1180,1 out of 4,Super Area,C V Raman Nagar,Bangalore,Semi-Furnished,Bachelors/Family,2,Contact Owner
L02368,2022-07-06,3,35000,1460,6 out of 12,Carpet Area,Jakkur,Bangalore,Unfurnished,Bachelors,3,Contact Agent
L02369,2022-05-23,3,24000,1464,2 out of 5,Carpet Area,"Singasandra, Hosur Road",Bangalore,Semi-Furnished,Bachelors/Family,3,Contact Owner
L02370,2022-06-24,2,10000,700,Lower Basement out of 3,Carpet Area,"Jp Nagar Phase 5, J P Nagar, Outer Ring Road",Bangalore,Semi-Furnished,Bachelors,2,Contact Owner
L02371,2022-06-02,2,16000,680,1 out of 10,Carpet Area,Devanahalli,Bangalore,Semi-Furnished,Bachelors/Family,2,Contact Owner
L02372,2022-06-12,3,100000,2750,5 out of 9,Carpet Area,Prestige Acropolis,Bangalore,Semi-Furnished,Bachelors,4,Contact Agent
L02373,2022-05-23,2,14000,800,Ground out of 2,Super Area,Vijayanagar,Bangalore,Semi-Furnished,Bachelors/Family,1,Contact Owner
L02374,2022-06-07,2,7500,600,3 out of 4,Carpet Area,Karihobanahalli,Bangalore,Unfurnished,Bachelors,1,Contact Owner
L02375,2022-05-15,3,16000,1200,1 out of 4,Carpet Area,"Gubbalala, Subramanyapura",Bangalore,Unfurnished,Bachelors,3,Contact Owner
L02376,2022-05-12,4,65000,3200,18 out of 19,Carpet Area,Kothanur,Bangalore,Semi-Furnished,Bachelors/Family,3,Contact Agent
L02377,2022-05-10,2,18000,1800,1 out of 3,Super Area,Hebbal Kempapura,Bangalore,Semi-Furnished,Bachelors/Family,2,Contact Owner
L02378,2022-05-23,1,8000,500,2 out of 2,Super Area,Frazer Town,Bangalore,Furnished,Bachelors/Family,1,Contact Owner
L02379,2022-05-23,2,11000,1200,Ground out of 2,Super Area,"Kadugondanahalli, Kadugondanahalli",Bangalore,Unfurnished,Bachelors/Family,2,Contact Owner
L02380,2022-06-08,1,8000,750,1 out of 3,Super Area,"Prakruthi Township, Hennur",Bangalore,Unfurnished,Bachelors/Family,1,Contact Owner
L02381,2022-06-29,1,13000,700,1 out of 5,Super Area,GH Society,Bangalore,Semi-Furnished,Bachelors/Family,2,Contact Owner
L02382,2022-06-20,2,30000,1000,12 out of 23,Carpet Area,Yeshwantpur,Bangalore,Unfurnished,Bachelors,2,Contact Agent
L02383,2022-06-24,2,14000,800,1 out of 3,Super Area,"Keshav Puram, Tri Nagar",Delhi,Semi-Furnished,Bachelors/Family,2,Contact Owner
L02384,2022-06-30,1,20000,200,Ground out of 2,Super Area,Hauz Khas,Delhi,Furnished,Bachelors,1,Contact Owner
L02385,2022-06-26,3,80000,1800,1 out of 3,Carpet Area,South Extension 1,Delhi,Semi-Furnished,Bachelors/Family,3,Contact Owner
L02386,2022-06-08,1,9500,400,2 out of 4,Carpet Area,Neb Sarai,Delhi,Unfurnished,Bachelors/Family,1,Contact Agent
L02387,2022-06-08,3,14000,600,2 out of 4,Carpet Area,kst chattarpur Apartments,Delhi,Unfurnished,Bachelors,3,Contact Agent
L02388,2022-05-28,3,65000,1550,1 out of 3,Carpet Area,"Shivalik, Malviya Nagar",Delhi,Semi-Furnished,Bachelors,3,Contact Agent
L02389,2022-07-01,2,18500,650,2 out of 4,Carpet Area,Freedom Fighters Enclave,Delhi,Unfurnished,Bachelors,2,Contact Owner
L02390,2022-07-03,2,40000,850,2 out of 4,Carpet Area,"Amar Colony, Lajpat Nagar",Delhi,Unfurnished,Bachelors/Family,2,Contact Agent
L02391,2022-06-12,4,90000,2000,Ground out of 4,Carpet Area,Vasant Kunj,Delhi,Unfurnished,Bachelors,4,Contact Agent
L02392,2022-05-14,1,3500,180,Ground out of 2,Super Area,"Ganesh Nagar, Tilak Nagar",Delhi,Unfurnished,Bachelors/Family,1,Contact Owner
L02393,2022-07-09,3,25000,140,Ground out of 3,Carpet Area,Janakpuri,Delhi,Semi-Furnished,Bachelors,2,Contact Agent
L02394,2022-07-04,1,9000,450,1 out of 4,Carpet Area,Sudarshan Park,Delhi,Semi-Furnished,Bachelors/Family,1,Contact Owner
L02395,2022-06-20,3,90000,2500,1 out of 3,Carpet Area,New Friends Colony,Delhi,Semi-Furnished,Bachelors/Family,3,Contact Agent
L02396,2022-06-06,1,22000,720,3 out of 3,Carpet Area,Shakti Nagar,Delhi,Unfurnished,Bachelors/Family,1,Contact Owner
L02397,2022-06-04,2,12000,400,2 out of 4,Carpet Area,kst chattarpur Apartments,Delhi,Unfurnished,Bachelors,1,Contact Agent
L02398,2022-06-05,2,11000,450,1 out of 4,Carpet Area,Uttam Nagar,Delhi,Unfurnished,Bachelors,1,Contact Owner
L02399,2022-04-30,1,20000,250,1 out of 1,Carpet Area,"Nizamuddin East, Nizamuddin",Delhi,Semi-Furnished,Bachelors/Family,1,Contact Owner
L02400,2022-06-18,4,260000,3000,4 out of 4,Super Area,"Safdarjung Development Area, Hauz Khas",Delhi,Semi-Furnished,Bachelors/Family,5,Contact Agent
L02401,2022-05-12,2,11000,550,3 out of 5,Carpet Area,New Ashok Nagar,Delhi,Unfurnished,Bachelors,2,Contact Agent
L02402,2022-05-04,2,10000,450,3 out of 4,Carpet Area,Pandav Nagar,Delhi,Unfurnished,Bachelors/Family,1,Contact Owner
L02403,2022-06-25,3,60000,2500,2 out of 3,Carpet Area,Saket,Delhi,Unfurnished,Bachelors,3,Contact Agent
L02404,2022-06-20,4,350000,800,1 out of 4,Super Area,Green Park,Delhi,Unfurnished,Bachelors/Family,4,Contact Agent
L02405,2022-06-27,2,16000,100,3 out of 3,Super Area,Rohini Sector 24,Delhi,Unfurnished,Bachelors,2,Contact Owner
L02406,2022-05-14,1,16000,400,2 out of 3,Carpet Area,Subhash Nagar,Delhi,Furnished,Bachelors,1,Contact Owner
L02407,2022-06-12,2,12000,750,1 out of 3,Carpet Area,Dwarka Mor,Delhi,Semi-Furnished,Bachelors,2,Contact Owner
L02408,2022-07-07,1,8000,400,1 out of 4,Carpet Area,Laxmi Nagar,Delhi,Semi-Furnished,Bachelors/Family,1,Contact Agent
L02409,2022-06-30,3,14000,1100,Ground out of 3,Carpet Area,Dwarka Mor,Delhi,Semi-Furnished,Bachelors/Family,2,Contact Agent
L02410,2022-06-08,1,14900,450,Ground out of 5,Carpet Area,Rohini Sector 18,Delhi,Furnished,Bachelors/Family,1,Contact Owner
L02411,2022-04-27,2,15000,850,3 out of 3,Carpet Area,Rohini Sector 23,Delhi,Unfurnished,Bachelors/Family,2,Contact Owner
L02412,2022-07-09,3,10000,600,3 out of 4,Carpet Area,Laxmi Nagar,Delhi,Semi-Furnished,Bachelors/Family,1,Contact Agent
L02413,2022-05-13,2,40000,750,1 out of 4,Carpet Area,New Rajendra Nagar,Delhi,Unfurnished,Bachelors/Family,2,Contact Agent
L02414,2022-05-29,1,9000,500,1 out of 4,Carpet Area,Neb Sarai,Delhi,Semi-Furnished,Bachelors,1,Contact Agent
L02415,2022-06-17,1,7000,350,2 out of 4,Carpet Area,Laxmi Nagar,Delhi,Semi-Furnished,Bachelors/Family,1,Contact Agent
L02416,2022-06-04,2,13500,623,2 out of 3,Carpet Area,"Ganesh Nagar, Tilak Nagar",Delhi,Furnished,Bachelors/Family,1,Contact Owner
L02417,2022-06-16,3,95000,2400,3 out of 4,Carpet Area,Greater Kailash 2,Delhi,Semi-Furnished,Bachelors,3,Contact Agent
L02418,2022-05-18,1,20000,75,2 out of 4,Carpet Area,Malviya Nagar,Delhi,Unfurnished,Bachelors/Family,1,Contact Agent
L02419,2022-04-27,2,7500,450,1 out of 5,Carpet Area,Laxmi Nagar,Delhi,Semi-Furnished,Bachelors/Family,1,Contact Owner
L02420,2022-06-30,2,9000,445,4 out of 4,Carpet Area,"Palam Colony, Palam",Delhi,Unfurnished,Bachelors/Family,2,Contact Owner
L02421,2022-07-04,3,80000,300,1 out of 3,Carpet Area,Greater Kailash 2,Delhi,Furnished,Bachelors,3,Contact Agent
L02422,2022-05-31,3,50000,1670,3 out of 4,Super Area,Model Town,Delhi,Semi-Furnished,Bachelors/Family,3,Contact Owner
L02423,2022-06-24,1,13000,550,1 out of 4,Carpet Area,Saket,Delhi,Semi-Furnished,Bachelors,1,Contact Agent
L02424,2022-05-18,1,12000,350,4 out of 4,Carpet Area,Chhattarpur,Delhi,Semi-Furnished,Bachelors,1,Contact Agent
L02425,2022-05-18,2,16000,650,2 out of 4,Carpet Area,Chhattarpur,Delhi,Semi-Furnished,Bachelors/Family,2,Contact Agent
L02426,2022-05-31,2,13000,70,1 out of 3,Super Area,Vikaspuri,Delhi,Semi-Furnished,Bachelors/Family,1,Contact Owner
L02427,2022-05-04,2,29000,100,1 out of 3,Carpet Area,South,Delhi,Semi-Furnished,Bachelors/Family,2,Contact Owner
L02428,2022-06-08,3,18000,800,2 out of 3,Super Area,Hari Nagar Ashram,Delhi,Unfurnished,Bachelors/Family,1,Contact Owner
L02429,2022-05-10,2,8500,60,2 out of 2,Super Area,Najafgarh,Delhi,Unfurnished,Bachelors/Family,1,Contact Owner
L02430,2022-05-23,3,27000,2000,1 out of 3,Carpet Area,"Kohinoor Apartment, Kalkaji Extention",Delhi,Semi-Furnished,Bachelors/Family,2,Contact Owner
L02431,2022-05-09,2,18000,600,1 out of 4,Carpet Area,"Arjun Nagar, Safdarjung Enclave",Delhi,Unfurnished,Bachelors/Family,2,Contact Owner
L02432,2022-06-07,1,11500,450,3 out of 4,Carpet Area,"Bhogal, Jangpura",Delhi,Semi-Furnished,Bachelors,1,Contact Owner
L02433,2022-07-07,2,80000,2200,1 out of 4,Carpet Area,Defence Colony,Delhi,Unfurnished,Bachelors,3,Contact Agent
L02434,2022-06-20,2,15500,600,1 out of 4,Carpet Area,dwarka sector 8 Raj Nagar extension part 2,Delhi,Unfurnished,Bachelors,2,Contact Owner
L02435,2022-07-07,4,55000,2000,2 out of 4,Carpet Area,Dwarka sec 19,Delhi,Semi-Furnished,Bachelors/Family,3,Contact Agent
L02436,2022-05-01,2,20000,800,3 out of 4,Super Area,Malviya Nagar,Delhi,Semi-Furnished,Bachelors/Family,2,Contact Owner
L02437,2022-06-08,3,35000,170,4 out of 4,Carpet Area,"Chitra Vihar, Swasthya Vihar",Delhi,Unfurnished,Bachelors/Family,2,Contact Agent
L02438,2022-05-18,2,38000,150,Ground out of 4,Carpet Area,Malviya Nagar,Delhi,Unfurnished,Bachelors/Family,2,Contact Agent
L02439,2022-05-04,2,16000,650,3 out of 4,Carpet Area,Freedom Fighters Enclave,Delhi,Unfurnished,Bachelors/Family,2,Contact Owner
L02440,2022-06-21,3,50000,1250,2 out of 4,Carpet Area,Chittaranjan Park Block B,Delhi,Semi-Furnished,Bachelors/Family,3,Contact Agent
L02441,2022-06-17,1,9500,600,2 out of 4,Super Area,Chhattarpur,Delhi,Semi-Furnished,Bachelors/Family,2,Contact Owner
L02442,2022-07-07,4,90000,2100,3 out of 3,Carpet Area,"Kailash hills, East Of Kailash",Delhi,Semi-Furnished,Bachelors/Family,4,Contact Agent
L02443,2022-06-08,1,10000,450,3 out of 4,Super Area,Rohini Sector 18,Delhi,Unfurnished,Bachelors,1,Contact Owner
L02444,2022-06-12,2,25000,100,2 out of 4,Carpet Area,Lajpat Nagar 1,Delhi,Unfurnished,Bachelors,2,Contact Owner
L02445,2022-05-14,1,30000,650,3 out of 4,Super Area,Lajpat Nagar,Delhi,Furnished,Bachelors/Family,1,Contact Owner
L02446,2022-05-18,2,12000,48,1 out of 3,Super Area,Rohini Sector 16,Delhi,Unfurnished,Bachelors/Family,2,Contact Owner
L02447,2022-07-07,2,16500,550,4 out of 4,Carpet Area,"Guru Angad Nagar West, Laxmi Nagar",Delhi,Semi-Furnished,Bachelors/Family,2,Contact Owner
L02448,2022-06-04,1,4500,240,1 out of 2,Super Area,Dilshad Colony,Delhi,Unfurnished,Bachelors/Family,1,Contact Owner
L02449,2022-06-22,2,30000,700,3 out of 3,Carpet Area,Vasant Kunj Sector B,Delhi,Semi-Furnished,Bachelors,2,Contact Owner
L02450,2022-07-03,1,12000,48,1 out of 2,Super Area,Rohini Sector 11,Delhi,Semi-Furnished,Bachelors/Family,1,Contact Owner
L02451,2022-05-27,2,23000,100,Ground out of 3,Super Area,Mansarover Garden,Delhi,Unfurnished,Bachelors/Family,2,Contact Owner
L02452,2022-05-18,3,70000,1901,9 out of 11,Super Area,"Unity the Amaryllis, Karol Bagh",Delhi,Semi-Furnished,Bachelors/Family,3,Contact Owner
L02453,2022-06-27,1,5500,50,1 out of 4,Carpet Area,Lado Sarai,Delhi,Unfurnished,Bachelors/Family,1,Contact Owner
L02454,2022-07-05,3,35000,1300,3 out of 4,Carpet Area,Dakshini Pitampura,Delhi,Semi-Furnished,Bachelors,3,Contact Agent
L02455,2022-05-27,2,9000,145,1 out of 3,Super Area,Palam,Delhi,Unfurnished,Bachelors/Family,2,Contact Owner
L02456,2022-05-24,2,22000,800,2 out of 3,Carpet Area,"Arjun Nagar, Safdarjung Enclave",Delhi,Unfurnished,Bachelors/Family,3,Contact Agent
L02457,2022-06-09,3,35000,1100,1 out of 3,Super Area,Kalkaji Extension,Delhi,Semi-Furnished,Bachelors/Family,4,Contact Owner
L02458,2022-05-02,1,12000,450,2 out of 2,Super Area,Dwarka Sector 7,Delhi,Semi-Furnished,Bachelors/Family,1,Contact Owner
L02459,2022-06-28,2,6000,300,3 out of 4,Carpet Area,Jhangir Puri,Delhi,Unfurnished,Bachelors/Family,1,Contact Owner
L02460,2022-05-19,2,22000,1040,1 out of 2,Carpet Area,"Janak Park, Hari Nagar",Delhi,Semi-Furnished,Bachelors,3,Contact Owner
L02461,2022-05-18,1,5000,25,2 out of 5,Carpet Area,Ganga Vihar,Delhi,Unfurnished,Bachelors/Family,1,Contact Owner
L02462,2022-06-04,2,20500,900,Ground out of 9,Super Area,"IGNOU Road, Saket",Delhi,Semi-Furnished,Bachelors/Family,2,Contact Owner
L02463,2022-05-28,2,7500,1100,3 out of 4,Super Area,Bijwasan,Delhi,Unfurnished,Bachelors/Family,1,Contact Owner
L02464,2022-07-01,2,5500,380,1 out of 1,Super Area,Prem Nagar,Delhi,Unfurnished,Bachelors/Family,2,Contact Owner
L02465,2022-06-02,3,25000,450,2 out of 2,Carpet Area,Gandhi Nagar,Delhi,Semi-Furnished,Bachelors,2,Contact Owner
L02466,2022-07-02,1,13000,550,3 out of 4,Carpet Area,Lajpat Nagar 4,Delhi,Semi-Furnished,Bachelors,1,Contact Agent
L02467,2022-06-04,1,5000,180,Ground out of 3,Super Area,Mukherjee Nagar,Delhi,Semi-Furnished,Bachelors/Family,1,Contact Owner
L02468,2022-05-06,3,40000,1650,1 out of 3,Carpet Area,Dakshini Pitampura,Delhi,Semi-Furnished,Bachelors/Family,2,Contact Owner
L02469,2022-05-31,1,12500,250,1 out of 5,Super Area,"Inder Puri Block A, Inder Puri",Delhi,Furnished,Bachelors/Family,1,Contact Owner
L02470,2022-05-29,1,6000,400,Ground out of 5,Carpet Area,"Raghubir Nagar, Tagore Garden Extension",Delhi,Unfurnished,Bachelors/Family,1,Contact Owner
L02471,2022-07-04,2,15500,900,Ground out of 3,Carpet Area,Vivek Vihar Phase 2,Delhi,Semi-Furnished,Bachelors/Family,2,Contact Agent
L02472,2022-05-27,3,75000,1900,2 out of 3,Super Area,Malviya Nagar,Delhi,Furnished,Bachelors/Family,3,Contact Owner
L02473,2022-06-12,3,36000,892,2 out of 4,Carpet Area,Gautam Nagar,Delhi,Unfurnished,Bachelors/Family,2,Contact Owner
L02474,2022-05-18,1,13000,400,Ground out of 4,Carpet Area,Chhattarpur Enclave,Delhi,Semi-Furnished,Bachelors,1,Contact Agent
L02475,2022-06-29,3,45000,100,1 out of 2,Carpet Area,"Mandakini Enclave, Alaknanda",Delhi,Unfurnished,Bachelors,2,Contact Owner
L02476,2022-06-22,2,2000,60,1 out of 1,Super Area,Ram Nagar,Delhi,Unfurnished,Bachelors/Family,1,Contact Owner
L02477,2022-07-04,2,28000,80,1 out of 5,Super Area,Janakpuri,Delhi,Semi-Furnished,Bachelors/Family,2,Contact Owner
L02478,2022-05-12,2,9000,450,2 out of 4,Carpet Area,Laxmi Nagar,Delhi,Semi-Furnished,Bachelors/Family,1,Contact Agent
L02479,2022-04-29,1,12000,520,3 out of 4,Carpet Area,Geeta Colony,Delhi,Semi-Furnished,Bachelors/Family,1,Contact Owner
L02480,2022-04-29,1,13000,350,1 out of 5,Super Area,Rohini Sector 3,Delhi,Furnished,Bachelors/Family,1,Contact Owner
L02481,2022-04-29,2,11000,600,2 out of 3,Carpet Area,Aya Nagar,Delhi,Semi-Furnished,Bachelors,2,Contact Owner
L02482,2022-07-07,3,35000,950,1 out of 4,Carpet Area,Karol Bagh,Delhi,Furnished,Bachelors,2,Contact Agent
L02483,2022-05-13,2,10000,450,1 out of 4,Carpet Area,Laxmi Nagar,Delhi,Semi-Furnished,Bachelors/Family,1,Contact Agent
L02484,2022-07-07,1,20000,450,1 out of 4,Carpet Area,Karol Bagh,Delhi,Semi-Furnished,Bachelors,1,Contact Agent
L02485,2022-07-07,2,25000,850,2 out of 4,Carpet Area,Karol Bagh,Delhi,Semi-Furnished,Bachelors,2,Contact Agent
L02486,2022-06-12,1,8000,200,3 out of 4,Carpet Area,kst chattarpur Apartments,Delhi,Unfurnished,Bachelors,1,Contact Agent
L02487,2022-07-08,4,150000,3000,1 out of 4,Carpet Area,"Safdarjung Development Area, Hauz Khas",Delhi,Semi-Furnished,Bachelors/Family,4,Contact Agent
L02488,2022-06-16,3,36000,1500,2 out of 3,Carpet Area,"Mahendru Enclave, Model Town",Delhi,Semi-Furnished,Bachelors/Family,3,Contact Owner
L02489,2022-07-04,2,12000,700,Ground out of 4,Super Area,Sultanpur,Delhi,Unfurnished,Bachelors/Family,2,Contact Owner
L02490,2022-05-10,1,8500,530,Ground out of 3,Super Area,"Palam Colony, Palam",Delhi,Unfurnished,Bachelors/Family,1,Contact Owner
L02491,2022-05-27,3,17000,800,2 out of 4,Carpet Area,kst chattarpur Apartments,Delhi,Unfurnished,Bachelors,2,Contact Agent
L02492,2022-05-05,1,7500,45,1 out of 5,Super Area,Laxmi Nagar,Delhi,Semi-Furnished,Bachelors/Family,1,Contact Owner
L02493,2022-05-05,1,16000,900,3 out of 4,Super Area,Kalkaji,Delhi,Furnished,Bachelors/Family,1,Contact Owner
L02494,2022-05-10,1,9000,450,1 out of 4,Super Area,Mehrauli,Delhi,Unfurnished,Bachelors/Family,1,Contact Owner
L02495,2022-05-10,2,8000,650,1 out of 4,Super Area,Rangpuri,Delhi,Unfurnished,Bachelors/Family,1,Contact Owner
L02496,2022-05-10,2,45000,900,2 out of 4,Super Area,Lajpat Nagar 1,Delhi,Furnished,Bachelors/Family,2,Contact Owner
L02497,2022-05-04,2,27000,900,4 out of 4,Carpet Area,RWA triveni residents,Delhi,Furnished,Bachelors/Family,2,Contact Owner
L02498,2022-05-05,2,14000,120,1 out of 4,Super Area,Dwarka Mor,Delhi,Semi-Furnished,Bachelors/Family,2,Contact Owner
L02499,2022-06-12,2,14000,600,2 out of 4,Carpet Area,kst chattarpur Apartments,Delhi,Unfurnished,Bachelors,2,Contact Agent
L02500,2022-05-21,2,14000,615,2 out of 4,Carpet Area,Laxmi Nagar,Delhi,Unfurnished,Bachelors/Family,2,Contact Owner
L02501,2022-06-14,1,7500,225,Ground out of 2,Carpet Area,Kapi Bagan Basti,Delhi,Semi-Furnished,Bachelors/Family,1,Contact Owner
L02502,2022-06-10,1,10000,800,1 out of 4,Carpet Area,"Paryavaran Complex, Sainik Farm",Delhi,Unfurnished,Bachelors,1,Contact Owner
L02503,2022-04-29,1,7000,400,4 out of 4,Carpet Area,Aya Nagar,Delhi,Semi-Furnished,Bachelors,1,Contact Owner
L02504,2022-04-29,1,25000,800,4 out of 5,Super Area,Mukherjee Nagar,Delhi,Furnished,Bachelors/Family,2,Contact Owner
L02505,2022-04-29,2,9000,60,1 out of 3,Super Area,Mehrauli,Delhi,Semi-Furnished,Bachelors/Family,1,Contact Owner
L02506,2022-04-29,3,22000,1000,1 out of 24,Super Area,"Khanpur Extension, Sangam Vihar",Delhi,Unfurnished,Bachelors/Family,2,Contact Owner
L02507,2022-05-05,3,10000,75,4 out of 5,Super Area,Sagar Pur,Delhi,Unfurnished,Bachelors/Family,1,Contact Owner
L02508,2022-05-05,3,11000,800,1 out of 4,Super Area,Hastsal,Delhi,Unfurnished,Bachelors/Family,2,Contact Owner
L02509,2022-06-17,1,12500,200,3 out of 3,Super Area,Kamla Nagar,Delhi,Furnished,Bachelors/Family,1,Contact Owner
L02510,2022-05-14,3,15000,800,2 out of 4,Carpet Area,kst chattarpur Apartments,Delhi,Unfurnished,Bachelors,2,Contact Agent
L02511,2022-05-10,2,35000,80,1 out of 3,Super Area,Kamla Nagar,Delhi,Unfurnished,Bachelors/Family,2,Contact Owner
L02512,2022-05-10,2,35000,900,2 out of 4,Super Area,Lajpat Nagar,Delhi,Unfurnished,Family,2,Contact Owner
L02513,2022-05-10,2,52000,1125,2 out of 5,Super Area,Saket,Delhi,Furnished,Bachelors/Family,2,Contact Owner
L02514,2022-04-29,3,15000,900,3 out of 4,Super Area,Dwarka Mor,Delhi,Unfurnished,Bachelors/Family,2,Contact Owner
L02515,2022-06-04,2,32000,1100,3 out of 3,Carpet Area,Rajouri Garden,Delhi,Unfurnished,Bachelors,2,Contact Agent
L02516,2022-06-04,1,11500,400,2 out of 4,Carpet Area,Lajpat Nagar 4,Delhi,Unfurnished,Bachelors/Family,1,Contact Agent
L02517,2022-07-04,3,45000,713,1 out of 1,Carpet Area,"Prem Nagar, Patel Nagar",Delhi,Furnished,Bachelors/Family,3,Contact Owner
L02518,2022-07-07,2,16000,700,4 out of 4,Carpet Area,Shadipur,Delhi,Unfurnished,Bachelors,1,Contact Agent
L02519,2022-05-21,2,20000,1000,2 out of 3,Carpet Area,Krishna Nagar Block D,Delhi,Semi-Furnished,Bachelors/Family,2,Contact Owner
L02520,2022-05-27,1,7000,54,3 out of 5,Super Area,Nawada,Delhi,Semi-Furnished,Bachelors/Family,1,Contact Owner
L02521,2022-07-04,3,85000,200,3 out of 3,Carpet Area,"Shivalik, Malviya Nagar",Delhi,Unfurnished,Bachelors,3,Contact Agent
L02522,2022-05-28,1,15000,200,4 out of 4,Super Area,"DDA Flats Sarita Vihar, Sarita Vihar, Mathura Road",Delhi,Furnished,Bachelors/Family,1,Contact Owner
L02523,2022-07-03,2,22000,800,3 out of 3,Super Area,Chhattarpur,Delhi,Furnished,Bachelors/Family,2,Contact Owner
L02524,2022-05-18,2,32000,1000,1 out of 3,Super Area,Lajpat Nagar 1,Delhi,Unfurnished,Bachelors/Family,2,Contact Owner
L02525,2022-07-01,2,20000,500,4 out of 4,Carpet Area,"Vasant Kunj 2, Vasant Kunj",Delhi,Semi-Furnished,Bachelors,2,Contact Owner
L02526,2022-06-04,1,35000,300,3 out of 5,Super Area,Rajouri Garden,Delhi,Semi-Furnished,Bachelors/Family,1,Contact Owner
L02527,2022-06-16,2,35000,900,Ground out of 4,Carpet Area,Lajpat Nagar 1,Delhi,Unfurnished,Bachelors/Family,2,Contact Agent
L02528,2022-07-07,3,65000,240,1 out of 4,Carpet Area,Saket,Delhi,Unfurnished,Bachelors/Family,3,Contact Agent
L02529,2022-05-12,2,15000,650,Ground out of 3,Carpet Area,"Fateh Nagar, Janakpuri",Delhi,Semi-Furnished,Bachelors/Family,2,Contact Owner
L02530,2022-06-18,3,12000,950,3 out of 5,Carpet Area,"Kotla, Mayur Vihar",Delhi,Semi-Furnished,Bachelors,2,Contact Owner
L02531,2022-05-10,1,8000,500,Ground out of 3,Super Area,Dwarka Sector 23,Delhi,Semi-Furnished,Bachelors/Family,1,Contact Owner
L02532,2022-05-28,1,11000,500,2 out of 5,Super Area,Palam - Dabri Marg,Delhi,Semi-Furnished,Bachelors/Family,1,Contact Owner
L02533,2022-05-10,2,12000,450,4 out of 4,Super Area,Mansa Ram Park,Delhi,Semi-Furnished,Bachelors/Family,2,Contact Owner
L02534,2022-06-16,4,140000,2800,Ground out of 4,Carpet Area,New Friends Colony,Delhi,Semi-Furnished,Bachelors/Family,4,Contact Agent
L02535,2022-06-04,2,24000,150,1 out of 2,Super Area,Paschim Vihar,Delhi,Semi-Furnished,Bachelors/Family,1,Contact Owner
L02536,2022-06-04,1,20000,400,3 out of 4,Carpet Area,Lajpat Nagar 4,Delhi,Furnished,Bachelors/Family,1,Contact Agent
L02537,2022-05-10,3,16000,100,3 out of 4,Super Area,"Jamia Nagar, Okhla",Delhi,Furnished,Bachelors/Family,2,Contact Owner
L02538,2022-06-04,1,15000,400,3 out of 4,Carpet Area,Lajpat Nagar 4,Delhi,Semi-Furnished,Bachelors/Family,1,Contact Agent
L02539,2022-05-14,2,28500,900,Ground out of 4,Carpet Area,Paschim Vihar,Delhi,Semi-Furnished,Bachelors/Family,2,Contact Agent
L02540,2022-05-05,3,30000,1350,1 out of 7,Super Area,Vasundhara Enclave,Delhi,Semi-Furnished,Family,3,Contact Owner
L02541,2022-07-04,1,16000,500,1 out of 4,Super Area,Laxmi Nagar,Delhi,Semi-Furnished,Bachelors/Family,1,Contact Owner
L02542,2022-07-06,3,80000,1700,1 out of 4,Carpet Area,"Shivalik, Malviya Nagar",Delhi,Furnished,Bachelors,3,Contact Agent
L02543,2022-06-04,1,11000,400,2 out of 4,Carpet Area,Lajpat Nagar 4,Delhi,Unfurnished,Bachelors/Family,1,Contact Agent
L02544,2022-06-29,2,21000,110,2 out of 3,Super Area,"Jangpura Extension, Jangpura",Delhi,Semi-Furnished,Bachelors/Family,1,Contact Owner
L02545,2022-07-04,3,10500,1200,1 out of 4,Super Area,Najafgarh,Delhi,Semi-Furnished,Bachelors/Family,2,Contact Owner
L02546,2022-04-29,2,15000,50,2 out of 4,Carpet Area,Dwarka Sector 14,Delhi,Semi-Furnished,Bachelors/Family,2,Contact Owner
L02547,2022-07-06,3,16000,100,2 out of 3,Super Area,Hari Nagar,Delhi,Semi-Furnished,Bachelors/Family,2,Contact Agent
L02548,2022-07-04,2,45000,1000,2 out of 3,Super Area,"Kailash Colony, Greater Kailash",Delhi,Furnished,Bachelors/Family,2,Contact Owner
L02549,2022-05-03,1,6000,63,4 out of 4,Super Area,Rohini Sector 2,Delhi,Furnished,Bachelors/Family,1,Contact Owner
L02550,2022-05-19,3,40000,1800,Ground out of 3,Super Area,Vasant Kunj,Delhi,Semi-Furnished,Bachelors/Family,2,Contact Owner
L02551,2022-07-09,2,36000,1440,2 out of 3,Carpet Area,Chittaranjan Park,Delhi,Semi-Furnished,Bachelors,2,Contact Agent
L02552,2022-05-27,2,12000,55,Ground out of 4,Super Area,Uttam Nagar,Delhi,Unfurnished,Bachelors/Family,2,Contact Owner
L02553,2022-05-27,3,45000,1500,1 out of 12,Carpet Area,"The Shabad Apartment, Dwarka Sector 13",Delhi,Unfurnished,Bachelors,3,Contact Owner
L02554,2022-06-18,2,20000,400,3,Super Area,"Kasturba Niketan, Lajpat Nagar 2",Delhi,Unfurnished,Bachelors/Family,1,Contact Owner
L02555,2022-06-11,3,10000,100,1 out of 4,Carpet Area,Krishna Nagar,Delhi,Furnished,Bachelors/Family,2,Contact Owner
L02556,2022-06-29,2,5000,500,1 out of 3,Super Area,Sangam Vihar,Delhi,Unfurnished,Bachelors/Family,1,Contact Owner
L02557,2022-05-27,2,8000,100,Ground out of 3,Super Area,Rohini Sector 38,Delhi,Unfurnished,Bachelors/Family,2,Contact Owner
L02558,2022-05-10,2,13000,455,1 out of 4,Super Area,"DDA Akshardham Apartments, DS 19",Delhi,Unfurnished,Bachelors/Family,1,Contact Owner
L02559,2022-04-29,2,15000,80,3 out of 4,Carpet Area,Anand Parbat,Delhi,Semi-Furnished,Bachelors/Family,1,Contact Owner
L02560,2022-07-04,2,7500,450,Ground out of 2,Super Area,Burari,Delhi,Unfurnished,Bachelors/Family,1,Contact Owner
L02561,2022-06-08,1,6000,400,Ground out of 1,Super Area,"Qutub Vihar, Dwarka",Delhi,Unfurnished,Bachelors/Family,1,Contact Owner
L02562,2022-05-23,4,100000,300,1 out of 3,Super Area,Vasant Kunj,Delhi,Unfurnished,Bachelors/Family,4,Contact Owner
L02563,2022-05-14,2,12000,700,2 out of 3,Super Area,Rohini Sector 23,Delhi,Semi-Furnished,Bachelors/Family,2,Contact Owner
L02564,2022-05-10,2,10000,600,4 out of 5,Super Area,"Mohan Garden, Razapur Khurd",Delhi,Semi-Furnished,Bachelors/Family,2,Contact Owner
L02565,2022-05-10,2,10000,800,2 out of 3,Super Area,"Bharthal, Dwarka",Delhi,Semi-Furnished,Bachelors/Family,2,Contact Owner
L02566,2022-05-23,2,12000,950,2 out of 3,Super Area,"Chanakya Place, Sitapuri",Delhi,Unfurnished,Bachelors/Family,2,Contact Owner
L02567,2022-07-06,2,15000,450,4 out of 4,Super Area,Shadipur,Delhi,Semi-Furnished,Bachelors/Family,1,Contact Owner
L02568,2022-06-30,1,10000,450,1 out of 3,Carpet Area,Radhey Shyam Park,Delhi,Unfurnished,Bachelors/Family,1,Contact Owner
L02569,2022-07-04,2,12000,68,3 out of 5,Super Area,Uttam Nagar,Delhi,Unfurnished,Bachelors/Family,1,Contact Owner
L02570,2022-06-18,2,14500,850,2 out of 4,Carpet Area,"Rajpur Khurd Extension, Rajpur",Delhi,Unfurnished,Bachelors/Family,2,Contact Agent
L02571,2022-06-29,2,18500,1000,3 out of 4,Super Area,"Kotla Mubarakpur, South Extension",Delhi,Semi-Furnished,Bachelors/Family,2,Contact Owner
L02572,2022-06-04,1,24000,600,4 out of 4,Carpet Area,Rajouri Garden,Delhi,Furnished,Bachelors,1,Contact Agent
L02573,2022-05-27,2,11000,65,Ground out of 4,Super Area,New Ashok Nagar,Delhi,Unfurnished,Bachelors/Family,1,Contact Owner
L02574,2022-05-19,3,52000,1700,1 out of 1,Carpet Area,Vasant Kunj,Delhi,Semi-Furnished,Bachelors,3,Contact Agent
L02575,2022-07-06,3,70000,1800,Ground out of 4,Carpet Area,Lajpat Nagar 3,Delhi,Semi-Furnished,Bachelors/Family,3,Contact Agent
L02576,2022-07-04,2,12000,1000,3 out of 4,Super Area,Uttam Nagar,Delhi,Semi-Furnished,Bachelors/Family,1,Contact Owner
L02577,2022-07-09,2,22000,900,2 out of 4,Carpet Area,Patparganj,Delhi,Semi-Furnished,Bachelors,2,Contact Agent
L02578,2022-06-10,4,200000,2300,1 out of 1,Super Area,Shanti Niketan,Delhi,Semi-Furnished,Bachelors/Family,4,Contact Owner
L02579,2022-05-01,2,20000,75,1 out of 3,Super Area,Green Park,Delhi,Unfurnished,Bachelors/Family,2,Contact Owner
L02580,2022-05-18,3,45000,200,1 out of 4,Carpet Area,Paschim Vihar Block B1,Delhi,Semi-Furnished,Bachelors,3,Contact Agent
L02581,2022-05-23,1,8000,200,2 out of 4,Carpet Area,kst chattarpur Apartments,Delhi,Unfurnished,Bachelors,1,Contact Agent
L02582,2022-05-27,1,8000,200,2 out of 4,Carpet Area,kst chattarpur Apartments,Delhi,Unfurnished,Bachelors,1,Contact Agent
L02583,2022-05-18,2,9500,450,3 out of 4,Carpet Area,Laxmi Nagar,Delhi,Semi-Furnished,Bachelors/Family,1,Contact Agent
L02584,2022-07-07,2,25000,750,1 out of 4,Carpet Area,Karol Bagh,Delhi,Furnished,Bachelors,2,Contact Agent
L02585,2022-05-27,2,12000,400,1 out of 4,Carpet Area,kst chattarpur Apartments,Delhi,Unfurnished,Bachelors,1,Contact Agent
L02586,2022-06-11,2,24000,84,1 out of 4,Carpet Area,Paschim Vihar,Delhi,Semi-Furnished,Bachelors,2,Contact Agent
L02587,2022-05-05,2,27000,90,2 out of 3,Super Area,Rohini Sector 8,Delhi,Unfurnished,Bachelors/Family,2,Contact Owner
L02588,2022-07-04,2,18000,90,2 out of 4,Super Area,Mansarovar garden,Delhi,Semi-Furnished,Bachelors/Family,2,Contact Owner
L02589,2022-06-20,2,17000,500,1 out of 3,Super Area,Lajpat Nagar,Delhi,Semi-Furnished,Bachelors/Family,2,Contact Owner
L02590,2022-05-10,2,15000,75,4 out of 5,Super Area,Adarsh Nagar,Delhi,Unfurnished,Bachelors/Family,2,Contact Owner
L02591,2022-05-23,1,13000,512,1 out of 3,Carpet Area,Patel Nagar West,Delhi,Furnished,Bachelors/Family,1,Contact Agent
L02592,2022-06-11,3,70000,1500,1 out of 3,Carpet Area,Vasant Kunj,Delhi,Semi-Furnished,Bachelors,3,Contact Agent
L02593,2022-07-09,1,14000,446,2 out of 4,Super Area,"Amar Colony, Lajpat Nagar",Delhi,Unfurnished,Bachelors/Family,1,Contact Owner
L02594,2022-05-14,3,32000,1100,4 out of 5,Super Area,"Gagan Vihar, Krishna Nagar",Delhi,Semi-Furnished,Bachelors/Family,2,Contact Owner
L02595,2022-05-10,1,4000,125,1 out of 2,Super Area,Sangam Vihar,Delhi,Unfurnished,Bachelors/Family,1,Contact Owner
L02596,2022-05-10,3,100000,1800,3 out of 5,Super Area,Gautam Nagar,Delhi,Furnished,Bachelors/Family,3,Contact Owner
L02597,2022-06-16,3,20000,1300,1 out of 4,Super Area,Chhattarpur,Delhi,Unfurnished,Bachelors/Family,2,Contact Agent
L02598,2022-06-20,3,30000,2000,7 out of 10,Super Area,"Ashoka Enclave Apartment, Dwarka Sector 11",Delhi,Semi-Furnished,Family,2,Contact Owner
L02599,2022-06-14,2,150000,1200,2 out of 3,Carpet Area,Greater Kailash 1,Delhi,Furnished,Bachelors,2,Contact Owner
L02600,2022-06-30,3,19500,125,1 out of 4,Super Area,Uttam Nagar,Delhi,Unfurnished,Bachelors,2,Contact Owner
L02601,2022-05-24,2,18000,730,2 out of 3,Carpet Area,"Arjun Nagar, Safdarjung Enclave",Delhi,Unfurnished,Bachelors/Family,2,Contact Agent
L02602,2022-05-07,2,25000,160,3 out of 3,Carpet Area,Dr Mukherjee Nagar West,Delhi,Semi-Furnished,Bachelors/Family,2,Contact Owner
L02603,2022-05-05,2,18000,1000,Ground out of 2,Super Area,Janakpuri Block B1,Delhi,Unfurnished,Bachelors/Family,2,Contact Owner
L02604,2022-05-05,1,10000,450,1 out of 5,Super Area,Paschim Vihar,Delhi,Furnished,Bachelors/Family,1,Contact Owner
L02605,2022-05-05,2,12000,75,2 out of 4,Super Area,Mehrauli,Delhi,Furnished,Bachelors/Family,2,Contact Owner
L02606,2022-06-18,3,25000,2000,1 out of 3,Super Area,"Karkardooma, Anand Vihar",Delhi,Semi-Furnished,Bachelors,3,Contact Agent
L02607,2022-06-18,4,40000,2400,4 out of 4,Super Area,Preet Vihar,Delhi,Unfurnished,Bachelors,3,Contact Agent
L02608,2022-06-18,2,30000,1800,Ground out of 2,Super Area,"Karkardooma, Anand Vihar",Delhi,Semi-Furnished,Bachelors,2,Contact Agent
L02609,2022-06-18,3,29000,1800,Ground out of 3,Super Area,Mausam Vihar,Delhi,Unfurnished,Family,3,Contact Agent
L02610,2022-06-18,3,35000,2200,2 out of 4,Super Area,"Nirman Vihar, Preet Vihar",Delhi,Unfurnished,Bachelors/Family,3,Contact Agent
L02611,2022-06-18,3,21000,2200,Ground out of 2,Carpet Area,Vivek Vihar,Delhi,Semi-Furnished,Bachelors/Family,2,Contact Agent
L02612,2022-06-18,3,31000,900,3 out of 4,Carpet Area,Surajmal Vihar,Delhi,Semi-Furnished,Bachelors/Family,2,Contact Agent
L02613,2022-05-05,2,8000,75,2 out of 4,Super Area,Chhattarpur,Delhi,Unfurnished,Bachelors/Family,1,Contact Owner
L02614,2022-05-05,2,15500,75,2 out of 4,Super Area,Saket,Delhi,Semi-Furnished,Bachelors/Family,2,Contact Owner
L02615,2022-06-18,3,32000,1800,3 out of 4,Carpet Area,"Gagan Vihar, Krishna Nagar",Delhi,Semi-Furnished,Bachelors/Family,3,Contact Agent
L02616,2022-06-18,3,30000,160,2 out of 4,Carpet Area,Surajmal Vihar,Delhi,Semi-Furnished,Bachelors/Family,3,Contact Agent
L02617,2022-07-04,4,42000,2700,2 out of 4,Carpet Area,"Pushpanjali, Anand Vihar",Delhi,Semi-Furnished,Bachelors,4,Contact Agent
L02618,2022-05-23,3,20500,1050,3 out of 4,Carpet Area,Laxmi Nagar,Delhi,Furnished,Bachelors/Family,2,Contact Agent
L02619,2022-05-09,3,60000,1800,2 out of 3,Super Area,Sarvodaya Enclave,Delhi,Furnished,Bachelors/Family,3,Contact Owner
L02620,2022-05-23,2,95000,2700,1 out of 3,Super Area,Greater Kailash 2,Delhi,Furnished,Bachelors/Family,2,Contact Agent
L02621,2022-05-14,1,16000,499,2 out of 3,Carpet Area,Chittaranjan Park Block K,Delhi,Semi-Furnished,Family,1,Contact Owner
L02622,2022-05-17,1,8500,450,3 out of 4,Carpet Area,Sarita Vihar Pocket M,Delhi,Unfurnished,Bachelors,1,Contact Agent
L02623,2022-05-05,1,14000,60,3 out of 4,Super Area,"Paryavaran Complex, Sainik Farm",Delhi,Unfurnished,Bachelors/Family,1,Contact Owner
L02624,2022-05-11,3,140000,2200,Ground out of 3,Super Area,Defence Colony,Delhi,Unfurnished,Bachelors/Family,3,Contact Agent
L02625,2022-04-29,2,8000,130,Ground out of 3,Super Area,Raj Nagar 2,Delhi,Unfurnished,Bachelors/Family,1,Contact Owner
L02626,2022-04-29,3,12500,650,3 out of 4,Super Area,Chirag Delhi,Delhi,Semi-Furnished,Bachelors/Family,1,Contact Owner
L02627,2022-04-29,2,14000,100,3 out of 4,Super Area,Janakpuri,Delhi,Unfurnished,Bachelors/Family,1,Contact Owner
L02628,2022-04-29,2,6000,45,2 out of 3,Super Area,"Devli, Sangam Vihar",Delhi,Unfurnished,Bachelors/Family,1,Contact Owner
L02629,2022-04-29,2,10000,600,2 out of 3,Super Area,Trilokpuri,Delhi,Unfurnished,Bachelors/Family,2,Contact Owner
L02630,2022-05-10,3,15000,800,Ground out of 4,Super Area,Kadipur,Delhi,Unfurnished,Bachelors/Family,1,Contact Owner
L02631,2022-06-08,3,8000,1500,1 out of 1,Carpet Area,Cherlopalli TIRUPATI,Delhi,Unfurnished,Bachelors/Family,3,Contact Owner
L02632,2022-07-07,1,10000,30,1 out of 5,Super Area,Mahipalpur,Delhi,Furnished,Bachelors/Family,1,Contact Owner
L02633,2022-05-12,1,8500,55,Ground out of 3,Super Area,Gharoli,Delhi,Unfurnished,Bachelors/Family,1,Contact Owner
L02634,2022-06-09,2,25000,900,Ground out of 3,Carpet Area,"Nirman Vihar, Preet Vihar",Delhi,Semi-Furnished,Bachelors/Family,2,Contact Owner
L02635,2022-06-22,2,13000,1000,1 out of 2,Carpet Area,Bhajanpura,Delhi,Unfurnished,Bachelors/Family,1,Contact Owner
L02636,2022-05-27,1,6000,360,1 out of 2,Super Area,Ghitorni,Delhi,Semi-Furnished,Bachelors/Family,1,Contact Owner
L02637,2022-05-06,1,7000,450,1 out of 4,Super Area,"Mohan Garden, Razapur Khurd",Delhi,Furnished,Bachelors/Family,1,Contact Owner
L02638,2022-05-05,2,22000,900,4 out of 5,Super Area,"Gangaram Vatika, Vishnu Garden",Delhi,Semi-Furnished,Bachelors/Family,2,Contact Owner
L02639,2022-04-29,2,40000,1100,2 out of 4,Super Area,"Kailash Colony, Greater Kailash",Delhi,Furnished,Bachelors/Family,2,Contact Owner
L02640,2022-05-05,2,22000,700,Ground out of 2,Super Area,Rohini Sector 7,Delhi,Furnished,Bachelors/Family,2,Contact Owner
L02641,2022-04-29,1,4500,400,1 out of 2,Super Area,Sagar Pur,Delhi,Unfurnished,Bachelors/Family,1,Contact Owner
L02642,2022-04-29,3,15000,950,Ground out of 3,Super Area,Rohini Sector 4,Delhi,Unfurnished,Bachelors/Family,2,Contact Owner
L02643,2022-06-30,3,130000,3000,1 out of 5,Super Area,Defence Colony,Delhi,Semi-Furnished,Bachelors/Family,4,Contact Agent
L02644,2022-06-18,2,23000,950,3 out of 3,Carpet Area,Ber Sarai,Delhi,Unfurnished,Bachelors/Family,2,Contact Agent
L02645,2022-05-27,3,45000,1100,1 out of 4,Super Area,Chittaranjan Park,Delhi,Semi-Furnished,Bachelors/Family,3,Contact Agent
L02646,2022-05-29,1,15000,497,3 out of 4,Carpet Area,Lajpat Nagar 4,Delhi,Unfurnished,Bachelors/Family,1,Contact Agent
L02647,2022-04-29,3,13000,100,3 out of 4,Super Area,"Viswas Park, Matiala",Delhi,Semi-Furnished,Bachelors/Family,2,Contact Owner
L02648,2022-05-05,2,10000,70,1 out of 4,Super Area,Shakarpur,Delhi,Semi-Furnished,Bachelors/Family,2,Contact Owner
L02649,2022-05-05,2,10000,55,2 out of 4,Super Area,Dwarka Sector 8,Delhi,Unfurnished,Bachelors/Family,2,Contact Owner
L02650,2022-05-05,1,6500,300,4 out of 5,Super Area,East Of Kailash,Delhi,Unfurnished,Bachelors/Family,1,Contact Owner
L02651,2022-06-29,1,7000,400,2 out of 4,Carpet Area,Mandawali,Delhi,Unfurnished,Bachelors,1,Contact Owner
L02652,2022-05-05,2,7000,500,2 out of 4,Super Area,Badarpur,Delhi,Semi-Furnished,Bachelors/Family,2,Contact Owner
L02653,2022-06-08,4,17401,650,4 out of 4,Super Area,Patel Nagar West,Delhi,Furnished,Bachelors/Family,2,Contact Owner
L02654,2022-05-18,1,5500,630,Ground out of 2,Super Area,Uttam Nagar,Delhi,Furnished,Bachelors/Family,1,Contact Owner
L02655,2022-04-29,1,20000,450,1 out of 3,Super Area,DS 19,Delhi,Unfurnished,Family,1,Contact Owner
L02656,2022-04-29,2,7000,500,1 out of 2,Super Area,Mahipalpur,Delhi,Semi-Furnished,Bachelors/Family,1,Contact Owner
L02657,2022-05-22,5,190000,200,2 out of 2,Carpet Area,"Safdarjung Development Area, Hauz Khas",Delhi,Unfurnished,Bachelors,5,Contact Agent
L02658,2022-04-29,2,13000,95,1 out of 4,Super Area,Shahdara,Delhi,Semi-Furnished,Bachelors/Family,1,Contact Owner
L02659,2022-07-02,4,60000,272,Ground out of 4,Carpet Area,Model Town,Delhi,Furnished,Bachelors,3,Contact Agent
L02660,2022-05-27,2,17000,800,2 out of 4,Carpet Area,Rohini Sector 24,Delhi,Unfurnished,Bachelors/Family,2,Contact Agent
L02661,2022-05-27,2,16000,50,2 out of 4,Super Area,"Nirankari Colony, Mukherjee Nagar",Delhi,Unfurnished,Bachelors/Family,2,Contact Owner
L02662,2022-07-05,1,9500,400,2 out of 4,Super Area,"Maidan Garhi, Chhattarpur",Delhi,Furnished,Bachelors/Family,1,Contact Owner
L02663,2022-04-29,1,5000,450,Ground out of 3,Super Area,Vikash Nagar,Delhi,Unfurnished,Bachelors/Family,1,Contact Owner
L02664,2022-06-18,3,27000,1800,2 out of 4,Carpet Area,"Jagriti Enclave, Anand Vihar",Delhi,Semi-Furnished,Bachelors/Family,3,Contact Agent
L02665,2022-06-18,3,29000,1800,2 out of 4,Carpet Area,"Saini Enclave, Anand Vihar",Delhi,Semi-Furnished,Bachelors/Family,3,Contact Agent
L02666,2022-06-18,3,29000,2000,1 out of 4,Carpet Area,Vivek Vihar Phase 1,Delhi,Semi-Furnished,Bachelors/Family,3,Contact Agent
L02667,2022-05-26,4,37000,2700,2 out of 3,Carpet Area,"AGCR Enclave, Anand Vihar",Delhi,Semi-Furnished,Bachelors/Family,4,Contact Agent
L02668,2022-07-04,4,36000,2700,2 out of 3,Carpet Area,"AGCR Enclave, Anand Vihar",Delhi,Semi-Furnished,Bachelors/Family,3,Contact Agent
L02669,2022-05-26,3,35000,1800,4 out of 4,Carpet Area,Surajmal Vihar,Delhi,Semi-Furnished,Bachelors,3,Contact Agent
L02670,2022-05-26,4,42000,2700,2 out of 4,Carpet Area,"Pushpanjali, Anand Vihar",Delhi,Semi-Furnished,Bachelors,4,Contact Agent
L02671,2022-05-26,3,37000,1800,1 out of 4,Carpet Area,Preet Vihar,Delhi,Semi-Furnished,Bachelors/Family,3,Contact Agent
L02672,2022-07-04,3,30000,1800,2 out of 3,Carpet Area,Surajmal Vihar,Delhi,Semi-Furnished,Bachelors/Family,3,Contact Agent
L02673,2022-05-08,3,20000,1200,2 out of 3,Super Area,Ghitorni,Delhi,Semi-Furnished,Bachelors/Family,2,Contact Owner
L02674,2022-06-17,1,8500,600,1 out of 4,Carpet Area,Chattarpur Extension,Delhi,Semi-Furnished,Bachelors,1,Contact Owner
L02675,2022-05-14,1,11000,350,2 out of 5,Super Area,Sheikh Sarai,Delhi,Furnished,Bachelors/Family,1,Contact Owner
L02676,2022-06-18,2,14000,100,2 out of 4,Super Area,Dwarka,Delhi,Semi-Furnished,Bachelors/Family,2,Contact Owner
L02677,2022-05-14,3,55000,1800,1 out of 3,Carpet Area,Malviya Nagar,Delhi,Unfurnished,Bachelors/Family,3,Contact Agent
L02678,2022-06-18,2,25000,900,3 out of 4,Carpet Area,"Jagriti Enclave, Anand Vihar",Delhi,Semi-Furnished,Bachelors,2,Contact Agent
L02679,2022-05-23,3,20500,1150,3 out of 4,Carpet Area,Laxmi Nagar,Delhi,Unfurnished,Bachelors/Family,2,Contact Agent
L02680,2022-05-31,4,28000,1400,2 out of 4,Carpet Area,Rohini Sector 24,Delhi,Semi-Furnished,Bachelors/Family,2,Contact Agent
L02681,2022-05-10,1,5000,500,Ground out of 4,Super Area,Mahavir Enclave Part 1,Delhi,Semi-Furnished,Bachelors/Family,1,Contact Owner
L02682,2022-06-18,4,35000,300,2 out of 4,Carpet Area,"AGCR Enclave, Anand Vihar",Delhi,Semi-Furnished,Bachelors/Family,3,Contact Agent
L02683,2022-06-18,3,30000,1800,2 out of 4,Carpet Area,"Saini Enclave, Anand Vihar",Delhi,Semi-Furnished,Bachelors/Family,3,Contact Agent
L02684,2022-06-16,1,10000,500,3 out of 4,Carpet Area,Neb Sarai,Delhi,Unfurnished,Bachelors/Family,1,Contact Agent
L02685,2022-04-29,1,11000,500,Ground out of 4,Super Area,Rohini Sector 17,Delhi,Unfurnished,Bachelors/Family,1,Contact Owner
L02686,2022-05-05,2,17000,80,1 out of 4,Super Area,Mayur Vihar Phase 1 Extension,Delhi,Semi-Furnished,Bachelors/Family,2,Contact Owner
L02687,2022-05-23,2,35000,1000,2 out of 4,Super Area,Kalkaji,Delhi,Semi-Furnished,Bachelors,2,Contact Agent
L02688,2022-06-20,3,30000,1600,6 out of 10,Super Area,"Highland Tower, Dwarka Sector 12",Delhi,Unfurnished,Bachelors/Family,2,Contact Owner
L02689,2022-06-07,4,30000,1800,6 out of 8,Super Area,Dwarka Sector 22,Delhi,Semi-Furnished,Bachelors/Family,4,Contact Owner
L02690,2022-05-27,2,13000,400,Ground out of 4,Carpet Area,Rohini Sector 24,Delhi,Semi-Furnished,Bachelors/Family,2,Contact Agent
L02691,2022-04-29,2,13000,900,Ground out of 3,Super Area,Chhattarpur,Delhi,Semi-Furnished,Bachelors/Family,2,Contact Owner
L02692,2022-07-07,1,11000,480,4 out of 5,Carpet Area,East Of Kailash,Delhi,Unfurnished,Bachelors/Family,1,Contact Agent
L02693,2022-05-05,1,13000,180,2 out of 2,Carpet Area,Lajpat Nagar 1,Delhi,Unfurnished,Bachelors,1,Contact Owner
L02694,2022-07-09,2,33000,1000,1 out of 3,Carpet Area,"Munirka Vihar, Munirka",Delhi,Unfurnished,Bachelors,2,Contact Agent
L02695,2022-05-23,3,25000,1120,2 out of 3,Super Area,gg1 vikas puri,Delhi,Unfurnished,Bachelors/Family,2,Contact Owner
L02696,2022-05-27,3,70000,1800,2 out of 4,Carpet Area,Saket,Delhi,Semi-Furnished,Bachelors,3,Contact Agent
L02697,2022-07-02,3,30000,1200,1 out of 3,Carpet Area,Vikaspuri,Delhi,Semi-Furnished,Bachelors/Family,2,Contact Owner
L02698,2022-05-21,1,9000,550,1 out of 4,Super Area,"DDA Flats Sarita Vihar, Sarita Vihar, Mathura Road",Delhi,Semi-Furnished,Bachelors/Family,1,Contact Agent
L02699,2022-06-30,2,14500,1400,3 out of 4,Super Area,Dilshad Garden,Delhi,Unfurnished,Bachelors,1,Contact Owner
L02700,2022-05-27,3,50000,1600,2 out of 4,Carpet Area,Vasant Kunj Sector C,Delhi,Semi-Furnished,Bachelors,2,Contact Agent
L02701,2022-05-16,1,20000,650,1 out of 4,Carpet Area,Mayur Vihar 1,Delhi,Semi-Furnished,Bachelors/Family,1,Contact Agent
L02702,2022-04-29,4,15000,120,Ground out of 2,Super Area,Rohini Sector 38,Delhi,Furnished,Bachelors/Family,4,Contact Owner
L02703,2022-06-02,2,7500,450,1 out of 3,Carpet Area,Mahavir Enclave Part 1,Delhi,Unfurnished,Bachelors/Family,1,Contact Owner
L02704,2022-07-07,1,13500,520,Ground out of 4,Super Area,Uttam Nagar,Delhi,Furnished,Bachelors/Family,1,Contact Owner
L02705,2022-06-13,1,14000,850,2 out of 4,Super Area,Paschim Vihar,Delhi,Semi-Furnished,Bachelors,1,Contact Owner
L02706,2022-06-24,2,18000,850,1 out of 4,Carpet Area,Saket,Delhi,Semi-Furnished,Bachelors,2,Contact Agent
L02707,2022-05-09,2,14000,585,2 out of 4,Carpet Area,Pandav Nagar,Delhi,Semi-Furnished,Bachelors/Family,1,Contact Owner
L02708,2022-05-11,3,65000,1600,Ground out of 4,Carpet Area,East Of Kailash,Delhi,Furnished,Bachelors/Family,2,Contact Agent
L02709,2022-05-05,2,22000,950,2 out of 5,Super Area,Mayur Vihar Phase 1 Extension,Delhi,Unfurnished,Bachelors/Family,2,Contact Owner
L02710,2022-04-29,1,4000,120,1 out of 2,Super Area,Najafgarh,Delhi,Unfurnished,Bachelors/Family,1,Contact Owner
L02711,2022-05-14,2,10000,500,3 out of 3,Super Area,Vinod Nagar East,Delhi,Semi-Furnished,Bachelors/Family,1,Contact Owner
L02712,2022-05-14,1,7500,200,2 out of 4,Carpet Area,kst chattarpur Apartments,Delhi,Unfurnished,Bachelors,1,Contact Agent
L02713,2022-05-05,1,17000,550,2 out of 4,Super Area,Ramesh Nagar,Delhi,Semi-Furnished,Bachelors/Family,1,Contact Owner
L02714,2022-07-06,1,18000,650,2 out of 4,Carpet Area,Gautam Nagar,Delhi,Semi-Furnished,Bachelors/Family,1,Contact Agent
L02715,2022-07-07,4,70000,2800,6 out of 10,Carpet Area,Delhi estate Apartment,Delhi,Unfurnished,Bachelors,4,Contact Agent
L02716,2022-06-30,1,10000,50,3 out of 4,Super Area,Mahipalpur,Delhi,Furnished,Bachelors/Family,1,Contact Owner
L02717,2022-06-08,2,15000,550,4 out of 4,Carpet Area,Dori Walan,Delhi,Unfurnished,Bachelors/Family,1,Contact Owner
L02718,2022-07-04,2,16500,90,4 out of 5,Super Area,DS 19,Delhi,Semi-Furnished,Bachelors/Family,2,Contact Owner
L02719,2022-06-30,3,100000,2925,1 out of 4,Super Area,Defence Colony,Delhi,Semi-Furnished,Bachelors/Family,3,Contact Agent
L02720,2022-05-28,1,7500,150,4 out of 4,Carpet Area,"New Mahavir Nagar, Tilak Nagar",Delhi,Furnished,Bachelors/Family,1,Contact Owner
L02721,2022-06-26,2,6000,450,1 out of 3,Super Area,north chajjupur shahdara,Delhi,Unfurnished,Bachelors/Family,1,Contact Owner
L02722,2022-05-08,2,18000,750,4 out of 4,Carpet Area,Mahavir Enclave Part 1,Delhi,Unfurnished,Bachelors,2,Contact Owner
L02723,2022-05-22,2,18000,975,Ground out of 3,Super Area,Janakpuri,Delhi,Semi-Furnished,Bachelors/Family,1,Contact Owner
L02724,2022-04-29,3,8000,106,Ground out of 4,Super Area,Burari,Delhi,Semi-Furnished,Bachelors/Family,1,Contact Owner
L02725,2022-05-05,2,14000,750,4 out of 6,Super Area,Mehrauli,Delhi,Furnished,Bachelors/Family,2,Contact Owner
L02726,2022-05-10,2,11000,80,2 out of 4,Super Area,"Khanpur, Madangir",Delhi,Semi-Furnished,Bachelors/Family,2,Contact Owner
L02727,2022-05-14,3,25000,96,2 out of 5,Super Area,Rohini Sector 11,Delhi,Unfurnished,Bachelors/Family,2,Contact Owner
L02728,2022-04-29,1,9000,500,1 out of 3,Super Area,Chhattarpur,Delhi,Unfurnished,Bachelors/Family,1,Contact Owner
L02729,2022-05-14,3,47000,1550,Ground out of 3,Carpet Area,Vasant Kunj,Delhi,Semi-Furnished,Bachelors/Family,2,Contact Agent
L02730,2022-06-07,2,20000,1000,3 out of 3,Super Area,"Gaurav Apartment, Indraprastha Extension, Patparganj",Delhi,Semi-Furnished,Bachelors/Family,2,Contact Owner
L02731,2022-04-29,1,6000,400,2 out of 4,Super Area,Mehrauli,Delhi,Unfurnished,Bachelors/Family,1,Contact Owner
L02732,2022-04-29,1,5000,450,1 out of 4,Super Area,Bhajanpura,Delhi,Unfurnished,Bachelors/Family,1,Contact Owner
L02733,2022-04-29,2,20000,1000,3 out of 4,Super Area,"DDA Devdoot Apartment, Vikaspuri",Delhi,Semi-Furnished,Family,1,Contact Owner
L02734,2022-04-29,1,10000,450,2 out of 4,Super Area,"Khirki extension, Malviya Nagar",Delhi,Unfurnished,Bachelors/Family,1,Contact Owner
L02735,2022-07-04,3,15000,100,3 out of 4,Super Area,Chhattarpur,Delhi,Semi-Furnished,Bachelors/Family,2,Contact Owner
L02736,2022-05-14,2,13500,550,2 out of 4,Carpet Area,"Laxmi Nagar District Centre, Laxmi Nagar",Delhi,Semi-Furnished,Bachelors/Family,2,Contact Agent
L02737,2022-05-10,1,5500,400,2 out of 3,Super Area,Bindapur,Delhi,Semi-Furnished,Bachelors/Family,1,Contact Owner
L02738,2022-05-10,1,14000,60,1 out of 5,Super Area,"Guru Angad Nagar West, Laxmi Nagar",Delhi,Furnished,Bachelors/Family,1,Contact Owner
L02739,2022-04-29,4,18000,900,3 out of 5,Super Area,Subhash Nagar,Delhi,Unfurnished,Bachelors/Family,2,Contact Owner
L02740,2022-04-27,1,20000,700,1 out of 5,Super Area,Rohini Sector 5,Delhi,Semi-Furnished,Bachelors/Family,1,Contact Owner
L02741,2022-06-28,2,9300,500,2 out of 4,Super Area,Laxmi Nagar,Delhi,Unfurnished,Bachelors/Family,1,Contact Owner
L02742,2022-06-14,3,80000,2000,2 out of 4,Carpet Area,Safdarjung Enclave,Delhi,Furnished,Bachelors,3,Contact Agent
L02743,2022-07-04,2,7500,400,2 out of 3,Carpet Area,Aya Nagar,Delhi,Semi-Furnished,Bachelors,1,Contact Owner
L02744,2022-06-27,3,30000,1500,1 out of 4,Carpet Area,Sarita Vihar Pocket C,Delhi,Unfurnished,Bachelors,2,Contact Agent
L02745,2022-04-29,2,13000,70,2 out of 4,Super Area,"IGNOU Road, Saket",Delhi,Unfurnished,Bachelors/Family,1,Contact Owner
L02746,2022-07-01,2,8500,60,2 out of 4,Super Area,"Indraprastha Extension, Patparganj",Delhi,Unfurnished,Bachelors/Family,2,Contact Owner
L02747,2022-05-24,3,44300,200,1 out of 4,Carpet Area,Paschim Vihar,Delhi,Semi-Furnished,Bachelors,3,Contact Agent
L02748,2022-07-04,2,45000,1650,2 out of 4,Carpet Area,Safdarjung Enclave,Delhi,Furnished,Bachelors,2,Contact Agent
L02749,2022-06-22,2,30000,1150,3 out of 3,Carpet Area,Sarita Vihar Pocket K,Delhi,Unfurnished,Bachelors,2,Contact Agent
L02750,2022-05-30,2,40000,1800,Ground out of 3,Carpet Area,Saket,Delhi,Furnished,Bachelors,2,Contact Agent
L02751,2022-06-11,4,530000,4000,3 out of 4,Carpet Area,Anand Niketan,Delhi,Semi-Furnished,Bachelors/Family,5,Contact Agent
L02752,2022-05-14,2,12000,900,1 out of 2,Super Area,Ashok Vihar Phase 2,Delhi,Unfurnished,Bachelors/Family,1,Contact Owner
L02753,2022-06-15,2,13500,700,1 out of 2,Super Area,Shakarpur,Delhi,Unfurnished,Bachelors/Family,1,Contact Owner
L02754,2022-04-28,2,30000,900,2 out of 4,Super Area,Sheikh Sarai Phase 1,Delhi,Unfurnished,Bachelors/Family,2,Contact Owner
L02755,2022-05-03,1,9500,400,2 out of 2,Super Area,New Delhi,Delhi,Semi-Furnished,Bachelors/Family,1,Contact Owner
L02756,2022-05-16,4,200000,2700,Ground out of 3,Carpet Area,Greater Kailash 1,Delhi,Unfurnished,Bachelors,4,Contact Agent
L02757,2022-05-10,3,30000,2000,Ground out of 2,Super Area,Rohini Sector 15,Delhi,Unfurnished,Bachelors/Family,3,Contact Owner
L02758,2022-05-14,2,9000,450,1 out of 3,Super Area,"Shakarpur Khas, Shakarpur",Delhi,Unfurnished,Bachelors/Family,1,Contact Owner
L02759,2022-06-04,2,13000,400,2 out of 4,Carpet Area,kst chattarpur Apartments,Delhi,Unfurnished,Bachelors,1,Contact Agent
L02760,2022-05-14,2,7000,500,1 out of 5,Super Area,Vinod Nagar West,Delhi,Semi-Furnished,Bachelors/Family,1,Contact Owner
L02761,2022-07-09,1,18000,450,1 out of 4,Carpet Area,Munirka,Delhi,Furnished,Bachelors/Family,1,Contact Agent
L02762,2022-05-14,1,3500,350,1 out of 3,Super Area,Najafgarh,Delhi,Unfurnished,Bachelors/Family,1,Contact Owner
L02763,2022-07-03,4,65000,272,1 out of 4,Carpet Area,Model Town,Delhi,Unfurnished,Bachelors/Family,4,Contact Agent
L02764,2022-06-13,1,19000,545,2 out of 3,Super Area,Dwarka,Delhi,Furnished,Bachelors/Family,1,Contact Owner
L02765,2022-05-10,2,23000,84,Ground out of 4,Super Area,Paschim Vihar,Delhi,Semi-Furnished,Bachelors/Family,2,Contact Owner
L02766,2022-06-16,1,12000,600,2 out of 4,Super Area,Kalkaji,Delhi,Furnished,Bachelors/Family,1,Contact Owner
L02767,2022-06-30,2,15000,75,3 out of 4,Super Area,Chhattarpur,Delhi,Unfurnished,Bachelors/Family,2,Contact Owner
L02768,2022-06-08,3,38000,165,2 out of 4,Carpet Area,"Dayanand Vihar, Anand Vihar",Delhi,Semi-Furnished,Bachelors,2,Contact Owner
L02769,2022-07-04,3,50000,1100,1 out of 4,Carpet Area,Shalimar bagh,Delhi,Unfurnished,Bachelors,3,Contact Agent
L02770,2022-06-02,1,6500,500,3 out of 3,Super Area,Falt,Delhi,Unfurnished,Bachelors/Family,1,Contact Owner
L02771,2022-07-04,3,35000,150,1 out of 3,Carpet Area,Janakpuri,Delhi,Semi-Furnished,Bachelors,3,Contact Agent
L02772,2022-05-05,2,15000,70,2 out of 5,Super Area,Vasant Kunj,Delhi,Semi-Furnished,Bachelors/Family,2,Contact Owner
L02773,2022-05-05,3,30000,250,1 out of 2,Super Area,Mausam Vihar,Delhi,Semi-Furnished,Bachelors/Family,2,Contact Owner
L02774,2022-05-05,2,10000,70,1 out of 5,Super Area,"Khanpur, Madangir",Delhi,Unfurnished,Bachelors/Family,2,Contact Owner
L02775,2022-07-06,1,18000,300,3 out of 4,Carpet Area,"Arjun Nagar, Safdarjung Enclave",Delhi,Semi-Furnished,Bachelors,1,Contact Agent
L02776,2022-06-20,3,30000,1800,1 out of 4,Carpet Area,Malviya Nagar,Delhi,Semi-Furnished,Bachelors,3,Contact Agent
L02777,2022-05-27,1,16000,400,3 out of 4,Carpet Area,Lajpat Nagar 4,Delhi,Semi-Furnished,Bachelors/Family,1,Contact Agent
L02778,2022-05-21,3,22000,1250,2 out of 3,Super Area,Cghs apts.,Delhi,Semi-Furnished,Bachelors/Family,2,Contact Owner
L02779,2022-06-08,2,9000,480,1 out of 4,Super Area,Rohini Sector 21,Delhi,Semi-Furnished,Bachelors/Family,1,Contact Owner
L02780,2022-06-17,2,20200,84,2 out of 4,Carpet Area,Paschim Vihar,Delhi,Semi-Furnished,Bachelors,2,Contact Agent
L02781,2022-06-15,2,19500,84,2 out of 4,Carpet Area,Paschim Vihar Block A6,Delhi,Semi-Furnished,Bachelors,2,Contact Agent
L02782,2022-07-09,2,21000,600,3 out of 4,Carpet Area,"Arjun Nagar, Safdarjung Enclave",Delhi,Semi-Furnished,Bachelors,2,Contact Agent
L02783,2022-07-06,2,20000,600,Ground out of 4,Carpet Area,"Arjun Nagar, Safdarjung Enclave",Delhi,Semi-Furnished,Bachelors,2,Contact Agent
L02784,2022-05-14,2,13000,720,2 out of 4,Super Area,Govindpuri Main,Delhi,Semi-Furnished,Bachelors/Family,2,Contact Owner
L02785,2022-05-27,2,6500,75,1 out of 1,Carpet Area,Najafgarh,Delhi,Unfurnished,Bachelors/Family,1,Contact Owner
L02786,2022-04-29,3,25000,1000,1 out of 4,Super Area,"Everest Apartment, Kalkaji",Delhi,Unfurnished,Bachelors/Family,2,Contact Owner
L02787,2022-05-19,2,20000,900,2 out of 4,Carpet Area,Malviya Nagar,Delhi,Semi-Furnished,Bachelors,2,Contact Agent
L02788,2022-06-28,2,33000,2200,1 out of 1,Carpet Area,Janakpuri,Delhi,Semi-Furnished,Family,2,Contact Owner
L02789,2022-06-03,3,18000,900,Ground out of 4,Carpet Area,Mayur Vihar 3,Delhi,Semi-Furnished,Bachelors/Family,1,Contact Owner
L02790,2022-05-31,1,13000,550,3 out of 3,Carpet Area,Pitampura,Delhi,Semi-Furnished,Bachelors/Family,1,Contact Owner
L02791,2022-04-29,2,10000,450,4 out of 5,Super Area,Palam,Delhi,Furnished,Bachelors/Family,1,Contact Owner
L02792,2022-04-29,2,10000,470,2 out of 4,Super Area,Pul Prahlad Pur,Delhi,Furnished,Bachelors/Family,2,Contact Owner
L02793,2022-05-10,3,23000,125,3 out of 4,Super Area,"Khirki extension, Malviya Nagar",Delhi,Semi-Furnished,Bachelors/Family,2,Contact Owner
L02794,2022-05-27,1,20000,400,3 out of 4,Carpet Area,Lajpat Nagar 4,Delhi,Furnished,Bachelors/Family,1,Contact Agent
L02795,2022-05-23,4,150000,2600,2 out of 2,Carpet Area,Vasant Vihar,Delhi,Semi-Furnished,Bachelors/Family,4,Contact Owner
L02796,2022-05-14,3,25000,1500,5 out of 10,Carpet Area,"DJA Apartments, Dwarka Sector 13",Delhi,Semi-Furnished,Bachelors/Family,3,Contact Agent
L02797,2022-05-10,2,21000,80,3 out of 4,Super Area,Dwarka Sector 17,Delhi,Semi-Furnished,Bachelors/Family,1,Contact Owner
L02798,2022-07-04,3,30000,1100,3 out of 3,Carpet Area,Dwarka Sector 9,Delhi,Semi-Furnished,Bachelors/Family,2,Contact Owner
L02799,2022-06-04,2,22000,1000,4 out of 5,Super Area,Vasant Kunj,Delhi,Semi-Furnished,Bachelors/Family,2,Contact Owner
L02800,2022-04-29,2,14000,800,3 out of 5,Super Area,Mehrauli,Delhi,Unfurnished,Bachelors/Family,2,Contact Owner
L02801,2022-05-23,2,7000,50,2 out of 5,Super Area,Dwarka Sector 14,Delhi,Furnished,Bachelors/Family,1,Contact Owner
L02802,2022-05-23,2,18500,1000,2 out of 5,Super Area,"Kishangarh, Vasant Kunj",Delhi,Semi-Furnished,Bachelors/Family,2,Contact Owner
L02803,2022-05-18,1,8500,550,2 out of 3,Carpet Area,Chhattarpur Enclave,Delhi,Unfurnished,Bachelors,1,Contact Agent
L02804,2022-05-18,1,8000,450,Ground out of 4,Carpet Area,Chhattarpur Enclave,Delhi,Unfurnished,Bachelors,1,Contact Agent
L02805,2022-07-05,2,10000,670,2 out of 4,Super Area,Ram Nagar,Delhi,Furnished,Bachelors/Family,2,Contact Owner
L02806,2022-05-14,2,15000,700,1 out of 3,Super Area,Dwarka,Delhi,Semi-Furnished,Bachelors/Family,1,Contact Owner
L02807,2022-05-05,3,37000,125,3 out of 4,Super Area,"Vikram Vihar, Lajpat Nagar",Delhi,Semi-Furnished,Bachelors,2,Contact Owner
L02808,2022-06-30,3,90000,1872,1 out of 5,Super Area,Greater Kailash 1,Delhi,Semi-Furnished,Bachelors/Family,3,Contact Agent
L02809,2022-05-18,2,12000,650,2 out of 4,Carpet Area,Chhattarpur Enclave,Delhi,Unfurnished,Bachelors/Family,1,Contact Agent
L02810,2022-05-18,2,13000,550,1 out of 4,Carpet Area,Chhattarpur Enclave,Delhi,Unfurnished,Bachelors,2,Contact Agent
L02811,2022-05-21,2,22000,84,Ground out of 4,Carpet Area,Paschim Vihar,Delhi,Semi-Furnished,Bachelors,2,Contact Agent
L02812,2022-06-19,1,4000,90,Ground out of 2,Super Area,Gopalpur,Delhi,Unfurnished,Bachelors/Family,2,Contact Owner
L02813,2022-06-04,2,12000,1000,1 out of 4,Super Area,Laxmi Nagar,Delhi,Unfurnished,Bachelors/Family,2,Contact Owner
L02814,2022-05-14,1,9000,65,3 out of 4,Super Area,Lado Sarai,Delhi,Unfurnished,Bachelors/Family,1,Contact Owner
L02815,2022-05-05,2,14000,75,2 out of 4,Super Area,Pandav Nagar,Delhi,Unfurnished,Bachelors/Family,1,Contact Owner
L02816,2022-07-06,1,15000,250,Ground out of 4,Carpet Area,"Arjun Nagar, Safdarjung Enclave",Delhi,Furnished,Bachelors,1,Contact Agent
L02817,2022-05-10,2,12500,900,3 out of 4,Super Area,Surya Apartment pocket a11,Delhi,Unfurnished,Bachelors,2,Contact Owner
L02818,2022-07-06,3,30000,900,3 out of 4,Carpet Area,"Arjun Nagar, Safdarjung Enclave",Delhi,Semi-Furnished,Bachelors,3,Contact Agent
L02819,2022-07-01,2,9500,650,Ground out of 3,Super Area,Mayur Vihar,Delhi,Unfurnished,Bachelors/Family,2,Contact Owner
L02820,2022-05-19,2,15000,900,4 out of 5,Super Area,Bhagwati Garden,Delhi,Semi-Furnished,Bachelors/Family,2,Contact Owner
L02821,2022-05-19,1,12000,800,3 out of 5,Super Area,Rohini Sector 3,Delhi,Semi-Furnished,Bachelors/Family,1,Contact Owner
L02822,2022-06-30,1,8000,410,2 out of 4,Carpet Area,Dwarka Sector 23B,Delhi,Unfurnished,Bachelors,1,Contact Owner
L02823,2022-05-05,3,70000,1500,2 out of 3,Super Area,Rajouri Garden,Delhi,Furnished,Bachelors/Family,3,Contact Owner
L02824,2022-05-21,4,250000,2800,2 out of 3,Carpet Area,Safdarjung Enclave,Delhi,Unfurnished,Bachelors/Family,4,Contact Owner
L02825,2022-06-24,3,31500,1800,2 out of 4,Carpet Area,Pitampura,Delhi,Semi-Furnished,Bachelors,2,Contact Agent
L02826,2022-06-22,2,30000,1400,Ground out of 4,Carpet Area,"Sarita Vihar, Mathura Road",Delhi,Semi-Furnished,Bachelors,2,Contact Agent
L02827,2022-05-14,3,60000,1600,3 out of 4,Super Area,Greater Kailash,Delhi,Semi-Furnished,Bachelors/Family,3,Contact Owner
L02828,2022-06-04,3,35000,1200,3 out of 4,Carpet Area,Rajouri Garden,Delhi,Semi-Furnished,Bachelors,2,Contact Agent
L02829,2022-07-03,3,55000,1150,2 out of 4,Carpet Area,"Vikram Vihar, Lajpat Nagar",Delhi,Unfurnished,Bachelors/Family,3,Contact Agent
L02830,2022-05-05,2,20000,110,Ground out of 2,Super Area,Karawal Nagar,Delhi,Semi-Furnished,Bachelors/Family,1,Contact Owner
L02831,2022-06-03,1,6500,300,3 out of 3,Super Area,"Tagore Garden, Rajouri Garden, Najafgarh Road",Delhi,Furnished,Bachelors/Family,1,Contact Owner
L02832,2022-06-23,2,17000,750,1 out of 4,Carpet Area,"Panchsheel Vihar, Sheikh Sarai",Delhi,Semi-Furnished,Bachelors/Family,2,Contact Agent
L02833,2022-07-09,1,9300,450,1 out of 4,Carpet Area,Paschim Vihar Block A6,Delhi,Semi-Furnished,Bachelors,1,Contact Agent
L02834,2022-06-30,2,7500,410,2 out of 4,Super Area,Ghitorni,Delhi,Unfurnished,Bachelors/Family,1,Contact Owner
L02835,2022-06-08,2,20000,800,2 out of 5,Super Area,Janakpuri,Delhi,Furnished,Bachelors/Family,1,Contact Owner
L02836,2022-04-29,3,18000,120,4 out of 5,Super Area,Bhalswa,Delhi,Furnished,Bachelors/Family,3,Contact Owner
L02837,2022-06-20,1,15000,650,2 out of 4,Carpet Area,Saket,Delhi,Furnished,Bachelors,1,Contact Agent
L02838,2022-05-14,2,13000,400,2 out of 4,Carpet Area,kst chattarpur Apartments,Delhi,Unfurnished,Bachelors,1,Contact Agent
L02839,2022-04-29,2,20000,810,3 out of 3,Super Area,Vikaspuri,Delhi,Semi-Furnished,Bachelors/Family,2,Contact Owner
L02840,2022-06-22,3,12000,700,1 out of 3,Super Area,"Indraprastha Extension, Patparganj",Delhi,Furnished,Bachelors/Family,2,Contact Owner
L02841,2022-06-30,2,40000,1125,Ground out of 2,Super Area,Krishna Park,Delhi,Furnished,Bachelors/Family,2,Contact Owner
L02842,2022-06-30,2,8000,600,4 out of 5,Super Area,Rohini Sector 7,Delhi,Unfurnished,Bachelors/Family,2,Contact Owner
L02843,2022-05-21,3,95000,1300,1 out of 4,Carpet Area,South Extension 1,Delhi,Furnished,Bachelors,3,Contact Agent
L02844,2022-06-09,3,68000,1450,2 out of 4,Carpet Area,Lajpat Nagar 3,Delhi,Semi-Furnished,Bachelors/Family,3,Contact Agent
L02845,2022-05-05,3,18000,110,1 out of 5,Super Area,Tri Nagar,Delhi,Unfurnished,Bachelors/Family,2,Contact Owner
L02846,2022-06-28,4,130000,3500,1 out of 3,Carpet Area,Anand Niketan,Delhi,Semi-Furnished,Bachelors,6,Contact Agent
L02847,2022-06-28,4,150000,4000,3 out of 3,Carpet Area,West End,Delhi,Semi-Furnished,Bachelors,7,Contact Agent
L02848,2022-06-28,3,75000,2500,1 out of 3,Carpet Area,Sarvodaya Enclave,Delhi,Semi-Furnished,Bachelors,4,Contact Agent
L02849,2022-06-06,4,110000,3000,2 out of 4,Carpet Area,Safdarjung Enclave,Delhi,Semi-Furnished,Bachelors,5,Contact Agent
L02850,2022-06-28,4,150000,3500,3 out of 3,Carpet Area,Vasant Vihar,Delhi,Semi-Furnished,Bachelors,6,Contact Agent
L02851,2022-05-30,1,10000,240,4 out of 5,Super Area,Malviya Nagar,Delhi,Semi-Furnished,Bachelors,1,Contact Owner
L02852,2022-05-18,3,24000,1250,2 out of 4,Carpet Area,Chhattarpur Enclave,Delhi,Unfurnished,Bachelors,2,Contact Agent
L02853,2022-05-23,3,28000,1000,2 out of 5,Super Area,Rohini Sector 24,Delhi,Semi-Furnished,Bachelors/Family,2,Contact Owner
L02854,2022-07-01,3,28000,900,2 out of 4,Carpet Area,"Panchsheel Vihar, Sheikh Sarai",Delhi,Unfurnished,Bachelors,2,Contact Owner
L02855,2022-07-07,2,18000,900,Ground out of 4,Carpet Area,Jhilmil Colony,Delhi,Semi-Furnished,Bachelors/Family,2,Contact Agent
L02856,2022-05-18,3,27000,1250,3 out of 4,Carpet Area,Chhattarpur Enclave,Delhi,Unfurnished,Bachelors/Family,3,Contact Agent
L02857,2022-05-18,2,17000,650,2 out of 4,Carpet Area,Chhattarpur Enclave,Delhi,Unfurnished,Bachelors/Family,2,Contact Agent
L02858,2022-04-29,3,350000,3200,1 out of 2,Super Area,Sundar Nagar,Delhi,Semi-Furnished,Bachelors/Family,4,Contact Owner
L02859,2022-04-29,2,25000,900,2 out of 3,Super Area,Pitampura,Delhi,Semi-Furnished,Bachelors/Family,1,Contact Owner
L02860,2022-05-18,3,16500,1250,2 out of 4,Carpet Area,Chattarpur Extension,Delhi,Unfurnished,Bachelors,2,Contact Agent
L02861,2022-06-29,2,14000,60,3 out of 3,Carpet Area,Rohini Sector 21,Delhi,Semi-Furnished,Bachelors,2,Contact Owner
L02862,2022-04-29,2,18000,90,3 out of 4,Super Area,Mahaveer Nagar,Delhi,Unfurnished,Bachelors/Family,2,Contact Owner
L02863,2022-05-10,2,10000,55,3 out of 4,Super Area,Peera Garhi,Delhi,Unfurnished,Bachelors/Family,1,Contact Owner
L02864,2022-04-29,2,10000,50,1 out of 2,Super Area,Dwarka Sector 8,Delhi,Unfurnished,Bachelors/Family,1,Contact Owner
L02865,2022-05-24,4,100000,400,Ground out of 4,Carpet Area,Sarvodaya Enclave,Delhi,Unfurnished,Bachelors/Family,4,Contact Agent
L02866,2022-07-08,2,25000,680,2 out of 4,Carpet Area,Pitampura,Delhi,Furnished,Bachelors,1,Contact Agent
L02867,2022-06-15,2,22999,756,2 out of 4,Carpet Area,Paschim Vihar Block A3,Delhi,Semi-Furnished,Bachelors,2,Contact Agent
L02868,2022-05-05,2,6000,500,2 out of 3,Super Area,Jaitpur,Delhi,Unfurnished,Bachelors/Family,1,Contact Owner
L02869,2022-06-02,2,40000,900,Ground out of 3,Carpet Area,Vasant Kunj,Delhi,Furnished,Bachelors/Family,2,Contact Owner
L02870,2022-06-30,3,250000,2000,3 out of 6,Super Area,Defence Colony,Delhi,Furnished,Bachelors/Family,3,Contact Owner
L02871,2022-06-30,1,13000,40,3 out of 3,Carpet Area,Shalimar bagh,Delhi,Furnished,Bachelors/Family,1,Contact Agent
L02872,2022-06-12,1,14000,100,3 out of 3,Super Area,Chittaranjan Park,Delhi,Furnished,Bachelors/Family,1,Contact Agent
L02873,2022-05-30,2,20000,950,2 out of 3,Carpet Area,"Geeta Colony PRWS Block 3 And 7, Rajgarh Colony",Delhi,Semi-Furnished,Bachelors/Family,2,Contact Owner
L02874,2022-06-17,1,5500,200,1 out of 4,Carpet Area,Sultanpur,Delhi,Furnished,Bachelors,1,Contact Owner
L02875,2022-07-06,2,32000,900,Ground out of 4,Carpet Area,Lajpat Nagar,Delhi,Furnished,Bachelors/Family,2,Contact Agent
L02876,2022-05-10,2,8000,750,1 out of 4,Super Area,Mehrauli,Delhi,Semi-Furnished,Bachelors/Family,1,Contact Owner
L02877,2022-05-18,3,25000,1400,3 out of 4,Carpet Area,Palam Extension,Delhi,Unfurnished,Family,3,Contact Agent
L02878,2022-06-30,2,28000,100,2 out of 4,Carpet Area,Shalimar bagh,Delhi,Semi-Furnished,Bachelors/Family,2,Contact Agent
L02879,2022-06-12,2,22000,100,1 out of 2,Super Area,Kalkaji,Delhi,Semi-Furnished,Bachelors/Family,2,Contact Agent
L02880,2022-06-12,1,21000,100,Ground out of 1,Super Area,Chittaranjan Park,Delhi,Semi-Furnished,Bachelors/Family,1,Contact Agent
L02881,2022-05-27,2,30000,1000,2 out of 4,Super Area,"DDA Flats Sector E Pocket 1, Vasant Kunj",Delhi,Semi-Furnished,Bachelors/Family,2,Contact Agent
L02882,2022-06-30,1,12000,400,2 out of 4,Carpet Area,Lajpat Nagar,Delhi,Unfurnished,Bachelors/Family,1,Contact Agent
L02883,2022-06-23,1,15000,70,2 out of 3,Super Area,DS 19,Delhi,Unfurnished,Bachelors/Family,1,Contact Owner
L02884,2022-05-23,1,18000,450,Ground,Carpet Area,"DDA Flat AD Block, Shalimar Bagh AD Block",Delhi,Furnished,Bachelors/Family,1,Contact Owner
L02885,2022-07-01,2,18000,900,3 out of 4,Carpet Area,"Acharya Niketan, Mayur Vihar",Delhi,Unfurnished,Bachelors/Family,1,Contact Owner
L02886,2022-04-29,1,10000,42,Ground out of 3,Super Area,Dwarka Sector 23,Delhi,Semi-Furnished,Bachelors/Family,1,Contact Owner
L02887,2022-06-30,1,16000,400,2 out of 4,Carpet Area,Lajpat Nagar,Delhi,Furnished,Bachelors/Family,1,Contact Agent
L02888,2022-04-28,2,20000,900,3 out of 3,Carpet Area,Amarpali Apartment,Delhi,Semi-Furnished,Bachelors,2,Contact Owner
L02889,2022-05-31,4,28000,1500,2 out of 4,Carpet Area,Rohini Sector 24,Delhi,Semi-Furnished,Bachelors/Family,2,Contact Agent
L02890,2022-05-31,1,7000,70,1 out of 4,Super Area,Palam,Delhi,Semi-Furnished,Bachelors/Family,1,Contact Owner
L02891,2022-06-08,2,30000,450,Ground out of 1,Carpet Area,Sethi floor nihal vihar,Delhi,Furnished,Bachelors/Family,1,Contact Owner
L02892,2022-07-02,2,15000,900,Ground out of 4,Carpet Area,Hari Nagar,Delhi,Semi-Furnished,Bachelors/Family,1,Contact Owner
L02893,2022-05-11,1,8000,500,1 out of 5,Carpet Area,Main Ghitorni,Delhi,Unfurnished,Bachelors/Family,1,Contact Owner
L02894,2022-07-07,1,9000,400,2 out of 3,Carpet Area,Pitampura,Delhi,Unfurnished,Bachelors/Family,2,Contact Agent
L02895,2022-06-05,3,33500,150,2 out of 4,Carpet Area,Paschim Vihar Block A3,Delhi,Semi-Furnished,Bachelors,2,Contact Agent
L02896,2022-06-17,1,9500,450,1 out of 3,Carpet Area,Neb Sarai,Delhi,Unfurnished,Bachelors/Family,1,Contact Owner
L02897,2022-05-23,2,10000,540,1 out of 4,Super Area,"Baljit Nagar, Patel Nagar",Delhi,Unfurnished,Bachelors/Family,1,Contact Owner
L02898,2022-06-30,1,20000,400,3 out of 4,Carpet Area,Lajpat Nagar,Delhi,Furnished,Bachelors/Family,1,Contact Agent
L02899,2022-05-18,1,10000,450,2 out of 4,Carpet Area,"Chhattarpur Enclave Phase1, Chhattarpur",Delhi,Unfurnished,Bachelors/Family,1,Contact Agent
L02900,2022-05-10,1,15000,700,4 out of 5,Super Area,DS 19,Delhi,Unfurnished,Bachelors/Family,1,Contact Owner
L02901,2022-06-16,3,55000,1450,Ground out of 4,Carpet Area,Vasant Kunj,Delhi,Furnished,Bachelors,2,Contact Agent
L02902,2022-06-17,2,20000,1000,2 out of 4,Carpet Area,Patparganj,Delhi,Semi-Furnished,Bachelors,2,Contact Agent
L02903,2022-06-24,2,16000,550,1 out of 4,Carpet Area,Saket,Delhi,Semi-Furnished,Bachelors,2,Contact Agent
L02904,2022-05-31,2,23000,900,2 out of 3,Carpet Area,"DDA Flats Block B3, Keshav Puram, Tri Nagar",Delhi,Furnished,Bachelors/Family,2,Contact Owner
L02905,2022-06-27,3,150000,300,2 out of 2,Super Area,Panchsheel Park,Delhi,Semi-Furnished,Bachelors/Family,3,Contact Agent
L02906,2022-07-02,2,25000,1100,Ground out of 3,Super Area,New Delhi,Delhi,Unfurnished,Bachelors/Family,2,Contact Owner
L02907,2022-06-24,1,9000,600,1 out of 4,Carpet Area,Saket,Delhi,Semi-Furnished,Bachelors,1,Contact Agent
L02908,2022-06-24,1,11000,450,3 out of 4,Super Area,"Manak Vihar, Anand Vihar",Delhi,Semi-Furnished,Bachelors,1,Contact Owner
L02909,2022-06-21,2,11500,550,2 out of 4,Carpet Area,Mayur Vihar 1,Delhi,Unfurnished,Bachelors/Family,1,Contact Agent
L02910,2022-06-23,3,16000,1000,1 out of 4,Super Area,Dwarka Mor,Delhi,Unfurnished,Bachelors/Family,2,Contact Agent
L02911,2022-05-18,3,23000,1250,2 out of 4,Carpet Area,Chhattarpur Enclave,Delhi,Unfurnished,Bachelors,2,Contact Agent
L02912,2022-05-18,4,30000,1950,2 out of 4,Carpet Area,Chhattarpur Enclave,Delhi,Semi-Furnished,Bachelors/Family,4,Contact Agent
L02913,2022-06-25,3,110000,1750,4 out of 4,Carpet Area,Safdarjung Enclave,Delhi,Semi-Furnished,Bachelors,4,Contact Agent
L02914,2022-06-04,1,3500,25,3 out of 4,Super Area,Burari,Delhi,Unfurnished,Bachelors/Family,1,Contact Owner
L02915,2022-06-12,2,12100,700,3 out of 4,Carpet Area,Shadipur,Delhi,Unfurnished,Bachelors,1,Contact Agent
L02916,2022-07-04,2,19000,1800,1 out of 2,Carpet Area,"Naveen Shahdara, Shahdara",Delhi,Unfurnished,Bachelors,1,Contact Owner
L02917,2022-05-25,2,40000,1000,3 out of 3,Super Area,Greater Kailash 2,Delhi,Furnished,Bachelors/Family,2,Contact Owner
L02918,2022-05-27,2,8000,200,2 out of 3,Super Area,Najafgarh,Delhi,Unfurnished,Bachelors/Family,1,Contact Owner
L02919,2022-07-05,3,42000,1700,2 out of 4,Carpet Area,Pitampura,Delhi,Semi-Furnished,Bachelors,3,Contact Agent
L02920,2022-06-04,3,13000,70,Ground out of 4,Super Area,Pandav Nagar,Delhi,Semi-Furnished,Bachelors/Family,2,Contact Owner
L02921,2022-07-05,3,44000,1700,3 out of 4,Carpet Area,Pitampura,Delhi,Semi-Furnished,Bachelors,3,Contact Agent
L02922,2022-06-25,1,11000,450,1 out of 4,Carpet Area,Saket,Delhi,Semi-Furnished,Bachelors,1,Contact Agent
L02923,2022-07-05,3,40000,1350,2 out of 3,Carpet Area,Safdarjung Enclave,Delhi,Semi-Furnished,Bachelors,3,Contact Agent
L02924,2022-05-31,4,150000,2550,3 out of 4,Super Area,Greater Kailash 1,Delhi,Semi-Furnished,Bachelors/Family,4,Contact Agent
L02925,2022-05-18,2,13000,650,2 out of 4,Carpet Area,Chhattarpur,Delhi,Unfurnished,Bachelors/Family,2,Contact Agent
L02926,2022-05-18,2,17500,650,2 out of 4,Carpet Area,Chhattarpur,Delhi,Semi-Furnished,Bachelors/Family,2,Contact Agent
L02927,2022-05-18,3,14500,1250,1 out of 4,Carpet Area,Chhattarpur,Delhi,Unfurnished,Bachelors/Family,3,Contact Agent
L02928,2022-05-18,3,24000,1250,2 out of 4,Carpet Area,Chhattarpur,Delhi,Unfurnished,Bachelors,2,Contact Agent
L02929,2022-06-15,3,30000,1000,3 out of 4,Carpet Area,Mayur Vihar Phase 1 Extension,Delhi,Unfurnished,Bachelors/Family,2,Contact Owner
L02930,2022-05-31,1,10000,500,2 out of 3,Super Area,Kalkaji,Delhi,Semi-Furnished,Bachelors/Family,1,Contact Owner
L02931,2022-06-16,1,10000,500,3 out of 4,Carpet Area,Neb Sarai,Delhi,Semi-Furnished,Bachelors/Family,1,Contact Agent
L02932,2022-07-04,3,90000,1550,2 out of 4,Carpet Area,Safdarjung Enclave,Delhi,Semi-Furnished,Bachelors,3,Contact Agent
L02933,2022-06-14,4,280000,3800,1 out of 4,Carpet Area,"Maharani Bagh, New Friends Colony",Delhi,Semi-Furnished,Bachelors/Family,5,Contact Agent
L02934,2022-06-28,2,32000,1150,1 out of 4,Super Area,Shalimar bagh,Delhi,Unfurnished,Bachelors,2,Contact Owner
L02935,2022-05-26,3,80000,2000,3 out of 4,Carpet Area,Sarvodaya Enclave,Delhi,Unfurnished,Bachelors/Family,3,Contact Agent
L02936,2022-04-29,1,5500,30,2 out of 3,Carpet Area,B-7 veer Singh colony Budh vihar phase 2 delhi,Delhi,Furnished,Bachelors/Family,1,Contact Owner
L02937,2022-06-06,1,6000,50,3 out of 4,Carpet Area,Mahavir Enclave Part 3,Delhi,Semi-Furnished,Bachelors,1,Contact Owner
L02938,2022-05-27,3,30000,1205,2 out of 4,Super Area,Dwarka Sector 5,Delhi,Furnished,Bachelors/Family,2,Contact Owner
L02939,2022-06-12,3,42000,1450,2 out of 4,Carpet Area,Vasant Kunj,Delhi,Semi-Furnished,Bachelors,2,Contact Agent
L02940,2022-04-28,1,5500,200,2 out of 4,Super Area,Pusa Institutional Area,Delhi,Unfurnished,Bachelors/Family,1,Contact Owner
L02941,2022-06-08,2,7000,350,2 out of 4,Super Area,Raj Nagar 2,Delhi,Semi-Furnished,Bachelors/Family,2,Contact Owner
L02942,2022-06-20,2,10000,700,Ground out of 1,Super Area,Sarojini Nagar,Delhi,Unfurnished,Bachelors,1,Contact Owner
L02943,2022-06-08,1,17000,400,3 out of 4,Carpet Area,Lajpat Nagar,Delhi,Furnished,Bachelors/Family,1,Contact Agent
L02944,2022-05-10,1,18000,700,1 out of 5,Super Area,Mayur Vihar 1,Delhi,Semi-Furnished,Bachelors/Family,1,Contact Owner
L02945,2022-07-02,2,14000,1000,1 out of 4,Carpet Area,"Arjun Garh, Aya Nagar",Delhi,Semi-Furnished,Bachelors,2,Contact Agent
L02946,2022-06-21,1,17000,450,1 out of 4,Carpet Area,"Paryavaran Complex, Sainik Farm",Delhi,Furnished,Bachelors/Family,1,Contact Agent
L02947,2022-06-01,3,27000,1200,10 out of 10,Super Area,DS 19,Delhi,Semi-Furnished,Family,2,Contact Owner
L02948,2022-07-09,3,25000,1200,2 out of 4,Carpet Area,Patparganj,Delhi,Semi-Furnished,Bachelors,2,Contact Agent
L02949,2022-04-29,2,23000,900,3 out of 4,Super Area,"Lajpat Nagar II, null",Delhi,Semi-Furnished,Bachelors/Family,2,Contact Owner
L02950,2022-06-14,2,24500,84,1 out of 4,Carpet Area,Paschim Vihar,Delhi,Furnished,Bachelors,2,Contact Agent
L02951,2022-06-21,1,10000,200,1 out of 2,Carpet Area,East Of Kailash,Delhi,Unfurnished,Bachelors/Family,1,Contact Owner
L02952,2022-05-22,2,35000,1300,2 out of 3,Super Area,Kalkaji,Delhi,Unfurnished,Bachelors,2,Contact Agent
L02953,2022-07-04,2,27000,1300,Ground out of 2,Carpet Area,Aya Nagar Extension,Delhi,Furnished,Bachelors/Family,2,Contact Owner
L02954,2022-06-20,1,7000,200,1 out of 4,Carpet Area,kst chattarpur Apartments,Delhi,Unfurnished,Bachelors,1,Contact Agent
L02955,2022-07-04,1,5000,300,Ground out of 4,Carpet Area,Laxmi Nagar,Delhi,Semi-Furnished,Bachelors/Family,1,Contact Agent
L02956,2022-05-04,2,5000,550,3 out of 4,Carpet Area,"Mohan Garden, Razapur Khurd",Delhi,Unfurnished,Bachelors/Family,1,Contact Owner
L02957,2022-05-30,2,12000,950,2 out of 2,Super Area,Uttam Nagar,Delhi,Semi-Furnished,Bachelors,1,Contact Owner
L02958,2022-05-22,2,30000,750,2 out of 4,Carpet Area,"Arjun Nagar, Safdarjung Enclave",Delhi,Furnished,Bachelors/Family,2,Contact Agent
L02959,2022-05-18,2,25000,950,Ground out of 4,Carpet Area,"East End Apartments, Ph. 1ext near new Ashok nagar",Delhi,Semi-Furnished,Bachelors/Family,2,Contact Owner
L02960,2022-06-28,1,6000,350,1 out of 4,Carpet Area,Laxmi Nagar,Delhi,Semi-Furnished,Bachelors/Family,1,Contact Agent
L02961,2022-05-27,3,45000,2000,3 out of 4,Super Area,Jangpura,Delhi,Unfurnished,Bachelors/Family,3,Contact Owner
L02962,2022-07-04,3,40000,180,Ground out of 4,Carpet Area,Janakpuri,Delhi,Unfurnished,Bachelors,3,Contact Agent
L02963,2022-05-10,2,8500,60,2 out of 5,Super Area,Mayur Vihar 1,Delhi,Semi-Furnished,Bachelors/Family,1,Contact Owner
L02964,2022-06-29,2,16500,950,2 out of 4,Carpet Area,"Indraprastha Extension, Patparganj",Delhi,Unfurnished,Bachelors,1,Contact Agent
L02965,2022-05-22,3,100000,1400,1 out of 4,Carpet Area,"Jangpura Extension, Jangpura",Delhi,Semi-Furnished,Bachelors/Family,3,Contact Agent
L02966,2022-06-04,3,52000,200,2 out of 3,Carpet Area,South Extension 1,Delhi,Unfurnished,Bachelors/Family,2,Contact Owner
L02967,2022-05-12,1,12500,450,2 out of 3,Carpet Area,Patel Nagar West,Delhi,Furnished,Bachelors/Family,1,Contact Agent
L02968,2022-05-10,2,14000,600,3 out of 4,Super Area,"V3s East Centre, Laxmi Nagar",Delhi,Unfurnished,Bachelors/Family,2,Contact Owner
L02969,2022-06-27,1,15000,350,1 out of 3,Super Area,"Arjun Nagar, Safdarjung Enclave",Delhi,Unfurnished,Bachelors/Family,1,Contact Owner
L02970,2022-06-16,1,5000,300,1 out of 3,Carpet Area,Ashok Nagar,Delhi,Furnished,Bachelors,1,Contact Owner
L02971,2022-05-24,2,40000,95,3 out of 3,Carpet Area,Safdarjung Enclave,Delhi,Semi-Furnished,Bachelors/Family,2,Contact Agent
L02972,2022-06-23,1,17000,550,3 out of 3,Super Area,"DDA Rose Apartments, Dwarka Sector 18B",Delhi,Furnished,Bachelors/Family,1,Contact Owner
L02973,2022-06-08,3,15000,900,1 out of 3,Super Area,Narela,Delhi,Furnished,Bachelors/Family,3,Contact Owner
L02974,2022-06-16,1,6000,25,4 out of 6,Super Area,Hari Nagar Ashram,Delhi,Semi-Furnished,Bachelors/Family,1,Contact Owner
L02975,2022-06-15,3,85000,325,1 out of 3,Carpet Area,Defence Colony,Delhi,Unfurnished,Bachelors,3,Contact Agent
L02976,2022-05-31,2,18000,80,2 out of 4,Super Area,Rajouri Garden,Delhi,Semi-Furnished,Bachelors/Family,2,Contact Owner
L02977,2022-05-31,2,7500,77,3 out of 4,Super Area,Mandawali,Delhi,Unfurnished,Bachelors/Family,1,Contact Owner
L02978,2022-05-04,2,10000,60,3 out of 4,Super Area,Bindapur,Delhi,Semi-Furnished,Bachelors/Family,1,Contact Owner
L02979,2022-05-21,1,9000,100,1 out of 1,Super Area,"Shiva Enclave, Paschim Vihar",Delhi,Furnished,Bachelors/Family,1,Contact Owner
L02980,2022-05-27,3,24000,1300,3 out of 4,Super Area,Rohini Sector 22,Delhi,Semi-Furnished,Bachelors/Family,2,Contact Owner
L02981,2022-07-03,2,12000,500,1 out of 4,Carpet Area,Laxmi Nagar,Delhi,Semi-Furnished,Bachelors/Family,2,Contact Agent
L02982,2022-06-06,2,10500,500,2 out of 3,Carpet Area,Laxmi Nagar,Delhi,Semi-Furnished,Bachelors/Family,2,Contact Agent
L02983,2022-06-13,2,31000,1200,3 out of 4,Super Area,Pitampura,Delhi,Semi-Furnished,Bachelors/Family,2,Contact Owner
L02984,2022-05-15,1,9000,250,Ground out of 3,Super Area,"Jai laxmi Apartments, Indraprastha Extension, Patparganj",Delhi,Semi-Furnished,Bachelors/Family,1,Contact Owner
L02985,2022-06-04,2,9000,700,4 out of 5,Super Area,Sant Nagar,Delhi,Semi-Furnished,Bachelors/Family,1,Contact Owner
L02986,2022-07-01,3,27000,1050,Ground out of 4,Carpet Area,"Nalanda Apartment, Vikaspuri",Delhi,Unfurnished,Family,2,Contact Agent
L02987,2022-07-05,2,12500,500,2 out of 4,Carpet Area,Laxmi Nagar,Delhi,Semi-Furnished,Bachelors/Family,2,Contact Agent
L02988,2022-07-06,2,15000,1100,1 out of 2,Super Area,Medavakkam,Chennai,Semi-Furnished,Bachelors,2,Contact Owner
L02989,2022-05-21,2,6500,1000,Ground out of 1,Super Area,"Urapakkam, Vandalur R.F, GST Road",Chennai,Semi-Furnished,Bachelors/Family,2,Contact Owner
L02990,2022-05-20,3,90000,2400,1 out of 3,Carpet Area,"R.A Puram, Mandaiveli",Chennai,Semi-Furnished,Bachelors/Family,3,Contact Agent
L02991,2022-07-10,3,200000,3000,1 out of 1,Super Area,Madras Boat Club Road,Chennai,Furnished,Family,4,Contact Agent
L02992,2022-06-25,1,15000,650,Ground out of 2,Carpet Area,Kambar Colony,Chennai,Semi-Furnished,Bachelors/Family,1,Contact Owner
L02993,2022-05-18,2,15000,1000,17 out of 31,Carpet Area,Thalambur,Chennai,Semi-Furnished,Bachelors,2,Contact Owner
L02994,2022-06-14,2,7600,700,1 out of 3,Super Area,Anakaputhur,Chennai,Unfurnished,Bachelors/Family,2,Contact Owner
L02995,2022-06-14,3,29000,1200,1 out of 3,Carpet Area,Ashok Nagar,Chennai,Semi-Furnished,Bachelors,3,Contact Agent
L02996,2022-06-19,3,20000,1710,15 out of 29,Super Area,"Padur, Old Mahabalipuram Road",Chennai,Semi-Furnished,Bachelors/Family,3,Contact Owner
L02997,2022-05-12,2,12000,600,1 out of 3,Super Area,Mangadu,Chennai,Furnished,Bachelors/Family,2,Contact Owner
L02998,2022-07-06,2,10500,1080,1 out of 2,Super Area,Ponmar,Chennai,Unfurnished,Bachelors/Family,2,Contact Owner
L02999,2022-05-26,2,29000,1300,Ground out of 2,Super Area,Annanagar west,Chennai,Semi-Furnished,Bachelors/Family,2,Contact Owner
L03000,2022-07-10,2,26000,1027,15 out of 19,Super Area,Karapakkam,Chennai,Semi-Furnished,Bachelors,2,Contact Agent
L03001,2022-07-06,3,25000,1350,Ground out of 2,Super Area,Alandur,Chennai,Furnished,Family,3,Contact Owner
L03002,2022-05-12,2,10000,950,1 out of 2,Super Area,Selaiyur,Chennai,Unfurnished,Family,2,Contact Owner
L03003,2022-05-12,2,14000,1300,1 out of 2,Super Area,Iyyappanthangal,Chennai,Unfurnished,Bachelors/Family,2,Contact Owner
L03004,2022-05-12,2,6000,600,1 out of 3,Super Area,Poonamallee,Chennai,Unfurnished,Bachelors/Family,1,Contact Owner
L03005,2022-05-16,3,40000,1428,Ground out of 2,Super Area,"Chromepet, GST Road",Chennai,Unfurnished,Bachelors,2,Contact Owner
L03006,2022-06-20,2,23000,920,2 out of 2,Carpet Area,KK Nagar,Chennai,Semi-Furnished,Bachelors/Family,2,Contact Owner
L03007,2022-06-28,2,10000,600,Ground out of 2,Carpet Area,Sadhanadhapuram,Chennai,Semi-Furnished,Bachelors/Family,2,Contact Owner
L03008,2022-06-11,2,10000,810,Ground out of 1,Carpet Area,"Tambaram West, Tambaram, Chennai Bypass Road",Chennai,Unfurnished,Bachelors,1,Contact Owner
L03009,2022-06-02,2,15000,1200,Ground out of 2,Super Area,Ramapuram,Chennai,Semi-Furnished,Bachelors/Family,2,Contact Owner
L03010,2022-05-12,1,11000,550,3 out of 4,Super Area,Poongavanapuram,Chennai,Semi-Furnished,Bachelors/Family,1,Contact Owner
L03011,2022-05-12,2,20000,600,1 out of 2,Super Area,"Egmore, PH Road",Chennai,Unfurnished,Family,1,Contact Owner
L03012,2022-05-12,2,15000,850,Ground out of 2,Super Area,Old Mahabalipuram Road,Chennai,Furnished,Bachelors/Family,1,Contact Owner
L03013,2022-06-27,4,22000,2117,20 out of 20,Carpet Area,Sholinganallur,Chennai,Semi-Furnished,Bachelors/Family,4,Contact Owner
L03014,2022-04-30,2,6000,900,1 out of 1,Super Area,Guduvancheri,Chennai,Unfurnished,Bachelors,2,Contact Owner
L03015,2022-05-12,2,20000,1000,Ground out of 1,Super Area,Thiruvanmiyur,Chennai,Semi-Furnished,Bachelors/Family,2,Contact Owner
L03016,2022-05-12,1,6500,500,2 out of 3,Super Area,"Aminjikarai, PH Road",Chennai,Unfurnished,Bachelors/Family,1,Contact Owner
L03017,2022-05-12,2,12000,800,1 out of 3,Super Area,"Purasawalkam, PH Road",Chennai,Semi-Furnished,Bachelors/Family,1,Contact Owner
L03018,2022-05-12,2,27000,1550,2 out of 3,Super Area,Alwarpet,Chennai,Semi-Furnished,Bachelors/Family,3,Contact Owner
L03019,2022-05-12,2,15000,1500,Ground out of 1,Super Area,Madanankppam,Chennai,Unfurnished,Bachelors/Family,2,Contact Owner
L03020,2022-05-15,3,20000,1700,Ground out of 1,Carpet Area,Thirumazhisai,Chennai,Furnished,Bachelors/Family,6,Contact Owner
L03021,2022-06-28,2,22000,700,3 out of 4,Super Area,T Nagar,Chennai,Semi-Furnished,Bachelors/Family,2,Contact Owner
L03022,2022-05-12,1,7000,400,1 out of 3,Super Area,Koyambedu,Chennai,Unfurnished,Bachelors/Family,1,Contact Owner
L03023,2022-05-12,2,7000,450,1 out of 2,Super Area,Pammal,Chennai,Semi-Furnished,Bachelors/Family,1,Contact Owner
L03024,2022-05-12,1,6500,500,1 out of 3,Super Area,Velachery,Chennai,Furnished,Bachelors/Family,1,Contact Owner
L03025,2022-05-12,2,9000,770,1 out of 2,Super Area,"Tambaram, GST Road",Chennai,Semi-Furnished,Bachelors/Family,2,Contact Owner
L03026,2022-05-25,1,4500,150,Ground out of 2,Super Area,Velachery,Chennai,Semi-Furnished,Bachelors/Family,1,Contact Owner
L03027,2022-05-21,2,12000,850,Ground out of 2,Super Area,Perambur,Chennai,Unfurnished,Family,2,Contact Owner
L03028,2022-06-21,2,18000,1100,Ground out of 3,Carpet Area,Iyyappanthangal,Chennai,Semi-Furnished,Bachelors,2,Contact Owner
L03029,2022-06-28,2,8000,650,Ground out of 1,Carpet Area,"Bunder Garden, Perambur",Chennai,Unfurnished,Bachelors/Family,1,Contact Owner
L03030,2022-05-24,1,5000,550,1 out of 1,Super Area,Sikkarayapuram,Chennai,Unfurnished,Bachelors/Family,1,Contact Owner
L03031,2022-05-12,2,14000,1000,1 out of 3,Super Area,Kanathur Reddikuppam,Chennai,Unfurnished,Bachelors/Family,2,Contact Owner
L03032,2022-05-12,1,6500,250,Ground out of 5,Super Area,Adambakkam,Chennai,Semi-Furnished,Bachelors/Family,1,Contact Owner
L03033,2022-06-23,2,10000,790,2 out of 2,Carpet Area,Kovilancheri,Chennai,Semi-Furnished,Bachelors/Family,2,Contact Owner
L03034,2022-04-30,2,13000,600,1 out of 3,Super Area,Medavakkam,Chennai,Semi-Furnished,Bachelors/Family,2,Contact Owner
L03035,2022-04-30,2,11200,700,1 out of 2,Super Area,Nanganallur,Chennai,Unfurnished,Bachelors/Family,2,Contact Owner
L03036,2022-06-02,1,8900,550,Ground out of 1,Carpet Area,"Karambakkam, Porur",Chennai,Unfurnished,Bachelors/Family,1,Contact Owner
L03037,2022-05-16,1,12000,500,Ground out of 2,Super Area,Arumbakkam,Chennai,Unfurnished,Bachelors/Family,1,Contact Owner
L03038,2022-07-05,3,45000,1800,2 out of 4,Carpet Area,Royapettah,Chennai,Unfurnished,Bachelors,3,Contact Agent
L03039,2022-05-29,3,35000,1550,3 out of 4,Carpet Area,Thiruvanmiyur,Chennai,Semi-Furnished,Bachelors,2,Contact Agent
L03040,2022-07-10,3,34999,1462,3 out of 4,Carpet Area,Nandambakkam,Chennai,Semi-Furnished,Family,3,Contact Agent
L03041,2022-06-17,2,11000,970,Ground out of 2,Carpet Area,Pallikaranai,Chennai,Semi-Furnished,Bachelors,2,Contact Owner
L03042,2022-05-29,3,150000,2300,11 out of 18,Carpet Area,"Adyar, Sardar Patel Road",Chennai,Semi-Furnished,Bachelors,3,Contact Agent
L03043,2022-06-22,2,15000,700,1 out of 2,Super Area,Nanganallur,Chennai,Unfurnished,Bachelors/Family,1,Contact Owner
L03044,2022-06-17,2,15000,674,Ground out of 3,Carpet Area,"Chromepet, GST Road",Chennai,Unfurnished,Bachelors,2,Contact Owner
L03045,2022-05-29,2,10000,750,Ground out of 1,Carpet Area,Tambaram East,Chennai,Unfurnished,Family,2,Contact Owner
L03046,2022-05-16,2,12000,1000,Ground out of 2,Super Area,Tambaram Sanatorium,Chennai,Semi-Furnished,Bachelors/Family,2,Contact Owner
L03047,2022-05-26,2,10000,1030,1 out of 2,Carpet Area,Camp Road,Chennai,Semi-Furnished,Bachelors/Family,2,Contact Owner
L03048,2022-05-18,3,35000,1540,3 out of 4,Carpet Area,Ranganathapuram-Medavakkam,Chennai,Furnished,Bachelors,2,Contact Owner
L03049,2022-06-29,3,40000,1800,3 out of 5,Carpet Area,T Nagar,Chennai,Unfurnished,Bachelors,3,Contact Agent
L03050,2022-05-29,2,24000,1100,2 out of 2,Super Area,Kodambakkam,Chennai,Unfurnished,Bachelors/Family,2,Contact Owner
L03051,2022-06-11,2,12000,985,3 out of 17,Super Area,Oragadam Sriperumbudur,Chennai,Unfurnished,Bachelors/Family,2,Contact Owner
L03052,2022-07-06,2,30000,1200,3 out of 3,Carpet Area,Mandaiveli,Chennai,Semi-Furnished,Bachelors/Family,2,Contact Agent
L03053,2022-06-01,2,10000,1200,1 out of 1,Super Area,"Tambaram, GST Road",Chennai,Unfurnished,Bachelors/Family,2,Contact Owner
L03054,2022-07-02,2,15000,900,1 out of 3,Super Area,"Purasawalkam, PH Road",Chennai,Unfurnished,Bachelors/Family,2,Contact Owner
L03055,2022-06-17,2,33000,800,1 out of 4,Carpet Area,Abiramapuram,Chennai,Unfurnished,Bachelors/Family,2,Contact Agent
L03056,2022-07-06,2,9000,800,1 out of 3,Super Area,"Perungalathur, Chennai Bypass Road",Chennai,Semi-Furnished,Bachelors/Family,2,Contact Owner
L03057,2022-05-25,3,30000,1500,3 out of 4,Super Area,"Okkiyam Thuraipakkam, E Coast Road",Chennai,Semi-Furnished,Bachelors/Family,3,Contact Owner
L03058,2022-06-07,2,13000,680,1 out of 1,Super Area,T.Nagar,Chennai,Unfurnished,Bachelors/Family,2,Contact Owner
L03059,2022-06-20,2,15000,800,1 out of 2,Super Area,"KK Nagar West, KK Nagar",Chennai,Semi-Furnished,Bachelors/Family,2,Contact Owner
L03060,2022-07-06,2,12000,875,2 out of 2,Super Area,Madipakkam,Chennai,Semi-Furnished,Bachelors,2,Contact Owner
L03061,2022-05-07,2,20000,880,1 out of 2,Carpet Area,KK Nagar,Chennai,Semi-Furnished,Family,2,Contact Owner
L03062,2022-07-07,3,36000,1500,2 out of 3,Super Area,Choolaimedu,Chennai,Semi-Furnished,Bachelors/Family,3,Contact Owner
L03063,2022-05-21,2,10000,950,1 out of 1,Super Area,Sithalapakkam,Chennai,Unfurnished,Bachelors/Family,2,Contact Owner
L03064,2022-07-08,2,16000,850,Ground out of 2,Super Area,Mambalam West,Chennai,Semi-Furnished,Bachelors/Family,2,Contact Owner
L03065,2022-07-05,1,6000,700,1 out of 2,Super Area,Pachaiyamman Nagar,Chennai,Semi-Furnished,Bachelors/Family,1,Contact Owner
L03066,2022-06-28,3,22000,2000,Ground out of 1,Super Area,"Pushpa Colony, Saligramam",Chennai,Semi-Furnished,Family,2,Contact Owner
L03067,2022-05-16,1,6000,450,Ground out of 4,Super Area,Nungambakkam,Chennai,Unfurnished,Bachelors/Family,1,Contact Owner
L03068,2022-06-28,1,6500,400,2 out of 2,Super Area,Perungudi,Chennai,Unfurnished,Bachelors/Family,1,Contact Owner
L03069,2022-05-12,1,3000,350,1 out of 2,Super Area,Ennore,Chennai,Unfurnished,Bachelors/Family,1,Contact Owner
L03070,2022-05-04,3,27000,1650,2 out of 2,Carpet Area,"Thillai Ganga Nagar, Nanganallur",Chennai,Semi-Furnished,Family,3,Contact Owner
L03071,2022-04-30,2,8000,800,Ground out of 2,Super Area,"Tambaram, GST Road",Chennai,Unfurnished,Bachelors/Family,1,Contact Owner
L03072,2022-05-20,2,12500,600,1 out of 2,Super Area,Abiramapuram,Chennai,Unfurnished,Bachelors/Family,1,Contact Owner
L03073,2022-07-08,2,11000,800,1 out of 2,Super Area,Perungudi,Chennai,Unfurnished,Bachelors/Family,1,Contact Owner
L03074,2022-07-08,3,40000,1600,1 out of 2,Super Area,Raja Annamalai Puram,Chennai,Semi-Furnished,Bachelors/Family,3,Contact Owner
L03075,2022-05-31,2,15000,700,1 out of 2,Carpet Area,Choolaimedu,Chennai,Unfurnished,Bachelors,2,Contact Agent
L03076,2022-05-12,2,8000,800,1 out of 2,Super Area,Kayarambedu,Chennai,Semi-Furnished,Bachelors/Family,2,Contact Owner
L03077,2022-07-06,3,34000,2120,9 out of 18,Super Area,Siruseri,Chennai,Furnished,Bachelors/Family,3,Contact Owner
L03078,2022-06-22,1,7500,560,2 out of 4,Super Area,Khurunjis zinnia Apartment Homes at Thambaram west,Chennai,Unfurnished,Bachelors/Family,1,Contact Owner
L03079,2022-05-13,1,14000,420,1 out of 1,Carpet Area,Mambalam West,Chennai,Unfurnished,Bachelors,1,Contact Owner
L03080,2022-06-21,2,15000,1000,1 out of 2,Built Area,"Chromepet, GST Road",Chennai,Furnished,Bachelors/Family,2,Contact Owner
L03081,2022-05-20,3,21000,1330,1 out of 2,Super Area,AGS Colony-Velachery,Chennai,Semi-Furnished,Bachelors/Family,3,Contact Owner
L03082,2022-06-22,3,12000,930,2 out of 8,Super Area,"Kelambakkam, Old Mahabalipuram Road",Chennai,Semi-Furnished,Family,2,Contact Owner
L03083,2022-07-06,3,75000,1900,3 out of 3,Carpet Area,Gopalapuram,Chennai,Semi-Furnished,Family,3,Contact Agent
L03084,2022-05-12,2,15000,1200,1 out of 3,Super Area,Pallikaranai,Chennai,Furnished,Bachelors/Family,2,Contact Owner
L03085,2022-05-12,1,6000,350,Ground out of 2,Super Area,"Tambaram, GST Road",Chennai,Unfurnished,Bachelors/Family,1,Contact Owner
L03086,2022-05-20,3,20500,1000,Ground out of 3,Super Area,Virugambakkam,Chennai,Semi-Furnished,Bachelors/Family,1,Contact Owner
L03087,2022-07-06,2,13500,1210,14 out of 29,Super Area,"Padur, Old Mahabalipuram Road",Chennai,Semi-Furnished,Bachelors/Family,2,Contact Owner
L03088,2022-05-06,2,10000,750,Ground out of 1,Carpet Area,Pattabiram,Chennai,Unfurnished,Bachelors/Family,2,Contact Owner
L03089,2022-07-08,3,15000,1150,1 out of 2,Carpet Area,Pallavaram,Chennai,Semi-Furnished,Bachelors/Family,3,Contact Owner
L03090,2022-05-16,2,11000,800,1 out of 1,Carpet Area,East Coast Road,Chennai,Unfurnished,Family,2,Contact Owner
L03091,2022-06-30,2,12000,930,1 out of 4,Carpet Area,Tiruvallur,Chennai,Furnished,Family,2,Contact Owner
L03092,2022-05-15,2,15000,2800,Lower Basement out of 1,Carpet Area,Pudur,Chennai,Unfurnished,Family,2,Contact Owner
L03093,2022-07-06,2,20000,800,13 out of 17,Carpet Area,Vadapalani,Chennai,Semi-Furnished,Family,2,Contact Agent
L03094,2022-05-06,2,24000,850,Ground out of 3,Super Area,Mylapore,Chennai,Unfurnished,Bachelors/Family,2,Contact Owner
L03095,2022-05-16,2,16000,650,2 out of 3,Super Area,Mylapore,Chennai,Semi-Furnished,Bachelors/Family,2,Contact Owner
L03096,2022-06-22,2,10000,770,1 out of 2,Super Area,"Perungalathur, Chennai Bypass Road",Chennai,Unfurnished,Family,1,Contact Owner
L03097,2022-07-08,3,30000,1800,1 out of 2,Carpet Area,"Villivakkam, Jawaharlal Nehru Road",Chennai,Semi-Furnished,Bachelors,3,Contact Owner
L03098,2022-06-25,3,26000,1100,4 out of 4,Carpet Area,Jafferkhanpet,Chennai,Semi-Furnished,Bachelors/Family,2,Contact Agent
L03099,2022-05-12,2,10000,950,2 out of 3,Super Area,Anakaputhur,Chennai,Semi-Furnished,Bachelors/Family,2,Contact Owner
L03100,2022-05-12,3,15000,1250,2 out of 3,Super Area,Iyyappanthangal,Chennai,Semi-Furnished,Bachelors/Family,2,Contact Owner
L03101,2022-06-22,1,9000,400,Ground out of 3,Super Area,Mylapore,Chennai,Unfurnished,Bachelors/Family,1,Contact Owner
L03102,2022-07-06,2,9000,575,1 out of 2,Carpet Area,"Mappedu, Selaiyur",Chennai,Semi-Furnished,Bachelors/Family,2,Contact Owner
L03103,2022-06-08,2,15000,1234,1 out of 14,Super Area,Medavakkam,Chennai,Semi-Furnished,Bachelors/Family,2,Contact Owner
L03104,2022-07-05,2,12000,870,2 out of 2,Carpet Area,Ambattur,Chennai,Semi-Furnished,Bachelors/Family,2,Contact Owner
L03105,2022-07-02,2,20000,1162,2 out of 4,Super Area,Velachery,Chennai,Semi-Furnished,Bachelors/Family,2,Contact Agent
L03106,2022-06-22,3,15000,2200,1 out of 2,Super Area,Irumbuliyur,Chennai,Unfurnished,Bachelors,3,Contact Owner
L03107,2022-06-16,1,8000,500,1 out of 1,Super Area,Sadasiva Nagar Madipakkam,Chennai,Unfurnished,Bachelors/Family,1,Contact Owner
L03108,2022-06-22,3,13000,900,1 out of 4,Super Area,Perambur,Chennai,Unfurnished,Bachelors/Family,1,Contact Owner
L03109,2022-07-02,1,6800,600,1 out of 3,Super Area,New Perungalathur,Chennai,Unfurnished,Bachelors/Family,1,Contact Owner
L03110,2022-06-07,2,9000,600,1 out of 3,Super Area,Ayanavaram,Chennai,Furnished,Bachelors/Family,1,Contact Owner
L03111,2022-06-27,3,14000,1600,Ground out of 2,Carpet Area,Mathur,Chennai,Furnished,Bachelors/Family,3,Contact Owner
L03112,2022-05-20,4,55000,2400,1 out of 3,Carpet Area,Thiruvanmiyur,Chennai,Unfurnished,Bachelors/Family,4,Contact Agent
L03113,2022-07-05,3,50000,1600,2 out of 3,Carpet Area,"Adyar, Sardar Patel Road",Chennai,Semi-Furnished,Bachelors,3,Contact Agent
L03114,2022-06-14,1,8000,400,Upper Basement out of 2,Carpet Area,"Venkateshwara Nagar, Ramapuram, PH Road",Chennai,Unfurnished,Bachelors/Family,1,Contact Owner
L03115,2022-06-14,2,16000,1000,1 out of 3,Super Area,Kodambakkam,Chennai,Semi-Furnished,Bachelors/Family,2,Contact Owner
L03116,2022-05-28,2,15000,600,8 out of 18,Carpet Area,villvam towers tnhb colony,Chennai,Unfurnished,Bachelors,2,Contact Owner
L03117,2022-06-10,2,15000,750,1 out of 2,Carpet Area,YES YES SARAS,Chennai,Unfurnished,Bachelors,2,Contact Owner
L03118,2022-05-12,2,15000,700,1 out of 2,Super Area,Thirumullaivoyal,Chennai,Semi-Furnished,Bachelors/Family,2,Contact Owner
L03119,2022-06-02,4,75000,2200,2 out of 3,Super Area,2nd Main Road,Chennai,Semi-Furnished,Family,5,Contact Owner
L03120,2022-06-14,1,9000,500,Ground out of 3,Super Area,KK Nagar,Chennai,Semi-Furnished,Bachelors/Family,1,Contact Owner
L03121,2022-05-06,1,6500,700,2 out of 3,Super Area,Ayappakkam,Chennai,Unfurnished,Bachelors/Family,1,Contact Owner
L03122,2022-05-06,3,17000,1480,3 out of 4,Super Area,Perumbakkam,Chennai,Furnished,Bachelors/Family,2,Contact Owner
L03123,2022-07-10,3,49000,1700,7 out of 15,Carpet Area,Sholinganallur,Chennai,Furnished,Bachelors,3,Contact Agent
L03124,2022-05-06,2,15000,830,Ground out of 2,Super Area,Mangadu,Chennai,Semi-Furnished,Bachelors/Family,2,Contact Owner
L03125,2022-06-23,3,25000,1425,2 out of 14,Carpet Area,"Perungalathur, Chennai Bypass Road",Chennai,Semi-Furnished,Bachelors/Family,2,Contact Owner
L03126,2022-07-06,3,40000,1550,1 out of 3,Carpet Area,Mandaiveli,Chennai,Unfurnished,Bachelors,3,Contact Agent
L03127,2022-04-30,1,8000,200,Ground out of 2,Super Area,Annanagar East,Chennai,Semi-Furnished,Bachelors/Family,1,Contact Owner
L03128,2022-07-10,2,17500,1200,2 out of 2,Carpet Area,Anna Nagar West,Chennai,Semi-Furnished,Bachelors/Family,2,Contact Owner
L03129,2022-07-08,3,11000,800,Ground out of 3,Super Area,Medavakkam,Chennai,Semi-Furnished,Bachelors/Family,2,Contact Owner
L03130,2022-06-04,3,8500,1261,3 out of 4,Carpet Area,Thiruporur,Chennai,Semi-Furnished,Bachelors/Family,3,Contact Owner
L03131,2022-06-28,2,11000,425,Ground out of 2,Carpet Area,Old Washermanpet,Chennai,Semi-Furnished,Bachelors/Family,2,Contact Owner
L03132,2022-05-29,2,12500,940,10 out of 19,Super Area,Kazhipattur,Chennai,Unfurnished,Bachelors/Family,2,Contact Owner
L03133,2022-06-14,3,90000,2300,2 out of 4,Carpet Area,Gopalapuram,Chennai,Semi-Furnished,Bachelors,3,Contact Agent
L03134,2022-06-17,2,14000,700,2 out of 2,Super Area,"Thanikachalam Nagar, Ponniammanmedu",Chennai,Unfurnished,Bachelors/Family,2,Contact Owner
L03135,2022-07-06,3,150000,2400,2 out of 2,Carpet Area,"Kapaleeswarar Nagar, Neelankarai, E Coast Road",Chennai,Furnished,Bachelors/Family,3,Contact Agent
L03136,2022-06-07,2,25000,1145,4 out of 4,Super Area,Navalur,Chennai,Semi-Furnished,Bachelors,2,Contact Owner
L03137,2022-06-22,2,18000,750,1 out of 3,Super Area,"Padur, Old Mahabalipuram Road",Chennai,Semi-Furnished,Bachelors/Family,2,Contact Agent
L03138,2022-05-22,3,17000,1250,1 out of 3,Super Area,"Valasaravakkam, Arcot Road",Chennai,Semi-Furnished,Bachelors/Family,3,Contact Owner
L03139,2022-05-08,2,8500,900,Ground out of 2,Super Area,Anakaputhur,Chennai,Unfurnished,Bachelors/Family,2,Contact Owner
L03140,2022-07-10,3,15000,800,1 out of 4,Carpet Area,Pudupakkam,Chennai,Semi-Furnished,Bachelors,2,Contact Owner
L03141,2022-06-29,2,22000,800,4 out of 4,Super Area,Ashok Nagar,Chennai,Semi-Furnished,Bachelors/Family,2,Contact Owner
L03142,2022-06-25,2,15000,900,Ground out of 1,Super Area,"Perungalathur, Chennai Bypass Road",Chennai,Semi-Furnished,Bachelors/Family,2,Contact Owner
L03143,2022-05-16,2,10000,600,1 out of 1,Super Area,Anna Nagar-Pammal,Chennai,Unfurnished,Bachelors/Family,1,Contact Owner
L03144,2022-05-25,1,5000,250,Ground out of 3,Super Area,"Aminjikarai, PH Road",Chennai,Unfurnished,Bachelors/Family,1,Contact Owner
L03145,2022-07-05,2,10000,910,Ground out of 1,Super Area,Mannivakkam,Chennai,Semi-Furnished,Bachelors/Family,2,Contact Owner
L03146,2022-06-04,3,15000,1350,1 out of 2,Super Area,Kovilambakkam,Chennai,Unfurnished,Bachelors/Family,3,Contact Owner
L03147,2022-05-16,3,34500,450,Ground out of 3,Carpet Area,Teynampet,Chennai,Semi-Furnished,Bachelors,3,Contact Owner
L03148,2022-06-14,1,8000,600,2 out of 3,Super Area,Velachery,Chennai,Unfurnished,Bachelors/Family,1,Contact Owner
L03149,2022-06-14,3,330000,3600,3 out of 4,Carpet Area,Madras Boat Club Road,Chennai,Semi-Furnished,Bachelors/Family,3,Contact Agent
L03150,2022-05-29,2,22000,800,Ground out of 1,Carpet Area,"R.A Puram, Mandaiveli",Chennai,Unfurnished,Family,2,Contact Owner
L03151,2022-06-13,2,13000,850,Ground out of 1,Carpet Area,AGS Colony-Velachery,Chennai,Unfurnished,Family,2,Contact Owner
L03152,2022-07-06,2,6500,1000,Ground out of 2,Super Area,"Tiruvallur, Kakkalur, Chennai",Chennai,Semi-Furnished,Bachelors/Family,2,Contact Owner
L03153,2022-07-02,2,18000,900,1 out of 1,Carpet Area,Velachery,Chennai,Semi-Furnished,Bachelors,2,Contact Agent
L03154,2022-05-12,3,30000,2400,Ground out of 3,Super Area,Uthandi,Chennai,Furnished,Bachelors/Family,3,Contact Owner
L03155,2022-07-02,1,8500,400,Ground out of 1,Carpet Area,Dr Ranga Road,Chennai,Unfurnished,Bachelors/Family,1,Contact Owner
L03156,2022-07-06,4,20000,1900,5 out of 20,Carpet Area,Old Mahabalipuram Road,Chennai,Semi-Furnished,Family,4,Contact Agent
L03157,2022-06-07,2,12000,900,1 out of 2,Super Area,Kolathur,Chennai,Semi-Furnished,Bachelors/Family,2,Contact Owner
L03158,2022-06-22,2,18000,805,1 out of 3,Super Area,Gopalapuram,Chennai,Semi-Furnished,Bachelors/Family,2,Contact Owner
L03159,2022-05-20,2,19000,1200,1 out of 4,Super Area,"Saidapet West, Saidapet",Chennai,Unfurnished,Bachelors/Family,2,Contact Owner
L03160,2022-05-12,2,12000,800,2 out of 3,Super Area,Manikandan Nagar,Chennai,Furnished,Bachelors/Family,2,Contact Owner
L03161,2022-06-27,3,16000,1158,2 out of 4,Carpet Area,"Urapakkam, Vandalur R.F, GST Road",Chennai,Semi-Furnished,Bachelors/Family,2,Contact Owner
L03162,2022-06-10,1,5700,400,Ground out of 3,Super Area,Redhills,Chennai,Unfurnished,Bachelors/Family,1,Contact Owner
L03163,2022-05-12,1,15000,450,2 out of 3,Super Area,Mylapore,Chennai,Unfurnished,Bachelors/Family,1,Contact Owner
L03164,2022-06-27,2,11000,960,1 out of 3,Super Area,Kovilambakkam,Chennai,Semi-Furnished,Family,2,Contact Owner
L03165,2022-05-15,3,17000,1400,10 out of 15,Super Area,Mambakkam,Chennai,Semi-Furnished,Bachelors/Family,2,Contact Owner
L03166,2022-05-12,2,18000,970,Ground out of 3,Super Area,Thoraipakkam,Chennai,Furnished,Bachelors/Family,2,Contact Owner
L03167,2022-05-12,2,9500,1000,1 out of 2,Super Area,Old Washermanpet,Chennai,Unfurnished,Bachelors/Family,2,Contact Owner
L03168,2022-04-29,2,12000,900,1 out of 2,Carpet Area,Adambakkam,Chennai,Semi-Furnished,Bachelors/Family,2,Contact Owner
L03169,2022-05-19,2,8000,800,4 out of 4,Super Area,"Urapakkam, Vandalur R.F, GST Road",Chennai,Semi-Furnished,Bachelors/Family,2,Contact Owner
L03170,2022-07-04,2,12000,1100,Ground out of 1,Carpet Area,New Perungalathur,Chennai,Semi-Furnished,Family,1,Contact Owner
L03171,2022-05-12,2,16000,800,1 out of 3,Super Area,Thiruvanmiyur,Chennai,Unfurnished,Bachelors/Family,2,Contact Owner
L03172,2022-05-12,2,8000,800,1 out of 3,Super Area,Poonamalle,Chennai,Unfurnished,Bachelors/Family,1,Contact Owner
L03173,2022-05-01,2,10000,898,7 out of 14,Super Area,Kalavakkam,Chennai,Semi-Furnished,Family,2,Contact Owner
L03174,2022-07-02,2,15000,800,Ground out of 2,Carpet Area,Vadapalani,Chennai,Semi-Furnished,Bachelors/Family,2,Contact Owner
L03175,2022-06-10,2,7500,600,1 out of 2,Super Area,Vandalur,Chennai,Unfurnished,Bachelors/Family,1,Contact Owner
L03176,2022-07-02,3,30000,2000,1 out of 1,Carpet Area,rgl bungalows,Chennai,Furnished,Bachelors/Family,3,Contact Owner
L03177,2022-06-04,2,16000,870,3 out of 3,Super Area,Chennai,Chennai,Unfurnished,Bachelors/Family,2,Contact Owner
L03178,2022-07-06,2,14000,1100,17 out of 20,Carpet Area,Old Mahabalipuram Road,Chennai,Semi-Furnished,Family,2,Contact Agent
L03179,2022-05-01,2,10000,650,1 out of 2,Carpet Area,Near Jeyachandran textiles,Chennai,Unfurnished,Bachelors/Family,2,Contact Owner
L03180,2022-07-06,3,25000,1100,5 out of 18,Carpet Area,"Korattur, Jawaharlal Nehru Road",Chennai,Unfurnished,Bachelors,2,Contact Agent
L03181,2022-05-30,2,11500,1250,Ground out of 2,Carpet Area,S.Kolathur,Chennai,Semi-Furnished,Bachelors/Family,2,Contact Owner
L03182,2022-07-08,2,11000,1145,1 out of 3,Super Area,Ambattur,Chennai,Unfurnished,Bachelors/Family,2,Contact Owner
L03183,2022-06-18,2,10000,780,2 out of 3,Super Area,Madipakkam,Chennai,Semi-Furnished,Bachelors/Family,2,Contact Owner
L03184,2022-06-22,1,7000,680,1 out of 3,Super Area,"Kelambakkam, Old Mahabalipuram Road",Chennai,Unfurnished,Bachelors/Family,1,Contact Owner
L03185,2022-05-16,2,18000,860,2 out of 3,Super Area,Ashok Nagar,Chennai,Semi-Furnished,Bachelors/Family,2,Contact Owner
L03186,2022-06-29,1,7500,600,1 out of 2,Super Area,"Perungalathur, Chennai Bypass Road",Chennai,Unfurnished,Bachelors/Family,1,Contact Owner
L03187,2022-06-29,2,7500,750,Ground out of 2,Carpet Area,Oragadam,Chennai,Semi-Furnished,Bachelors/Family,1,Contact Owner
L03188,2022-06-29,2,12000,800,2 out of 2,Super Area,Chitlapakkam,Chennai,Unfurnished,Bachelors/Family,2,Contact Owner
L03189,2022-06-29,2,12000,570,Ground out of 2,Carpet Area,"Perungalathur, Chennai Bypass Road",Chennai,Unfurnished,Bachelors/Family,2,Contact Owner
L03190,2022-05-20,2,40000,1150,2 out of 4,Super Area,Raja Annamalai Puram,Chennai,Furnished,Bachelors/Family,2,Contact Owner
L03191,2022-06-18,1,5000,350,Ground out of 1,Super Area,Kolathur,Chennai,Unfurnished,Bachelors/Family,1,Contact Owner
L03192,2022-06-22,2,20000,894,4 out of 4,Super Area,Tiruvenkadam Nagar,Chennai,Semi-Furnished,Bachelors/Family,2,Contact Owner
L03193,2022-06-29,1,6500,600,Ground out of 2,Super Area,Perambur,Chennai,Semi-Furnished,Bachelors/Family,1,Contact Owner
L03194,2022-06-29,3,12000,900,Ground out of 2,Super Area,Anakaputhur,Chennai,Semi-Furnished,Bachelors/Family,2,Contact Owner
L03195,2022-06-29,1,12000,550,Ground out of 3,Super Area,"Purasawalkam, PH Road",Chennai,Unfurnished,Bachelors/Family,1,Contact Owner
L03196,2022-06-02,2,14000,717,1 out of 3,Super Area,Sholinganallur,Chennai,Semi-Furnished,Bachelors/Family,2,Contact Owner
L03197,2022-05-20,2,13000,660,Ground out of 2,Carpet Area,Virugambakkam,Chennai,Semi-Furnished,Family,2,Contact Agent
L03198,2022-05-31,1,9000,700,1 out of 2,Carpet Area,Sivalingapuram,Chennai,Semi-Furnished,Family,1,Contact Owner
L03199,2022-06-05,1,10000,800,Ground out of 3,Super Area,Navalur,Chennai,Semi-Furnished,Bachelors/Family,1,Contact Owner
L03200,2022-06-29,3,15000,1070,1 out of 3,Super Area,Medavakkam,Chennai,Unfurnished,Family,2,Contact Owner
L03201,2022-06-29,2,15000,1000,Ground out of 4,Super Area,Anna Nagar West Extension,Chennai,Semi-Furnished,Family,2,Contact Owner
L03202,2022-06-29,2,19000,1500,Ground out of 1,Super Area,Porur,Chennai,Semi-Furnished,Bachelors/Family,2,Contact Owner
L03203,2022-06-29,2,15000,900,1 out of 2,Super Area,Velachery,Chennai,Unfurnished,Bachelors/Family,2,Contact Owner
L03204,2022-06-29,2,16000,1700,1 out of 2,Super Area,Pallikaranai,Chennai,Unfurnished,Bachelors/Family,2,Contact Owner
L03205,2022-05-20,2,12000,900,Ground out of 3,Super Area,"Perungalathur, Chennai Bypass Road",Chennai,Semi-Furnished,Bachelors/Family,2,Contact Owner
L03206,2022-06-25,2,11000,805,Ground out of 3,Super Area,"Madhavaram, Guntur Chennai Highway",Chennai,Unfurnished,Bachelors/Family,2,Contact Owner
L03207,2022-06-29,2,8000,750,Ground out of 1,Super Area,Kovur,Chennai,Unfurnished,Bachelors/Family,2,Contact Owner
L03208,2022-05-26,2,10000,1000,2 out of 2,Super Area,"Singaperumal Koil, Tiruchi Chennai Highway",Chennai,Furnished,Bachelors/Family,2,Contact Owner
L03209,2022-06-02,3,70000,1500,1 out of 4,Carpet Area,T Nagar,Chennai,Furnished,Bachelors/Family,3,Contact Owner
L03210,2022-06-22,3,45000,3200,Ground out of 2,Super Area,"Panaiyur, E Coast Road",Chennai,Unfurnished,Bachelors/Family,3,Contact Owner
L03211,2022-05-28,3,60000,1700,7 out of 11,Carpet Area,Vadapalani,Chennai,Semi-Furnished,Bachelors/Family,3,Contact Agent
L03212,2022-06-13,2,12000,1000,2 out of 2,Super Area,Maduravoyal,Chennai,Semi-Furnished,Bachelors/Family,2,Contact Owner
L03213,2022-05-27,3,80000,2036,6 out of 11,Super Area,Mandaiveli,Chennai,Semi-Furnished,Bachelors,3,Contact Agent
L03214,2022-07-06,2,23999,610,4 out of 4,Carpet Area,"Kannan Colony, Pazhavanthangal",Chennai,Furnished,Bachelors/Family,1,Contact Agent
L03215,2022-05-25,2,23000,1100,2 out of 3,Super Area,Thoraipakkam,Chennai,Furnished,Bachelors/Family,2,Contact Owner
L03216,2022-04-30,2,16000,900,2 out of 2,Carpet Area,Thirumangalam-Anna Nagar West,Chennai,Semi-Furnished,Bachelors,2,Contact Owner
L03217,2022-07-06,2,14000,840,Ground out of 3,Super Area,"Krishna Nagar-Chromepet, Chromepet",Chennai,Semi-Furnished,Bachelors/Family,2,Contact Owner
L03218,2022-06-07,3,13000,965,Ground out of 2,Super Area,Mangadu,Chennai,Semi-Furnished,Bachelors/Family,2,Contact Owner
L03219,2022-07-08,2,14000,800,2 out of 4,Super Area,Tiruvottiyur,Chennai,Unfurnished,Bachelors/Family,2,Contact Owner
L03220,2022-05-06,1,7000,700,1 out of 2,Super Area,Ponneri,Chennai,Unfurnished,Bachelors/Family,2,Contact Owner
L03221,2022-06-01,1,3500,600,Ground out of 1,Super Area,"Kundrathur, Pallavaram Kundrathur Main Road",Chennai,Unfurnished,Bachelors,1,Contact Owner
L03222,2022-05-10,1,12000,650,1 out of 3,Carpet Area,355 konnur highroad Ayanavaram,Chennai,Semi-Furnished,Family,2,Contact Owner
L03223,2022-05-20,1,8000,320,2 out of 3,Super Area,Kolathur,Chennai,Unfurnished,Bachelors/Family,1,Contact Owner
L03224,2022-07-06,2,25000,700,Ground out of 3,Super Area,"Aminjikarai, PH Road",Chennai,Semi-Furnished,Bachelors/Family,1,Contact Owner
L03225,2022-07-06,2,12000,850,1 out of 3,Super Area,Velachery,Chennai,Unfurnished,Bachelors/Family,2,Contact Owner
L03226,2022-06-14,1,7000,550,1 out of 2,Super Area,"Valasaravakkam, Arcot Road",Chennai,Unfurnished,Bachelors/Family,1,Contact Owner
L03227,2022-06-17,3,20000,1400,12 out of 13,Carpet Area,"Padur, Old Mahabalipuram Road",Chennai,Semi-Furnished,Family,3,Contact Owner
L03228,2022-06-29,2,18000,1300,3 out of 3,Super Area,Velachery,Chennai,Unfurnished,Bachelors/Family,2,Contact Owner
L03229,2022-05-20,2,15000,1125,24 out of 31,Super Area,Thalambur,Chennai,Semi-Furnished,Bachelors/Family,2,Contact Owner
L03230,2022-05-20,2,11000,780,1 out of 14,Carpet Area,Mugalivakkam,Chennai,Semi-Furnished,Family,2,Contact Owner
L03231,2022-05-27,3,65000,2200,2 out of 4,Carpet Area,Alwarpet,Chennai,Unfurnished,Bachelors,3,Contact Agent
L03232,2022-07-06,3,75000,2500,Ground out of 1,Carpet Area,Mandaiveli,Chennai,Unfurnished,Bachelors/Family,3,Contact Agent
L03233,2022-06-29,1,15000,1300,Ground out of 2,Super Area,Anna Nagar,Chennai,Furnished,Bachelors,2,Contact Owner
L03234,2022-05-22,2,12000,619,1 out of 8,Carpet Area,"Chromepet, GST Road",Chennai,Furnished,Bachelors/Family,1,Contact Owner
L03235,2022-05-08,2,8500,700,Ground out of 2,Carpet Area,Ambattur,Chennai,Semi-Furnished,Bachelors/Family,1,Contact Owner
L03236,2022-06-09,3,38000,2100,2 out of 2,Super Area,Ashok Nagar,Chennai,Semi-Furnished,Bachelors/Family,3,Contact Owner
L03237,2022-06-29,3,30000,2000,1 out of 3,Super Area,Ashok Nagar,Chennai,Unfurnished,Bachelors/Family,3,Contact Owner
L03238,2022-07-08,1,9000,700,Ground out of 2,Super Area,venkatesa perumal nagar,Chennai,Semi-Furnished,Bachelors/Family,1,Contact Owner
L03239,2022-07-06,3,25000,2000,1 out of 3,Super Area,"Kattupakkam, PH Road",Chennai,Semi-Furnished,Bachelors/Family,3,Contact Owner
L03240,2022-05-25,2,9000,600,2 out of 2,Carpet Area,"Valasaravakkam, Arcot Road",Chennai,Unfurnished,Bachelors/Family,2,Contact Owner
L03241,2022-06-05,1,8500,550,Ground out of 1,Carpet Area,"Arunachalam Nagar, Madipakkam",Chennai,Unfurnished,Bachelors,2,Contact Owner
L03242,2022-06-05,1,7000,300,Ground out of 1,Super Area,"Pazhavanthangal, Jawaharlal Nehru Road",Chennai,Unfurnished,Bachelors/Family,1,Contact Owner
L03243,2022-06-27,2,25000,800,2 out of 3,Carpet Area,Anna Nagar,Chennai,Semi-Furnished,Bachelors,2,Contact Agent
L03244,2022-06-18,2,8500,850,3 out of 4,Super Area,Mathur,Chennai,Unfurnished,Bachelors/Family,2,Contact Owner
L03245,2022-05-23,1,6500,450,2 out of 3,Carpet Area,Mahindra World City,Chennai,Semi-Furnished,Bachelors/Family,1,Contact Owner
L03246,2022-05-29,1,7000,500,Ground out of 2,Super Area,Ambattur,Chennai,Unfurnished,Bachelors/Family,1,Contact Owner
L03247,2022-05-20,1,4500,115,Ground out of 3,Super Area,Choolaimedu,Chennai,Unfurnished,Bachelors,1,Contact Owner
L03248,2022-05-29,2,22000,800,Ground out of 1,Carpet Area,"R.A Puram, Mandaiveli",Chennai,Unfurnished,Bachelors/Family,2,Contact Owner
L03249,2022-05-06,2,10000,600,1 out of 2,Super Area,Ambattur,Chennai,Semi-Furnished,Family,1,Contact Owner
L03250,2022-06-24,2,16000,800,2 out of 2,Super Area,Harrington Road,Chennai,Unfurnished,Bachelors/Family,2,Contact Owner
L03251,2022-06-22,3,85000,1725,10 out of 14,Super Area,MRC Nagar,Chennai,Furnished,Bachelors/Family,2,Contact Agent
L03252,2022-05-15,2,15000,1330,1 out of 2,Carpet Area,Madipakkam,Chennai,Furnished,Bachelors/Family,2,Contact Owner
L03253,2022-07-08,3,25000,2064,11 out of 19,Super Area,Old Mahabalipuram Road,Chennai,Semi-Furnished,Family,4,Contact Owner
L03254,2022-07-08,1,9000,700,Ground out of 2,Super Area,"Kamakoti Nagar, Pallikaranai",Chennai,Semi-Furnished,Bachelors/Family,1,Contact Owner
L03255,2022-06-25,2,20000,900,Ground out of 3,Super Area,"Korattur, Jawaharlal Nehru Road",Chennai,Semi-Furnished,Bachelors/Family,2,Contact Owner
L03256,2022-05-24,2,15000,1066,1 out of 4,Super Area,Veerapuram,Chennai,Unfurnished,Family,2,Contact Owner
L03257,2022-04-30,2,9000,700,1 out of 4,Carpet Area,"Tambaram West, Tambaram, Chennai Bypass Road",Chennai,Semi-Furnished,Bachelors,2,Contact Owner
L03258,2022-05-28,2,14000,900,2 out of 3,Super Area,"Ram Nagar South Extension, Madipakkam",Chennai,Furnished,Bachelors/Family,2,Contact Owner
L03259,2022-06-21,2,15000,700,2 out of 4,Super Area,Choolaimedu,Chennai,Semi-Furnished,Bachelors/Family,2,Contact Owner
L03260,2022-07-08,3,14000,950,3 out of 7,Carpet Area,"Chromepet, GST Road",Chennai,Semi-Furnished,Bachelors/Family,2,Contact Owner
L03261,2022-05-20,2,8000,850,1 out of 2,Super Area,Chitlapakkam,Chennai,Unfurnished,Bachelors/Family,2,Contact Owner
L03262,2022-07-07,2,13500,600,4 out of 7,Carpet Area,Mahindra World City,Chennai,Furnished,Bachelors/Family,2,Contact Agent
L03263,2022-06-18,2,12000,750,Ground out of 3,Super Area,Medavakkam,Chennai,Semi-Furnished,Bachelors,2,Contact Owner
L03264,2022-04-29,2,7500,850,Ground out of 2,Super Area,Anakaputhur,Chennai,Unfurnished,Bachelors/Family,2,Contact Owner
L03265,2022-07-04,3,20000,1650,1 out of 1,Carpet Area,Madipakkam,Chennai,Semi-Furnished,Bachelors,3,Contact Owner
L03266,2022-06-20,2,11000,960,1 out of 2,Super Area,Medavakkam,Chennai,Unfurnished,Family,2,Contact Owner
L03267,2022-06-06,2,11000,1200,1 out of 1,Carpet Area,"Tambaram West, Tambaram, Chennai Bypass Road",Chennai,Unfurnished,Bachelors,2,Contact Owner
L03268,2022-05-30,2,17500,650,2 out of 2,Carpet Area,Thiruvanmiyur,Chennai,Furnished,Bachelors/Family,2,Contact Owner
L03269,2022-04-30,2,8000,800,Lower Basement out of 3,Carpet Area,"Kamakshiamman Nagar Layout, Iyyappanthangal",Chennai,Unfurnished,Bachelors/Family,2,Contact Owner
L03270,2022-05-06,3,25000,1350,1 out of 2,Super Area,C.R.R. Puram L&T Colony,Chennai,Semi-Furnished,Bachelors/Family,3,Contact Owner
L03271,2022-06-13,2,12000,560,Ground out of 1,Carpet Area,Tambaram East,Chennai,Semi-Furnished,Family,2,Contact Owner
L03272,2022-05-20,1,5250,250,2 out of 3,Super Area,Madipakkam,Chennai,Unfurnished,Bachelors/Family,1,Contact Owner
L03273,2022-07-06,2,25000,685,Ground out of 2,Super Area,Alwarpet,Chennai,Unfurnished,Bachelors,2,Contact Owner
L03274,2022-06-18,2,14000,1021,4 out of 5,Super Area,Sithalapakkam,Chennai,Semi-Furnished,Bachelors/Family,2,Contact Owner
L03275,2022-07-10,3,24000,1200,2 out of 2,Carpet Area,Kellys,Chennai,Unfurnished,Bachelors/Family,3,Contact Owner
L03276,2022-06-25,3,35000,1557,1 out of 5,Super Area,Manapakkam,Chennai,Semi-Furnished,Bachelors/Family,3,Contact Owner
L03277,2022-06-25,2,8000,550,1 out of 1,Super Area,Pallikaranai,Chennai,Unfurnished,Bachelors/Family,1,Contact Agent
L03278,2022-05-20,2,16000,800,1 out of 3,Super Area,Adambakkam,Chennai,Semi-Furnished,Bachelors/Family,2,Contact Owner
L03279,2022-07-08,3,28000,917,3 out of 7,Carpet Area,Sholinganallur,Chennai,Semi-Furnished,Family,2,Contact Owner
L03280,2022-05-25,2,16000,960,2 out of 4,Super Area,Porur,Chennai,Semi-Furnished,Bachelors/Family,2,Contact Owner
L03281,2022-06-29,2,13000,1000,Ground out of 3,Super Area,Medavakkam,Chennai,Unfurnished,Bachelors/Family,2,Contact Owner
L03282,2022-06-25,2,35000,1000,1 out of 3,Super Area,"Adyar, Sardar Patel Road",Chennai,Furnished,Bachelors,2,Contact Agent
L03283,2022-07-08,1,11000,579,3 out of 4,Super Area,New Kumaran Nagar,Chennai,Semi-Furnished,Bachelors/Family,1,Contact Owner
L03284,2022-05-16,1,5000,800,1 out of 1,Carpet Area,N G O nagar extn ponneri,Chennai,Unfurnished,Bachelors/Family,1,Contact Owner
L03285,2022-06-29,2,23000,1100,1 out of 2,Carpet Area,Gopalapuram,Chennai,Unfurnished,Bachelors,2,Contact Agent
L03286,2022-07-08,2,11000,635,2 out of 2,Carpet Area,Mannivakkam,Chennai,Semi-Furnished,Bachelors,2,Contact Owner
L03287,2022-06-17,3,25000,1700,2 out of 12,Carpet Area,"Padur, Old Mahabalipuram Road",Chennai,Semi-Furnished,Bachelors/Family,3,Contact Owner
L03288,2022-06-22,1,4500,600,Ground out of 3,Super Area,Kolathur,Chennai,Unfurnished,Bachelors/Family,1,Contact Owner
L03289,2022-07-08,4,100000,2500,16 out of 18,Carpet Area,Sholinganallur,Chennai,Unfurnished,Bachelors/Family,4,Contact Agent
L03290,2022-07-06,3,47500,1920,6 out of 15,Super Area,Thoraipakkam,Chennai,Semi-Furnished,Family,3,Contact Agent
L03291,2022-06-14,2,7500,850,2 out of 2,Super Area,Kolapakkam - Vandalur-Kelambakkam Road,Chennai,Semi-Furnished,Bachelors,2,Contact Owner
L03292,2022-06-12,3,16500,1850,1 out of 1,Super Area,"Nemilichery, Chromepet",Chennai,Unfurnished,Bachelors,3,Contact Owner
L03293,2022-05-29,2,18000,1375,1 out of 1,Carpet Area,"Central Bank Colony, Chromepet",Chennai,Furnished,Family,1,Contact Owner
L03294,2022-06-15,2,7000,700,Ground out of 2,Super Area,Tambaram East,Chennai,Unfurnished,Bachelors/Family,2,Contact Owner
L03295,2022-05-15,1,8000,700,1 out of 2,Super Area,Velachery,Chennai,Unfurnished,Bachelors/Family,2,Contact Owner
L03296,2022-06-03,1,10000,675,2 out of 2,Super Area,Perambur,Chennai,Unfurnished,Bachelors/Family,1,Contact Owner
L03297,2022-05-12,3,7000,900,1 out of 2,Super Area,Ayappakkam,Chennai,Unfurnished,Bachelors/Family,2,Contact Owner
L03298,2022-07-08,2,35000,1020,1 out of 2,Carpet Area,"Gowrivakkam, Sembakkam",Chennai,Furnished,Bachelors/Family,2,Contact Owner
L03299,2022-06-25,4,100000,3000,1 out of 1,Carpet Area,"Palavakkam, E Coast Road",Chennai,Unfurnished,Bachelors,4,Contact Agent
L03300,2022-04-29,2,13000,800,Ground out of 1,Carpet Area,Porur,Chennai,Semi-Furnished,Bachelors,1,Contact Owner
L03301,2022-05-16,2,10000,600,1 out of 1,Super Area,Pammal,Chennai,Unfurnished,Bachelors/Family,1,Contact Owner
L03302,2022-07-06,2,14000,890,2 out of 2,Super Area,"Valasaravakkam, Arcot Road",Chennai,Unfurnished,Family,2,Contact Owner
L03303,2022-07-06,3,46000,1700,15 out of 18,Super Area,Thoraipakkam,Chennai,Semi-Furnished,Bachelors/Family,3,Contact Agent
L03304,2022-05-16,4,65000,2000,3 out of 4,Carpet Area,"Adyar, Sardar Patel Road",Chennai,Semi-Furnished,Bachelors,3,Contact Agent
L03305,2022-07-08,2,9000,800,Ground out of 1,Carpet Area,Medavakkam,Chennai,Semi-Furnished,Bachelors/Family,2,Contact Owner
L03306,2022-06-25,3,13500,1002,2 out of 3,Super Area,Mangadu,Chennai,Furnished,Bachelors/Family,2,Contact Owner
L03307,2022-07-06,3,29000,1225,9 out of 18,Carpet Area,Koyambedu,Chennai,Semi-Furnished,Bachelors/Family,3,Contact Agent
L03308,2022-07-06,2,23999,610,2 out of 4,Carpet Area,"Kannan Colony, Pazhavanthangal",Chennai,Furnished,Bachelors/Family,1,Contact Agent
L03309,2022-05-25,3,26000,1200,Ground out of 3,Super Area,Thiruvanmiyur,Chennai,Semi-Furnished,Family,3,Contact Owner
L03310,2022-05-30,2,8200,850,2 out of 2,Super Area,Anakaputhur,Chennai,Unfurnished,Bachelors/Family,2,Contact Owner
L03311,2022-05-18,1,15000,500,1 out of 2,Super Area,Royapettah,Chennai,Semi-Furnished,Family,1,Contact Owner
L03312,2022-07-06,2,10000,778,4 out of 4,Super Area,Sholinganallur,Chennai,Unfurnished,Bachelors/Family,2,Contact Owner
L03313,2022-06-23,2,20000,850,5 out of 17,Carpet Area,Oragadam,Chennai,Unfurnished,Bachelors,2,Contact Owner
L03314,2022-05-29,2,15000,800,1 out of 2,Carpet Area,Adambakkam,Chennai,Unfurnished,Bachelors/Family,2,Contact Owner
L03315,2022-06-02,2,14000,1200,Ground out of 3,Super Area,"Valasaravakkam, Arcot Road",Chennai,Semi-Furnished,Bachelors/Family,2,Contact Owner
L03316,2022-05-07,2,11000,750,1 out of 1,Super Area,Vivekanathanagar kolathur,Chennai,Unfurnished,Bachelors/Family,2,Contact Owner
L03317,2022-04-29,1,6500,550,2 out of 2,Super Area,Jawahar Nagar,Chennai,Unfurnished,Bachelors/Family,1,Contact Owner
L03318,2022-06-22,3,26000,1567,3 out of 4,Carpet Area,Old Mahabalipuram Road,Chennai,Furnished,Bachelors/Family,3,Contact Owner
L03319,2022-05-03,1,7500,650,Ground out of 1,Super Area,"Nemilichery, Chromepet",Chennai,Semi-Furnished,Bachelors/Family,1,Contact Owner
L03320,2022-06-06,2,14500,1150,1 out of 1,Carpet Area,"Zamin Pallavaram, Pallavaram",Chennai,Unfurnished,Bachelors,2,Contact Owner
L03321,2022-06-28,6,280000,4500,Ground out of 1,Carpet Area,Raja Annamalai Puram,Chennai,Semi-Furnished,Bachelors,5,Contact Agent
L03322,2022-06-14,2,12000,900,3 out of 4,Super Area,"Shenoy Nagar, PH Road",Chennai,Unfurnished,Bachelors/Family,2,Contact Owner
L03323,2022-07-06,3,45000,1450,1 out of 4,Carpet Area,Mylapore,Chennai,Unfurnished,Bachelors,2,Contact Agent
L03324,2022-05-20,2,22000,850,2 out of 3,Super Area,Virugambakkam,Chennai,Semi-Furnished,Bachelors/Family,2,Contact Owner
L03325,2022-05-20,1,7000,550,Ground out of 1,Super Area,Sembakkam,Chennai,Unfurnished,Bachelors/Family,1,Contact Owner
L03326,2022-05-23,1,7000,600,Ground out of 1,Carpet Area,"Ganapathipuram, Chromepet",Chennai,Unfurnished,Bachelors/Family,1,Contact Owner
L03327,2022-05-06,2,45000,1200,2 out of 3,Super Area,"Chetpet, PH Road",Chennai,Furnished,Bachelors/Family,2,Contact Owner
L03328,2022-05-25,4,20000,1450,3 out of 4,Super Area,Tiruvottiyur,Chennai,Semi-Furnished,Bachelors/Family,4,Contact Owner
L03329,2022-06-12,2,14000,560,1 out of 2,Carpet Area,Medavakkam,Chennai,Semi-Furnished,Family,2,Contact Owner
L03330,2022-06-18,2,18000,1113,2 out of 4,Super Area,Ayappakkam,Chennai,Semi-Furnished,Family,2,Contact Owner
L03331,2022-06-14,3,20000,1600,Ground out of 2,Super Area,"Chromepet, GST Road",Chennai,Semi-Furnished,Bachelors/Family,4,Contact Owner
L03332,2022-05-20,1,10000,550,Ground out of 2,Carpet Area,Arumbakkam,Chennai,Unfurnished,Bachelors/Family,1,Contact Owner
L03333,2022-07-06,2,25000,1200,3 out of 4,Carpet Area,Kasi Estate,Chennai,Unfurnished,Bachelors/Family,2,Contact Agent
L03334,2022-05-26,2,18000,900,1 out of 2,Super Area,Elango Nagar-Virugambakkam,Chennai,Semi-Furnished,Family,2,Contact Owner
L03335,2022-04-30,1,5000,800,1 out of 2,Super Area,"Tondiarpet, Ennore High Road",Chennai,Unfurnished,Family,1,Contact Owner
L03336,2022-06-14,2,12000,1200,1 out of 5,Super Area,"Perungalathur, Chennai Bypass Road",Chennai,Semi-Furnished,Bachelors/Family,2,Contact Owner
L03337,2022-07-02,2,13000,1000,1 out of 2,Super Area,Kodungaiyur West,Chennai,Semi-Furnished,Bachelors/Family,2,Contact Owner
L03338,2022-07-06,2,30000,1100,Ground out of 4,Super Area,Nandanam Extension,Chennai,Semi-Furnished,Bachelors/Family,2,Contact Owner
L03339,2022-05-06,2,9000,700,Ground out of 3,Super Area,Mugalivakkam,Chennai,Furnished,Bachelors/Family,1,Contact Owner
L03340,2022-06-23,1,12000,650,1 out of 2,Super Area,Triplicane,Chennai,Unfurnished,Bachelors/Family,1,Contact Owner
L03341,2022-07-08,3,30000,1500,Ground out of 1,Carpet Area,"Korattur, Jawaharlal Nehru Road",Chennai,Semi-Furnished,Family,2,Contact Owner
L03342,2022-05-10,3,20000,1175,3 out of 4,Carpet Area,Lanchor Abode valley,Chennai,Furnished,Bachelors,2,Contact Owner
L03343,2022-06-17,2,12000,750,4 out of 4,Super Area,Nesapakkam,Chennai,Unfurnished,Bachelors/Family,2,Contact Owner
L03344,2022-06-16,2,9500,1010,1 out of 2,Super Area,"Urapakkam, Vandalur R.F, GST Road",Chennai,Semi-Furnished,Bachelors/Family,2,Contact Owner
L03345,2022-06-16,2,22000,1050,4 out of 4,Super Area,"Baby Nagar Extention, Velachery",Chennai,Semi-Furnished,Family,2,Contact Agent
L03346,2022-06-20,3,23000,1060,2 out of 32,Carpet Area,Mogappair East,Chennai,Unfurnished,Bachelors,2,Contact Owner
L03347,2022-07-06,2,9500,900,1 out of 2,Super Area,Ambattur,Chennai,Unfurnished,Bachelors/Family,2,Contact Owner
L03348,2022-06-29,2,13500,1000,4 out of 10,Super Area,"Padur, Old Mahabalipuram Road",Chennai,Semi-Furnished,Family,2,Contact Owner
L03349,2022-05-29,1,12000,450,1 out of 2,Super Area,Mambalam West,Chennai,Unfurnished,Bachelors/Family,1,Contact Owner
L03350,2022-07-10,3,33000,1600,15 out of 16,Carpet Area,Iyyappanthangal,Chennai,Semi-Furnished,Bachelors/Family,3,Contact Agent
L03351,2022-06-06,3,33000,1760,8 out of 9,Super Area,Iyyappanthangal,Chennai,Semi-Furnished,Bachelors/Family,3,Contact Owner
L03352,2022-07-10,2,18999,618,4 out of 11,Carpet Area,Porur,Chennai,Semi-Furnished,Bachelors/Family,2,Contact Agent
L03353,2022-07-06,3,18000,1220,6 out of 10,Super Area,Pammal,Chennai,Semi-Furnished,Bachelors/Family,2,Contact Owner
L03354,2022-07-01,1,8500,580,3 out of 3,Super Area,Pallavaram,Chennai,Unfurnished,Bachelors/Family,1,Contact Owner
L03355,2022-06-18,3,20000,1651,2 out of 3,Super Area,Perumbakkam,Chennai,Semi-Furnished,Family,3,Contact Owner
L03356,2022-04-29,2,9000,705,1 out of 3,Carpet Area,"Urapakkam, Vandalur R.F, GST Road",Chennai,Semi-Furnished,Bachelors/Family,2,Contact Owner
L03357,2022-06-14,1,7000,700,Ground out of 2,Super Area,Thiruverkkadu,Chennai,Unfurnished,Bachelors/Family,1,Contact Owner
L03358,2022-07-10,3,53000,1700,4 out of 16,Carpet Area,Iyyappanthangal,Chennai,Furnished,Bachelors/Family,3,Contact Agent
L03359,2022-05-21,2,14000,901,2 out of 2,Super Area,Mugalivakkam,Chennai,Unfurnished,Bachelors/Family,2,Contact Owner
L03360,2022-06-14,2,21000,1100,2 out of 16,Super Area,Navalur,Chennai,Furnished,Bachelors/Family,2,Contact Owner
L03361,2022-06-25,3,16000,1120,1 out of 4,Super Area,Selaiyur,Chennai,Semi-Furnished,Bachelors/Family,2,Contact Owner
L03362,2022-07-04,2,26000,1300,1 out of 3,Carpet Area,"Chetpet, PH Road",Chennai,Semi-Furnished,Bachelors,2,Contact Agent
L03363,2022-07-05,3,20000,1350,Ground out of 1,Super Area,Thalambur,Chennai,Furnished,Bachelors,3,Contact Owner
L03364,2022-06-22,2,25000,1340,7 out of 16,Super Area,Iyyappanthangal,Chennai,Semi-Furnished,Family,2,Contact Owner
L03365,2022-07-06,1,10000,250,2 out of 3,Super Area,"Neelankarai, E Coast Road",Chennai,Unfurnished,Bachelors/Family,1,Contact Owner
L03366,2022-05-01,2,11500,700,1 out of 1,Carpet Area,Madipakkam,Chennai,Semi-Furnished,Bachelors/Family,2,Contact Owner
L03367,2022-06-22,2,15000,650,1 out of 2,Carpet Area,Old Washermanpet,Chennai,Unfurnished,Bachelors,2,Contact Owner
L03368,2022-06-10,1,4200,490,3 out of 3,Super Area,"Villivakkam, Jawaharlal Nehru Road",Chennai,Semi-Furnished,Bachelors/Family,1,Contact Owner
L03369,2022-05-19,2,9500,700,Ground out of 2,Carpet Area,"Kelambakkam, Old Mahabalipuram Road",Chennai,Unfurnished,Bachelors/Family,1,Contact Owner
L03370,2022-07-06,1,8000,580,1 out of 2,Super Area,Selaiyur,Chennai,Unfurnished,Bachelors/Family,2,Contact Owner
L03371,2022-06-18,2,16000,1400,2 out of 2,Carpet Area,Madipakkam,Chennai,Semi-Furnished,Bachelors,3,Contact Owner
L03372,2022-06-29,2,12000,850,1 out of 2,Carpet Area,Prashant Collony Extension,Chennai,Semi-Furnished,Bachelors/Family,2,Contact Owner
L03373,2022-06-29,2,12000,850,1 out of 2,Carpet Area,Sembakkam,Chennai,Semi-Furnished,Bachelors/Family,2,Contact Owner
L03374,2022-05-20,2,12000,900,Ground out of 3,Super Area,Kolathur,Chennai,Unfurnished,Bachelors/Family,2,Contact Owner
L03375,2022-05-06,2,13000,780,1 out of 2,Super Area,Madipakkam,Chennai,Furnished,Bachelors/Family,2,Contact Owner
L03376,2022-06-10,3,15723,1246,7 out of 18,Super Area,"Kelambakkam, Old Mahabalipuram Road",Chennai,Semi-Furnished,Bachelors/Family,2,Contact Owner
L03377,2022-05-23,1,6000,300,2 out of 2,Super Area,Arumbakkam,Chennai,Semi-Furnished,Bachelors/Family,1,Contact Owner
L03378,2022-06-14,2,10000,900,1 out of 2,Super Area,Pammal,Chennai,Unfurnished,Bachelors/Family,2,Contact Owner
L03379,2022-06-14,1,3000,350,Ground out of 2,Super Area,Mangadu,Chennai,Unfurnished,Bachelors/Family,1,Contact Owner
L03380,2022-06-18,2,7500,900,2 out of 3,Super Area,Pammal,Chennai,Unfurnished,Bachelors/Family,2,Contact Owner
L03381,2022-07-06,2,18000,1099,2 out of 2,Super Area,"Valasaravakkam, Arcot Road",Chennai,Semi-Furnished,Family,2,Contact Owner
L03382,2022-06-01,3,16500,1530,9 out of 13,Carpet Area,"Padur, Old Mahabalipuram Road",Chennai,Semi-Furnished,Bachelors/Family,3,Contact Owner
L03383,2022-06-18,3,35000,2000,2 out of 2,Super Area,Iyyappanthangal,Chennai,Semi-Furnished,Bachelors/Family,3,Contact Owner
L03384,2022-07-02,3,15000,1095,2 out of 2,Super Area,Madambakkam,Chennai,Furnished,Bachelors/Family,2,Contact Owner
L03385,2022-07-06,2,7000,780,5 out of 14,Carpet Area,Kalavakkam,Chennai,Unfurnished,Family,2,Contact Owner
L03386,2022-07-10,3,38000,1300,9 out of 19,Carpet Area,"Chromepet, GST Road",Chennai,Unfurnished,Bachelors/Family,3,Contact Agent
L03387,2022-05-29,2,20000,900,2 out of 3,Super Area,Annanagar East,Chennai,Semi-Furnished,Bachelors/Family,2,Contact Owner
L03388,2022-07-06,1,7500,450,Ground out of 2,Super Area,Mugalivakkam,Chennai,Unfurnished,Bachelors/Family,1,Contact Owner
L03389,2022-07-06,2,12500,400,1 out of 4,Super Area,Karanai,Chennai,Unfurnished,Bachelors/Family,2,Contact Owner
L03390,2022-07-02,3,16000,900,Ground out of 2,Super Area,Chennai,Chennai,Semi-Furnished,Bachelors/Family,2,Contact Owner
L03391,2022-06-24,2,16000,935,2 out of 2,Carpet Area,Porur,Chennai,Unfurnished,Bachelors,2,Contact Owner
L03392,2022-05-21,1,8500,450,Ground out of 1,Super Area,Thoraipakkam,Chennai,Unfurnished,Bachelors/Family,1,Contact Owner
L03393,2022-07-10,2,30000,1020,1 out of 11,Carpet Area,"Chromepet, GST Road",Chennai,Furnished,Bachelors/Family,2,Contact Agent
L03394,2022-05-29,3,16000,1280,Ground out of 2,Super Area,Kodungaiyur East,Chennai,Semi-Furnished,Bachelors/Family,2,Contact Owner
L03395,2022-07-04,1,5700,450,Ground out of 1,Carpet Area,Anakaputhur,Chennai,Semi-Furnished,Family,1,Contact Owner
L03396,2022-05-01,2,18000,1120,2 out of 4,Super Area,Porur,Chennai,Semi-Furnished,Bachelors/Family,2,Contact Owner
L03397,2022-06-29,2,15000,1000,1 out of 3,Super Area,Varadharajapuram,Chennai,Semi-Furnished,Bachelors/Family,2,Contact Owner
L03398,2022-06-02,2,7500,1000,2 out of 3,Super Area,Guduvancheri,Chennai,Semi-Furnished,Bachelors/Family,2,Contact Owner
L03399,2022-06-14,2,9000,750,1 out of 3,Super Area,"Korattur, Jawaharlal Nehru Road",Chennai,Unfurnished,Bachelors/Family,2,Contact Owner
L03400,2022-06-14,2,13000,1000,2 out of 4,Super Area,"Chetpet, PH Road",Chennai,Semi-Furnished,Bachelors/Family,2,Contact Owner
L03401,2022-05-07,3,25000,1100,Ground out of 2,Super Area,Triplicane,Chennai,Unfurnished,Bachelors/Family,2,Contact Owner
L03402,2022-05-29,3,130000,3000,1 out of 4,Super Area,Thiruvanmiyur,Chennai,Furnished,Bachelors/Family,3,Contact Agent
L03403,2022-05-12,2,13000,650,Ground out of 3,Super Area,"Kattupakkam, PH Road",Chennai,Semi-Furnished,Bachelors/Family,2,Contact Owner
L03404,2022-06-02,3,20000,1500,1 out of 3,Carpet Area,Tambaram East,Chennai,Semi-Furnished,Bachelors/Family,3,Contact Owner
L03405,2022-05-06,1,18000,500,1 out of 4,Super Area,"George Town, PH Road",Chennai,Unfurnished,Bachelors/Family,1,Contact Owner
L03406,2022-06-18,2,8000,700,1 out of 2,Super Area,Avadi,Chennai,Unfurnished,Bachelors/Family,1,Contact Owner
L03407,2022-06-22,1,16000,450,3 out of 3,Super Area,"Korattur, Jawaharlal Nehru Road",Chennai,Furnished,Bachelors/Family,1,Contact Owner
L03408,2022-05-18,2,18000,700,1 out of 2,Carpet Area,Choolaimedu,Chennai,Unfurnished,Bachelors,2,Contact Agent
L03409,2022-06-07,2,19000,1250,1 out of 2,Super Area,"Okkiyam Thuraipakkam, E Coast Road",Chennai,Semi-Furnished,Family,2,Contact Owner
L03410,2022-05-06,2,7500,700,1 out of 2,Super Area,Madambakkam,Chennai,Unfurnished,Bachelors/Family,2,Contact Owner
L03411,2022-05-12,2,15000,650,2 out of 3,Super Area,Ponniammanmedu,Chennai,Semi-Furnished,Bachelors/Family,2,Contact Owner
L03412,2022-06-10,2,19000,850,1 out of 3,Super Area,Choolaimedu,Chennai,Semi-Furnished,Bachelors/Family,2,Contact Owner
L03413,2022-06-28,2,10000,750,1 out of 2,Carpet Area,Medavakkam,Chennai,Unfurnished,Bachelors,2,Contact Owner
L03414,2022-05-06,3,45000,1780,1 out of 5,Super Area,"Kamaraj Nagar-Thiruvanmiyur, E Coast Road",Chennai,Semi-Furnished,Bachelors/Family,3,Contact Owner
L03415,2022-05-02,2,20000,980,3 out of 3,Super Area,Perumbakkam,Chennai,Unfurnished,Bachelors/Family,2,Contact Owner
L03416,2022-07-07,2,7500,700,1 out of 2,Super Area,"Alapakkam, Porur",Chennai,Unfurnished,Bachelors/Family,2,Contact Owner
L03417,2022-07-07,2,14000,600,2 out of 7,Carpet Area,Mahindra World City,Chennai,Semi-Furnished,Bachelors/Family,2,Contact Agent
L03418,2022-05-20,2,5000,800,Ground out of 2,Super Area,Ayappakkam,Chennai,Unfurnished,Bachelors/Family,2,Contact Owner
L03419,2022-07-02,2,20000,1500,Ground out of 1,Super Area,Iyyappanthangal,Chennai,Semi-Furnished,Bachelors/Family,2,Contact Owner
L03420,2022-05-20,3,15000,1402,2 out of 4,Carpet Area,Polacheri,Chennai,Semi-Furnished,Bachelors/Family,3,Contact Owner
L03421,2022-07-06,3,75000,1500,2 out of 4,Carpet Area,T Nagar,Chennai,Semi-Furnished,Bachelors/Family,3,Contact Agent
L03422,2022-06-23,3,30000,1300,19 out of 19,Super Area,Navalur,Chennai,Furnished,Bachelors/Family,3,Contact Owner
L03423,2022-07-10,3,30000,1484,9 out of 12,Carpet Area,Porur,Chennai,Semi-Furnished,Bachelors/Family,3,Contact Agent
L03424,2022-05-28,1,12500,630,1 out of 1,Carpet Area,"VGP Seethapathy Nagar, Velachery",Chennai,Semi-Furnished,Bachelors,1,Contact Owner
L03425,2022-07-10,2,24000,1150,5 out of 11,Carpet Area,"Chromepet, GST Road",Chennai,Semi-Furnished,Bachelors/Family,2,Contact Agent
L03426,2022-06-25,2,10000,800,1 out of 2,Carpet Area,Tambaram East,Chennai,Unfurnished,Family,2,Contact Owner
L03427,2022-06-17,2,12000,600,Ground out of 1,Carpet Area,Saidapet,Chennai,Semi-Furnished,Bachelors,2,Contact Owner
L03428,2022-06-10,3,45000,2200,4 out of 4,Super Area,KK Nagar,Chennai,Unfurnished,Bachelors/Family,3,Contact Agent
L03429,2022-05-29,2,10500,950,1 out of 2,Super Area,Madambakkam,Chennai,Semi-Furnished,Bachelors/Family,2,Contact Owner
L03430,2022-06-18,2,6250,700,Ground out of 1,Super Area,Pattabiram,Chennai,Unfurnished,Bachelors/Family,2,Contact Owner
L03431,2022-06-16,1,6000,450,2 out of 4,Super Area,Sholinganallur,Chennai,Semi-Furnished,Bachelors/Family,1,Contact Owner
L03432,2022-06-29,1,7500,150,1 out of 3,Carpet Area,Choolaimedu,Chennai,Unfurnished,Bachelors,1,Contact Owner
L03433,2022-07-04,1,6300,360,Ground out of 1,Super Area,"Erukkancheri, Kodungaiyur West",Chennai,Unfurnished,Bachelors/Family,1,Contact Owner
L03434,2022-06-24,1,7000,750,2 out of 3,Super Area,Mangadu,Chennai,Semi-Furnished,Bachelors/Family,1,Contact Owner
L03435,2022-07-04,2,14000,1065,1 out of 2,Super Area,Madipakkam,Chennai,Semi-Furnished,Family,2,Contact Owner
L03436,2022-06-14,2,10000,650,1 out of 2,Super Area,Tiruvottiyur,Chennai,Unfurnished,Bachelors/Family,2,Contact Owner
L03437,2022-07-10,2,30000,1140,2 out of 16,Carpet Area,Iyyappanthangal,Chennai,Semi-Furnished,Bachelors/Family,2,Contact Agent
L03438,2022-06-07,3,16000,1525,6 out of 29,Carpet Area,Thalambur,Chennai,Semi-Furnished,Family,3,Contact Owner
L03439,2022-06-21,3,22000,1450,8 out of 10,Carpet Area,Old Mahabalipuram Road,Chennai,Furnished,Bachelors/Family,3,Contact Owner
L03440,2022-06-03,2,14000,1200,Ground out of 3,Carpet Area,Siruseri,Chennai,Semi-Furnished,Bachelors,2,Contact Owner
L03441,2022-06-18,2,18000,1100,Ground out of 3,Super Area,"Purasawalkam, PH Road",Chennai,Semi-Furnished,Bachelors/Family,2,Contact Owner
L03442,2022-06-18,2,10500,700,2 out of 3,Super Area,Ponniammanmedu,Chennai,Semi-Furnished,Family,2,Contact Owner
L03443,2022-07-01,1,6000,600,1 out of 2,Carpet Area,"RE Nagar, Porur",Chennai,Unfurnished,Family,1,Contact Owner
L03444,2022-05-31,3,20000,1200,1 out of 2,Carpet Area,Indira Colony,Chennai,Unfurnished,Bachelors/Family,2,Contact Owner
L03445,2022-06-17,3,90000,2100,2 out of 4,Carpet Area,Alwarpet,Chennai,Unfurnished,Bachelors,3,Contact Agent
L03446,2022-05-29,2,13500,950,3 out of 4,Super Area,"Potheri, Kattankulathur",Chennai,Semi-Furnished,Bachelors/Family,2,Contact Owner
L03447,2022-06-23,1,7000,800,2 out of 2,Carpet Area,Jalladian Pet,Chennai,Semi-Furnished,Bachelors/Family,1,Contact Owner
L03448,2022-05-27,2,12500,900,1 out of 1,Carpet Area,Ambattur,Chennai,Unfurnished,Bachelors,2,Contact Owner
L03449,2022-05-06,2,15000,805,Ground out of 2,Super Area,Kodambakkam,Chennai,Semi-Furnished,Bachelors/Family,2,Contact Owner
L03450,2022-06-29,2,14000,800,1 out of 2,Carpet Area,"Vetri Nagar, Perambur",Chennai,Unfurnished,Bachelors,2,Contact Owner
L03451,2022-06-16,2,28000,2300,Ground out of 3,Carpet Area,Velachery,Chennai,Furnished,Bachelors,2,Contact Owner
L03452,2022-05-24,2,9500,1200,Ground out of 1,Super Area,"Moulivakkam, Moulivakkam",Chennai,Semi-Furnished,Bachelors/Family,2,Contact Owner
L03453,2022-06-22,3,16000,1200,1 out of 3,Carpet Area,"Ayyappa Nagar, Pallavaram",Chennai,Semi-Furnished,Bachelors/Family,2,Contact Owner
L03454,2022-07-08,4,120000,4000,9 out of 9,Super Area,Perungudi,Chennai,Semi-Furnished,Bachelors,4,Contact Agent
L03455,2022-06-20,3,20000,1500,Lower Basement out of 1,Carpet Area,Oragadam,Chennai,Unfurnished,Bachelors/Family,2,Contact Owner
L03456,2022-07-06,1,21000,500,7 out of 11,Carpet Area,Pallavaram,Chennai,Furnished,Bachelors/Family,1,Contact Agent
L03457,2022-05-20,2,22000,1050,2 out of 3,Super Area,Velachery,Chennai,Semi-Furnished,Bachelors/Family,2,Contact Owner
L03458,2022-06-17,4,120000,2550,3 out of 4,Carpet Area,"Adyar, Sardar Patel Road",Chennai,Semi-Furnished,Bachelors,4,Contact Agent
L03459,2022-07-07,2,15000,650,1 out of 3,Carpet Area,Kilpauk,Chennai,Unfurnished,Bachelors,2,Contact Owner
L03460,2022-06-10,1,5000,800,1 out of 1,Carpet Area,Kovur,Chennai,Unfurnished,Bachelors/Family,1,Contact Owner
L03461,2022-07-06,2,15000,1000,1 out of 3,Super Area,Iyyappanthangal,Chennai,Unfurnished,Bachelors/Family,2,Contact Owner
L03462,2022-07-06,2,19000,900,2 out of 3,Super Area,Choolaimedu,Chennai,Semi-Furnished,Bachelors/Family,2,Contact Owner
L03463,2022-07-01,3,37500,1475,1 out of 4,Super Area,"Adyar, Sardar Patel Road",Chennai,Semi-Furnished,Bachelors/Family,3,Contact Owner
L03464,2022-06-18,1,8000,360,Lower Basement out of 1,Super Area,Mogappair West,Chennai,Semi-Furnished,Bachelors/Family,1,Contact Owner
L03465,2022-06-15,3,45000,1600,4 out of 4,Carpet Area,"Adyar, Sardar Patel Road",Chennai,Unfurnished,Bachelors/Family,3,Contact Agent
L03466,2022-07-06,1,5000,550,Ground out of 1,Super Area,Perumbakkam,Chennai,Unfurnished,Bachelors/Family,1,Contact Owner
L03467,2022-07-06,3,30000,1800,Ground out of 2,Super Area,Kolathur,Chennai,Unfurnished,Bachelors,2,Contact Owner
L03468,2022-07-01,2,17000,1000,Ground out of 2,Super Area,"Kesari Nagar, Adambakkam",Chennai,Unfurnished,Bachelors/Family,2,Contact Owner
L03469,2022-06-18,2,15000,700,Ground out of 2,Super Area,Karapakkam,Chennai,Furnished,Bachelors/Family,2,Contact Owner
L03470,2022-06-10,1,3500,500,1 out of 2,Super Area,Thirunagar,Chennai,Semi-Furnished,Bachelors/Family,1,Contact Owner
L03471,2022-06-11,3,25000,1132,10 out of 16,Super Area,"Korattur, Jawaharlal Nehru Road",Chennai,Semi-Furnished,Bachelors/Family,2,Contact Agent
L03472,2022-05-06,3,17000,1400,28 out of 31,Carpet Area,Old Mahabalipuram Road,Chennai,Semi-Furnished,Bachelors/Family,3,Contact Owner
L03473,2022-05-05,5,50000,3300,Ground out of 2,Super Area,"Valasaravakkam, Arcot Road",Chennai,Semi-Furnished,Bachelors/Family,5,Contact Owner
L03474,2022-05-13,3,22000,1400,3 out of 4,Carpet Area,Chembarambakkam,Chennai,Semi-Furnished,Bachelors/Family,3,Contact Owner
L03475,2022-04-30,2,12000,800,1 out of 3,Super Area,Ambattur,Chennai,Semi-Furnished,Bachelors/Family,2,Contact Owner
L03476,2022-06-12,3,10000,80,3 out of 3,Carpet Area,Pudupakkam,Chennai,Semi-Furnished,Bachelors/Family,2,Contact Owner
L03477,2022-05-09,3,10000,1000,1 out of 8,Carpet Area,"Kelambakkam, Old Mahabalipuram Road",Chennai,Semi-Furnished,Bachelors/Family,3,Contact Owner
L03478,2022-06-18,2,26000,1020,3 out of 17,Super Area,Vadapalani,Chennai,Semi-Furnished,Bachelors/Family,2,Contact Agent
L03479,2022-07-08,2,9000,500,Ground out of 2,Carpet Area,"Vengaivasal, Medavakkam",Chennai,Furnished,Bachelors/Family,2,Contact Owner
L03480,2022-04-30,2,12000,900,1 out of 2,Super Area,Keelkattalai,Chennai,Furnished,Bachelors/Family,2,Contact Owner
L03481,2022-06-25,2,8500,600,1 out of 2,Carpet Area,58 block,Chennai,Unfurnished,Bachelors/Family,1,Contact Owner
L03482,2022-07-02,2,7000,1100,3 out of 4,Super Area,Old Mahabalipuram Road,Chennai,Unfurnished,Bachelors/Family,2,Contact Owner
L03483,2022-07-07,2,12000,1200,1 out of 1,Carpet Area,mahindra city,Chennai,Unfurnished,Family,3,Contact Owner
L03484,2022-05-30,2,12000,650,2 out of 2,Carpet Area,Old Washermanpet,Chennai,Unfurnished,Bachelors/Family,2,Contact Owner
L03485,2022-06-25,2,26000,900,Ground out of 4,Super Area,Velachery,Chennai,Semi-Furnished,Bachelors/Family,2,Contact Owner
L03486,2022-04-30,3,13000,100,1 out of 2,Carpet Area,Ambattur railway station,Chennai,Unfurnished,Bachelors/Family,2,Contact Owner
L03487,2022-07-06,2,30000,1100,Ground out of 4,Carpet Area,Nandanam Extension,Chennai,Unfurnished,Bachelors/Family,2,Contact Owner
L03488,2022-05-09,2,30000,585,1 out of 5,Super Area,Pallavaram,Chennai,Unfurnished,Bachelors/Family,2,Contact Owner
L03489,2022-06-14,2,12000,740,2 out of 3,Super Area,Madipakkam,Chennai,Unfurnished,Bachelors/Family,2,Contact Owner
L03490,2022-05-20,1,10000,550,2 out of 3,Super Area,Guindy,Chennai,Unfurnished,Bachelors/Family,1,Contact Owner
L03491,2022-05-20,2,13000,786,1 out of 3,Super Area,"Villivakkam, Jawaharlal Nehru Road",Chennai,Furnished,Bachelors/Family,2,Contact Owner
L03492,2022-05-25,2,13000,1100,2 out of 4,Carpet Area,Irumbuliyur,Chennai,Unfurnished,Family,2,Contact Owner
L03493,2022-06-29,3,40000,1500,2 out of 4,Super Area,Virugambakkam,Chennai,Semi-Furnished,Bachelors,3,Contact Agent
L03494,2022-06-29,3,25000,1440,3 out of 6,Carpet Area,Mahindra World City,Chennai,Semi-Furnished,Bachelors/Family,3,Contact Owner
L03495,2022-05-29,1,8000,700,2 out of 2,Super Area,Ayanavaram,Chennai,Semi-Furnished,Bachelors/Family,1,Contact Owner
L03496,2022-06-22,1,6000,450,Ground out of 2,Super Area,Kallikuppam,Chennai,Unfurnished,Bachelors/Family,1,Contact Owner
L03497,2022-06-10,3,17000,1200,1 out of 3,Super Area,Velachery,Chennai,Semi-Furnished,Bachelors/Family,2,Contact Owner
L03498,2022-06-13,3,17000,1785,9 out of 12,Super Area,Old Mahabalipuram Road,Chennai,Semi-Furnished,Family,3,Contact Owner
L03499,2022-06-22,2,15000,1050,1 out of 3,Super Area,Kovilambakkam,Chennai,Semi-Furnished,Bachelors/Family,2,Contact Owner
L03500,2022-06-10,2,8500,700,2 out of 7,Super Area,"Tirumudivakkam, Thiruvanmiyur",Chennai,Semi-Furnished,Bachelors/Family,1,Contact Owner
L03501,2022-04-30,2,8500,450,1 out of 2,Carpet Area,"Suriyammapet, Saidapet",Chennai,Unfurnished,Bachelors/Family,1,Contact Owner
L03502,2022-06-06,2,11000,803,1 out of 2,Super Area,"Moulivakkam, Moulivakkam",Chennai,Semi-Furnished,Bachelors/Family,2,Contact Owner
L03503,2022-06-29,3,60000,1800,9 out of 9,Super Area,in Saligramam,Chennai,Semi-Furnished,Bachelors,3,Contact Agent
L03504,2022-07-06,2,18000,985,1 out of 4,Carpet Area,Selaiyur,Chennai,Unfurnished,Bachelors,2,Contact Owner
L03505,2022-07-10,4,70000,2880,9 out of 19,Super Area,Thoraipakkam,Chennai,Semi-Furnished,Bachelors,3,Contact Agent
L03506,2022-07-03,2,10000,850,2 out of 2,Super Area,Madambakkam,Chennai,Unfurnished,Bachelors,2,Contact Owner
L03507,2022-07-02,3,20000,1100,1 out of 2,Carpet Area,independent Apartment dhandeeshwatam nagar velachery,Chennai,Unfurnished,Bachelors/Family,2,Contact Owner
L03508,2022-05-06,2,16000,1100,Ground out of 2,Super Area,Madipakkam,Chennai,Semi-Furnished,Bachelors/Family,2,Contact Owner
L03509,2022-05-06,2,10000,1500,Ground out of 2,Super Area,"Tambaram, GST Road",Chennai,Furnished,Bachelors/Family,2,Contact Owner
L03510,2022-06-08,3,100000,1975,12 out of 18,Super Area,"Egmore, PH Road",Chennai,Semi-Furnished,Family,3,Contact Agent
L03511,2022-04-30,1,7000,400,1 out of 2,Super Area,"Saraswathi Nagar-Neelankarai, Neelankarai, E Coast Road",Chennai,Unfurnished,Bachelors/Family,1,Contact Owner
L03512,2022-05-06,2,17000,914,Ground out of 2,Super Area,Adambakkam,Chennai,Semi-Furnished,Bachelors/Family,2,Contact Owner
L03513,2022-05-06,2,17000,1000,2 out of 2,Super Area,Velachery,Chennai,Semi-Furnished,Bachelors/Family,2,Contact Owner
L03514,2022-05-06,3,39000,1170,Ground out of 3,Super Area,Teynampet,Chennai,Semi-Furnished,Bachelors/Family,2,Contact Owner
L03515,2022-05-21,1,6500,350,Ground out of 1,Super Area,Mugalivakkam,Chennai,Unfurnished,Bachelors/Family,1,Contact Owner
L03516,2022-06-15,3,15000,1120,1 out of 2,Carpet Area,BHEL Nagar-Medavakkam,Chennai,Unfurnished,Bachelors,2,Contact Owner
L03517,2022-06-22,2,17000,1100,Ground out of 1,Super Area,"Puzhuthivakkam, Madipakkam",Chennai,Unfurnished,Bachelors/Family,2,Contact Owner
L03518,2022-05-06,1,6800,500,Ground out of 3,Super Area,Thiruverkkadu,Chennai,Unfurnished,Bachelors/Family,1,Contact Owner
L03519,2022-05-20,3,110000,1435,5 out of 15,Super Area,Nungambakkam,Chennai,Furnished,Bachelors/Family,3,Contact Owner
L03520,2022-05-25,1,8500,200,1 out of 3,Carpet Area,Arumbakkam,Chennai,Semi-Furnished,Bachelors/Family,1,Contact Owner
L03521,2022-07-10,3,65000,1444,11 out of 14,Super Area,Nungambakkam,Chennai,Semi-Furnished,Bachelors,3,Contact Agent
L03522,2022-06-20,1,7500,350,1 out of 3,Super Area,Kilpauk,Chennai,Semi-Furnished,Bachelors/Family,1,Contact Owner
L03523,2022-05-20,2,10000,800,1 out of 3,Super Area,Perumbakkam,Chennai,Semi-Furnished,Bachelors/Family,2,Contact Owner
L03524,2022-05-25,3,34000,1503,3 out of 7,Carpet Area,Ram Nagar-Nanganallur,Chennai,Semi-Furnished,Family,2,Contact Owner
L03525,2022-06-22,3,17000,1200,Ground out of 2,Super Area,Selaiyur,Chennai,Unfurnished,Bachelors/Family,3,Contact Owner
L03526,2022-06-27,3,23000,900,2 out of 3,Carpet Area,"Loganathan Colony, Mylapore",Chennai,Unfurnished,Bachelors,2,Contact Owner
L03527,2022-05-20,1,17000,625,4 out of 10,Super Area,Iyyappanthangal,Chennai,Semi-Furnished,Bachelors/Family,1,Contact Owner
L03528,2022-05-06,2,8500,860,1 out of 3,Super Area,Vandalur,Chennai,Semi-Furnished,Bachelors/Family,2,Contact Owner
L03529,2022-05-06,2,10000,960,1 out of 2,Super Area,"Chromepet, GST Road",Chennai,Unfurnished,Bachelors/Family,2,Contact Owner
L03530,2022-05-06,2,8000,550,1 out of 3,Super Area,"Perungalathur, Chennai Bypass Road",Chennai,Unfurnished,Bachelors,1,Contact Owner
L03531,2022-05-06,3,30000,1000,Ground out of 2,Super Area,"Egmore, PH Road",Chennai,Semi-Furnished,Bachelors/Family,3,Contact Owner
L03532,2022-05-06,1,15000,520,1 out of 3,Super Area,Vadapalani,Chennai,Semi-Furnished,Bachelors/Family,1,Contact Owner
L03533,2022-06-10,3,25000,1500,1 out of 2,Super Area,Arumbakkam,Chennai,Unfurnished,Bachelors/Family,2,Contact Agent
L03534,2022-05-06,2,16500,966,1 out of 3,Super Area,Kolathur,Chennai,Semi-Furnished,Bachelors/Family,2,Contact Owner
L03535,2022-05-06,3,40000,1400,1 out of 2,Super Area,Semmancheri,Chennai,Semi-Furnished,Bachelors/Family,3,Contact Owner
L03536,2022-05-06,3,15000,1300,2 out of 7,Super Area,Sriperumbudur,Chennai,Semi-Furnished,Bachelors/Family,2,Contact Owner
L03537,2022-06-05,3,12000,1062,2 out of 3,Super Area,Pudupakkam,Chennai,Semi-Furnished,Bachelors/Family,2,Contact Owner
L03538,2022-04-30,3,35000,1850,2 out of 3,Carpet Area,Thoraipakkam,Chennai,Semi-Furnished,Bachelors,3,Contact Owner
L03539,2022-04-30,2,8000,600,2 out of 3,Carpet Area,Ambattur,Chennai,Unfurnished,Bachelors/Family,2,Contact Owner
L03540,2022-06-25,2,11000,1000,1 out of 2,Super Area,Poonamallee,Chennai,Semi-Furnished,Bachelors/Family,2,Contact Owner
L03541,2022-05-25,3,20000,1065,4 out of 5,Super Area,Washermanpet,Chennai,Semi-Furnished,Bachelors/Family,3,Contact Owner
L03542,2022-07-02,3,17000,950,Ground out of 2,Carpet Area,"Kattupakkam, PH Road",Chennai,Unfurnished,Bachelors,3,Contact Owner
L03543,2022-06-10,2,9000,740,1 out of 2,Super Area,Chitlapakkam,Chennai,Unfurnished,Family,2,Contact Owner
L03544,2022-05-25,2,16500,700,Ground out of 3,Super Area,Ashok Nagar,Chennai,Semi-Furnished,Bachelors/Family,2,Contact Owner
L03545,2022-06-19,2,12000,880,1 out of 3,Carpet Area,Thiruneermalai,Chennai,Unfurnished,Family,2,Contact Owner
L03546,2022-05-24,2,12500,890,3 out of 11,Super Area,"Padur, Old Mahabalipuram Road",Chennai,Unfurnished,Bachelors,2,Contact Owner
L03547,2022-07-03,2,25000,1100,2 out of 2,Super Area,Besant Nagar,Chennai,Unfurnished,Bachelors/Family,2,Contact Owner
L03548,2022-05-25,2,15000,700,1 out of 3,Super Area,Ambattur,Chennai,Furnished,Bachelors/Family,2,Contact Owner
L03549,2022-06-10,3,14000,1155,15 out of 19,Super Area,Old Mahabalipuram Road,Chennai,Unfurnished,Bachelors/Family,2,Contact Owner
L03550,2022-06-16,3,72000,1500,2 out of 4,Carpet Area,"R.A Puram, Mandaiveli",Chennai,Semi-Furnished,Bachelors,3,Contact Agent
L03551,2022-06-19,1,10000,550,Ground out of 4,Super Area,Ambattur,Chennai,Unfurnished,Bachelors/Family,1,Contact Owner
L03552,2022-05-25,2,17000,1000,1 out of 5,Super Area,Mogappair East,Chennai,Semi-Furnished,Bachelors/Family,2,Contact Owner
L03553,2022-07-11,2,12000,550,Ground out of 1,Super Area,Choolaimedu,Chennai,Unfurnished,Bachelors/Family,2,Contact Owner
L03554,2022-05-27,3,72000,2900,8 out of 9,Carpet Area,MRC Nagar,Chennai,Semi-Furnished,Bachelors,3,Contact Agent
L03555,2022-05-25,3,26000,2100,1 out of 4,Super Area,Sholinganallur,Chennai,Semi-Furnished,Bachelors/Family,2,Contact Agent
L03556,2022-07-02,2,10500,1000,Ground out of 1,Super Area,"Perungalathur, Chennai Bypass Road",Chennai,Unfurnished,Bachelors/Family,2,Contact Owner
L03557,2022-06-28,2,15000,800,Ground out of 2,Super Area,Anakaputhur,Chennai,Unfurnished,Bachelors/Family,1,Contact Owner
L03558,2022-06-23,2,8500,900,1 out of 1,Carpet Area,"Valasaravakkam, Arcot Road",Chennai,Unfurnished,Bachelors,1,Contact Owner
L03559,2022-07-07,2,10000,800,2 out of 2,Carpet Area,Kovilambakkam,Chennai,Semi-Furnished,Bachelors/Family,2,Contact Owner
L03560,2022-06-14,2,10000,1015,Ground out of 2,Super Area,Poonamallee,Chennai,Semi-Furnished,Bachelors/Family,3,Contact Owner
L03561,2022-06-11,3,25000,1700,7 out of 9,Super Area,"Urapakkam, Vandalur R.F, GST Road",Chennai,Semi-Furnished,Bachelors/Family,3,Contact Owner
L03562,2022-05-12,1,10000,850,Ground out of 1,Super Area,Madambakkam,Chennai,Unfurnished,Bachelors/Family,1,Contact Owner
L03563,2022-06-18,2,13000,1260,Ground out of 1,Super Area,Porur,Chennai,Semi-Furnished,Bachelors/Family,3,Contact Owner
L03564,2022-05-06,2,16000,800,1 out of 2,Super Area,Nanganallur,Chennai,Semi-Furnished,Bachelors/Family,2,Contact Owner
L03565,2022-06-29,1,5000,550,1 out of 1,Carpet Area,5000,Chennai,Unfurnished,Bachelors/Family,1,Contact Owner
L03566,2022-06-17,2,9500,800,1 out of 2,Carpet Area,"Ask Nagar, Adambakkam",Chennai,Semi-Furnished,Bachelors/Family,2,Contact Owner
L03567,2022-06-07,3,18000,1200,1 out of 1,Carpet Area,Nesapakkam,Chennai,Semi-Furnished,Bachelors,2,Contact Owner
L03568,2022-05-19,3,24000,1570,Ground out of 2,Super Area,Selaiyur,Chennai,Semi-Furnished,Bachelors/Family,3,Contact Owner
L03569,2022-06-04,1,6166,570,Ground out of 2,Super Area,Mangadu,Chennai,Semi-Furnished,Bachelors/Family,1,Contact Owner
L03570,2022-07-06,2,20000,900,3 out of 3,Super Area,Anna Nagar West,Chennai,Semi-Furnished,Bachelors/Family,2,Contact Owner
L03571,2022-07-06,2,13000,700,Ground out of 2,Super Area,Chintadripet,Chennai,Unfurnished,Bachelors/Family,2,Contact Owner
L03572,2022-06-29,1,8000,500,Ground out of 1,Super Area,"Villivakkam, Jawaharlal Nehru Road",Chennai,Unfurnished,Bachelors/Family,1,Contact Owner
L03573,2022-05-25,2,18000,1000,1 out of 2,Super Area,Sholinganallur,Chennai,Unfurnished,Bachelors/Family,2,Contact Owner
L03574,2022-05-18,2,20000,700,Ground out of 2,Carpet Area,Mambalam West,Chennai,Unfurnished,Bachelors/Family,2,Contact Owner
L03575,2022-05-06,2,14000,690,Ground out of 2,Super Area,Velachery,Chennai,Unfurnished,Bachelors/Family,1,Contact Owner
L03576,2022-07-03,2,15000,100,2 out of 2,Carpet Area,Mogappair East,Chennai,Semi-Furnished,Family,2,Contact Owner
L03577,2022-07-10,3,25000,1200,9 out of 11,Carpet Area,"Chromepet, GST Road",Chennai,Semi-Furnished,Bachelors/Family,3,Contact Agent
L03578,2022-06-29,2,26000,1200,1 out of 3,Carpet Area,Nungambakkam,Chennai,Semi-Furnished,Bachelors,2,Contact Agent
L03579,2022-06-06,2,9000,800,Ground out of 2,Super Area,Mudichur,Chennai,Unfurnished,Bachelors/Family,2,Contact Owner
L03580,2022-07-10,3,15000,1157,4 out of 8,Super Area,"Kelambakkam, Old Mahabalipuram Road",Chennai,Unfurnished,Bachelors/Family,3,Contact Owner
L03581,2022-05-01,2,15000,780,1 out of 2,Super Area,Velachery,Chennai,Semi-Furnished,Bachelors/Family,2,Contact Owner
L03582,2022-06-18,3,130000,2792,5 out of 9,Super Area,Kellys,Chennai,Furnished,Bachelors/Family,5,Contact Owner
L03583,2022-04-30,1,7500,500,Ground out of 2,Super Area,Pallikaranai,Chennai,Unfurnished,Bachelors/Family,1,Contact Owner
L03584,2022-06-02,2,9500,750,1 out of 3,Super Area,Perumbakkam,Chennai,Unfurnished,Bachelors/Family,2,Contact Owner
L03585,2022-06-02,6,60000,1800,1 out of 3,Super Area,Besant Nagar,Chennai,Furnished,Bachelors/Family,6,Contact Owner
L03586,2022-06-02,1,7000,500,Ground out of 3,Super Area,Koyambedu,Chennai,Semi-Furnished,Bachelors/Family,1,Contact Owner
L03587,2022-06-14,2,23000,1153,15 out of 19,Super Area,Mangadu,Chennai,Semi-Furnished,Family,2,Contact Owner
L03588,2022-07-06,1,18000,500,1 out of 2,Super Area,Anna Nagar,Chennai,Furnished,Bachelors/Family,1,Contact Owner
L03589,2022-07-02,3,18000,1000,7 out of 18,Carpet Area,"Kelambakkam, Old Mahabalipuram Road",Chennai,Unfurnished,Bachelors/Family,2,Contact Owner
L03590,2022-05-06,1,6000,510,1 out of 2,Super Area,"Madhavaram, Guntur Chennai Highway",Chennai,Unfurnished,Bachelors/Family,1,Contact Owner
L03591,2022-05-19,2,13000,730,2 out of 2,Carpet Area,Keelkattalai,Chennai,Semi-Furnished,Family,2,Contact Owner
L03592,2022-05-25,2,15000,950,Ground out of 3,Super Area,Velachery,Chennai,Unfurnished,Bachelors/Family,2,Contact Owner
L03593,2022-05-20,2,10000,730,2 out of 3,Super Area,"Santhosapuram, Medavakkam",Chennai,Semi-Furnished,Bachelors/Family,2,Contact Owner
L03594,2022-07-08,3,22000,1400,1 out of 3,Super Area,"Madhavaram, Guntur Chennai Highway",Chennai,Semi-Furnished,Bachelors/Family,2,Contact Owner
L03595,2022-05-20,2,10000,900,1 out of 3,Super Area,Poonamallee,Chennai,Semi-Furnished,Bachelors/Family,2,Contact Owner
L03596,2022-05-06,1,6500,506,1 out of 2,Super Area,Pallikaranai,Chennai,Unfurnished,Bachelors/Family,1,Contact Owner
L03597,2022-04-30,2,7000,749,2 out of 4,Super Area,Thandalam,Chennai,Unfurnished,Bachelors/Family,2,Contact Owner
L03598,2022-07-08,1,18000,520,2 out of 4,Super Area,T Nagar,Chennai,Semi-Furnished,Bachelors/Family,1,Contact Owner
L03599,2022-06-13,2,7000,850,1 out of 1,Super Area,Padapai,Chennai,Unfurnished,Bachelors/Family,2,Contact Owner
L03600,2022-05-05,2,22000,1000,2 out of 3,Super Area,"Lake Area, Nungambakkam",Chennai,Semi-Furnished,Family,2,Contact Owner
L03601,2022-06-18,1,7000,600,1 out of 1,Super Area,"Kundrathur, Pallavaram Kundrathur Main Road",Chennai,Unfurnished,Bachelors,1,Contact Owner
L03602,2022-06-23,1,15000,1900,3 out of 4,Carpet Area,Kailasapuram-Mylapore,Chennai,Semi-Furnished,Bachelors/Family,1,Contact Owner
L03603,2022-07-03,2,8000,600,1 out of 2,Carpet Area,"Rajakilpakkam, Selaiyur",Chennai,Semi-Furnished,Bachelors/Family,1,Contact Owner
L03604,2022-06-02,1,7000,500,Ground out of 1,Super Area,Selaiyur,Chennai,Unfurnished,Bachelors/Family,1,Contact Owner
L03605,2022-07-08,1,9000,550,1 out of 2,Super Area,Pammal,Chennai,Unfurnished,Bachelors/Family,1,Contact Owner
L03606,2022-07-08,2,9800,1200,Ground out of 4,Super Area,Medavakkam,Chennai,Unfurnished,Bachelors/Family,2,Contact Owner
L03607,2022-05-05,3,14500,1107,4 out of 4,Carpet Area,sspdl Mayfair,Chennai,Semi-Furnished,Bachelors/Family,2,Contact Owner
L03608,2022-07-10,1,15000,550,9 out of 15,Carpet Area,Iyyappanthangal,Chennai,Semi-Furnished,Bachelors/Family,1,Contact Agent
L03609,2022-07-10,2,22000,1150,4 out of 9,Carpet Area,Iyyappanthangal,Chennai,Semi-Furnished,Bachelors/Family,2,Contact Agent
L03610,2022-05-22,2,9000,600,Ground out of 2,Super Area,"Subramaniya Swamy Nagar, Valasaravakkam, Arcot Road",Chennai,Unfurnished,Bachelors/Family,2,Contact Owner
L03611,2022-05-06,3,18000,1235,1 out of 2,Super Area,Perambur,Chennai,Semi-Furnished,Bachelors/Family,2,Contact Owner
L03612,2022-05-25,1,8500,600,Ground out of 3,Super Area,Tharamani,Chennai,Unfurnished,Bachelors/Family,2,Contact Owner
L03613,2022-07-06,1,6500,400,Ground out of 2,Super Area,"Perungalathur, Chennai Bypass Road",Chennai,Semi-Furnished,Bachelors/Family,2,Contact Owner
L03614,2022-07-10,3,40000,1400,3 out of 5,Carpet Area,Nandambakkam,Chennai,Semi-Furnished,Bachelors/Family,3,Contact Agent
L03615,2022-05-03,3,17000,800,2 out of 2,Carpet Area,Royapettah,Chennai,Unfurnished,Bachelors/Family,2,Contact Owner
L03616,2022-06-18,2,12000,700,1 out of 2,Super Area,Maduravoyal,Chennai,Unfurnished,Bachelors/Family,2,Contact Owner
L03617,2022-06-24,2,30000,900,2 out of 4,Carpet Area,Anna Nagar,Chennai,Semi-Furnished,Bachelors/Family,2,Contact Owner
L03618,2022-06-22,1,4000,400,2 out of 3,Super Area,Rani Anna Nagar,Chennai,Unfurnished,Bachelors/Family,1,Contact Owner
L03619,2022-06-02,2,14000,850,2 out of 3,Super Area,Banu Nagar,Chennai,Furnished,Bachelors/Family,2,Contact Owner
L03620,2022-07-06,3,25000,1415,4 out of 13,Super Area,G S T Road,Chennai,Furnished,Bachelors/Family,2,Contact Owner
L03621,2022-05-13,1,8000,281,Ground out of 1,Carpet Area,Thiruvanmiyur,Chennai,Unfurnished,Bachelors/Family,1,Contact Owner
L03622,2022-06-02,1,12500,600,2 out of 4,Super Area,Arumbakkam,Chennai,Furnished,Bachelors/Family,1,Contact Owner
L03623,2022-05-24,5,100000,6000,9 out of 12,Super Area,Navalur,Chennai,Semi-Furnished,Bachelors/Family,4,Contact Agent
L03624,2022-06-24,2,14000,1050,1 out of 1,Carpet Area,Perambur,Chennai,Unfurnished,Bachelors,2,Contact Owner
L03625,2022-06-22,1,7500,390,Ground out of 1,Carpet Area,"Bharath Nagar, Porur",Chennai,Unfurnished,Bachelors/Family,1,Contact Owner
L03626,2022-05-22,3,17500,950,4 out of 4,Carpet Area,chettipunniyam,Chennai,Semi-Furnished,Bachelors/Family,2,Contact Owner
L03627,2022-05-20,3,27000,1500,3 out of 4,Carpet Area,Sholinganallur,Chennai,Semi-Furnished,Family,3,Contact Owner
L03628,2022-05-16,2,16500,200,2 out of 2,Carpet Area,"Purasawalkam, PH Road",Chennai,Unfurnished,Bachelors/Family,2,Contact Owner
L03629,2022-05-23,2,12000,926,2 out of 3,Super Area,Madipakkam,Chennai,Semi-Furnished,Bachelors/Family,2,Contact Owner
L03630,2022-07-08,3,45000,1700,3 out of 3,Carpet Area,Gandhi Nagar Adyar,Chennai,Semi-Furnished,Bachelors,3,Contact Owner
L03631,2022-07-06,2,15000,1068,1 out of 2,Carpet Area,"Kamakoti Nagar, Pallikaranai",Chennai,Semi-Furnished,Family,2,Contact Owner
L03632,2022-05-15,3,14000,1800,Ground out of 2,Carpet Area,"TTK Nagar, Tambaram",Chennai,Semi-Furnished,Family,3,Contact Owner
L03633,2022-07-06,2,17000,590,Ground out of 3,Carpet Area,Mambalam West,Chennai,Semi-Furnished,Bachelors/Family,2,Contact Owner
L03634,2022-07-10,3,34999,1400,2 out of 4,Carpet Area,Virugambakkam,Chennai,Semi-Furnished,Bachelors/Family,3,Contact Agent
L03635,2022-06-18,1,7000,550,Ground out of 3,Carpet Area,Mahindra World City,Chennai,Semi-Furnished,Bachelors/Family,1,Contact Owner
L03636,2022-05-16,1,10500,520,3 out of 4,Super Area,Semmancheri,Chennai,Semi-Furnished,Bachelors/Family,1,Contact Owner
L03637,2022-07-08,2,15000,900,3 out of 4,Super Area,"Valasaravakkam, Arcot Road",Chennai,Semi-Furnished,Bachelors/Family,2,Contact Owner
L03638,2022-07-08,2,10000,700,Ground out of 3,Super Area,Nanmangalam,Chennai,Semi-Furnished,Bachelors/Family,2,Contact Owner
L03639,2022-06-14,1,7000,400,1 out of 2,Super Area,Medavakkam,Chennai,Semi-Furnished,Bachelors/Family,1,Contact Owner
L03640,2022-06-14,4,200000,2280,2 out of 3,Carpet Area,Mylapore,Chennai,Semi-Furnished,Bachelors/Family,4,Contact Agent
L03641,2022-07-04,2,12000,826,1 out of 2,Super Area,Medavakkam,Chennai,Semi-Furnished,Bachelors/Family,2,Contact Owner
L03642,2022-05-06,2,10000,1050,1 out of 2,Super Area,Sembakkam,Chennai,Semi-Furnished,Bachelors/Family,2,Contact Owner
L03643,2022-07-08,2,15000,700,Ground out of 2,Super Area,Alandur,Chennai,Semi-Furnished,Bachelors/Family,2,Contact Owner
L03644,2022-06-02,2,19000,800,1 out of 4,Carpet Area,Thoraipakkam,Chennai,Semi-Furnished,Bachelors/Family,2,Contact Agent
L03645,2022-07-08,2,25000,850,1 out of 15,Super Area,"Old Pallavaram, Alandur",Chennai,Furnished,Bachelors/Family,2,Contact Owner
L03646,2022-05-26,1,10000,502,1 out of 1,Super Area,T Nagar,Chennai,Unfurnished,Bachelors/Family,1,Contact Owner
L03647,2022-06-25,2,13000,925,1 out of 2,Carpet Area,Nest bliss sholinganallur,Chennai,Unfurnished,Bachelors,2,Contact Owner
L03648,2022-05-25,2,12500,500,2 out of 3,Super Area,Kolathur,Chennai,Unfurnished,Bachelors/Family,1,Contact Owner
L03649,2022-05-25,2,10000,950,1 out of 3,Super Area,Adambakkam,Chennai,Unfurnished,Bachelors/Family,2,Contact Owner
L03650,2022-06-02,2,16000,930,1 out of 4,Super Area,Mogappair East,Chennai,Semi-Furnished,Bachelors/Family,2,Contact Owner
L03651,2022-06-14,2,11000,950,1 out of 1,Carpet Area,Menambedu,Chennai,Semi-Furnished,Family,2,Contact Owner
L03652,2022-07-06,2,13000,800,1 out of 1,Carpet Area,"Devi Karumariamman Nagar, Velachery",Chennai,Semi-Furnished,Bachelors/Family,2,Contact Owner
L03653,2022-05-20,2,15000,950,1 out of 2,Super Area,"Neelankarai, E Coast Road",Chennai,Semi-Furnished,Family,1,Contact Owner
L03654,2022-05-20,3,15000,1100,1 out of 1,Carpet Area,"Ponniamman Nagar, Iyyappanthangal",Chennai,Unfurnished,Family,2,Contact Owner
L03655,2022-07-08,2,20000,750,3 out of 4,Super Area,Anna Nagar,Chennai,Unfurnished,Bachelors/Family,3,Contact Owner
L03656,2022-05-29,2,12000,1000,3 out of 5,Super Area,Thalambur,Chennai,Semi-Furnished,Bachelors/Family,2,Contact Owner
L03657,2022-07-06,2,600000,950,1 out of 1,Carpet Area,Vettuvankeni,Chennai,Unfurnished,Bachelors,2,Contact Owner
L03658,2022-06-30,2,11000,800,1 out of 2,Super Area,"Narayanapuram, Kovilambakkam",Chennai,Semi-Furnished,Family,2,Contact Owner
L03659,2022-05-31,1,10000,500,Ground out of 2,Carpet Area,Kodambakkam,Chennai,Unfurnished,Bachelors,1,Contact Agent
L03660,2022-07-10,3,30000,1500,Ground out of 14,Carpet Area,Porur,Chennai,Semi-Furnished,Bachelors/Family,3,Contact Agent
L03661,2022-07-05,1,8000,550,2 out of 2,Super Area,"Padur, Old Mahabalipuram Road",Chennai,Furnished,Bachelors/Family,1,Contact Owner
L03662,2022-06-06,1,7000,400,Ground out of 2,Super Area,Nanmangalam,Chennai,Semi-Furnished,Bachelors/Family,1,Contact Owner
L03663,2022-06-18,1,10000,550,2 out of 3,Carpet Area,"Luz, Mylapore",Chennai,Unfurnished,Bachelors,1,Contact Owner
L03664,2022-05-20,2,9300,730,1 out of 2,Super Area,Ambattur,Chennai,Unfurnished,Bachelors/Family,1,Contact Owner
L03665,2022-05-01,2,10500,1000,1 out of 2,Carpet Area,Kambar Nagar-Kolathur,Chennai,Semi-Furnished,Family,2,Contact Owner
L03666,2022-07-10,2,16000,975,Ground out of 2,Carpet Area,Kovilambakkam,Chennai,Semi-Furnished,Bachelors/Family,2,Contact Agent
L03667,2022-06-05,2,20000,1800,12 out of 19,Super Area,Old Mahabalipuram Road,Chennai,Semi-Furnished,Bachelors/Family,2,Contact Owner
L03668,2022-05-20,2,9000,745,1 out of 2,Super Area,Ambattur,Chennai,Semi-Furnished,Bachelors/Family,2,Contact Owner
L03669,2022-07-06,2,18000,900,1 out of 4,Carpet Area,Medavakkam,Chennai,Semi-Furnished,Family,2,Contact Agent
L03670,2022-05-02,2,10000,600,Ground out of 1,Super Area,"Jaya Nagar, Porur, Chennai Bypass Road",Chennai,Unfurnished,Family,2,Contact Owner
L03671,2022-06-14,2,16000,600,2 out of 2,Super Area,Saidapet,Chennai,Unfurnished,Bachelors/Family,2,Contact Owner
L03672,2022-06-03,1,13500,450,3 out of 4,Carpet Area,Kodambakkam,Chennai,Unfurnished,Bachelors,1,Contact Owner
L03673,2022-05-20,2,16000,1030,2 out of 4,Super Area,Thoraipakkam,Chennai,Semi-Furnished,Bachelors/Family,2,Contact Owner
L03674,2022-06-21,2,8500,833,1 out of 2,Super Area,"Perungalathur, Chennai Bypass Road",Chennai,Unfurnished,Bachelors/Family,2,Contact Owner
L03675,2022-06-18,2,15000,1000,Ground out of 3,Super Area,Madipakkam,Chennai,Semi-Furnished,Bachelors/Family,2,Contact Owner
L03676,2022-06-27,2,8200,840,1 out of 1,Carpet Area,rajakillpakkam,Chennai,Unfurnished,Bachelors/Family,2,Contact Owner
L03677,2022-07-06,2,20000,750,1 out of 5,Carpet Area,Velachery,Chennai,Furnished,Family,2,Contact Owner
L03678,2022-07-06,2,9000,950,2 out of 3,Super Area,"Kattupakkam, PH Road",Chennai,Semi-Furnished,Bachelors/Family,2,Contact Owner
L03679,2022-05-20,1,13500,550,Ground out of 1,Super Area,Anna Nagar,Chennai,Semi-Furnished,Bachelors/Family,1,Contact Owner
L03680,2022-05-05,3,26000,1125,2 out of 3,Super Area,"Purasawalkam, PH Road",Chennai,Semi-Furnished,Bachelors/Family,2,Contact Owner
L03681,2022-06-18,2,11000,700,1 out of 3,Carpet Area,Tiruvottiyur,Chennai,Unfurnished,Bachelors/Family,2,Contact Owner
L03682,2022-06-22,2,18000,1100,1 out of 2,Super Area,"Tambaram West, Tambaram, Chennai Bypass Road",Chennai,Semi-Furnished,Bachelors/Family,2,Contact Owner
L03683,2022-06-02,2,10000,700,Ground out of 2,Super Area,"Kubera Nagar, Madipakkam",Chennai,Unfurnished,Bachelors/Family,2,Contact Owner
L03684,2022-05-17,3,40000,1250,2 out of 4,Carpet Area,T Nagar,Chennai,Semi-Furnished,Bachelors,3,Contact Agent
L03685,2022-06-06,2,24000,1100,Ground out of 3,Super Area,Vadapalani,Chennai,Unfurnished,Bachelors/Family,2,Contact Owner
L03686,2022-05-17,1,18000,475,2 out of 11,Carpet Area,Sholinganallur,Chennai,Semi-Furnished,Bachelors/Family,1,Contact Agent
L03687,2022-06-17,2,11000,530,2 out of 3,Super Area,Jyothi Nagar-Ekkatuthangal,Chennai,Semi-Furnished,Bachelors/Family,1,Contact Owner
L03688,2022-05-19,2,23000,1050,11 out of 12,Carpet Area,Vadapalani,Chennai,Semi-Furnished,Family,2,Contact Agent
L03689,2022-05-18,2,11000,830,Ground out of 2,Super Area,Sembakkam,Chennai,Semi-Furnished,Family,2,Contact Owner
L03690,2022-06-20,2,8000,809,1 out of 2,Super Area,"Chromepet, GST Road",Chennai,Unfurnished,Bachelors/Family,2,Contact Owner
L03691,2022-07-06,2,15000,900,Ground out of 3,Super Area,"Kattupakkam, PH Road",Chennai,Semi-Furnished,Bachelors/Family,2,Contact Owner
L03692,2022-07-06,1,9500,700,Ground out of 2,Super Area,"Santhosapuram, Medavakkam",Chennai,Semi-Furnished,Bachelors/Family,1,Contact Owner
L03693,2022-05-16,2,13500,1150,1 out of 2,Super Area,"Tambaram West, Tambaram, Chennai Bypass Road",Chennai,Semi-Furnished,Bachelors,2,Contact Owner
L03694,2022-05-29,1,11000,750,Ground out of 2,Super Area,Porur Gardens,Chennai,Semi-Furnished,Bachelors/Family,1,Contact Owner
L03695,2022-06-23,2,13000,920,Ground out of 1,Super Area,"Ullagaram, Pallavaram-Thuraipakkam Road",Chennai,Semi-Furnished,Bachelors/Family,2,Contact Owner
L03696,2022-05-19,2,25000,1050,9 out of 12,Carpet Area,Vadapalani,Chennai,Semi-Furnished,Family,2,Contact Agent
L03697,2022-06-14,2,12000,1800,2 out of 3,Super Area,Madambakkam,Chennai,Unfurnished,Bachelors/Family,2,Contact Owner
L03698,2022-06-06,2,25000,1000,1 out of 2,Carpet Area,"Adyar, Sardar Patel Road",Chennai,Semi-Furnished,Bachelors,2,Contact Agent
L03699,2022-05-10,3,8500,1062,1 out of 3,Carpet Area,Siruseri,Chennai,Semi-Furnished,Bachelors/Family,2,Contact Owner
L03700,2022-06-10,2,8500,800,Ground out of 1,Super Area,Ambattur,Chennai,Unfurnished,Bachelors/Family,2,Contact Owner
L03701,2022-06-10,1,5000,450,Ground out of 1,Super Area,Thirumullaivoyal,Chennai,Unfurnished,Bachelors/Family,1,Contact Owner
L03702,2022-05-29,2,8500,900,Ground out of 1,Super Area,"Perungalathur, Chennai Bypass Road",Chennai,Unfurnished,Bachelors/Family,1,Contact Owner
L03703,2022-06-14,4,100000,2240,Ground out of 3,Carpet Area,Anna Nagar,Chennai,Furnished,Bachelors/Family,4,Contact Agent
L03704,2022-05-25,1,7500,500,Ground out of 2,Super Area,Kovur,Chennai,Unfurnished,Bachelors/Family,1,Contact Owner
L03705,2022-06-28,1,7000,750,1 out of 1,Super Area,Pammal,Chennai,Unfurnished,Bachelors/Family,1,Contact Agent
L03706,2022-07-06,3,26000,1400,11 out of 15,Super Area,"Chromepet, GST Road",Chennai,Semi-Furnished,Bachelors/Family,3,Contact Owner
L03707,2022-06-14,2,12000,1200,2 out of 2,Carpet Area,CBI Colony,Chennai,Semi-Furnished,Bachelors,2,Contact Owner
L03708,2022-05-30,2,18000,1424,2 out of 2,Super Area,kumari neo town,Chennai,Semi-Furnished,Bachelors/Family,2,Contact Owner
L03709,2022-05-22,1,13000,450,1 out of 4,Super Area,Arasankalani,Chennai,Unfurnished,Bachelors,1,Contact Owner
L03710,2022-05-29,3,160000,2700,8 out of 10,Super Area,T Nagar,Chennai,Furnished,Bachelors,2,Contact Agent
L03711,2022-06-22,2,8000,805,1 out of 2,Super Area,"Urapakkam, Vandalur R.F, GST Road",Chennai,Unfurnished,Bachelors/Family,2,Contact Owner
L03712,2022-06-15,1,6000,434,Ground out of 3,Super Area,Thirumazhisai,Chennai,Unfurnished,Bachelors/Family,1,Contact Owner
L03713,2022-05-25,2,12500,1000,1 out of 2,Super Area,Perambur,Chennai,Semi-Furnished,Bachelors/Family,2,Contact Owner
L03714,2022-05-30,1,6500,595,1 out of 1,Super Area,"Vengaivasal, Medavakkam",Chennai,Semi-Furnished,Bachelors/Family,1,Contact Owner
L03715,2022-05-29,2,10000,685,Ground out of 2,Super Area,Kolathur,Chennai,Unfurnished,Bachelors/Family,2,Contact Owner
L03716,2022-06-29,2,12500,1075,1 out of 2,Super Area,Teachers's Colony-Lakshmipuram,Chennai,Semi-Furnished,Bachelors/Family,2,Contact Owner
L03717,2022-07-02,3,22000,1100,4 out of 4,Carpet Area,Velachery,Chennai,Semi-Furnished,Bachelors,3,Contact Agent
L03718,2022-05-06,2,17000,950,1 out of 2,Carpet Area,Madipakkam,Chennai,Unfurnished,Family,2,Contact Owner
L03719,2022-07-07,3,20000,1500,19 out of 31,Super Area,Semmenchery,Chennai,Unfurnished,Bachelors,3,Contact Owner
L03720,2022-06-06,3,22000,1100,Ground out of 2,Super Area,Porur,Chennai,Semi-Furnished,Bachelors/Family,2,Contact Owner
L03721,2022-06-23,2,11500,1100,2 out of 2,Carpet Area,"Valasaravakkam, Arcot Road",Chennai,Semi-Furnished,Bachelors,2,Contact Owner
L03722,2022-05-01,3,23000,1000,1 out of 3,Carpet Area,Keelkatalai,Chennai,Unfurnished,Bachelors,3,Contact Owner
L03723,2022-05-20,2,19000,800,2 out of 4,Super Area,Mambalam West,Chennai,Semi-Furnished,Bachelors/Family,2,Contact Owner
L03724,2022-05-20,3,45000,1500,1 out of 3,Super Area,CIT Nagar,Chennai,Semi-Furnished,Bachelors/Family,2,Contact Owner
L03725,2022-06-25,3,17000,1250,2 out of 3,Super Area,Madipakkam,Chennai,Semi-Furnished,Bachelors/Family,2,Contact Owner
L03726,2022-05-01,2,9500,650,1 out of 2,Carpet Area,Pallikaranai,Chennai,Unfurnished,Bachelors/Family,2,Contact Owner
L03727,2022-06-29,3,45000,1650,1 out of 5,Super Area,"Valasaravakkam, Arcot Road",Chennai,Unfurnished,Bachelors/Family,3,Contact Agent
L03728,2022-07-08,4,60000,2317,10 out of 12,Super Area,Sholinganallur,Chennai,Unfurnished,Bachelors/Family,4,Contact Agent
L03729,2022-06-03,2,12000,950,1 out of 2,Super Area,"Radha Nagar, Chrompet",Chennai,Semi-Furnished,Family,2,Contact Owner
L03730,2022-06-14,3,40000,1700,3 out of 5,Super Area,KK Nagar,Chennai,Furnished,Bachelors/Family,3,Contact Owner
L03731,2022-07-09,3,16000,1300,1 out of 2,Super Area,Porur,Chennai,Furnished,Bachelors/Family,2,Contact Owner
L03732,2022-05-30,2,9000,805,1 out of 2,Super Area,Madipakkam,Chennai,Semi-Furnished,Bachelors/Family,2,Contact Owner
L03733,2022-07-08,2,35000,1109,3 out of 3,Super Area,"Adyar, Thiruvanmiyur, Chennai",Chennai,Semi-Furnished,Bachelors/Family,2,Contact Owner
L03734,2022-07-06,1,4000,300,1 out of 2,Super Area,Tiruvottiyur,Chennai,Unfurnished,Bachelors,1,Contact Owner
L03735,2022-07-06,2,11000,700,1 out of 3,Super Area,Tharamani,Chennai,Unfurnished,Bachelors/Family,1,Contact Owner
L03736,2022-06-25,2,9500,950,Ground out of 2,Super Area,"Manali, Manali High Road",Chennai,Semi-Furnished,Bachelors/Family,2,Contact Owner
L03737,2022-06-16,3,25000,1290,4 out of 4,Super Area,Poonamalle,Chennai,Unfurnished,Bachelors/Family,3,Contact Owner
L03738,2022-05-21,2,10000,950,Ground out of 2,Super Area,S.Kolathur,Chennai,Unfurnished,Bachelors/Family,2,Contact Owner
L03739,2022-05-12,1,12000,400,1 out of 3,Super Area,Besant Nagar,Chennai,Furnished,Bachelors/Family,1,Contact Owner
L03740,2022-06-22,2,19397,2000,7 out of 10,Super Area,Guduvancheri,Chennai,Furnished,Bachelors/Family,2,Contact Owner
L03741,2022-07-05,2,12000,939,3 out of 4,Super Area,New Perungalathur,Chennai,Semi-Furnished,Bachelors/Family,2,Contact Owner
L03742,2022-06-04,3,10000,1200,1 out of 3,Carpet Area,Kovur,Chennai,Unfurnished,Bachelors/Family,3,Contact Owner
L03743,2022-05-11,2,20000,1800,1 out of 1,Super Area,"Ambattur Industrial Estate, Chennai Bypass Road",Chennai,Semi-Furnished,Bachelors/Family,2,Contact Owner
L03744,2022-07-10,3,15000,1200,2 out of 5,Carpet Area,Madambakkam,Chennai,Unfurnished,Bachelors/Family,2,Contact Agent
L03745,2022-05-20,2,28000,1200,1 out of 3,Super Area,Kodambakkam,Chennai,Semi-Furnished,Family,2,Contact Owner
L03746,2022-06-12,3,10000,1750,1 out of 1,Super Area,Kuthanur,Chennai,Unfurnished,Bachelors/Family,3,Contact Owner
L03747,2022-07-09,1,3500,300,Ground out of 2,Super Area,Mogappair West,Chennai,Unfurnished,Bachelors/Family,1,Contact Owner
L03748,2022-06-15,1,8000,650,1 out of 3,Carpet Area,Sholinganallur,Chennai,Unfurnished,Bachelors,1,Contact Owner
L03749,2022-05-25,2,13500,950,Ground out of 3,Super Area,Iyyappanthangal,Chennai,Semi-Furnished,Bachelors/Family,2,Contact Owner
L03750,2022-05-19,3,36000,1610,3 out of 14,Super Area,Vadapalani,Chennai,Semi-Furnished,Family,3,Contact Agent
L03751,2022-06-14,2,15000,900,1 out of 2,Super Area,Kodungaiyur East,Chennai,Unfurnished,Bachelors/Family,2,Contact Owner
L03752,2022-05-06,1,5000,550,1 out of 1,Carpet Area,"Tambaram, GST Road",Chennai,Unfurnished,Bachelors/Family,1,Contact Owner
L03753,2022-05-25,2,10000,700,Ground out of 2,Super Area,Nanmangalam,Chennai,Unfurnished,Bachelors/Family,2,Contact Owner
L03754,2022-07-06,2,10000,800,2 out of 3,Super Area,Madipakkam,Chennai,Unfurnished,Bachelors/Family,2,Contact Owner
L03755,2022-06-25,2,8500,580,3 out of 5,Super Area,Sholinganallur,Chennai,Semi-Furnished,Bachelors/Family,2,Contact Owner
L03756,2022-06-26,2,11000,950,1 out of 2,Super Area,Nandanam,Chennai,Semi-Furnished,Bachelors/Family,2,Contact Owner
L03757,2022-05-25,1,8000,700,1 out of 1,Carpet Area,"Nemilichery, Chromepet",Chennai,Unfurnished,Bachelors/Family,1,Contact Owner
L03758,2022-05-25,2,12000,600,Ground out of 3,Super Area,"Bharathidasan Colony, KK Nagar",Chennai,Semi-Furnished,Bachelors/Family,1,Contact Owner
L03759,2022-05-25,1,5000,200,Ground out of 3,Super Area,Mambalam West,Chennai,Semi-Furnished,Bachelors/Family,1,Contact Owner
L03760,2022-05-17,1,7000,600,Ground out of 3,Super Area,Iyyappanthangal,Chennai,Semi-Furnished,Bachelors/Family,1,Contact Owner
L03761,2022-05-17,2,15000,550,Ground out of 3,Super Area,Mylapore,Chennai,Unfurnished,Bachelors/Family,2,Contact Owner
L03762,2022-06-25,1,10000,600,4 out of 5,Super Area,Mugalivakkam,Chennai,Unfurnished,Bachelors/Family,1,Contact Owner
L03763,2022-05-19,3,37500,1680,1 out of 16,Super Area,Vadapalani,Chennai,Semi-Furnished,Family,3,Contact Agent
L03764,2022-06-21,2,7000,1100,1 out of 1,Carpet Area,Kayarambedu,Chennai,Unfurnished,Bachelors/Family,2,Contact Owner
L03765,2022-06-02,1,6500,600,Ground out of 2,Super Area,"Chromepet, GST Road",Chennai,Unfurnished,Bachelors/Family,1,Contact Owner
L03766,2022-05-25,2,16000,820,Ground out of 2,Carpet Area,Purasaiwakkam,Chennai,Semi-Furnished,Family,2,Contact Owner
L03767,2022-05-19,3,34000,1125,8 out of 12,Carpet Area,Vadapalani,Chennai,Semi-Furnished,Family,3,Contact Agent
L03768,2022-07-08,2,11500,973,4 out of 4,Carpet Area,Padapai,Chennai,Semi-Furnished,Family,2,Contact Owner
L03769,2022-06-18,2,15000,780,1 out of 2,Super Area,"Guindy Race Course, Guindy",Chennai,Furnished,Bachelors/Family,1,Contact Owner
L03770,2022-06-13,1,8000,400,Ground out of 1,Super Area,Mannivakkam,Chennai,Unfurnished,Bachelors/Family,1,Contact Owner
L03771,2022-07-10,4,220000,4000,1 out of 2,Super Area,"Poes Garden, Teynampet",Chennai,Semi-Furnished,Bachelors/Family,4,Contact Agent
L03772,2022-05-17,2,22000,1000,2 out of 4,Carpet Area,T Nagar,Chennai,Semi-Furnished,Bachelors/Family,2,Contact Agent
L03773,2022-05-17,3,85000,3500,Ground out of 1,Carpet Area,T Nagar,Chennai,Semi-Furnished,Bachelors/Family,3,Contact Agent
L03774,2022-06-18,1,6000,350,Ground out of 2,Super Area,Maduravoyal,Chennai,Semi-Furnished,Bachelors/Family,1,Contact Owner
L03775,2022-05-03,2,14000,800,2 out of 2,Carpet Area,Choolaimedu High Road,Chennai,Semi-Furnished,Bachelors,2,Contact Owner
L03776,2022-05-01,2,11500,700,Ground out of 2,Super Area,"Paddy field street,Perambur",Chennai,Unfurnished,Bachelors/Family,2,Contact Owner
L03777,2022-07-06,1,6000,550,Ground out of 2,Super Area,"Vimalapuram, Manali",Chennai,Unfurnished,Bachelors/Family,1,Contact Owner
L03778,2022-07-06,3,24000,2100,Ground out of 2,Super Area,Nanmangalam,Chennai,Semi-Furnished,Bachelors/Family,4,Contact Owner
L03779,2022-07-08,3,32000,1700,2 out of 2,Super Area,Perumbakkam,Chennai,Semi-Furnished,Bachelors/Family,3,Contact Owner
L03780,2022-05-17,3,16000,1420,Ground out of 1,Carpet Area,"Rajakipakkam, Sembakkam",Chennai,Semi-Furnished,Bachelors/Family,2,Contact Owner
L03781,2022-07-08,2,13000,950,1 out of 2,Carpet Area,Duraisamy Nagar,Chennai,Semi-Furnished,Bachelors/Family,2,Contact Owner
L03782,2022-07-06,2,14000,780,2 out of 2,Super Area,Pallikaranai,Chennai,Semi-Furnished,Bachelors/Family,2,Contact Owner
L03783,2022-06-23,1,7500,800,1 out of 2,Carpet Area,Jalladian Pet,Chennai,Unfurnished,Bachelors,1,Contact Owner
L03784,2022-05-25,2,10000,500,2 out of 4,Super Area,Koyambedu,Chennai,Semi-Furnished,Bachelors/Family,1,Contact Owner
L03785,2022-05-29,2,18500,1000,25 out of 32,Super Area,Semmancheri,Chennai,Semi-Furnished,Bachelors/Family,2,Contact Owner
L03786,2022-07-10,2,12000,750,2 out of 2,Super Area,Royapettah,Chennai,Unfurnished,Bachelors/Family,2,Contact Owner
L03787,2022-06-22,2,17000,1200,2 out of 2,Carpet Area,Cmbt,Chennai,Unfurnished,Bachelors/Family,2,Contact Owner
L03788,2022-05-19,3,35000,1152,10 out of 14,Carpet Area,Vadapalani,Chennai,Semi-Furnished,Family,3,Contact Agent
L03789,2022-05-25,2,9000,843,2 out of 3,Super Area,Kovur,Chennai,Semi-Furnished,Bachelors/Family,2,Contact Owner
L03790,2022-07-06,2,13000,900,1 out of 3,Super Area,Semmancheri,Chennai,Unfurnished,Bachelors/Family,2,Contact Owner
L03791,2022-07-10,2,27999,1250,2 out of 4,Carpet Area,Nandambakkam,Chennai,Semi-Furnished,Bachelors/Family,2,Contact Agent
L03792,2022-05-13,2,11000,650,2 out of 2,Super Area,Kodambakkam,Chennai,Unfurnished,Bachelors/Family,2,Contact Owner
L03793,2022-07-06,4,140000,2600,2 out of 2,Carpet Area,Ranjith Road,Chennai,Semi-Furnished,Bachelors/Family,4,Contact Agent
L03794,2022-04-28,1,12000,700,Ground out of 2,Super Area,Indra Nagar,Chennai,Unfurnished,Bachelors/Family,1,Contact Owner
L03795,2022-06-22,2,13000,720,1 out of 2,Carpet Area,"Sakthi Nagar, Adambakkam",Chennai,Unfurnished,Family,2,Contact Owner
L03796,2022-07-06,4,250000,3500,1 out of 4,Carpet Area,"Poes Garden, Teynampet",Chennai,Semi-Furnished,Bachelors/Family,4,Contact Agent
L03797,2022-07-05,4,80000,3000,1 out of 2,Carpet Area,"Egmore, PH Road",Chennai,Unfurnished,Bachelors,4,Contact Agent
L03798,2022-07-10,2,22999,1144,1 out of 1,Carpet Area,Iyyappanthangal,Chennai,Semi-Furnished,Bachelors/Family,2,Contact Agent
L03799,2022-06-19,3,36000,1750,1 out of 4,Carpet Area,Anna Nagar,Chennai,Unfurnished,Bachelors,3,Contact Agent
L03800,2022-05-25,3,70000,1450,Ground out of 2,Super Area,Madipakkam,Chennai,Unfurnished,Bachelors/Family,2,Contact Owner
L03801,2022-06-18,2,12500,590,1 out of 2,Super Area,Choolaimedu,Chennai,Unfurnished,Bachelors/Family,1,Contact Owner
L03802,2022-05-01,2,18000,900,2 out of 2,Super Area,Anna Nagar West Extension,Chennai,Semi-Furnished,Bachelors/Family,2,Contact Owner
L03803,2022-05-25,2,10000,800,1 out of 2,Super Area,Ramapuram,Chennai,Semi-Furnished,Bachelors/Family,1,Contact Owner
L03804,2022-06-22,2,18000,1000,1 out of 3,Super Area,Sholinganallur,Chennai,Semi-Furnished,Bachelors/Family,2,Contact Owner
L03805,2022-05-19,3,37000,1650,2 out of 14,Super Area,Vadapalani,Chennai,Semi-Furnished,Family,3,Contact Agent
L03806,2022-05-01,2,18000,700,Ground out of 1,Carpet Area,Thiruvanmiyur,Chennai,Semi-Furnished,Bachelors/Family,2,Contact Owner
L03807,2022-06-25,3,25000,1280,1 out of 1,Super Area,"MAHA BUILDERS, SAIMAA CASTLE, VELACHERY",Chennai,Semi-Furnished,Bachelors/Family,2,Contact Owner
L03808,2022-06-11,2,10000,700,Ground out of 2,Super Area,"Zamin Pallavaram, Pallavaram",Chennai,Unfurnished,Bachelors/Family,2,Contact Owner
L03809,2022-07-01,2,15000,980,1 out of 4,Super Area,Purasaiwakkam,Chennai,Unfurnished,Bachelors/Family,2,Contact Owner
L03810,2022-05-22,2,15000,900,2 out of 2,Carpet Area,Ramapuram,Chennai,Semi-Furnished,Bachelors/Family,2,Contact Owner
L03811,2022-07-06,1,9000,450,1 out of 1,Super Area,Virugambakkam,Chennai,Unfurnished,Family,1,Contact Owner
L03812,2022-07-06,2,14000,1200,2 out of 4,Super Area,Porur,Chennai,Unfurnished,Bachelors/Family,2,Contact Owner
L03813,2022-07-06,2,8500,650,1 out of 2,Super Area,Jalladian Pet,Chennai,Semi-Furnished,Bachelors/Family,2,Contact Owner
L03814,2022-05-19,3,35000,1903,6 out of 11,Super Area,Old Mahabalipuram Road,Chennai,Semi-Furnished,Bachelors/Family,3,Contact Owner
L03815,2022-06-29,2,10000,650,2 out of 3,Super Area,Arcot Road Virugambakkam,Chennai,Semi-Furnished,Bachelors/Family,1,Contact Owner
L03816,2022-05-30,1,5000,450,2 out of 2,Carpet Area,Housing Board,Chennai,Unfurnished,Bachelors/Family,1,Contact Owner
L03817,2022-06-10,2,23000,900,3 out of 5,Carpet Area,besant nagar Chennai,Chennai,Unfurnished,Bachelors,2,Contact Owner
L03818,2022-06-14,2,15000,550,2 out of 3,Super Area,Ashok Nagar,Chennai,Unfurnished,Family,1,Contact Owner
L03819,2022-06-14,2,18500,750,Ground out of 3,Super Area,"Adyar, Sardar Patel Road",Chennai,Semi-Furnished,Bachelors/Family,2,Contact Owner
L03820,2022-05-17,2,28000,1000,2 out of 4,Super Area,Velachery,Chennai,Semi-Furnished,Bachelors/Family,2,Contact Owner
L03821,2022-05-19,3,32000,1050,4 out of 12,Carpet Area,Vadapalani,Chennai,Semi-Furnished,Family,3,Contact Agent
L03822,2022-05-01,1,14000,650,1 out of 3,Carpet Area,"Mattan Kuppam, Triplicane",Chennai,Furnished,Family,2,Contact Owner
L03823,2022-06-02,1,7000,400,1 out of 3,Super Area,Injambakkam,Chennai,Semi-Furnished,Bachelors/Family,1,Contact Owner
L03824,2022-05-19,3,33000,1075,7 out of 12,Carpet Area,Vadapalani,Chennai,Semi-Furnished,Family,3,Contact Agent
L03825,2022-05-27,3,100000,2000,3 out of 14,Carpet Area,Alwarpet,Chennai,Semi-Furnished,Bachelors,3,Contact Agent
L03826,2022-05-29,2,18000,720,4 out of 5,Super Area,Kasturibai Nagar,Chennai,Semi-Furnished,Bachelors/Family,2,Contact Owner
L03827,2022-06-16,3,16000,1000,1 out of 3,Carpet Area,Ponniammanmedu,Chennai,Unfurnished,Bachelors,2,Contact Owner
L03828,2022-05-02,1,8500,500,Ground out of 2,Super Area,Ayanavaram,Chennai,Unfurnished,Bachelors/Family,1,Contact Owner
L03829,2022-06-25,2,10000,900,Ground out of 3,Super Area,Nandivaram-Guduvancheri,Chennai,Furnished,Bachelors/Family,2,Contact Owner
L03830,2022-05-15,2,13500,900,5 out of 7,Super Area,"Singaperumal Koil, Tiruchi Chennai Highway",Chennai,Semi-Furnished,Bachelors/Family,2,Contact Owner
L03831,2022-07-06,2,19000,900,1 out of 3,Super Area,Kodambakkam,Chennai,Semi-Furnished,Bachelors/Family,2,Contact Owner
L03832,2022-07-06,1,11500,1000,1 out of 2,Super Area,Ayappakkam,Chennai,Unfurnished,Bachelors/Family,2,Contact Owner
L03833,2022-07-06,3,22000,1300,1 out of 3,Super Area,Jawahar Nagar,Chennai,Semi-Furnished,Family,3,Contact Owner
L03834,2022-05-27,3,12000,1383,2 out of 4,Super Area,"Perungalathur, Chennai Bypass Road",Chennai,Semi-Furnished,Bachelors,3,Contact Owner
L03835,2022-06-04,2,10000,800,Ground out of 1,Carpet Area,Guduvancheri,Chennai,Semi-Furnished,Bachelors,2,Contact Owner
L03836,2022-05-01,2,15000,1500,1 out of 1,Carpet Area,Madambakkam,Chennai,Unfurnished,Bachelors,2,Contact Owner
L03837,2022-06-21,3,35000,1350,Ground out of 2,Carpet Area,Anna Nagar West Extension,Chennai,Semi-Furnished,Bachelors,2,Contact Agent
L03838,2022-06-06,3,70000,2000,3 out of 4,Carpet Area,"Adyar, Sardar Patel Road",Chennai,Semi-Furnished,Bachelors,3,Contact Agent
L03839,2022-06-21,3,32000,1200,Ground out of 4,Carpet Area,Anna Nagar West Extension,Chennai,Unfurnished,Bachelors,2,Contact Agent
L03840,2022-06-14,3,35000,1912,1 out of 4,Carpet Area,Alwarthirunagar,Chennai,Unfurnished,Bachelors,3,Contact Agent
L03841,2022-07-10,1,10000,500,1 out of 2,Carpet Area,Old Washermanpet,Chennai,Unfurnished,Bachelors,1,Contact Owner
L03842,2022-06-05,2,11000,950,1 out of 1,Super Area,"Iyyappanthangal Bus Stop, Iyyappanthangal, PH Road",Chennai,Unfurnished,Bachelors,2,Contact Owner
L03843,2022-05-17,2,12000,1000,1 out of 1,Carpet Area,Kolathur,Chennai,Unfurnished,Bachelors,2,Contact Owner
L03844,2022-05-06,3,40000,1600,11 out of 16,Carpet Area,Prestige Bellavista,Chennai,Unfurnished,Bachelors,3,Contact Owner
L03845,2022-05-16,2,8000,900,Ground out of 2,Super Area,Sithalapakkam,Chennai,Unfurnished,Bachelors/Family,2,Contact Owner
L03846,2022-05-16,3,20000,1265,1 out of 3,Super Area,Adambakkam,Chennai,Semi-Furnished,Bachelors/Family,2,Contact Owner
L03847,2022-05-24,3,12000,1060,3 out of 4,Super Area,"Urapakkam, Vandalur R.F, GST Road",Chennai,Semi-Furnished,Bachelors/Family,2,Contact Owner
L03848,2022-05-16,2,15000,1050,1 out of 2,Super Area,Medavakkam,Chennai,Semi-Furnished,Bachelors/Family,2,Contact Owner
L03849,2022-06-10,3,27000,1500,2 out of 4,Carpet Area,Perungudi,Chennai,Unfurnished,Bachelors,3,Contact Agent
L03850,2022-05-12,2,13000,890,1 out of 2,Carpet Area,Oliyas Green court,Chennai,Unfurnished,Bachelors,2,Contact Owner
L03851,2022-05-10,2,9000,700,1 out of 2,Carpet Area,Keelkattalai,Chennai,Unfurnished,Bachelors/Family,3,Contact Owner
L03852,2022-07-02,3,25000,1146,1 out of 2,Carpet Area,Chinna Porur,Chennai,Semi-Furnished,Bachelors/Family,2,Contact Owner
L03853,2022-05-20,1,12000,700,1 out of 2,Super Area,Thiruvanmiyur,Chennai,Semi-Furnished,Bachelors/Family,1,Contact Owner
L03854,2022-06-09,2,18000,800,Ground out of 2,Carpet Area,Anna Nagar East,Chennai,Semi-Furnished,Bachelors,2,Contact Agent
L03855,2022-07-05,2,9500,640,Ground out of 1,Carpet Area,Mogappair West,Chennai,Unfurnished,Bachelors/Family,2,Contact Owner
L03856,2022-06-04,2,14000,909,5 out of 14,Super Area,Mahindra World City,Chennai,Semi-Furnished,Bachelors/Family,2,Contact Owner
L03857,2022-06-25,4,40000,2400,Ground out of 2,Carpet Area,"Palavakkam, E Coast Road",Chennai,Unfurnished,Bachelors,3,Contact Agent
L03858,2022-06-25,4,70000,3800,Ground out of 1,Carpet Area,Injambakkam,Chennai,Semi-Furnished,Bachelors/Family,4,Contact Agent
L03859,2022-05-16,2,15000,400,1 out of 3,Super Area,Periyamet,Chennai,Unfurnished,Bachelors/Family,2,Contact Owner
L03860,2022-05-06,2,8500,886,2 out of 3,Super Area,Pallavan Nagar-Thiruverkadu,Chennai,Unfurnished,Family,2,Contact Owner
L03861,2022-05-25,3,27500,1570,4 out of 5,Super Area,Sholinganallur,Chennai,Semi-Furnished,Bachelors/Family,3,Contact Owner
L03862,2022-05-20,2,15000,900,1 out of 2,Super Area,Kolathur,Chennai,Unfurnished,Bachelors/Family,2,Contact Owner
L03863,2022-05-16,1,5000,400,Ground out of 2,Super Area,Medavakkam,Chennai,Unfurnished,Bachelors/Family,1,Contact Owner
L03864,2022-05-16,2,26000,1600,Ground out of 2,Super Area,Madipakkam,Chennai,Semi-Furnished,Bachelors/Family,2,Contact Owner
L03865,2022-05-16,2,14000,1000,2 out of 3,Super Area,"Chromepet, GST Road",Chennai,Unfurnished,Bachelors/Family,2,Contact Owner
L03866,2022-05-12,2,20000,850,Ground out of 4,Super Area,Velachery,Chennai,Semi-Furnished,Bachelors/Family,2,Contact Owner
L03867,2022-06-06,2,12000,750,Ground out of 3,Super Area,Andal Nagar,Chennai,Unfurnished,Bachelors/Family,2,Contact Owner
L03868,2022-06-14,2,17000,750,1 out of 2,Super Area,Kamarajar Salai,Chennai,Unfurnished,Bachelors/Family,2,Contact Owner
L03869,2022-06-14,3,75000,2000,3 out of 4,Carpet Area,Deepa Appartment Turnbulls,Chennai,Semi-Furnished,Bachelors/Family,3,Contact Owner
L03870,2022-05-20,3,19500,1270,1 out of 2,Super Area,Madipakkam,Chennai,Semi-Furnished,Bachelors,2,Contact Owner
L03871,2022-06-28,2,10000,2000,1 out of 2,Carpet Area,Sadhanadhapuram,Chennai,Semi-Furnished,Bachelors/Family,2,Contact Owner
L03872,2022-07-02,2,32000,1250,3 out of 7,Super Area,Nungambakkam,Chennai,Furnished,Bachelors/Family,2,Contact Owner
L03873,2022-05-16,2,15000,1000,Ground out of 2,Super Area,Velachery,Chennai,Unfurnished,Family,2,Contact Owner
L03874,2022-07-10,3,28000,1050,5 out of 10,Carpet Area,Pallavaram,Chennai,Semi-Furnished,Bachelors/Family,3,Contact Agent
L03875,2022-06-22,2,10677,800,5 out of 6,Super Area,"Kelambakkam, Old Mahabalipuram Road",Chennai,Semi-Furnished,Bachelors/Family,2,Contact Owner
L03876,2022-07-01,3,50000,1625,8 out of 11,Super Area,Old Mahabalipuram Road,Chennai,Furnished,Bachelors/Family,3,Contact Agent
L03877,2022-06-17,3,32500,1535,1 out of 2,Super Area,Karapakkam,Chennai,Unfurnished,Bachelors/Family,3,Contact Agent
L03878,2022-05-14,2,23000,850,1 out of 2,Carpet Area,Choolaimedu,Chennai,Furnished,Bachelors/Family,2,Contact Owner
L03879,2022-06-28,4,75000,3800,3 out of 10,Carpet Area,"Financial District, Nanakram Guda",Hyderabad,Semi-Furnished,Bachelors/Family,4,Contact Agent
L03880,2022-06-30,4,250000,4500,Ground out of 2,Carpet Area,Jubilee Hills,Hyderabad,Semi-Furnished,Family,4,Contact Agent
L03881,2022-05-20,2,10000,1100,1 out of 3,Super Area,Meerpet,Hyderabad,Unfurnished,Bachelors/Family,2,Contact Owner
L03882,2022-07-10,3,60000,3200,1 out of 5,Carpet Area,"Himayath Nagar, NH 7",Hyderabad,Semi-Furnished,Bachelors/Family,3,Contact Agent
L03883,2022-05-12,2,12000,647,2 out of 3,Super Area,Moti Nagar,Hyderabad,Unfurnished,Bachelors/Family,1,Contact Owner
L03884,2022-06-21,3,48000,1798,7 out of 14,Super Area,Kondapur,Hyderabad,Semi-Furnished,Bachelors/Family,3,Contact Agent
L03885,2022-07-06,3,58000,1700,11 out of 17,Carpet Area,TNGOS Colony,Hyderabad,Furnished,Bachelors/Family,3,Contact Agent
L03886,2022-05-12,2,14000,930,5 out of 5,Super Area,Langar Houz,Hyderabad,Semi-Furnished,Bachelors/Family,2,Contact Owner
L03887,2022-05-30,1,7000,150,Ground out of 2,Super Area,Musheerabad,Hyderabad,Unfurnished,Bachelors/Family,1,Contact Owner
L03888,2022-04-30,2,13000,1200,3 out of 4,Super Area,Attapur,Hyderabad,Semi-Furnished,Bachelors/Family,2,Contact Owner
L03889,2022-06-11,2,11000,1250,2 out of 3,Super Area,poush,Hyderabad,Unfurnished,Bachelors/Family,2,Contact Owner
L03890,2022-06-10,2,9500,900,3 out of 4,Super Area,Chilakalguda,Hyderabad,Semi-Furnished,Bachelors/Family,2,Contact Owner
L03891,2022-05-14,1,7500,500,2 out of 3,Super Area,Hyderguda,Hyderabad,Semi-Furnished,Bachelors/Family,1,Contact Agent
L03892,2022-07-06,2,14000,900,Ground out of 2,Carpet Area,Karmanghat,Hyderabad,Semi-Furnished,Bachelors,2,Contact Owner
L03893,2022-05-14,2,16000,1100,2 out of 5,Super Area,Hyderguda,Hyderabad,Furnished,Family,2,Contact Agent
L03894,2022-05-14,3,18000,1500,4 out of 5,Super Area,Hyderguda,Hyderabad,Semi-Furnished,Bachelors/Family,3,Contact Agent
L03895,2022-06-10,1,8200,500,1 out of 3,Super Area,Langar Houz,Hyderabad,Unfurnished,Bachelors/Family,1,Contact Owner
L03896,2022-06-24,3,12000,1300,1 out of 4,Carpet Area,"Ghatkesar, NH 2 2",Hyderabad,Furnished,Bachelors/Family,3,Contact Owner
L03897,2022-06-25,1,10000,300,10 out of 31,Super Area,Attapur,Hyderabad,Furnished,Bachelors/Family,1,Contact Owner
L03898,2022-05-16,2,13000,800,1 out of 3,Super Area,Jagadgiri Gutta,Hyderabad,Semi-Furnished,Bachelors/Family,2,Contact Owner
L03899,2022-05-17,3,22000,1400,1 out of 6,Carpet Area,Aruna Colony,Hyderabad,Semi-Furnished,Bachelors/Family,2,Contact Owner
L03900,2022-05-12,1,10500,500,Ground out of 4,Super Area,Kothapet,Hyderabad,Furnished,Bachelors/Family,1,Contact Owner
L03901,2022-05-12,2,11000,750,3 out of 5,Super Area,Fathenagar,Hyderabad,Unfurnished,Bachelors/Family,2,Contact Owner
L03902,2022-05-12,3,20000,1200,2 out of 4,Super Area,"Abids, NH 7",Hyderabad,Semi-Furnished,Bachelors/Family,3,Contact Owner
L03903,2022-06-03,3,14000,1350,3 out of 4,Carpet Area,"Gayatri Hills, Jubilee Hills",Hyderabad,Semi-Furnished,Bachelors/Family,2,Contact Owner
L03904,2022-05-06,2,12500,1400,Ground out of 4,Super Area,Nizampet,Hyderabad,Unfurnished,Bachelors/Family,2,Contact Owner
L03905,2022-06-22,1,10500,450,3 out of 5,Super Area,Madhapur,Hyderabad,Unfurnished,Bachelors/Family,1,Contact Owner
L03906,2022-06-22,3,30000,2061,1 out of 6,Super Area,Puppalaguda,Hyderabad,Furnished,Bachelors/Family,3,Contact Owner
L03907,2022-06-27,2,11000,100,2 out of 3,Super Area,Mehdipatnam,Hyderabad,Furnished,Family,2,Contact Owner
L03908,2022-06-26,2,9000,1100,2 out of 2,Super Area,"Vanasthalipuram, NH 9",Hyderabad,Semi-Furnished,Bachelors/Family,2,Contact Owner
L03909,2022-05-28,3,35000,1650,5 out of 5,Carpet Area,Kondapur,Hyderabad,Semi-Furnished,Family,3,Contact Owner
L03910,2022-07-05,3,23382,1500,1 out of 1,Super Area,"Alkapur Township, Manikonda, Outer Ring Road",Hyderabad,Semi-Furnished,Bachelors/Family,3,Contact Owner
L03911,2022-06-10,2,9500,1140,3 out of 4,Super Area,Nizampet,Hyderabad,Semi-Furnished,Bachelors/Family,2,Contact Owner
L03912,2022-05-06,2,9000,990,Ground out of 1,Super Area,"Boduppal, NH 2 2",Hyderabad,Unfurnished,Bachelors,2,Contact Owner
L03913,2022-05-06,3,60000,1700,7 out of 17,Super Area,Gachibowli,Hyderabad,Semi-Furnished,Bachelors/Family,3,Contact Owner
L03914,2022-06-22,2,11000,1200,2 out of 4,Super Area,Bandlaguda Jagir,Hyderabad,Unfurnished,Bachelors/Family,2,Contact Owner
L03915,2022-06-22,2,11000,850,1 out of 3,Super Area,Mehdipatnam,Hyderabad,Unfurnished,Bachelors/Family,2,Contact Owner
L03916,2022-06-22,2,11000,900,2 out of 3,Super Area,Musheerabad,Hyderabad,Unfurnished,Bachelors/Family,2,Contact Owner
L03917,2022-05-12,2,8000,800,Ground out of 2,Super Area,Gopanapalli,Hyderabad,Semi-Furnished,Bachelors/Family,2,Contact Owner
L03918,2022-06-17,2,9000,1000,1 out of 2,Super Area,Hydershakote,Hyderabad,Unfurnished,Bachelors,2,Contact Owner
L03919,2022-06-19,2,8000,1020,3 out of 4,Super Area,Hydershakote,Hyderabad,Semi-Furnished,Bachelors/Family,2,Contact Owner
L03920,2022-05-25,1,5500,300,Ground out of 3,Super Area,Ameenpur,Hyderabad,Unfurnished,Bachelors/Family,1,Contact Owner
L03921,2022-06-10,2,12000,1800,Ground out of 2,Super Area,"Quthbullapur, NH 7",Hyderabad,Semi-Furnished,Bachelors/Family,2,Contact Owner
L03922,2022-07-03,3,25000,919,8 out of 13,Carpet Area,"Rajendra Nagar, Outer Ring Road",Hyderabad,Semi-Furnished,Bachelors/Family,2,Contact Owner
L03923,2022-05-31,3,23000,25,5 out of 6,Carpet Area,"Sanath Nagar, NH 9",Hyderabad,Semi-Furnished,Bachelors/Family,3,Contact Owner
L03924,2022-06-16,2,12000,1050,1 out of 3,Super Area,Bandlaguda Jagir,Hyderabad,Semi-Furnished,Bachelors/Family,2,Contact Owner
L03925,2022-05-10,2,6500,200,Ground out of 1,Carpet Area,Dammaiguda,Hyderabad,Unfurnished,Bachelors,2,Contact Owner
L03926,2022-06-25,1,9000,450,1 out of 4,Super Area,Moti Nagar,Hyderabad,Unfurnished,Bachelors/Family,1,Contact Owner
L03927,2022-04-30,4,25000,1000,15 out of 20,Super Area,"Narsingi, Outer Ring Road",Hyderabad,Semi-Furnished,Bachelors/Family,3,Contact Owner
L03928,2022-07-01,3,12500,1250,2 out of 5,Carpet Area,Kompally,Hyderabad,Semi-Furnished,Bachelors,2,Contact Owner
L03929,2022-07-06,3,45000,1900,9 out of 15,Carpet Area,"Financial District, Nanakram Guda",Hyderabad,Unfurnished,Bachelors,3,Contact Agent
L03930,2022-05-25,2,27000,1500,Ground out of 4,Super Area,"Banjara Hills, NH 9",Hyderabad,Semi-Furnished,Bachelors/Family,2,Contact Owner
L03931,2022-07-06,3,75000,2395,14 out of 17,Carpet Area,"Vittal Rao Nagar, Hitech City",Hyderabad,Semi-Furnished,Family,3,Contact Agent
L03932,2022-05-18,2,9000,1800,1 out of 1,Super Area,"Basheer Bagh, Hyderabad,",Hyderabad,Furnished,Bachelors/Family,2,Contact Owner
L03933,2022-06-09,2,12000,700,3 out of 3,Carpet Area,BHEL,Hyderabad,Unfurnished,Bachelors/Family,2,Contact Owner
L03934,2022-07-06,3,24000,1700,4 out of 5,Super Area,"Alkapur Township, Manikonda, Outer Ring Road",Hyderabad,Unfurnished,Family,2,Contact Agent
L03935,2022-05-06,2,15000,1200,2 out of 3,Super Area,"Rasoolpura, Mahatma Gandhi Road",Hyderabad,Unfurnished,Bachelors,2,Contact Owner
L03936,2022-06-05,3,24000,1600,3 out of 5,Carpet Area,"Miyapur, NH 9",Hyderabad,Semi-Furnished,Bachelors/Family,3,Contact Owner
L03937,2022-06-25,2,12000,745,8 out of 9,Super Area,Sainikpuri,Hyderabad,Unfurnished,Bachelors/Family,2,Contact Owner
L03938,2022-06-26,3,27000,2210,4 out of 5,Super Area,"Nallagandla, Serilingampally",Hyderabad,Semi-Furnished,Family,3,Contact Owner
L03939,2022-05-06,3,30000,1450,9 out of 13,Carpet Area,"Chandanagar, NH 9",Hyderabad,Semi-Furnished,Bachelors/Family,3,Contact Owner
L03940,2022-05-29,3,20000,1400,3 out of 4,Super Area,Narayanaguda,Hyderabad,Semi-Furnished,Family,3,Contact Owner
L03941,2022-04-29,3,22000,2000,Upper Basement out of 3,Carpet Area,A 307 Blossom Heights,Hyderabad,Furnished,Bachelors,3,Contact Owner
L03942,2022-06-10,4,25000,1815,2 out of 5,Super Area,Old Bowenpally,Hyderabad,Semi-Furnished,Bachelors/Family,3,Contact Owner
L03943,2022-04-30,2,23000,1000,Upper Basement out of 3,Super Area,"Banjara Hills, NH 9",Hyderabad,Semi-Furnished,Bachelors/Family,1,Contact Owner
L03944,2022-05-24,2,12000,1000,3 out of 3,Super Area,in Maruthi Nagar-Dr A.S. Rao Nagar,Hyderabad,Unfurnished,Bachelors/Family,2,Contact Owner
L03945,2022-05-12,2,18000,1200,5 out of 6,Super Area,Chanda Nagar,Hyderabad,Unfurnished,Bachelors/Family,3,Contact Owner
L03946,2022-06-02,3,55000,2430,7 out of 9,Super Area,Gachibowli,Hyderabad,Semi-Furnished,Bachelors,3,Contact Agent
L03947,2022-05-20,1,5000,140,2 out of 3,Super Area,Malkajgiri,Hyderabad,Unfurnished,Bachelors/Family,1,Contact Owner
L03948,2022-07-05,2,13000,1200,2 out of 5,Super Area,Nacharam,Hyderabad,Semi-Furnished,Bachelors/Family,2,Contact Owner
L03949,2022-05-20,2,9000,1100,2 out of 4,Super Area,"Boduppal, NH 2 2",Hyderabad,Unfurnished,Bachelors/Family,3,Contact Owner
L03950,2022-06-04,2,7000,800,1 out of 3,Carpet Area,"Buddha Nagar Colony, Boduppal",Hyderabad,Unfurnished,Bachelors,2,Contact Owner
L03951,2022-06-02,3,28000,1500,3 out of 5,Super Area,"Banjara Hills, NH 9",Hyderabad,Semi-Furnished,Bachelors/Family,3,Contact Owner
L03952,2022-06-14,2,15000,1200,2 out of 5,Super Area,Amberpet,Hyderabad,Semi-Furnished,Bachelors/Family,2,Contact Owner
L03953,2022-06-28,3,14000,1350,2 out of 5,Super Area,KTR Colony,Hyderabad,Semi-Furnished,Bachelors/Family,3,Contact Owner
L03954,2022-05-23,5,45000,2300,3 out of 5,Carpet Area,Narayanguda,Hyderabad,Unfurnished,Bachelors,3,Contact Owner
L03955,2022-06-22,1,12000,1300,2 out of 4,Super Area,Alwal,Hyderabad,Furnished,Bachelors/Family,2,Contact Owner
L03956,2022-05-12,2,12500,1000,3 out of 4,Super Area,"Upparpally, Hyderabad Expressway",Hyderabad,Semi-Furnished,Bachelors/Family,2,Contact Owner
L03957,2022-06-04,2,13000,1210,4 out of 5,Super Area,Nizampet,Hyderabad,Unfurnished,Bachelors/Family,2,Contact Owner
L03958,2022-05-16,2,9500,1050,2 out of 3,Super Area,"Bollaram, Outer Ring Road",Hyderabad,Unfurnished,Bachelors/Family,2,Contact Owner
L03959,2022-07-10,3,35000,1600,8 out of 10,Carpet Area,"Nallagandla, Serilingampally",Hyderabad,Semi-Furnished,Family,3,Contact Agent
L03960,2022-04-30,1,4000,300,3 out of 3,Super Area,in Syed Ali Guda,Hyderabad,Unfurnished,Bachelors/Family,1,Contact Owner
L03961,2022-05-12,1,8000,300,4 out of 4,Super Area,"Mallepally, NH 7",Hyderabad,Semi-Furnished,Bachelors/Family,1,Contact Owner
L03962,2022-07-08,2,12500,1010,5 out of 5,Carpet Area,ECIL,Hyderabad,Unfurnished,Bachelors,2,Contact Owner
L03963,2022-07-08,3,65000,1850,5 out of 5,Carpet Area,"Patrika Nagar, Hitech City",Hyderabad,Furnished,Bachelors,3,Contact Owner
L03964,2022-06-24,2,13000,1300,Ground out of 3,Carpet Area,"Ramanthapur, NH 2 2",Hyderabad,Semi-Furnished,Bachelors,2,Contact Owner
L03965,2022-06-23,2,12500,1100,3 out of 3,Carpet Area,Chanda Nagar,Hyderabad,Unfurnished,Bachelors,2,Contact Owner
L03966,2022-07-10,3,45000,2200,3 out of 5,Carpet Area,"Himayath Nagar, NH 7",Hyderabad,Semi-Furnished,Bachelors/Family,3,Contact Agent
L03967,2022-06-17,1,6000,500,5 out of 5,Built Area,Seri Lingampally,Hyderabad,Unfurnished,Bachelors/Family,1,Contact Owner
L03968,2022-07-06,3,50000,2290,4 out of 24,Super Area,"Nallagandla, Serilingampally",Hyderabad,Semi-Furnished,Bachelors,3,Contact Agent
L03969,2022-07-10,3,40000,1900,4 out of 5,Carpet Area,"Himayath Nagar, NH 7",Hyderabad,Semi-Furnished,Bachelors/Family,3,Contact Agent
L03970,2022-07-10,3,30000,1600,2 out of 5,Carpet Area,"Himayath Nagar, NH 7",Hyderabad,Semi-Furnished,Bachelors/Family,3,Contact Agent
L03971,2022-04-30,2,7000,800,2 out of 3,Super Area,Chandrayanguttabalguda,Hyderabad,Unfurnished,Bachelors/Family,1,Contact Owner
L03972,2022-07-06,3,25000,1600,2 out of 5,Super Area,"Sanath Nagar, NH 9",Hyderabad,Furnished,Bachelors/Family,3,Contact Owner
L03973,2022-06-02,1,9000,500,1 out of 5,Super Area,"Miyapur, NH 9",Hyderabad,Unfurnished,Bachelors/Family,1,Contact Owner
L03974,2022-05-16,3,16000,1500,2 out of 3,Carpet Area,"Pragathi Nagar, Kukatpally",Hyderabad,Furnished,Family,3,Contact Owner
L03975,2022-05-06,1,10500,650,1 out of 3,Super Area,"Banjara Hills, NH 9",Hyderabad,Semi-Furnished,Bachelors/Family,1,Contact Owner
L03976,2022-07-06,4,100000,3300,Ground out of 14,Carpet Area,"Vittal Rao Nagar, Hitech City",Hyderabad,Semi-Furnished,Family,4,Contact Agent
L03977,2022-06-26,2,9000,1200,Ground out of 1,Super Area,"Boduppal, NH 2 2",Hyderabad,Unfurnished,Bachelors/Family,2,Contact Owner
L03978,2022-06-14,2,11000,800,2 out of 3,Super Area,Ram nagar,Hyderabad,Semi-Furnished,Bachelors/Family,2,Contact Owner
L03979,2022-05-06,3,24000,1200,1 out of 3,Super Area,"Kachiguda, NH 2 2",Hyderabad,Semi-Furnished,Bachelors/Family,4,Contact Owner
L03980,2022-05-06,2,12000,1000,2 out of 3,Super Area,"Nallagandla, Serilingampally",Hyderabad,Unfurnished,Bachelors/Family,1,Contact Owner
L03981,2022-07-02,2,20000,1600,1 out of 2,Super Area,Kothapet,Hyderabad,Unfurnished,Family,3,Contact Owner
L03982,2022-07-03,2,24000,1200,1 out of 3,Carpet Area,Dr A.S. Rao Nagar,Hyderabad,Furnished,Bachelors/Family,2,Contact Owner
L03983,2022-07-05,2,12000,1100,2 out of 2,Super Area,"Balapur X road,Triveni nagar",Hyderabad,Semi-Furnished,Bachelors/Family,2,Contact Owner
L03984,2022-07-10,3,12000,1250,2 out of 6,Carpet Area,Alwal,Hyderabad,Semi-Furnished,Family,3,Contact Owner
L03985,2022-06-25,2,10000,1100,Ground out of 2,Carpet Area,Gajularamaram,Hyderabad,Unfurnished,Bachelors/Family,2,Contact Owner
L03986,2022-07-08,2,45000,1600,1 out of 6,Super Area,Kattedan Rd,Hyderabad,Furnished,Bachelors/Family,2,Contact Owner
L03987,2022-06-16,2,22000,1000,2 out of 2,Super Area,Gachibowli,Hyderabad,Semi-Furnished,Bachelors/Family,2,Contact Owner
L03988,2022-05-06,1,6500,455,2 out of 3,Super Area,Bandlaguda Jagir,Hyderabad,Unfurnished,Bachelors/Family,1,Contact Owner
L03989,2022-05-25,3,40000,1473,23 out of 23,Super Area,"Kukatpally, NH 9",Hyderabad,Furnished,Bachelors/Family,2,Contact Owner
L03990,2022-07-02,5,300000,4050,Ground out of 5,Super Area,"Bandlaguda Jagir,, Hyderabad",Hyderabad,Unfurnished,Bachelors/Family,4,Contact Owner
L03991,2022-06-25,1,4000,400,Ground out of 1,Super Area,Borabanda,Hyderabad,Unfurnished,Bachelors/Family,1,Contact Owner
L03992,2022-06-29,2,12000,1300,1 out of 2,Super Area,"Gandhamguda, Bairagiguda",Hyderabad,Semi-Furnished,Bachelors/Family,2,Contact Owner
L03993,2022-07-06,4,27000,2520,2 out of 2,Carpet Area,Defence Colony Layout,Hyderabad,Semi-Furnished,Family,5,Contact Owner
L03994,2022-06-22,1,10000,500,2 out of 5,Super Area,Gachibowli,Hyderabad,Furnished,Bachelors/Family,1,Contact Owner
L03995,2022-05-06,2,10000,200,Ground out of 2,Super Area,"Pathar Gatti, NH 7",Hyderabad,Unfurnished,Bachelors/Family,1,Contact Owner
L03996,2022-05-12,2,10000,1200,Ground out of 1,Super Area,Upperpally,Hyderabad,Unfurnished,Bachelors/Family,2,Contact Owner
L03997,2022-07-07,3,18000,1950,2 out of 5,Super Area,Toli Chowki,Hyderabad,Semi-Furnished,Bachelors/Family,3,Contact Owner
L03998,2022-07-10,1,14500,500,2 out of 5,Carpet Area,Kondapur,Hyderabad,Semi-Furnished,Bachelors,1,Contact Agent
L03999,2022-05-01,1,9000,500,3 out of 3,Super Area,"Miyapur, NH 9",Hyderabad,Unfurnished,Bachelors/Family,3,Contact Owner
L04000,2022-07-06,2,14000,1150,1 out of 3,Super Area,Bandlaguda Jagir,Hyderabad,Furnished,Bachelors/Family,2,Contact Owner
L04001,2022-06-02,2,18000,242,Ground out of 4,Super Area,"APHB Colony-Moula Ali, Moula Ali Road",Hyderabad,Unfurnished,Bachelors/Family,2,Contact Owner
L04002,2022-07-02,2,9500,720,5 out of 7,Carpet Area,"Pocharam, NH 2 2",Hyderabad,Semi-Furnished,Bachelors/Family,2,Contact Owner
L04003,2022-06-10,3,49000,1800,19 out of 30,Super Area,Nanakram Guda,Hyderabad,Unfurnished,Bachelors,3,Contact Agent
L04004,2022-05-13,1,9000,450,1 out of 3,Super Area,"Chandulal bela colony, shahalibanda",Hyderabad,Semi-Furnished,Bachelors/Family,1,Contact Owner
L04005,2022-05-06,2,130000,130,1 out of 1,Super Area,Lal Darwaza,Hyderabad,Unfurnished,Bachelors/Family,2,Contact Owner
L04006,2022-06-02,2,8000,690,2 out of 4,Super Area,New Malakpet,Hyderabad,Unfurnished,Bachelors/Family,2,Contact Owner
L04007,2022-05-06,2,13000,1000,2 out of 4,Super Area,Madhapur,Hyderabad,Furnished,Bachelors/Family,2,Contact Owner
L04008,2022-05-06,3,18000,1500,Ground out of 4,Super Area,Shivaji Nagar,Hyderabad,Semi-Furnished,Bachelors/Family,2,Contact Owner
L04009,2022-05-29,3,18000,1150,Ground out of 6,Super Area,New Nallakunta,Hyderabad,Semi-Furnished,Bachelors/Family,3,Contact Owner
L04010,2022-05-29,3,32000,1783,1 out of 5,Super Area,Gopanapalli,Hyderabad,Semi-Furnished,Bachelors/Family,2,Contact Owner
L04011,2022-05-25,2,15000,900,1 out of 3,Super Area,Santosh Nagar,Hyderabad,Unfurnished,Bachelors/Family,2,Contact Owner
L04012,2022-07-06,3,35000,1725,2 out of 13,Super Area,"Narsingi, Outer Ring Road",Hyderabad,Furnished,Bachelors/Family,3,Contact Owner
L04013,2022-05-25,1,6000,680,Ground out of 3,Carpet Area,Bapu Nagar-Langar Houz,Hyderabad,Unfurnished,Bachelors/Family,1,Contact Owner
L04014,2022-06-06,1,9000,550,2 out of 3,Super Area,"Uppal, NH 2 2",Hyderabad,Semi-Furnished,Bachelors/Family,1,Contact Owner
L04015,2022-05-25,2,9500,1290,1 out of 2,Super Area,"Jillelguda, Medbowli",Hyderabad,Semi-Furnished,Bachelors/Family,2,Contact Owner
L04016,2022-05-10,2,12500,1450,Ground out of 2,Super Area,"Arvind Nagar Colony, Toli Chowki",Hyderabad,Semi-Furnished,Bachelors/Family,2,Contact Owner
L04017,2022-05-06,2,25000,1300,3 out of 3,Super Area,Madhapur,Hyderabad,Semi-Furnished,Bachelors/Family,2,Contact Owner
L04018,2022-05-12,2,15000,1450,2 out of 4,Super Area,Nagole,Hyderabad,Semi-Furnished,Bachelors/Family,2,Contact Owner
L04019,2022-07-06,3,38000,1496,10 out of 15,Carpet Area,Kondapur,Hyderabad,Semi-Furnished,Bachelors,2,Contact Agent
L04020,2022-05-31,3,20000,1850,1 out of 5,Super Area,Kompally,Hyderabad,Semi-Furnished,Family,2,Contact Owner
L04021,2022-06-14,3,15000,1600,2 out of 4,Carpet Area,Old Bowenpally,Hyderabad,Semi-Furnished,Bachelors/Family,3,Contact Owner
L04022,2022-07-06,3,130000,3500,3 out of 5,Carpet Area,Jubilee Hills,Hyderabad,Semi-Furnished,Family,3,Contact Agent
L04023,2022-07-08,3,27000,1850,5 out of 6,Super Area,"Red Hills, Lakdikapul, NH 7",Hyderabad,Semi-Furnished,Bachelors/Family,3,Contact Owner
L04024,2022-07-02,2,16000,1210,3 out of 5,Super Area,Secunderabad,Hyderabad,Unfurnished,Bachelors/Family,2,Contact Owner
L04025,2022-06-06,2,13000,1400,Ground out of 1,Super Area,"Mallampet, Outer Ring Road",Hyderabad,Semi-Furnished,Bachelors/Family,2,Contact Owner
L04026,2022-06-04,2,10000,950,Ground out of 4,Super Area,"Uppal, NH 2 2",Hyderabad,Semi-Furnished,Bachelors/Family,2,Contact Owner
L04027,2022-06-22,2,10000,878,3 out of 4,Super Area,Malkajgiri,Hyderabad,Semi-Furnished,Bachelors/Family,2,Contact Owner
L04028,2022-05-06,2,17000,875,2 out of 6,Super Area,"Bolarum, Medchal Road",Hyderabad,Unfurnished,Bachelors/Family,2,Contact Owner
L04029,2022-06-02,2,12500,300,3 out of 4,Super Area,"Vanasthalipuram, NH 9",Hyderabad,Furnished,Bachelors/Family,2,Contact Owner
L04030,2022-06-14,3,25000,1800,4 out of 5,Super Area,Nizampet,Hyderabad,Furnished,Bachelors/Family,3,Contact Owner
L04031,2022-07-02,3,35000,1956,1 out of 9,Super Area,"Miyapur, NH 9",Hyderabad,Semi-Furnished,Bachelors,3,Contact Owner
L04032,2022-05-25,2,12000,800,2 out of 4,Super Area,"Kachiguda, NH 2 2",Hyderabad,Unfurnished,Bachelors/Family,1,Contact Owner
L04033,2022-05-29,2,12000,1175,5 out of 5,Super Area,Shamirpet,Hyderabad,Unfurnished,Bachelors/Family,2,Contact Owner
L04034,2022-06-25,2,15000,1080,3 out of 4,Super Area,Anupuram Colony,Hyderabad,Semi-Furnished,Bachelors/Family,2,Contact Owner
L04035,2022-07-06,3,45000,1955,1 out of 19,Super Area,Kondapur,Hyderabad,Unfurnished,Bachelors,3,Contact Agent
L04036,2022-07-06,2,20000,950,1 out of 5,Super Area,Masab Tank,Hyderabad,Unfurnished,Bachelors/Family,2,Contact Owner
L04037,2022-07-02,2,15000,800,2 out of 3,Super Area,Mehdipatnam,Hyderabad,Unfurnished,Bachelors/Family,2,Contact Owner
L04038,2022-05-06,2,10000,1090,2 out of 4,Super Area,"Hyder Shah Kote, Chevella Road",Hyderabad,Unfurnished,Bachelors/Family,2,Contact Owner
L04039,2022-07-09,3,15000,1450,2 out of 5,Carpet Area,Bandari Layout,Hyderabad,Semi-Furnished,Family,3,Contact Owner
L04040,2022-07-07,2,19800,1070,3 out of 4,Carpet Area,KPHB Road,Hyderabad,Semi-Furnished,Bachelors/Family,2,Contact Owner
L04041,2022-05-06,2,8500,60,3 out of 5,Super Area,"Gulmohar Park Colony, Serilingampally",Hyderabad,Unfurnished,Bachelors/Family,2,Contact Owner
L04042,2022-07-06,4,130000,3133,14 out of 14,Carpet Area,"Vittal Rao Nagar, Hitech City",Hyderabad,Furnished,Family,5,Contact Agent
L04043,2022-07-10,1,8500,900,2 out of 2,Carpet Area,in Trimulgherry,Hyderabad,Unfurnished,Family,1,Contact Owner
L04044,2022-05-16,1,4500,60,1 out of 2,Super Area,"Hayathnagar, NH 9",Hyderabad,Semi-Furnished,Bachelors/Family,1,Contact Owner
L04045,2022-06-10,2,9000,600,3 out of 4,Super Area,Kapra,Hyderabad,Unfurnished,Bachelors/Family,2,Contact Owner
L04046,2022-07-10,1,13000,750,3 out of 3,Carpet Area,Hyderaguda-Attapur,Hyderabad,Semi-Furnished,Family,1,Contact Owner
L04047,2022-07-06,2,18000,900,2 out of 4,Super Area,Jubilee Hills,Hyderabad,Unfurnished,Bachelors/Family,2,Contact Owner
L04048,2022-07-04,3,26000,1800,2 out of 4,Carpet Area,filmnagar. hydrabad,Hyderabad,Semi-Furnished,Bachelors/Family,3,Contact Owner
L04049,2022-05-20,1,17000,470,3 out of 5,Super Area,Kondapur,Hyderabad,Furnished,Bachelors/Family,1,Contact Agent
L04050,2022-05-06,2,9000,720,1 out of 3,Super Area,"Beeramguda, Ramachandra Puram, NH 9",Hyderabad,Unfurnished,Bachelors/Family,2,Contact Owner
L04051,2022-05-12,1,8000,450,Ground out of 3,Super Area,"Somajiguda, NH 9",Hyderabad,Unfurnished,Bachelors/Family,1,Contact Owner
L04052,2022-07-06,2,10000,600,7 out of 7,Super Area,Madhura Nagar-Nizampet,Hyderabad,Unfurnished,Bachelors/Family,2,Contact Owner
L04053,2022-06-26,2,12000,1100,1 out of 1,Super Area,"Hyder Shah Kote, Chevella Road",Hyderabad,Unfurnished,Bachelors/Family,2,Contact Owner
L04054,2022-06-27,2,14000,1300,3 out of 3,Super Area,IAS Colony,Hyderabad,Unfurnished,Bachelors/Family,2,Contact Owner
L04055,2022-06-25,2,25000,1500,Ground out of 2,Super Area,Bowenpally,Hyderabad,Semi-Furnished,Bachelors/Family,2,Contact Owner
L04056,2022-07-05,2,22000,1200,4 out of 8,Super Area,Gachibowli,Hyderabad,Furnished,Bachelors/Family,2,Contact Owner
L04057,2022-05-29,4,45000,3000,3 out of 4,Super Area,Hitech City,Hyderabad,Semi-Furnished,Bachelors/Family,4,Contact Owner
L04058,2022-06-26,3,20000,2000,1 out of 1,Carpet Area,Kapra,Hyderabad,Semi-Furnished,Bachelors/Family,3,Contact Owner
L04059,2022-06-14,2,16000,800,2 out of 4,Super Area,"Lakdikapul, NH 9",Hyderabad,Unfurnished,Bachelors/Family,2,Contact Owner
L04060,2022-07-08,3,35000,1000,3 out of 6,Carpet Area,Nizampet,Hyderabad,Semi-Furnished,Bachelors/Family,3,Contact Owner
L04061,2022-05-12,2,15000,1200,2 out of 3,Super Area,"Manikonda, Outer Ring Road",Hyderabad,Unfurnished,Bachelors/Family,2,Contact Owner
L04062,2022-06-18,1,5500,400,1 out of 2,Super Area,"Ramanthapur, NH 2 2",Hyderabad,Unfurnished,Bachelors/Family,1,Contact Builder
L04063,2022-06-04,3,35000,1250,4 out of 5,Carpet Area,"Somajiguda, NH 9",Hyderabad,Unfurnished,Bachelors,2,Contact Owner
L04064,2022-07-04,1,14000,700,5 out of 5,Carpet Area,"Chanda Naik Nagar, Madhapur",Hyderabad,Semi-Furnished,Bachelors/Family,1,Contact Owner
L04065,2022-07-06,2,25000,1100,1 out of 5,Super Area,"Alkapur Township, Hyderabad",Hyderabad,Furnished,Bachelors/Family,2,Contact Owner
L04066,2022-06-06,4,36000,2050,1 out of 3,Super Area,Sainikpuri,Hyderabad,Semi-Furnished,Bachelors/Family,2,Contact Owner
L04067,2022-07-06,2,20000,1428,4 out of 8,Super Area,"Beeramguda, Ramachandra Puram, NH 9",Hyderabad,Semi-Furnished,Family,2,Contact Agent
L04068,2022-05-22,3,30000,1700,3 out of 5,Carpet Area,"Ashok Nagar, Himayath Nagar",Hyderabad,Furnished,Family,3,Contact Agent
L04069,2022-07-02,2,12000,1140,2 out of 5,Super Area,"Kismatpur, Outer Ring Road",Hyderabad,Semi-Furnished,Family,2,Contact Owner
L04070,2022-05-22,2,16000,1000,2 out of 5,Super Area,"Ashok Nagar, Himayath Nagar",Hyderabad,Semi-Furnished,Bachelors/Family,2,Contact Agent
L04071,2022-06-03,2,13000,1160,3 out of 5,Super Area,"Pragathi Nagar, Kukatpally",Hyderabad,Unfurnished,Bachelors,2,Contact Owner
L04072,2022-07-05,3,22000,3000,3 out of 5,Carpet Area,sri sai arcade madinaguda,Hyderabad,Furnished,Bachelors/Family,2,Contact Owner
L04073,2022-07-06,1,15000,450,1 out of 3,Super Area,Madhapur,Hyderabad,Unfurnished,Family,1,Contact Agent
L04074,2022-05-06,3,14000,1540,2 out of 5,Super Area,Attapur,Hyderabad,Unfurnished,Bachelors/Family,2,Contact Owner
L04075,2022-05-06,2,8000,1000,2 out of 8,Super Area,"Saroornagar, NH 9",Hyderabad,Semi-Furnished,Bachelors/Family,2,Contact Owner
L04076,2022-07-06,3,57000,1417,7 out of 30,Carpet Area,Nanakaramguda,Hyderabad,Furnished,Bachelors,3,Contact Agent
L04077,2022-05-31,3,1200,2100,1 out of 3,Carpet Area,"Uppal, NH 2 2",Hyderabad,Furnished,Bachelors/Family,3,Contact Owner
L04078,2022-07-08,2,8000,550,4 out of 4,Carpet Area,Ram nagar,Hyderabad,Unfurnished,Bachelors,1,Contact Owner
L04079,2022-05-18,3,15000,1600,1 out of 5,Super Area,"Miyapur, NH 9",Hyderabad,Semi-Furnished,Bachelors/Family,3,Contact Owner
L04080,2022-07-10,2,17000,1200,4 out of 5,Super Area,"Madinaguda, Hafeezpet, NH 9",Hyderabad,Furnished,Bachelors/Family,2,Contact Owner
L04081,2022-06-18,2,12000,500,1 out of 2,Super Area,"Saidabad Colony, Sayeedabad",Hyderabad,Furnished,Bachelors/Family,2,Contact Owner
L04082,2022-06-17,3,25000,1300,Ground out of 5,Carpet Area,"Manikonda, Outer Ring Road",Hyderabad,Semi-Furnished,Bachelors/Family,2,Contact Owner
L04083,2022-06-25,2,13000,600,1 out of 3,Super Area,Ramchandrapuram Mandal,Hyderabad,Unfurnished,Bachelors/Family,1,Contact Owner
L04084,2022-06-25,3,35000,1565,1 out of 6,Carpet Area,"KMR Estates, Serilingampally",Hyderabad,Furnished,Bachelors/Family,3,Contact Owner
L04085,2022-07-06,1,6500,350,2 out of 4,Super Area,Langar Houz,Hyderabad,Unfurnished,Bachelors/Family,1,Contact Owner
L04086,2022-06-03,2,11000,1100,1 out of 4,Super Area,"Padmanabha Nagar, Mehdipatnam",Hyderabad,Unfurnished,Bachelors/Family,2,Contact Owner
L04087,2022-05-12,2,25000,1200,1 out of 6,Super Area,Vijay nagar colony m,Hyderabad,Semi-Furnished,Bachelors/Family,2,Contact Owner
L04088,2022-06-03,3,35000,2000,1 out of 5,Super Area,"Miyapur, NH 9",Hyderabad,Furnished,Family,3,Contact Owner
L04089,2022-05-25,3,27000,2200,3 out of 6,Super Area,Toli Chowki,Hyderabad,Semi-Furnished,Bachelors/Family,3,Contact Owner
L04090,2022-07-06,3,18000,1400,2 out of 4,Super Area,Toli Chowki,Hyderabad,Unfurnished,Bachelors/Family,3,Contact Owner
L04091,2022-05-06,3,20000,1950,5 out of 6,Super Area,Sainikpuri,Hyderabad,Semi-Furnished,Bachelors/Family,3,Contact Owner
L04092,2022-05-16,2,8500,130,1 out of 1,Carpet Area,Rampally,Hyderabad,Unfurnished,Bachelors/Family,2,Contact Owner
L04093,2022-06-10,2,14000,1300,Ground out of 2,Super Area,Bandlaguda Jagir,Hyderabad,Semi-Furnished,Bachelors/Family,2,Contact Owner
L04094,2022-06-09,3,35000,1675,5 out of 12,Super Area,Gachibowli,Hyderabad,Unfurnished,Bachelors/Family,3,Contact Owner
L04095,2022-07-06,2,16000,1135,3 out of 5,Super Area,Suchitra Circle,Hyderabad,Semi-Furnished,Bachelors/Family,2,Contact Owner
L04096,2022-05-12,3,20000,1800,3 out of 4,Super Area,"Banjara Hills, NH 9",Hyderabad,Unfurnished,Bachelors/Family,2,Contact Owner
L04097,2022-06-14,3,18000,1400,1 out of 5,Super Area,Attapur,Hyderabad,Furnished,Bachelors/Family,3,Contact Owner
L04098,2022-07-06,4,140000,3698,16 out of 22,Carpet Area,"Gachibowli CUC, Outer Ring Road",Hyderabad,Semi-Furnished,Family,5,Contact Agent
L04099,2022-05-12,2,10000,950,Ground out of 4,Super Area,"Bolarum, Medchal Road",Hyderabad,Unfurnished,Bachelors/Family,2,Contact Owner
L04100,2022-05-12,2,12000,650,1 out of 2,Super Area,Begumpet,Hyderabad,Unfurnished,Bachelors/Family,2,Contact Owner
L04101,2022-06-24,1,5300,100,3 out of 3,Carpet Area,in 1-71/1/a,Hyderabad,Semi-Furnished,Bachelors/Family,1,Contact Owner
L04102,2022-05-25,2,11000,950,2 out of 3,Carpet Area,IDA Uppal,Hyderabad,Unfurnished,Bachelors,2,Contact Owner
L04103,2022-06-10,2,12000,1000,1 out of 2,Carpet Area,"New Nagole Colony, Kothapet",Hyderabad,Unfurnished,Bachelors,2,Contact Owner
L04104,2022-06-06,2,12000,900,3 out of 4,Carpet Area,Gwachiwali,Hyderabad,Semi-Furnished,Bachelors/Family,1,Contact Owner
L04105,2022-05-29,3,20000,1800,7 out of 10,Carpet Area,Trimulgherry,Hyderabad,Semi-Furnished,Bachelors/Family,3,Contact Owner
L04106,2022-07-02,2,13000,1000,2 out of 3,Super Area,Kapra,Hyderabad,Unfurnished,Bachelors/Family,2,Contact Owner
L04107,2022-05-09,3,22000,1800,2 out of 5,Super Area,"Hyder Shah Kote, Chevella Road",Hyderabad,Semi-Furnished,Bachelors/Family,3,Contact Owner
L04108,2022-05-12,2,15000,1000,2 out of 4,Super Area,Hyderguda,Hyderabad,Semi-Furnished,Bachelors/Family,2,Contact Owner
L04109,2022-05-12,1,5400,450,1 out of 2,Super Area,Jeedimetla,Hyderabad,Unfurnished,Bachelors/Family,1,Contact Owner
L04110,2022-05-28,3,16500,1771,2 out of 5,Super Area,Bandam Kommu,Hyderabad,Unfurnished,Bachelors/Family,3,Contact Owner
L04111,2022-06-29,2,12000,1150,4 out of 5,Carpet Area," in Erragadda, NH 9",Hyderabad,Furnished,Bachelors/Family,2,Contact Owner
L04112,2022-06-22,2,8500,1000,2 out of 3,Super Area,Musheerabad,Hyderabad,Semi-Furnished,Bachelors/Family,2,Contact Owner
L04113,2022-05-08,2,14000,1050,2 out of 5,Carpet Area,Attapur,Hyderabad,Semi-Furnished,Bachelors,2,Contact Owner
L04114,2022-06-08,3,15000,1500,2 out of 3,Carpet Area,"Miyapur, NH 9",Hyderabad,Unfurnished,Bachelors/Family,2,Contact Owner
L04115,2022-05-12,2,6000,750,1 out of 2,Super Area,"Ramachandra Puram, NH 9",Hyderabad,Unfurnished,Bachelors/Family,2,Contact Owner
L04116,2022-05-12,2,14000,1100,Ground out of 4,Super Area,Mehdipatnam,Hyderabad,Semi-Furnished,Bachelors/Family,2,Contact Owner
L04117,2022-06-29,2,15000,800,Ground out of 3,Super Area,Road no 3 banjara hills hyderabad 500035,Hyderabad,Unfurnished,Bachelors/Family,2,Contact Owner
L04118,2022-07-02,3,37000,150,1 out of 5,Carpet Area,Jubilee Hills,Hyderabad,Unfurnished,Bachelors,3,Contact Agent
L04119,2022-06-30,1,6500,750,2 out of 3,Super Area,"Bapu Nagar, Lakdikapul",Hyderabad,Unfurnished,Bachelors/Family,1,Contact Owner
L04120,2022-05-20,2,10000,600,2 out of 3,Super Area,Borabanda,Hyderabad,Unfurnished,Bachelors/Family,1,Contact Owner
L04121,2022-05-25,2,12000,1080,2 out of 3,Super Area,"Habsiguda, NH 2 2",Hyderabad,Semi-Furnished,Bachelors/Family,2,Contact Owner
L04122,2022-04-28,2,12000,1100,3 out of 3,Super Area,Nizampet,Hyderabad,Unfurnished,Bachelors/Family,2,Contact Owner
L04123,2022-05-17,2,9000,750,2 out of 3,Super Area,Alwal,Hyderabad,Semi-Furnished,Bachelors/Family,2,Contact Owner
L04124,2022-07-10,3,60000,2405,10 out of 14,Super Area,"Khaja Guda, Outer Ring Road",Hyderabad,Semi-Furnished,Bachelors,4,Contact Agent
L04125,2022-04-30,2,18000,1248,4 out of 5,Carpet Area,Kothapet,Hyderabad,Semi-Furnished,Bachelors/Family,2,Contact Owner
L04126,2022-06-02,2,14000,1110,2 out of 5,Carpet Area,Dhulapally,Hyderabad,Semi-Furnished,Bachelors/Family,2,Contact Owner
L04127,2022-07-10,3,50000,2300,2 out of 5,Carpet Area,"Ashok Nagar, Himayath Nagar",Hyderabad,Semi-Furnished,Bachelors/Family,3,Contact Agent
L04128,2022-07-08,2,17000,1000,3 out of 5,Carpet Area,"Madinaguda, Hafeezpet, NH 9",Hyderabad,Furnished,Bachelors,2,Contact Owner
L04129,2022-05-06,2,9000,800,4 out of 5,Super Area,Old Bowenpally,Hyderabad,Unfurnished,Bachelors/Family,2,Contact Owner
L04130,2022-07-06,4,80000,3115,3 out of 3,Super Area,"Hormany nest Apartments gandipet Apartmentge hyderabad, Hyderabad",Hyderabad,Furnished,Bachelors/Family,5,Contact Owner
L04131,2022-06-22,1,7500,500,1 out of 2,Super Area,"Saroornagar, NH 9",Hyderabad,Unfurnished,Bachelors/Family,1,Contact Owner
L04132,2022-05-15,2,14000,950,5 out of 5,Carpet Area,"Miyapur, NH 9",Hyderabad,Unfurnished,Bachelors/Family,2,Contact Owner
L04133,2022-07-06,2,14000,1374,2 out of 3,Super Area,Trimulgherry,Hyderabad,Semi-Furnished,Bachelors/Family,2,Contact Owner
L04134,2022-04-30,1,10000,1300,Ground out of 1,Carpet Area,Khanapur,Hyderabad,Furnished,Bachelors/Family,1,Contact Owner
L04135,2022-05-25,2,17000,1150,5 out of 6,Super Area,Abhyudaya Nagar,Hyderabad,Furnished,Bachelors/Family,2,Contact Owner
L04136,2022-07-02,1,6500,450,2 out of 3,Carpet Area,"Kukatpally, NH 9",Hyderabad,Semi-Furnished,Bachelors,1,Contact Owner
L04137,2022-05-06,2,10000,927,3 out of 5,Super Area,Bachupally,Hyderabad,Semi-Furnished,Bachelors/Family,2,Contact Owner
L04138,2022-06-25,3,22000,1500,4 out of 5,Super Area,"Rajendra Nagar, Outer Ring Road",Hyderabad,Unfurnished,Bachelors/Family,3,Contact Owner
L04139,2022-07-06,2,15000,1200,1 out of 3,Super Area,Attapur,Hyderabad,Unfurnished,Bachelors/Family,2,Contact Owner
L04140,2022-05-29,2,12000,1200,Ground out of 2,Super Area,Patelguda,Hyderabad,Semi-Furnished,Bachelors/Family,2,Contact Owner
L04141,2022-07-06,3,52000,2800,16 out of 19,Carpet Area,"Kokapet, Outer Ring Road",Hyderabad,Furnished,Family,3,Contact Agent
L04142,2022-05-06,1,6500,562,3 out of 4,Super Area,Amberpet,Hyderabad,Unfurnished,Bachelors/Family,1,Contact Owner
L04143,2022-06-19,2,20000,1500,1 out of 3,Super Area,Toli Chowki,Hyderabad,Semi-Furnished,Bachelors/Family,2,Contact Owner
L04144,2022-05-06,3,25000,1950,Ground out of 3,Super Area,Kondapur,Hyderabad,Semi-Furnished,Bachelors/Family,3,Contact Owner
L04145,2022-07-10,3,14000,1360,3 out of 8,Super Area,"Ghatkesar, NH 2 2",Hyderabad,Furnished,Bachelors,2,Contact Owner
L04146,2022-06-25,3,25000,1800,1 out of 3,Super Area,Prashanth hills,Hyderabad,Semi-Furnished,Bachelors/Family,3,Contact Owner
L04147,2022-05-31,2,12500,950,2 out of 8,Super Area,"Kachiguda, NH 2 2",Hyderabad,Semi-Furnished,Bachelors/Family,2,Contact Owner
L04148,2022-07-05,2,12000,780,3 out of 3,Carpet Area,Sri BALAJI CLASSIC BHAVANI NAGAR RD NO 5,Hyderabad,Unfurnished,Bachelors,2,Contact Owner
L04149,2022-06-10,1,10000,500,1 out of 3,Super Area,"Khairatabad, NH 7",Hyderabad,Semi-Furnished,Bachelors/Family,1,Contact Owner
L04150,2022-05-18,2,17000,1050,3 out of 5,Super Area,"Ashok Nagar, Himayath Nagar",Hyderabad,Semi-Furnished,Bachelors/Family,2,Contact Owner
L04151,2022-07-10,1,15500,600,Upper Basement out of 5,Carpet Area,Kondapur,Hyderabad,Semi-Furnished,Bachelors,1,Contact Agent
L04152,2022-05-29,3,65000,1800,Ground out of 1,Carpet Area,"Banjara Hills, NH 9",Hyderabad,Semi-Furnished,Bachelors/Family,3,Contact Agent
L04153,2022-07-06,3,60000,1800,14 out of 30,Carpet Area,Gachibowli,Hyderabad,Unfurnished,Bachelors/Family,3,Contact Agent
L04154,2022-07-06,3,45000,1900,4 out of 10,Carpet Area,Gachibowli,Hyderabad,Semi-Furnished,Family,3,Contact Agent
L04155,2022-06-18,2,10500,1100,3 out of 5,Super Area,"Safilguda, Secunderabad",Hyderabad,Unfurnished,Bachelors/Family,2,Contact Owner
L04156,2022-05-24,2,9000,200,2 out of 7,Super Area,BHEL,Hyderabad,Unfurnished,Bachelors/Family,1,Contact Owner
L04157,2022-05-06,3,20000,1400,3 out of 5,Super Area,Nawab Saheb Kunta,Hyderabad,Semi-Furnished,Bachelors/Family,3,Contact Owner
L04158,2022-07-06,2,20000,1200,2 out of 5,Carpet Area,Kondapur,Hyderabad,Semi-Furnished,Bachelors,2,Contact Agent
L04159,2022-05-06,3,18000,1600,2 out of 5,Super Area,"Quthbullapur, NH 7",Hyderabad,Furnished,Bachelors/Family,3,Contact Owner
L04160,2022-05-06,2,12000,1150,2 out of 5,Super Area,Nizampet,Hyderabad,Semi-Furnished,Bachelors/Family,2,Contact Owner
L04161,2022-05-06,2,12000,130,2 out of 3,Super Area,"Subhash Nagar, Secunderabad",Hyderabad,Unfurnished,Bachelors/Family,2,Contact Owner
L04162,2022-06-27,4,120000,3800,1 out of 1,Carpet Area,"MLA Colony, Banjara Hills",Hyderabad,Semi-Furnished,Bachelors/Family,4,Contact Agent
L04163,2022-04-30,3,28000,1720,4 out of 10,Super Area,"Narsingi, Outer Ring Road",Hyderabad,Semi-Furnished,Bachelors/Family,3,Contact Owner
L04164,2022-04-30,1,6000,500,1 out of 3,Super Area,"Hayathnagar, NH 9",Hyderabad,Unfurnished,Bachelors/Family,1,Contact Owner
L04165,2022-06-14,2,12500,1200,2 out of 6,Super Area,Mehdipatnam,Hyderabad,Unfurnished,Bachelors/Family,2,Contact Owner
L04166,2022-05-06,4,31000,2400,2 out of 4,Super Area,"Upparpally, Hyderabad Expressway",Hyderabad,Semi-Furnished,Bachelors/Family,4,Contact Owner
L04167,2022-05-25,2,7000,800,3 out of 4,Super Area,"Boduppal, NH 2 2",Hyderabad,Furnished,Bachelors/Family,2,Contact Owner
L04168,2022-06-24,2,22000,1300,4 out of 5,Super Area,"Basheer Bagh, NH 7",Hyderabad,Semi-Furnished,Bachelors/Family,2,Contact Owner
L04169,2022-04-30,2,17500,1400,4 out of 6,Super Area,"Miyapur, NH 9",Hyderabad,Furnished,Bachelors/Family,2,Contact Owner
L04170,2022-06-04,2,14000,650,1 out of 3,Super Area,"Padmarao Nagar, Hyderabad-Karimnagar Highway",Hyderabad,Unfurnished,Bachelors/Family,2,Contact Owner
L04171,2022-06-12,2,9500,103,2 out of 4,Super Area,"Boduppal, NH 2 2",Hyderabad,Unfurnished,Bachelors/Family,2,Contact Owner
L04172,2022-04-30,1,7000,950,1 out of 5,Super Area,Kothapet,Hyderabad,Semi-Furnished,Bachelors/Family,1,Contact Owner
L04173,2022-05-06,3,15000,1500,3 out of 5,Super Area,RTC Colony-Chandanagar,Hyderabad,Unfurnished,Bachelors/Family,3,Contact Owner
L04174,2022-06-30,3,15000,1550,5 out of 5,Carpet Area," in Miyapur, NH 9",Hyderabad,Unfurnished,Bachelors/Family,2,Contact Owner
L04175,2022-07-06,2,10000,140,2 out of 4,Super Area,"Sivarampalli, Hyderabad Expressway",Hyderabad,Unfurnished,Bachelors/Family,2,Contact Owner
L04176,2022-07-06,3,14000,1800,1 out of 2,Super Area,Kanchan Bagh,Hyderabad,Unfurnished,Bachelors/Family,2,Contact Owner
L04177,2022-07-08,4,85000,2550,2 out of 3,Carpet Area,"Banjara Hills, NH 9",Hyderabad,Semi-Furnished,Bachelors/Family,4,Contact Agent
L04178,2022-05-12,1,5500,500,Ground out of 3,Super Area,Vikas Nagar-Bandlaguda Jagir,Hyderabad,Unfurnished,Bachelors/Family,1,Contact Owner
L04179,2022-05-12,2,14000,800,Ground out of 3,Super Area,"Kukatpally, NH 9",Hyderabad,Semi-Furnished,Bachelors/Family,2,Contact Owner
L04180,2022-05-20,2,10000,800,1 out of 2,Super Area,"Kukatpally, NH 9",Hyderabad,Semi-Furnished,Bachelors/Family,2,Contact Owner
L04181,2022-05-12,2,10000,1300,2 out of 4,Super Area,"Safilguda, Secunderabad",Hyderabad,Unfurnished,Bachelors/Family,2,Contact Owner
L04182,2022-05-12,2,13000,600,2 out of 3,Super Area,"Banjara Hills, NH 9",Hyderabad,Unfurnished,Bachelors/Family,2,Contact Owner
L04183,2022-05-12,3,20000,1000,2 out of 6,Super Area,Toli Chowki,Hyderabad,Unfurnished,Bachelors/Family,3,Contact Owner
L04184,2022-06-10,3,25000,1000,1 out of 4,Carpet Area,OU Colony-Shaikpet,Hyderabad,Semi-Furnished,Bachelors/Family,3,Contact Owner
L04185,2022-05-12,1,7500,500,2 out of 3,Super Area,"Janachaitanya colony, Hyderabad Expressway",Hyderabad,Semi-Furnished,Bachelors/Family,1,Contact Owner
L04186,2022-06-06,1,200000,8000,Ground out of 4,Super Area," Beeramguda, Ramachandra Puram, NH 9",Hyderabad,Unfurnished,Bachelors/Family,10,Contact Owner
L04187,2022-05-01,2,12000,1100,2 out of 3,Carpet Area,"Gangaram, Chandanagar, NH 9",Hyderabad,Unfurnished,Bachelors/Family,2,Contact Owner
L04188,2022-07-03,2,9500,1100,Ground out of 3,Carpet Area,"Kanaka Durga Colony, Gudimalkapur",Hyderabad,Unfurnished,Bachelors/Family,2,Contact Owner
L04189,2022-05-06,2,12000,200,1 out of 1,Carpet Area,railway employees housing colony Bollarum,Hyderabad,Unfurnished,Bachelors,2,Contact Owner
L04190,2022-05-25,2,10000,1800,2 out of 3,Super Area,"Boduppal, NH 2 2",Hyderabad,Unfurnished,Family,2,Contact Owner
L04191,2022-07-08,2,8000,190,1 out of 1,Super Area,Gurramguda balaj homes p no 4,Hyderabad,Furnished,Bachelors/Family,2,Contact Owner
L04192,2022-07-02,3,16000,1350,1 out of 3,Super Area,Saidabad,Hyderabad,Unfurnished,Bachelors/Family,2,Contact Owner
L04193,2022-07-06,2,12333,1200,Ground out of 1,Super Area,Alwal,Hyderabad,Unfurnished,Bachelors/Family,2,Contact Owner
L04194,2022-06-19,1,9500,400,3 out of 4,Carpet Area,"Bharat Nagar, Moosapet",Hyderabad,Unfurnished,Bachelors,1,Contact Owner
L04195,2022-07-06,2,16000,1200,Ground out of 4,Super Area,"Manikonda, Outer Ring Road",Hyderabad,Semi-Furnished,Bachelors/Family,2,Contact Owner
L04196,2022-04-30,3,20000,1400,4 out of 5,Super Area,"Saidabad Colony, Sayeedabad",Hyderabad,Semi-Furnished,Bachelors/Family,3,Contact Owner
L04197,2022-06-10,3,14000,1300,2 out of 3,Carpet Area,Rock Town Colony,Hyderabad,Unfurnished,Bachelors,3,Contact Owner
L04198,2022-07-01,1,7500,400,2 out of 2,Carpet Area,"DNM Colony, Sanath Nagar",Hyderabad,Unfurnished,Bachelors/Family,1,Contact Owner
L04199,2022-06-06,1,13900,650,1 out of 6,Super Area,Suraram,Hyderabad,Unfurnished,Bachelors/Family,1,Contact Owner
L04200,2022-04-30,1,5500,500,2 out of 3,Super Area,Vidyanagar,Hyderabad,Unfurnished,Bachelors,1,Contact Owner
L04201,2022-04-30,2,9000,875,4 out of 5,Super Area,Attapur,Hyderabad,Semi-Furnished,Bachelors/Family,2,Contact Owner
L04202,2022-06-24,1,4700,850,3 out of 3,Super Area," in Boduppal, NH 2 2",Hyderabad,Unfurnished,Bachelors/Family,2,Contact Owner
L04203,2022-05-06,3,30000,1730,7 out of 9,Super Area,Nalagandla,Hyderabad,Semi-Furnished,Bachelors/Family,3,Contact Owner
L04204,2022-05-31,3,16500,1500,2 out of 6,Carpet Area,Kompally,Hyderabad,Semi-Furnished,Bachelors,3,Contact Owner
L04205,2022-06-29,3,24000,1600,4 out of 4,Carpet Area,Akkineni Homes Yousufguda,Hyderabad,Semi-Furnished,Bachelors/Family,3,Contact Owner
L04206,2022-06-18,2,9500,900,1 out of 2,Super Area,"Peerzadiguda, NH 2 2",Hyderabad,Unfurnished,Bachelors/Family,2,Contact Owner
L04207,2022-06-19,2,12000,925,2 out of 2,Super Area,"Chandanagar, NH 9",Hyderabad,Semi-Furnished,Bachelors/Family,2,Contact Owner
L04208,2022-07-06,2,15000,1500,2 out of 4,Super Area,"LB Nagar, NH 9",Hyderabad,Unfurnished,Bachelors/Family,2,Contact Owner
L04209,2022-06-21,3,22500,1600,1 out of 3,Carpet Area,Tarnaka,Hyderabad,Semi-Furnished,Family,3,Contact Owner
L04210,2022-06-29,3,32000,1300,2 out of 3,Carpet Area,"Banjara Hills, NH 9",Hyderabad,Semi-Furnished,Bachelors,3,Contact Agent
L04211,2022-05-29,2,10000,1200,Ground out of 3,Super Area,Sainikpuri,Hyderabad,Semi-Furnished,Bachelors/Family,2,Contact Owner
L04212,2022-06-14,2,13000,133,1 out of 2,Super Area,Old Bowenpally,Hyderabad,Semi-Furnished,Bachelors/Family,2,Contact Owner
L04213,2022-07-06,2,7000,950,Ground out of 1,Super Area,Rampally,Hyderabad,Unfurnished,Family,2,Contact Owner
L04214,2022-05-12,3,12000,1200,3 out of 4,Super Area,Santosh Nagar,Hyderabad,Semi-Furnished,Bachelors/Family,3,Contact Owner
L04215,2022-05-12,2,7500,950,1 out of 2,Super Area,Kothapet,Hyderabad,Unfurnished,Bachelors/Family,2,Contact Owner
L04216,2022-07-06,2,15000,1095,4 out of 5,Super Area,"Gundlapochampally, Outer Ring Road",Hyderabad,Semi-Furnished,Bachelors/Family,2,Contact Owner
L04217,2022-07-06,1,8000,400,3 out of 4,Super Area,Chanda Nagar,Hyderabad,Unfurnished,Bachelors/Family,1,Contact Owner
L04218,2022-06-17,3,25000,2210,4 out of 5,Super Area,"Nallagandla, Serilingampally",Hyderabad,Semi-Furnished,Family,3,Contact Owner
L04219,2022-06-11,3,26000,1450,4 out of 5,Super Area,Madhapur,Hyderabad,Semi-Furnished,Bachelors/Family,2,Contact Agent
L04220,2022-05-12,3,15000,192,2 out of 4,Super Area,"Bolarum, Medchal Road",Hyderabad,Semi-Furnished,Bachelors/Family,3,Contact Owner
L04221,2022-07-06,1,3000,80,Ground out of 2,Super Area,Rhoda Mistri Nagar,Hyderabad,Semi-Furnished,Bachelors/Family,1,Contact Owner
L04222,2022-05-25,2,12500,1315,Ground out of 2,Super Area,Aminpur,Hyderabad,Semi-Furnished,Bachelors/Family,2,Contact Owner
L04223,2022-07-06,3,42000,1600,2 out of 5,Carpet Area,Jubilee Hills,Hyderabad,Semi-Furnished,Bachelors/Family,3,Contact Agent
L04224,2022-05-07,2,20000,1450,2 out of 6,Super Area,"Somajiguda, NH 9",Hyderabad,Semi-Furnished,Bachelors/Family,2,Contact Owner
L04225,2022-07-06,3,40000,1900,2 out of 5,Carpet Area,Film Nagar,Hyderabad,Semi-Furnished,Bachelors/Family,3,Contact Agent
L04226,2022-07-06,3,45000,2600,2 out of 5,Carpet Area,"Banjara Hills, NH 9",Hyderabad,Semi-Furnished,Bachelors/Family,3,Contact Agent
L04227,2022-05-12,1,8500,450,Ground out of 1,Super Area,"Hafeezpet, NH 9",Hyderabad,Unfurnished,Bachelors/Family,2,Contact Owner
L04228,2022-06-01,2,15000,1000,4 out of 5,Super Area,"Somajiguda, NH 9",Hyderabad,Semi-Furnished,Bachelors/Family,2,Contact Owner
L04229,2022-05-20,2,9000,100,2 out of 3,Super Area,Chanchalguda,Hyderabad,Unfurnished,Bachelors/Family,2,Contact Owner
L04230,2022-05-12,2,14000,1100,Ground out of 3,Super Area,"Old Malakpet, NH 9",Hyderabad,Unfurnished,Bachelors/Family,2,Contact Owner
L04231,2022-05-25,2,11000,1200,2 out of 2,Super Area,"Troop Bazaar, Koti",Hyderabad,Unfurnished,Bachelors/Family,2,Contact Owner
L04232,2022-05-16,2,10000,1400,2 out of 4,Super Area,"Ramachandra Puram, NH 9",Hyderabad,Unfurnished,Bachelors/Family,2,Contact Owner
L04233,2022-06-02,3,55000,2000,Ground out of 12,Carpet Area,Gachibowli,Hyderabad,Semi-Furnished,Family,3,Contact Agent
L04234,2022-07-02,2,10000,1070,2 out of 5,Carpet Area,HMT Swarnapuri Colony,Hyderabad,Unfurnished,Family,2,Contact Owner
L04235,2022-05-16,2,25000,1450,3 out of 3,Carpet Area,Camelot Layout,Hyderabad,Unfurnished,Family,2,Contact Owner
L04236,2022-05-16,2,27000,1230,1 out of 6,Super Area,Puppalaguda,Hyderabad,Furnished,Bachelors/Family,2,Contact Owner
L04237,2022-06-22,2,12000,1000,Ground out of 2,Super Area,LIG Colony,Hyderabad,Semi-Furnished,Bachelors,3,Contact Owner
L04238,2022-05-25,2,16000,1200,1 out of 2,Super Area,Chintalakunta,Hyderabad,Unfurnished,Bachelors/Family,2,Contact Owner
L04239,2022-05-12,2,8000,150,Ground out of 1,Super Area,Osman Nagar,Hyderabad,Unfurnished,Bachelors/Family,2,Contact Owner
L04240,2022-06-22,2,14000,850,4 out of 6,Super Area,Serilingampally,Hyderabad,Semi-Furnished,Family,2,Contact Owner
L04241,2022-06-10,2,10000,1300,Ground out of 1,Super Area,Nagaram,Hyderabad,Unfurnished,Bachelors/Family,2,Contact Owner
L04242,2022-07-10,4,150000,4761,14 out of 18,Super Area,"Kukatpally, NH 9",Hyderabad,Semi-Furnished,Family,5,Contact Agent
L04243,2022-06-22,2,16000,1250,1 out of 5,Super Area,"Pragathi Nagar, Kukatpally",Hyderabad,Semi-Furnished,Bachelors/Family,2,Contact Owner
L04244,2022-05-25,1,6000,100,2 out of 3,Super Area,Borabanda,Hyderabad,Unfurnished,Bachelors/Family,1,Contact Owner
L04245,2022-06-24,3,26000,1550,4 out of 5,Carpet Area,"LB Nagar, NH 9",Hyderabad,Unfurnished,Bachelors,2,Contact Owner
L04246,2022-07-03,2,13000,1300,2 out of 2,Carpet Area,Sainikpuri,Hyderabad,Unfurnished,Bachelors/Family,2,Contact Owner
L04247,2022-06-13,3,28000,1600,5 out of 20,Carpet Area,Bandlaguda Jagir,Hyderabad,Semi-Furnished,Bachelors,2,Contact Owner
L04248,2022-06-22,2,8500,1200,Ground out of 2,Super Area,Medipally,Hyderabad,Unfurnished,Bachelors/Family,3,Contact Owner
L04249,2022-06-22,2,12500,1200,2 out of 5,Super Area,Kompally,Hyderabad,Semi-Furnished,Bachelors/Family,2,Contact Owner
L04250,2022-06-22,3,25000,1970,5 out of 9,Super Area,Kompally,Hyderabad,Semi-Furnished,Bachelors/Family,3,Contact Owner
L04251,2022-06-28,2,10000,650,4 out of 4,Carpet Area,Namalagundu,Hyderabad,Unfurnished,Bachelors,2,Contact Owner
L04252,2022-06-19,2,12000,1000,4 out of 5,Super Area,Secunderabad,Hyderabad,Unfurnished,Bachelors/Family,3,Contact Owner
L04253,2022-06-28,3,15000,1500,1 out of 1,Super Area,Old Bowenpally,Hyderabad,Unfurnished,Bachelors/Family,3,Contact Owner
L04254,2022-05-02,2,6000,1250,Ground out of 1,Super Area,"Ambedkar Nagar-Boduppal, Secunderabad",Hyderabad,Unfurnished,Family,2,Contact Owner
L04255,2022-07-06,3,30000,1940,1 out of 5,Carpet Area,"Hyder Nagar, NH 9",Hyderabad,Semi-Furnished,Bachelors,3,Contact Owner
L04256,2022-06-27,2,18000,700,7 out of 8,Carpet Area,Rajendra Mandal,Hyderabad,Unfurnished,Bachelors/Family,2,Contact Owner
L04257,2022-06-02,2,8500,700,2 out of 3,Super Area,Budwel,Hyderabad,Semi-Furnished,Bachelors/Family,1,Contact Owner
L04258,2022-05-25,2,7500,100,1 out of 3,Super Area,Amberpet,Hyderabad,Unfurnished,Bachelors/Family,2,Contact Owner
L04259,2022-05-20,1,12000,300,2 out of 3,Super Area,Gachibowli,Hyderabad,Semi-Furnished,Bachelors/Family,1,Contact Owner
L04260,2022-06-18,2,15000,980,3 out of 5,Super Area,Langar Houz,Hyderabad,Semi-Furnished,Bachelors/Family,2,Contact Owner
L04261,2022-05-06,2,15500,800,2 out of 2,Super Area,Prakash Nagar,Hyderabad,Semi-Furnished,Bachelors/Family,2,Contact Owner
L04262,2022-05-25,3,20000,1250,2 out of 6,Super Area,Qutub Shahi Tombs,Hyderabad,Unfurnished,Bachelors/Family,2,Contact Owner
L04263,2022-07-06,2,11000,1000,Ground out of 1,Carpet Area,"Beeramguda, Ramachandra Puram, NH 9",Hyderabad,Semi-Furnished,Family,2,Contact Owner
L04264,2022-06-14,2,15000,1000,Ground out of 4,Super Area,Mehdipatnam,Hyderabad,Unfurnished,Bachelors/Family,2,Contact Owner
L04265,2022-06-23,3,17000,1800,Ground out of 1,Carpet Area,Bandlaguda Jagir,Hyderabad,Unfurnished,Bachelors/Family,3,Contact Owner
L04266,2022-06-06,3,20000,2000,1 out of 3,Carpet Area,Srisailam Highway,Hyderabad,Semi-Furnished,Bachelors/Family,3,Contact Owner
L04267,2022-07-08,3,20000,1500,1 out of 6,Super Area,Peeramcheru,Hyderabad,Semi-Furnished,Bachelors/Family,3,Contact Owner
L04268,2022-07-08,2,12000,1050,3 out of 4,Super Area,"Uppal, NH 2 2",Hyderabad,Unfurnished,Bachelors/Family,3,Contact Owner
L04269,2022-06-18,2,25000,1100,1 out of 7,Super Area,"Upparpally, Hyderabad Expressway",Hyderabad,Furnished,Bachelors/Family,2,Contact Owner
L04270,2022-07-08,2,11500,1000,2 out of 3,Carpet Area,Attapur,Hyderabad,Semi-Furnished,Bachelors/Family,2,Contact Owner
L04271,2022-05-27,2,6500,700,2 out of 3,Super Area,Meerpet,Hyderabad,Unfurnished,Bachelors/Family,2,Contact Owner
L04272,2022-05-21,1,10000,750,1 out of 2,Super Area,"Mallampet, Outer Ring Road",Hyderabad,Unfurnished,Bachelors/Family,1,Contact Owner
L04273,2022-06-29,1,6000,450,2 out of 6,Super Area,Sainikpuri,Hyderabad,Unfurnished,Bachelors/Family,1,Contact Owner
L04274,2022-05-20,3,14000,1000,1 out of 2,Super Area,"Malakpet, NH 9",Hyderabad,Unfurnished,Bachelors/Family,2,Contact Owner
L04275,2022-07-06,3,34000,1500,2 out of 14,Carpet Area,Gachibowli,Hyderabad,Semi-Furnished,Family,3,Contact Agent
L04276,2022-05-15,2,15000,1550,Ground out of 13,Super Area,"LB Nagar, NH 9",Hyderabad,Furnished,Family,2,Contact Owner
L04277,2022-05-07,2,20000,1450,2 out of 3,Super Area,"LB Nagar, NH 9",Hyderabad,Semi-Furnished,Bachelors/Family,2,Contact Owner
L04278,2022-07-05,2,9500,650,3 out of 5,Carpet Area,"Beeramguda, Ramachandra Puram, NH 9",Hyderabad,Unfurnished,Bachelors/Family,2,Contact Owner
L04279,2022-05-23,2,10000,650,3 out of 5,Carpet Area,"Beeramguda, Ramachandra Puram, NH 9",Hyderabad,Unfurnished,Bachelors/Family,2,Contact Owner
L04280,2022-06-06,3,30000,1500,5 out of 5,Carpet Area,Kondapur,Hyderabad,Semi-Furnished,Bachelors/Family,3,Contact Agent
L04281,2022-06-14,2,13000,900,2 out of 3,Super Area,Puppalaguda,Hyderabad,Furnished,Bachelors/Family,2,Contact Owner
L04282,2022-07-06,3,45000,1645,8 out of 19,Carpet Area,"Kokapet, Outer Ring Road",Hyderabad,Semi-Furnished,Bachelors/Family,3,Contact Agent
L04283,2022-05-06,2,8000,600,4 out of 7,Super Area,"Alijapur, Qutub Shahi Tombs",Hyderabad,Unfurnished,Bachelors/Family,2,Contact Owner
L04284,2022-07-08,2,25000,1250,Ground out of 6,Super Area,"Alkapur Township, Manikonda, Outer Ring Road",Hyderabad,Semi-Furnished,Bachelors/Family,2,Contact Owner
L04285,2022-07-01,2,12000,1300,1 out of 2,Carpet Area,Sai Nagar-Uppal,Hyderabad,Semi-Furnished,Bachelors,2,Contact Owner
L04286,2022-05-23,2,19000,1000,1 out of 3,Carpet Area,"Manikonda, Outer Ring Road",Hyderabad,Semi-Furnished,Family,2,Contact Owner
L04287,2022-07-08,3,22000,1500,4 out of 6,Super Area,"Indra Nagar, Moti Nagar",Hyderabad,Semi-Furnished,Bachelors/Family,3,Contact Owner
L04288,2022-07-08,2,15000,1150,4 out of 5,Super Area,Suchitra Circle,Hyderabad,Semi-Furnished,Bachelors/Family,2,Contact Owner
L04289,2022-06-14,2,15000,110,2 out of 3,Super Area,Mehdipatnam,Hyderabad,Semi-Furnished,Bachelors/Family,2,Contact Owner
L04290,2022-07-04,2,10000,103,Ground out of 1,Super Area,Sainikpuri,Hyderabad,Unfurnished,Bachelors/Family,2,Contact Owner
L04291,2022-06-25,2,10000,1050,4 out of 5,Carpet Area,"Hayathnagar, NH 9",Hyderabad,Unfurnished,Bachelors,2,Contact Owner
L04292,2022-06-14,2,7000,60,1 out of 6,Super Area,"Model Town Colony, Nawab Saheb Kunta",Hyderabad,Unfurnished,Bachelors/Family,2,Contact Owner
L04293,2022-05-21,2,15000,1170,2 out of 4,Super Area,"Sitaphalmandi, Padmarao Nagar",Hyderabad,Unfurnished,Bachelors/Family,2,Contact Owner
L04294,2022-06-20,2,9500,167,Ground out of 1,Super Area,"Hari Hara Puram, B N Reddy Nagar",Hyderabad,Unfurnished,Bachelors/Family,2,Contact Owner
L04295,2022-05-25,1,6500,500,2 out of 2,Super Area,in Bandlaguda Jagir,Hyderabad,Semi-Furnished,Bachelors/Family,1,Contact Owner
L04296,2022-05-07,1,10000,600,Ground out of 4,Super Area,Jubilee Hills,Hyderabad,Unfurnished,Bachelors/Family,1,Contact Owner
L04297,2022-06-22,1,8000,600,1 out of 4,Super Area,"Pragathi Nagar, Kukatpally",Hyderabad,Unfurnished,Bachelors/Family,1,Contact Owner
L04298,2022-05-12,1,3300,200,Ground out of 2,Super Area,Moula Ali,Hyderabad,Unfurnished,Bachelors/Family,1,Contact Owner
L04299,2022-06-10,2,12000,600,1 out of 2,Super Area,"Upparpally, Hyderabad Expressway",Hyderabad,Unfurnished,Bachelors/Family,1,Contact Owner
L04300,2022-06-18,2,20000,900,2 out of 4,Super Area,"Himayath Nagar, NH 7",Hyderabad,Semi-Furnished,Bachelors/Family,2,Contact Owner
L04301,2022-07-08,2,12000,800,Ground out of 6,Super Area,Bandlaguda Jagir,Hyderabad,Unfurnished,Bachelors/Family,2,Contact Owner
L04302,2022-05-31,3,20000,1000,2 out of 4,Carpet Area,Opposite andhra mahila sabha,Hyderabad,Semi-Furnished,Bachelors/Family,2,Contact Owner
L04303,2022-06-14,3,70000,3200,11 out of 15,Carpet Area,"Financial District, Nanakram Guda",Hyderabad,Semi-Furnished,Family,3,Contact Agent
L04304,2022-05-05,2,10000,1400,Ground out of 1,Super Area,Bheeram guda,Hyderabad,Furnished,Bachelors/Family,2,Contact Owner
L04305,2022-05-06,1,8500,550,Ground out of 2,Super Area,"Kukatpally, NH 9",Hyderabad,Unfurnished,Bachelors/Family,1,Contact Owner
L04306,2022-06-08,1,8000,540,4 out of 4,Carpet Area,"Sanath Nagar, NH 9",Hyderabad,Unfurnished,Family,1,Contact Owner
L04307,2022-06-14,1,8000,400,Ground out of 3,Super Area,Nagole,Hyderabad,Unfurnished,Bachelors/Family,1,Contact Owner
L04308,2022-05-19,2,13000,1225,2 out of 4,Super Area,"Sun City, Bandlaguda, Chevella Road",Hyderabad,Unfurnished,Bachelors,2,Contact Owner
L04309,2022-06-29,3,15500,1430,1 out of 1,Carpet Area,Dr A.S. Rao Nagar,Hyderabad,Furnished,Bachelors/Family,2,Contact Owner
L04310,2022-07-08,2,30000,1200,2 out of 25,Super Area,Nanakaramguda,Hyderabad,Furnished,Bachelors/Family,2,Contact Owner
L04311,2022-06-18,2,10000,1197,Ground out of 2,Super Area,Dammaiguda,Hyderabad,Unfurnished,Bachelors/Family,2,Contact Owner
L04312,2022-07-06,2,18000,1150,2 out of 5,Carpet Area,Kondapur,Hyderabad,Semi-Furnished,Bachelors,2,Contact Agent
L04313,2022-05-06,1,12000,500,4 out of 5,Super Area,Kondapur,Hyderabad,Semi-Furnished,Bachelors/Family,1,Contact Owner
L04314,2022-05-25,2,9000,1200,Ground out of 2,Carpet Area,"Gandhamguda, Bairagiguda",Hyderabad,Semi-Furnished,Bachelors/Family,2,Contact Owner
L04315,2022-06-10,1,6000,500,2 out of 4,Super Area,Gajularamaram,Hyderabad,Semi-Furnished,Bachelors/Family,2,Contact Owner
L04316,2022-05-29,3,32000,1600,3 out of 6,Super Area,Raj Bhawan Road,Hyderabad,Furnished,Bachelors/Family,3,Contact Owner
L04317,2022-07-06,2,36000,1100,1 out of 5,Super Area,Madhapur,Hyderabad,Furnished,Bachelors/Family,2,Contact Owner
L04318,2022-07-02,2,17000,1220,1 out of 6,Super Area,Masab Tank,Hyderabad,Semi-Furnished,Bachelors/Family,2,Contact Owner
L04319,2022-06-02,3,20000,1500,2 out of 5,Super Area,"Habsiguda, NH 2 2",Hyderabad,Furnished,Bachelors/Family,3,Contact Owner
L04320,2022-06-18,1,9000,500,4 out of 4,Super Area,KPHB Road,Hyderabad,Unfurnished,Bachelors/Family,1,Contact Owner
L04321,2022-06-24,2,9500,850,2 out of 3,Super Area,Dellapur,Hyderabad,Unfurnished,Bachelors/Family,2,Contact Owner
L04322,2022-05-20,2,7000,1000,2 out of 3,Super Area,"B N Reddy Nagar, Nagarjuna Sagar Road",Hyderabad,Unfurnished,Bachelors/Family,2,Contact Owner
L04323,2022-05-18,3,17000,100,1 out of 1,Carpet Area,Masab Tank,Hyderabad,Unfurnished,Bachelors/Family,3,Contact Owner
L04324,2022-06-14,2,19500,1140,Ground out of 5,Super Area,"Miyapur, NH 9",Hyderabad,Furnished,Bachelors/Family,2,Contact Owner
L04325,2022-05-25,2,25000,1100,2 out of 3,Super Area,Masab Tank,Hyderabad,Furnished,Bachelors/Family,2,Contact Owner
L04326,2022-06-06,3,14000,1400,3 out of 4,Super Area,"Bolarum, Medchal Road",Hyderabad,Semi-Furnished,Bachelors/Family,2,Contact Owner
L04327,2022-07-06,2,16000,1350,3 out of 5,Super Area,"Kukatpally, NH 9",Hyderabad,Semi-Furnished,Bachelors/Family,2,Contact Owner
L04328,2022-06-08,2,15000,180,Ground out of 2,Carpet Area,"Kachiguda, NH 2 2",Hyderabad,Unfurnished,Bachelors/Family,2,Contact Owner
L04329,2022-05-16,2,13000,1250,2 out of 6,Super Area,"LB Nagar, NH 9",Hyderabad,Unfurnished,Bachelors/Family,2,Contact Owner
L04330,2022-06-14,2,12000,1300,2 out of 5,Super Area,Peeramcheru,Hyderabad,Unfurnished,Bachelors/Family,2,Contact Owner
L04331,2022-07-09,2,12000,840,2 out of 4,Super Area,Old Nallakunta,Hyderabad,Unfurnished,Bachelors/Family,2,Contact Owner
L04332,2022-05-03,2,7500,1200,1 out of 3,Super Area,Dammaiguda,Hyderabad,Semi-Furnished,Bachelors/Family,2,Contact Owner
L04333,2022-05-20,2,13000,700,3 out of 4,Super Area,"Habsiguda, NH 2 2",Hyderabad,Furnished,Bachelors/Family,2,Contact Owner
L04334,2022-05-29,4,52000,2700,11 out of 13,Super Area,Gachibowli,Hyderabad,Furnished,Bachelors/Family,4,Contact Owner
L04335,2022-07-10,2,22000,1100,1 out of 12,Carpet Area,"Miyapur, NH 9",Hyderabad,Furnished,Family,2,Contact Agent
L04336,2022-04-28,2,18000,1000,Ground out of 2,Carpet Area,"Uppal, NH 2 2",Hyderabad,Semi-Furnished,Bachelors,2,Contact Owner
L04337,2022-06-06,2,7000,1000,1 out of 2,Super Area,"Hayathnagar, NH 9",Hyderabad,Semi-Furnished,Bachelors/Family,3,Contact Owner
L04338,2022-06-08,3,16500,1600,2 out of 5,Super Area,Attapur,Hyderabad,Semi-Furnished,Family,3,Contact Owner
L04339,2022-05-24,3,13000,1550,1 out of 5,Carpet Area,Bandlaguda Jagir,Hyderabad,Unfurnished,Bachelors,3,Contact Owner
L04340,2022-06-25,1,6000,600,Ground out of 4,Super Area,Amberpet,Hyderabad,Semi-Furnished,Bachelors/Family,1,Contact Owner
L04341,2022-07-06,1,6000,500,1 out of 2,Super Area,RTC Cross Road,Hyderabad,Semi-Furnished,Bachelors/Family,1,Contact Owner
L04342,2022-07-10,2,21000,1100,4 out of 5,Carpet Area,"Himayath Nagar, NH 7",Hyderabad,Semi-Furnished,Bachelors/Family,2,Contact Agent
L04343,2022-05-07,3,10000,1000,2 out of 2,Carpet Area,"Manikonda, Outer Ring Road",Hyderabad,Furnished,Family,2,Contact Owner
L04344,2022-05-09,2,12000,1000,2 out of 2,Super Area,Kothapet,Hyderabad,Semi-Furnished,Bachelors/Family,2,Contact Owner
L04345,2022-07-02,3,30000,1800,5 out of 5,Carpet Area,"Anand Nagar-Khairatabad, NH 7",Hyderabad,Unfurnished,Bachelors/Family,3,Contact Owner
L04346,2022-07-10,2,15000,1300,3 out of 5,Carpet Area,Kondapur,Hyderabad,Semi-Furnished,Bachelors/Family,2,Contact Agent
L04347,2022-05-12,2,10000,1100,Ground out of 2,Super Area,Kapra,Hyderabad,Unfurnished,Bachelors/Family,2,Contact Owner
L04348,2022-05-12,2,9000,950,2 out of 3,Super Area,Chanda Nagar,Hyderabad,Unfurnished,Bachelors/Family,2,Contact Owner
L04349,2022-07-01,2,10000,1000,2 out of 3,Carpet Area,Rock Town Colony,Hyderabad,Semi-Furnished,Bachelors,2,Contact Owner
L04350,2022-05-20,2,8000,1200,1 out of 3,Super Area,"Hayathnagar, NH 9",Hyderabad,Unfurnished,Bachelors/Family,2,Contact Owner
L04351,2022-06-18,6,60000,2800,Ground out of 3,Super Area,"Boduppal, NH 2 2",Hyderabad,Furnished,Bachelors/Family,7,Contact Owner
L04352,2022-06-29,2,8000,550,2 out of 4,Super Area,Attapur,Hyderabad,Unfurnished,Bachelors/Family,2,Contact Owner
L04353,2022-06-10,2,8500,1000,2 out of 16,Carpet Area,Medipally,Hyderabad,Semi-Furnished,Bachelors/Family,2,Contact Owner
L04354,2022-05-12,2,7500,800,2 out of 4,Super Area,"Pragathi Nagar, Kukatpally",Hyderabad,Semi-Furnished,Bachelors/Family,2,Contact Owner
L04355,2022-06-18,2,5000,600,Ground out of 2,Super Area,Meerpet,Hyderabad,Unfurnished,Bachelors/Family,1,Contact Owner
L04356,2022-07-02,3,30000,1800,5 out of 5,Carpet Area,"Anand Nagar-Khairatabad, NH 7",Hyderabad,Unfurnished,Family,3,Contact Owner
L04357,2022-05-01,1,7500,500,1 out of 3,Super Area,"Champapet, Koti",Hyderabad,Semi-Furnished,Bachelors/Family,1,Contact Owner
L04358,2022-06-12,2,12000,1000,2 out of 4,Super Area,Ram nagar,Hyderabad,Unfurnished,Bachelors/Family,2,Contact Owner
L04359,2022-06-10,2,15500,1100,3 out of 4,Super Area,"Kachiguda, NH 2 2",Hyderabad,Semi-Furnished,Bachelors/Family,2,Contact Owner
L04360,2022-04-29,3,26000,1450,4 out of 7,Super Area,"Lingampally-Serilingampally, NH 2 2",Hyderabad,Semi-Furnished,Family,2,Contact Owner
L04361,2022-05-26,1,8000,550,2 out of 3,Super Area,"Rasoolpura, Mahatma Gandhi Road",Hyderabad,Semi-Furnished,Bachelors/Family,1,Contact Owner
L04362,2022-06-30,2,12000,933,2 out of 5,Super Area,Kompally,Hyderabad,Unfurnished,Bachelors,2,Contact Owner
L04363,2022-07-02,3,15000,1100,1 out of 10,Carpet Area,Prashanth Nagar,Hyderabad,Semi-Furnished,Bachelors/Family,2,Contact Owner
L04364,2022-06-18,2,10000,1030,3 out of 6,Super Area,Dr A.S. Rao Nagar,Hyderabad,Semi-Furnished,Family,2,Contact Owner
L04365,2022-05-28,3,20000,1150,2 out of 4,Carpet Area,"Pragathi Nagar, Moosapet",Hyderabad,Semi-Furnished,Family,3,Contact Owner
L04366,2022-06-10,2,12500,850,Ground out of 5,Carpet Area,Prem nagar-Erragadda,Hyderabad,Unfurnished,Bachelors,2,Contact Owner
L04367,2022-06-02,2,18000,1000,2 out of 3,Super Area,Kondapur,Hyderabad,Unfurnished,Bachelors/Family,2,Contact Owner
L04368,2022-06-21,3,21000,1400,3 out of 4,Carpet Area,"LB Nagar, NH 9",Hyderabad,Semi-Furnished,Family,3,Contact Owner
L04369,2022-07-10,3,95000,2700,23 out of 30,Carpet Area,Gachibowli,Hyderabad,Furnished,Bachelors,3,Contact Agent
L04370,2022-05-19,3,26000,1700,7 out of 14,Carpet Area,"Hafeezpet, NH 9",Hyderabad,Semi-Furnished,Family,3,Contact Owner
L04371,2022-06-02,3,53000,1742,25 out of 35,Super Area,Gachibowli,Hyderabad,Semi-Furnished,Family,2,Contact Agent
L04372,2022-06-14,2,13000,1000,3 out of 4,Super Area,"Miyapur, NH 9",Hyderabad,Unfurnished,Bachelors/Family,2,Contact Owner
L04373,2022-06-29,2,12000,1440,1 out of 3,Super Area,Attapur,Hyderabad,Semi-Furnished,Bachelors/Family,2,Contact Owner
L04374,2022-07-06,3,28000,1600,1 out of 6,Super Area,Chanda Nagar,Hyderabad,Semi-Furnished,Bachelors/Family,3,Contact Owner
L04375,2022-07-06,3,57000,1838,4 out of 30,Super Area,Gachibowli,Hyderabad,Unfurnished,Bachelors,3,Contact Agent
L04376,2022-05-24,2,10000,1200,2 out of 2,Super Area,"Beeramguda, Ramachandra Puram, NH 9",Hyderabad,Unfurnished,Bachelors,2,Contact Owner
L04377,2022-05-06,3,21467,200,1 out of 1,Super Area,"Uppal, NH 2 2",Hyderabad,Unfurnished,Bachelors/Family,1,Contact Owner
L04378,2022-05-23,1,32000,1050,2 out of 3,Carpet Area,"Banjara Hills, NH 9",Hyderabad,Furnished,Bachelors,1,Contact Agent
L04379,2022-07-07,1,7000,400,4 out of 4,Carpet Area,Humayun Nagar,Hyderabad,Unfurnished,Bachelors/Family,1,Contact Owner
L04380,2022-07-06,2,30000,1350,5 out of 14,Super Area,Gachibowli,Hyderabad,Semi-Furnished,Bachelors,2,Contact Agent
L04381,2022-05-17,3,40000,1960,13 out of 25,Super Area,"Nallagandla, Serilingampally",Hyderabad,Unfurnished,Bachelors,3,Contact Agent
L04382,2022-06-08,1,9000,800,1 out of 2,Super Area,Nagole,Hyderabad,Unfurnished,Bachelors/Family,1,Contact Owner
L04383,2022-07-02,2,15000,1000,2 out of 5,Super Area,Bachupally,Hyderabad,Unfurnished,Bachelors,2,Contact Owner
L04384,2022-06-29,2,18000,1100,1 out of 4,Super Area,Begumpet,Hyderabad,Unfurnished,Bachelors/Family,2,Contact Owner
L04385,2022-05-29,3,25000,1480,2 out of 3,Super Area,Nizam Colony,Hyderabad,Furnished,Bachelors/Family,3,Contact Owner
L04386,2022-06-22,1,8500,700,Ground out of 3,Carpet Area,"Hafeezpet, NH 9",Hyderabad,Unfurnished,Bachelors/Family,1,Contact Owner
L04387,2022-06-13,3,20000,1500,5 out of 6,Super Area,"Miyapur, NH 9",Hyderabad,Furnished,Bachelors/Family,2,Contact Owner
L04388,2022-06-25,2,12000,1000,5 out of 6,Super Area,Upperpally,Hyderabad,Semi-Furnished,Bachelors/Family,2,Contact Owner
L04389,2022-06-11,2,12500,900,1 out of 3,Super Area,Toli Chowki,Hyderabad,Semi-Furnished,Bachelors/Family,2,Contact Owner
L04390,2022-07-02,3,25000,1250,2 out of 8,Super Area,"Red Hills, Lakdikapul, NH 7",Hyderabad,Semi-Furnished,Bachelors/Family,2,Contact Owner
L04391,2022-05-31,2,10000,1100,2 out of 2,Super Area,"Chandanagar, NH 9",Hyderabad,Unfurnished,Bachelors/Family,3,Contact Owner
L04392,2022-05-12,3,18000,1300,3 out of 3,Super Area,"Lakdikapul, NH 9",Hyderabad,Semi-Furnished,Bachelors,2,Contact Owner
L04393,2022-06-21,3,12000,1275,4 out of 5,Carpet Area,"Rajendra Nagar, Outer Ring Road",Hyderabad,Unfurnished,Bachelors/Family,2,Contact Owner
L04394,2022-06-14,3,13000,1265,2 out of 5,Super Area,"Pragathi Nagar, Kukatpally",Hyderabad,Semi-Furnished,Bachelors/Family,3,Contact Owner
L04395,2022-04-29,1,13000,700,1 out of 3,Carpet Area,Panjagutta Colony,Hyderabad,Unfurnished,Bachelors,1,Contact Owner
L04396,2022-05-20,2,25000,1150,1 out of 5,Super Area,Madhapur,Hyderabad,Furnished,Bachelors/Family,2,Contact Owner
L04397,2022-07-03,2,9000,850,Ground out of 2,Carpet Area,"Srinivasa Colony, Secunderabad",Hyderabad,Semi-Furnished,Family,2,Contact Owner
L04398,2022-06-02,2,10000,1285,2 out of 4,Super Area,"Malakpet, NH 9",Hyderabad,Semi-Furnished,Bachelors/Family,2,Contact Owner
L04399,2022-07-06,3,15000,2000,Ground out of 2,Super Area,Thumukunta,Hyderabad,Semi-Furnished,Bachelors/Family,3,Contact Owner
L04400,2022-07-06,2,20000,1000,1 out of 1,Super Area,"Bolarum, Medchal Road",Hyderabad,Semi-Furnished,Bachelors/Family,3,Contact Owner
L04401,2022-05-22,1,13500,700,4 out of 4,Super Area,Gachibowli,Hyderabad,Semi-Furnished,Bachelors/Family,1,Contact Owner
L04402,2022-06-25,3,21000,1100,4 out of 10,Super Area,"Rajendra Nagar, Outer Ring Road",Hyderabad,Semi-Furnished,Bachelors/Family,2,Contact Owner
L04403,2022-07-06,2,10000,1000,1 out of 3,Super Area,Toli Chowki,Hyderabad,Semi-Furnished,Bachelors/Family,2,Contact Owner
L04404,2022-06-18,2,10000,800,Ground out of 5,Super Area,"Chintal, NH 7",Hyderabad,Unfurnished,Bachelors/Family,2,Contact Owner
L04405,2022-05-05,2,10000,1400,Ground out of 1,Super Area,Ammenpur,Hyderabad,Furnished,Bachelors/Family,2,Contact Owner
L04406,2022-07-07,2,24000,1350,1 out of 5,Carpet Area,Hitech City,Hyderabad,Semi-Furnished,Bachelors/Family,2,Contact Owner
L04407,2022-05-01,2,13000,1100,1 out of 4,Super Area,"Hyder Nagar, NH 9",Hyderabad,Semi-Furnished,Bachelors/Family,2,Contact Owner
L04408,2022-06-29,2,8000,840,2 out of 3,Super Area,"SV Nagar, Secunderabad",Hyderabad,Unfurnished,Bachelors/Family,2,Contact Owner
L04409,2022-06-18,2,55000,1325,6 out of 8,Super Area,Gachibowli,Hyderabad,Furnished,Bachelors/Family,2,Contact Owner
L04410,2022-07-02,5,50000,3500,2 out of 3,Carpet Area,"Ramanthapur, NH 2 2",Hyderabad,Unfurnished,Bachelors/Family,6,Contact Owner
L04411,2022-05-10,3,32000,1250,5 out of 6,Carpet Area,"Chanda Naik Nagar, Madhapur",Hyderabad,Semi-Furnished,Bachelors/Family,3,Contact Owner
L04412,2022-06-06,3,22000,1500,3 out of 6,Super Area,Petbasheerabad,Hyderabad,Semi-Furnished,Bachelors/Family,3,Contact Owner
L04413,2022-06-03,2,8500,1050,1 out of 2,Carpet Area,Hydershakote,Hyderabad,Unfurnished,Bachelors/Family,2,Contact Owner
L04414,2022-05-09,3,12000,1200,2 out of 3,Super Area,Toli Chowki,Hyderabad,Semi-Furnished,Bachelors/Family,2,Contact Owner
L04415,2022-05-31,3,15000,1500,4 out of 5,Carpet Area,KBR Laxmi Residency,Hyderabad,Semi-Furnished,Bachelors/Family,3,Contact Owner
L04416,2022-06-06,1,3000,100,1 out of 2,Super Area,New Nallakunta,Hyderabad,Semi-Furnished,Bachelors/Family,1,Contact Owner
L04417,2022-06-02,3,52000,1742,23 out of 35,Super Area,Gachibowli,Hyderabad,Semi-Furnished,Family,3,Contact Agent
L04418,2022-07-08,2,9500,650,3 out of 4,Carpet Area,in Kushaiguda,Hyderabad,Unfurnished,Bachelors/Family,2,Contact Owner
L04419,2022-07-06,3,46000,2235,Ground out of 10,Carpet Area,Gachibowli,Hyderabad,Unfurnished,Family,5,Contact Agent
L04420,2022-07-08,2,12000,1000,1 out of 3,Super Area,"Gouri Shankar Nagar Colony, Banjara Hills",Hyderabad,Semi-Furnished,Bachelors/Family,2,Contact Owner
L04421,2022-05-20,2,8000,175,1 out of 3,Super Area,"Old Malakpet, NH 9",Hyderabad,Semi-Furnished,Bachelors/Family,2,Contact Owner
L04422,2022-07-06,2,9000,160,Ground out of 2,Super Area,Nagaram,Hyderabad,Unfurnished,Bachelors/Family,2,Contact Owner
L04423,2022-05-20,2,10000,1200,2 out of 3,Super Area,"Jillelguda, Medbowli",Hyderabad,Furnished,Bachelors/Family,2,Contact Owner
L04424,2022-05-26,2,39000,1283,5 out of 34,Super Area,Gachibowli,Hyderabad,Unfurnished,Bachelors,2,Contact Agent
L04425,2022-05-22,1,9000,600,1 out of 3,Super Area,"Domalguda, Himayath Nagar, NH 7",Hyderabad,Semi-Furnished,Bachelors/Family,1,Contact Agent
L04426,2022-07-10,4,120000,3455,12 out of 17,Super Area,Madhapur,Hyderabad,Semi-Furnished,Family,4,Contact Agent
L04427,2022-06-29,3,25000,1500,1 out of 2,Carpet Area,"Ayodhya Nagar, Quthbullapur",Hyderabad,Semi-Furnished,Family,3,Contact Owner
L04428,2022-07-06,1,14000,540,1 out of 5,Carpet Area,Kondapur,Hyderabad,Unfurnished,Bachelors,1,Contact Agent
L04429,2022-06-30,1,6000,500,2 out of 2,Super Area,"Lalaguda, Secunderabad",Hyderabad,Unfurnished,Bachelors/Family,1,Contact Owner
L04430,2022-06-14,2,15000,1100,1 out of 4,Super Area,"Dilsukh Nagar, NH 9",Hyderabad,Unfurnished,Bachelors/Family,2,Contact Owner
L04431,2022-05-24,2,8000,1350,1 out of 2,Carpet Area,"Boduppal, NH 2 2",Hyderabad,Unfurnished,Bachelors,2,Contact Owner
L04432,2022-05-06,1,6000,400,2 out of 2,Super Area,Shamshabad,Hyderabad,Unfurnished,Bachelors/Family,1,Contact Owner
L04433,2022-07-08,2,10000,120,Ground out of 2,Super Area,"Vanasthalipuram, NH 9",Hyderabad,Semi-Furnished,Bachelors/Family,2,Contact Owner
L04434,2022-05-12,3,35000,3050,Ground out of 2,Super Area,Sainikpuri,Hyderabad,Semi-Furnished,Bachelors/Family,3,Contact Owner
L04435,2022-05-12,2,16000,400,Ground out of 2,Super Area,Old Bowenpally,Hyderabad,Unfurnished,Bachelors/Family,3,Contact Owner
L04436,2022-07-02,2,14000,800,1 out of 4,Super Area,Dr A.S. Rao Nagar,Hyderabad,Semi-Furnished,Bachelors/Family,2,Contact Owner
L04437,2022-07-02,2,10000,90,Ground out of 3,Super Area,Amberpet,Hyderabad,Unfurnished,Bachelors/Family,1,Contact Owner
L04438,2022-05-25,1,7000,500,1 out of 4,Super Area,Chanda Nagar,Hyderabad,Unfurnished,Bachelors/Family,1,Contact Owner
L04439,2022-05-16,2,8000,1150,1 out of 4,Super Area,Kistareddypet,Hyderabad,Unfurnished,Bachelors/Family,2,Contact Owner
L04440,2022-04-30,3,22000,1700,2 out of 3,Super Area,"Vahini nagar, Karkhana, Hyderabad road no 2a",Hyderabad,Semi-Furnished,Bachelors/Family,2,Contact Owner
L04441,2022-06-02,2,12000,1000,3 out of 5,Super Area,Nadeem Colony,Hyderabad,Unfurnished,Bachelors/Family,2,Contact Owner
L04442,2022-07-06,3,10000,1100,1 out of 4,Carpet Area,"Manikonda, Outer Ring Road",Hyderabad,Semi-Furnished,Bachelors/Family,1,Contact Agent
L04443,2022-06-28,3,15000,1360,6 out of 8,Super Area,Badesahebguda,Hyderabad,Semi-Furnished,Bachelors/Family,3,Contact Owner
L04444,2022-06-29,1,6500,400,1 out of 2,Super Area,"Kukatpally, NH 9",Hyderabad,Unfurnished,Bachelors/Family,1,Contact Owner
L04445,2022-05-02,2,25000,1150,1 out of 4,Super Area,"Banjara Hills, NH 9",Hyderabad,Unfurnished,Bachelors/Family,2,Contact Owner
L04446,2022-06-25,2,12000,700,1 out of 5,Super Area,"Padmarao Nagar, Hyderabad-Karimnagar Highway",Hyderabad,Semi-Furnished,Bachelors/Family,2,Contact Owner
L04447,2022-05-21,1,9000,100,Upper Basement out of 4,Carpet Area,"Hafeezpet, NH 9",Hyderabad,Unfurnished,Bachelors/Family,1,Contact Owner
L04448,2022-07-05,2,7000,800,Ground out of 1,Carpet Area,"Boduppal, NH 2 2",Hyderabad,Unfurnished,Bachelors,2,Contact Owner
L04449,2022-07-02,2,20000,500,1 out of 5,Super Area,East Nehru Nagar,Hyderabad,Semi-Furnished,Bachelors/Family,2,Contact Owner
L04450,2022-05-16,2,9000,900,1 out of 3,Super Area,"Ramanthapur, NH 2 2",Hyderabad,Semi-Furnished,Bachelors/Family,2,Contact Owner
L04451,2022-06-25,3,30000,1500,3 out of 4,Carpet Area,"Somajiguda, NH 9",Hyderabad,Semi-Furnished,Bachelors/Family,2,Contact Owner
L04452,2022-06-05,3,15500,1600,1 out of 4,Super Area,Madhura Nagar,Hyderabad,Semi-Furnished,Family,3,Contact Owner
L04453,2022-05-27,2,10500,1300,1 out of 3,Super Area,"LB Nagar, NH 9",Hyderabad,Unfurnished,Bachelors/Family,2,Contact Owner
L04454,2022-06-15,3,16000,1305,2 out of 5,Super Area,Bowenpally,Hyderabad,Semi-Furnished,Bachelors/Family,2,Contact Owner
L04455,2022-05-12,1,6000,400,1 out of 2,Super Area,Meerpet,Hyderabad,Unfurnished,Bachelors/Family,1,Contact Owner
L04456,2022-05-12,2,15000,600,1 out of 2,Super Area,"Khaja Guda, Outer Ring Road",Hyderabad,Furnished,Bachelors/Family,2,Contact Owner
L04457,2022-06-15,2,21000,1130,3 out of 5,Super Area,"Hyder Nagar, NH 9",Hyderabad,Unfurnished,Bachelors,2,Contact Owner
L04458,2022-07-06,4,400000,7000,Lower Basement out of 2,Carpet Area,Jubilee Hills,Hyderabad,Semi-Furnished,Bachelors/Family,6,Contact Agent
L04459,2022-07-05,1,9000,890,4 out of 5,Carpet Area,Ameenpur,Hyderabad,Semi-Furnished,Bachelors,1,Contact Owner
L04460,2022-06-14,3,30000,1606,9 out of 19,Super Area,Peeramcheru,Hyderabad,Semi-Furnished,Bachelors/Family,3,Contact Owner
L04461,2022-05-12,1,6500,650,Ground out of 3,Super Area,"Quthbullapur, NH 7",Hyderabad,Unfurnished,Bachelors/Family,1,Contact Owner
L04462,2022-06-28,2,6000,600,3 out of 4,Super Area,"Vanasthalipuram, NH 9",Hyderabad,Unfurnished,Bachelors/Family,1,Contact Owner
L04463,2022-07-06,2,45000,1350,20 out of 35,Carpet Area,Gachibowli,Hyderabad,Furnished,Bachelors,2,Contact Agent
L04464,2022-06-28,2,15000,1050,1 out of 4,Super Area,"Venkata Ramana Colony, Nagole",Hyderabad,Unfurnished,Bachelors/Family,2,Contact Owner
L04465,2022-06-22,2,16000,1600,1 out of 2,Super Area,Old Alwal,Hyderabad,Unfurnished,Bachelors/Family,3,Contact Owner
L04466,2022-05-12,3,22000,1840,3 out of 6,Super Area,"Miyapur, NH 9",Hyderabad,Semi-Furnished,Bachelors/Family,3,Contact Owner
L04467,2022-05-12,2,12000,1100,5 out of 6,Super Area,Serilingampally,Hyderabad,Unfurnished,Bachelors/Family,2,Contact Owner
L04468,2022-05-12,2,13000,800,2 out of 3,Super Area,Qutub Shahi Tombs,Hyderabad,Semi-Furnished,Bachelors/Family,2,Contact Owner
L04469,2022-05-12,2,10000,800,Ground out of 3,Super Area,Sainikpuri,Hyderabad,Unfurnished,Bachelors/Family,2,Contact Owner
L04470,2022-05-20,2,15000,1100,1 out of 5,Super Area,"Boduppal, NH 2 2",Hyderabad,Semi-Furnished,Bachelors/Family,2,Contact Owner
L04471,2022-05-12,3,15000,2000,Ground out of 1,Super Area,"Bongloor, Outer Ring Road",Hyderabad,Semi-Furnished,Bachelors/Family,3,Contact Owner
L04472,2022-05-12,1,9000,750,2 out of 5,Super Area,Balanagar,Hyderabad,Unfurnished,Bachelors/Family,1,Contact Owner
L04473,2022-05-12,3,20000,1650,3 out of 5,Super Area,"Pocharam, NH 2 2",Hyderabad,Semi-Furnished,Bachelors/Family,2,Contact Owner
L04474,2022-06-01,2,6500,600,2 out of 2,Super Area,"Vanasthalipuram, NH 9",Hyderabad,Unfurnished,Bachelors/Family,2,Contact Owner
L04475,2022-06-21,3,45000,2352,1 out of 5,Carpet Area,Gachibowli,Hyderabad,Semi-Furnished,Family,4,Contact Owner
L04476,2022-07-05,3,42000,2671,2 out of 14,Carpet Area,Whitefields,Hyderabad,Semi-Furnished,Family,3,Contact Owner
L04477,2022-05-20,2,12000,550,1 out of 4,Super Area,"Padmarao Nagar, Hyderabad-Karimnagar Highway",Hyderabad,Unfurnished,Bachelors/Family,2,Contact Owner
L04478,2022-05-12,3,24000,1700,1 out of 5,Super Area,"Manikonda, Outer Ring Road",Hyderabad,Semi-Furnished,Bachelors/Family,4,Contact Owner
L04479,2022-05-12,2,16000,1050,2 out of 2,Carpet Area,Suchitra Circle,Hyderabad,Semi-Furnished,Bachelors/Family,2,Contact Owner
L04480,2022-07-07,6,20000,2400,Ground out of 1,Super Area,"Mallikarjuna Nagar, Secunderabad",Hyderabad,Unfurnished,Family,4,Contact Owner
L04481,2022-07-02,2,15000,800,1 out of 2,Super Area,Vijaya Puri Colony,Hyderabad,Semi-Furnished,Bachelors/Family,2,Contact Owner
L04482,2022-05-16,2,15000,1000,2 out of 3,Super Area,"Koti, NH 9",Hyderabad,Semi-Furnished,Bachelors/Family,2,Contact Owner
L04483,2022-05-12,2,8000,1100,2 out of 3,Super Area,"Uppal, NH 2 2",Hyderabad,Unfurnished,Bachelors/Family,2,Contact Owner
L04484,2022-05-12,1,6500,160,Ground out of 1,Super Area,"Hafeezpet, NH 9",Hyderabad,Unfurnished,Bachelors/Family,1,Contact Owner
L04485,2022-06-09,2,22000,1230,5 out of 5,Super Area,"Narsingi, Outer Ring Road",Hyderabad,Semi-Furnished,Family,2,Contact Owner
L04486,2022-05-12,1,6200,500,Ground out of 5,Super Area,Ram nagar,Hyderabad,Unfurnished,Bachelors/Family,1,Contact Owner
L04487,2022-05-12,1,9000,300,2 out of 4,Super Area,Begumpet,Hyderabad,Furnished,Bachelors/Family,1,Contact Owner
L04488,2022-06-04,2,9000,1156,Ground out of 2,Carpet Area,"Beeramguda, Ramachandra Puram, NH 9",Hyderabad,Unfurnished,Bachelors,2,Contact Owner
L04489,2022-05-12,2,15000,1100,2 out of 4,Super Area,Old Bowenpally,Hyderabad,Semi-Furnished,Bachelors/Family,2,Contact Owner
L04490,2022-06-14,2,15000,1250,3 out of 4,Carpet Area,"Himayath Nagar, NH 7",Hyderabad,Semi-Furnished,Bachelors,2,Contact Owner
L04491,2022-06-12,3,15000,900,1,Super Area,"Malakpet, NH 9",Hyderabad,Semi-Furnished,Bachelors/Family,3,Contact Owner
L04492,2022-05-16,1,6800,650,2 out of 3,Super Area,"Padmarao Nagar, Hyderabad-Karimnagar Highway",Hyderabad,Unfurnished,Bachelors/Family,1,Contact Owner
L04493,2022-05-12,1,5000,350,2 out of 3,Super Area,Attapur,Hyderabad,Unfurnished,Bachelors/Family,1,Contact Owner
L04494,2022-05-12,2,12000,1500,Ground out of 3,Super Area,Akhilandeswari Nagar,Hyderabad,Furnished,Bachelors/Family,2,Contact Owner
L04495,2022-05-12,2,12000,100,Ground out of 3,Super Area,"Narsingi, Outer Ring Road",Hyderabad,Semi-Furnished,Bachelors/Family,2,Contact Owner
L04496,2022-05-12,2,12000,900,2 out of 4,Super Area,Bandlaguda Jagir,Hyderabad,Semi-Furnished,Bachelors/Family,2,Contact Owner
L04497,2022-06-03,2,18000,990,3 out of 3,Super Area,"Somajiguda, NH 9",Hyderabad,Furnished,Bachelors/Family,2,Contact Owner
L04498,2022-06-21,3,25000,1700,5 out of 5,Super Area,Kompally,Hyderabad,Semi-Furnished,Bachelors/Family,3,Contact Owner
L04499,2022-06-28,2,15000,900,3 out of 6,Super Area,"Moosarambagh, NH 9",Hyderabad,Furnished,Bachelors/Family,2,Contact Owner
L04500,2022-05-14,3,23000,1700,2 out of 5,Super Area,Hyderabad,Hyderabad,Semi-Furnished,Bachelors/Family,3,Contact Owner
L04501,2022-05-20,2,10500,1050,Ground out of 3,Super Area,Hastinapuram,Hyderabad,Unfurnished,Bachelors/Family,2,Contact Owner
L04502,2022-05-10,3,37000,1550,3 out of 5,Super Area,"Banjara Hills, NH 9",Hyderabad,Semi-Furnished,Bachelors/Family,3,Contact Owner
L04503,2022-05-12,2,16000,1050,1 out of 2,Carpet Area,Suchitra Circle,Hyderabad,Semi-Furnished,Bachelors/Family,2,Contact Owner
L04504,2022-05-12,3,25000,1600,4 out of 5,Super Area,Kondapur,Hyderabad,Semi-Furnished,Bachelors/Family,3,Contact Owner
L04505,2022-06-29,2,14000,1250,1 out of 4,Super Area,Ram Bagh Colony,Hyderabad,Unfurnished,Bachelors/Family,2,Contact Owner
L04506,2022-05-12,2,10000,700,3 out of 4,Super Area,Old Nallakunta,Hyderabad,Semi-Furnished,Bachelors/Family,1,Contact Owner
L04507,2022-05-12,2,12500,1100,2 out of 3,Super Area,Bandlaguda Jagir,Hyderabad,Semi-Furnished,Bachelors/Family,2,Contact Owner
L04508,2022-05-12,2,15000,850,3 out of 5,Super Area,"Banjara Hills, NH 9",Hyderabad,Semi-Furnished,Bachelors/Family,1,Contact Owner
L04509,2022-06-25,3,35000,1700,2 out of 3,Carpet Area,Jubilee Hills,Hyderabad,Semi-Furnished,Bachelors,3,Contact Owner
L04510,2022-05-09,3,30000,1800,1 out of 5,Carpet Area,Raj Bhawan Road,Hyderabad,Furnished,Bachelors/Family,3,Contact Owner
L04511,2022-05-16,1,8000,520,3 out of 5,Super Area,"New Boiguda, Boiguda",Hyderabad,Semi-Furnished,Bachelors/Family,1,Contact Owner
L04512,2022-05-12,2,7000,800,Ground out of 1,Super Area,Rampally,Hyderabad,Unfurnished,Bachelors/Family,2,Contact Owner
L04513,2022-05-12,1,5500,67,Ground out of 1,Super Area,Jagadgiri Gutta,Hyderabad,Semi-Furnished,Bachelors/Family,1,Contact Owner
L04514,2022-05-12,1,5000,500,2 out of 3,Super Area,"Peerzadiguda, NH 2 2",Hyderabad,Unfurnished,Bachelors/Family,1,Contact Owner
L04515,2022-05-12,2,8500,1060,2 out of 5,Super Area,Dammaiguda,Hyderabad,Semi-Furnished,Bachelors/Family,2,Contact Owner
L04516,2022-05-16,2,8000,900,Ground out of 2,Super Area,"Uppal, NH 2 2",Hyderabad,Furnished,Bachelors/Family,1,Contact Owner
L04517,2022-05-12,2,16000,1650,Ground out of 3,Super Area,Kapra,Hyderabad,Semi-Furnished,Bachelors/Family,1,Contact Owner
L04518,2022-05-12,2,7500,800,2 out of 4,Super Area,Meerpet,Hyderabad,Semi-Furnished,Bachelors/Family,2,Contact Owner
L04519,2022-05-12,6,35000,3400,Ground out of 2,Super Area,Rampally,Hyderabad,Unfurnished,Bachelors/Family,7,Contact Owner
L04520,2022-07-06,3,8000,1100,2 out of 5,Carpet Area,Jubilee Hills,Hyderabad,Semi-Furnished,Bachelors/Family,1,Contact Agent
L04521,2022-06-21,2,45000,1492,4 out of 31,Super Area,Gachibowli,Hyderabad,Semi-Furnished,Bachelors/Family,2,Contact Agent
L04522,2022-07-06,3,9000,1100,1 out of 4,Carpet Area,"Manikonda, Outer Ring Road",Hyderabad,Semi-Furnished,Bachelors/Family,1,Contact Agent
L04523,2022-06-14,4,60000,2990,3 out of 13,Super Area,Gachibowli,Hyderabad,Semi-Furnished,Bachelors/Family,3,Contact Owner
L04524,2022-06-21,3,70000,2780,4 out of 26,Super Area,Nanakram Guda,Hyderabad,Semi-Furnished,Bachelors/Family,3,Contact Agent
L04525,2022-05-02,2,9000,1100,1 out of 2,Carpet Area,Aminpur,Hyderabad,Unfurnished,Bachelors/Family,2,Contact Owner
L04526,2022-05-12,2,11000,90,Ground out of 5,Super Area,Shaikpet,Hyderabad,Semi-Furnished,Bachelors/Family,2,Contact Owner
L04527,2022-06-25,2,5800,760,1 out of 2,Super Area,Ali Bagh Kala pather,Hyderabad,Unfurnished,Family,2,Contact Owner
L04528,2022-05-06,1,9000,600,Ground out of 4,Super Area,Yeshwanthpur,Hyderabad,Furnished,Bachelors/Family,1,Contact Owner
L04529,2022-05-28,2,18000,940,6 out of 10,Super Area,"Rajendra Nagar, Outer Ring Road",Hyderabad,Semi-Furnished,Bachelors/Family,2,Contact Agent
L04530,2022-07-06,3,45000,1742,24 out of 33,Carpet Area,"Financial District, Nanakram Guda",Hyderabad,Semi-Furnished,Family,3,Contact Agent
L04531,2022-06-02,3,55000,2000,Ground out of 12,Carpet Area,Gachibowli,Hyderabad,Semi-Furnished,Bachelors/Family,3,Contact Agent
L04532,2022-05-25,1,9500,800,3 out of 4,Super Area,"Yousufguda, NH 9",Hyderabad,Semi-Furnished,Bachelors/Family,1,Contact Owner
L04533,2022-05-06,3,35000,1800,1 out of 3,Super Area,Deepthisri nagar colony,Hyderabad,Furnished,Bachelors/Family,3,Contact Owner
L04534,2022-05-07,2,7500,1350,Ground out of 1,Super Area,Rampally,Hyderabad,Unfurnished,Bachelors/Family,2,Contact Owner
L04535,2022-05-20,3,25000,1685,Ground out of 5,Super Area,"Pocharam, NH 2 2",Hyderabad,Furnished,Bachelors/Family,3,Contact Owner
L04536,2022-05-16,2,12500,1250,Ground out of 2,Super Area,"Quthbullapur, NH 7",Hyderabad,Unfurnished,Bachelors/Family,3,Contact Owner
L04537,2022-07-05,3,22000,1800,1 out of 2,Carpet Area,Old Bowenpally,Hyderabad,Semi-Furnished,Family,3,Contact Owner
L04538,2022-06-25,2,7500,853,4 out of 5,Super Area,Kapra,Hyderabad,Semi-Furnished,Bachelors/Family,2,Contact Owner
L04539,2022-07-06,3,42000,2000,4 out of 17,Carpet Area,"Financial District, Nanakram Guda",Hyderabad,Semi-Furnished,Family,3,Contact Agent
L04540,2022-05-12,1,8000,800,Ground out of 2,Super Area,Adikmet,Hyderabad,Furnished,Bachelors/Family,1,Contact Owner
L04541,2022-06-23,2,20000,1200,Ground out of 1,Super Area,Shaikpet,Hyderabad,Semi-Furnished,Bachelors/Family,1,Contact Owner
L04542,2022-07-10,2,19000,1100,5 out of 5,Carpet Area,Kondapur,Hyderabad,Semi-Furnished,Bachelors/Family,2,Contact Agent
L04543,2022-07-06,1,14000,550,1 out of 5,Carpet Area,Kondapur,Hyderabad,Unfurnished,Bachelors,1,Contact Agent
L04544,2022-06-11,4,200000,4761,1 out of 35,Carpet Area,K P H B Phase 4,Hyderabad,Semi-Furnished,Bachelors,6,Contact Owner
L04545,2022-06-29,2,18500,920,3 out of 5,Carpet Area,"Nallagandla, Serilingampally",Hyderabad,Semi-Furnished,Family,2,Contact Owner
L04546,2022-06-29,3,38000,1400,4 out of 6,Carpet Area,Madhapur,Hyderabad,Semi-Furnished,Bachelors/Family,2,Contact Owner
L04547,2022-07-10,3,67000,2310,3 out of 17,Super Area,Madhapur,Hyderabad,Semi-Furnished,Family,3,Contact Agent
L04548,2022-05-12,2,5000,650,2 out of 3,Super Area,Balanagar,Hyderabad,Unfurnished,Family,2,Contact Owner
L04549,2022-06-06,1,25000,700,5 out of 5,Carpet Area,"Dwarakapuri, Punjagutta, NH 9",Hyderabad,Semi-Furnished,Bachelors/Family,2,Contact Owner
L04550,2022-05-12,1,7000,300,1 out of 3,Super Area,"Khairatabad, NH 7",Hyderabad,Unfurnished,Bachelors/Family,1,Contact Owner
L04551,2022-05-12,4,10000,100,1 out of 3,Super Area,Old Nallakunta,Hyderabad,Unfurnished,Bachelors/Family,2,Contact Owner
L04552,2022-05-02,2,25000,1050,1 out of 5,Carpet Area,"Siddhi Vinayak Nagar, Madhapur",Hyderabad,Furnished,Bachelors/Family,2,Contact Owner
L04553,2022-07-02,2,11000,1125,1 out of 2,Super Area,"Gandhamguda, Bairagiguda",Hyderabad,Unfurnished,Bachelors,2,Contact Owner
L04554,2022-07-02,4,17000,1600,2 out of 5,Super Area,Mehdipatnam,Hyderabad,Unfurnished,Bachelors/Family,4,Contact Owner
L04555,2022-06-17,3,47000,2400,1 out of 3,Super Area,"Banjara Hills, NH 9",Hyderabad,Furnished,Bachelors/Family,3,Contact Agent
L04556,2022-06-10,2,10000,650,3 out of 5,Super Area,Vandanapuri colony,Hyderabad,Unfurnished,Bachelors/Family,2,Contact Owner
L04557,2022-04-30,1,7500,1000,Ground out of 2,Super Area,"Ramachandra Puram, NH 9",Hyderabad,Unfurnished,Bachelors/Family,1,Contact Owner
L04558,2022-05-12,2,10000,900,1 out of 3,Super Area,Jagadgiri Gutta,Hyderabad,Semi-Furnished,Bachelors/Family,2,Contact Owner
L04559,2022-05-24,2,11000,1250,1 out of 3,Super Area,Hyderabad Shah Guda,Hyderabad,Semi-Furnished,Bachelors/Family,3,Contact Owner
L04560,2022-06-28,2,21000,1020,8 out of 9,Super Area,"Boduppal, NH 2 2",Hyderabad,Furnished,Bachelors/Family,2,Contact Owner
L04561,2022-05-31,3,15000,1270,1,Carpet Area,Tarnaka,Hyderabad,Furnished,Family,2,Contact Owner
L04562,2022-05-25,1,7500,600,3 out of 4,Super Area,"Miyapur, NH 9",Hyderabad,Unfurnished,Bachelors/Family,1,Contact Owner
L04563,2022-06-14,1,6500,500,2 out of 3,Carpet Area,"Tellapur, Outer Ring Road",Hyderabad,Unfurnished,Bachelors,1,Contact Owner
L04564,2022-06-23,2,7500,800,2 out of 2,Super Area,"Uppal, NH 2 2",Hyderabad,Semi-Furnished,Bachelors/Family,2,Contact Owner
L04565,2022-07-02,3,15000,1500,2 out of 4,Super Area,"Miyapur, NH 9",Hyderabad,Unfurnished,Bachelors/Family,2,Contact Owner
L04566,2022-05-12,2,11000,1200,2 out of 3,Super Area,BHEL,Hyderabad,Semi-Furnished,Bachelors/Family,2,Contact Owner
L04567,2022-07-06,3,23000,1900,1 out of 2,Carpet Area,"Pragathi Nagar, Kukatpally",Hyderabad,Semi-Furnished,Bachelors/Family,3,Contact Owner
L04568,2022-04-30,2,11000,950,2 out of 4,Super Area,Nagole,Hyderabad,Unfurnished,Bachelors/Family,2,Contact Owner
L04569,2022-04-30,1,8000,300,1 out of 3,Super Area,Allwyn Colony,Hyderabad,Semi-Furnished,Bachelors/Family,1,Contact Owner
L04570,2022-07-02,2,13000,1250,Ground out of 1,Super Area,"Tellapur, Outer Ring Road",Hyderabad,Unfurnished,Bachelors/Family,2,Contact Owner
L04571,2022-05-09,2,17000,1200,2 out of 4,Super Area,"Srini kunj Anasuya Enclave, Lingampally, Kachiguda, Hyderabad",Hyderabad,Unfurnished,Bachelors,2,Contact Owner
L04572,2022-07-09,2,16000,1100,2 out of 4,Super Area,"Miyapur, NH 9",Hyderabad,Semi-Furnished,Bachelors/Family,2,Contact Owner
L04573,2022-07-06,2,12000,1100,2 out of 4,Super Area,Prem nagar-Erragadda,Hyderabad,Semi-Furnished,Bachelors/Family,2,Contact Owner
L04574,2022-06-18,2,20000,1500,1 out of 2,Super Area,Jeedimetla,Hyderabad,Semi-Furnished,Bachelors/Family,2,Contact Owner
L04575,2022-05-06,3,18000,1400,4 out of 5,Super Area,"Saidabad Colony, Sayeedabad",Hyderabad,Semi-Furnished,Bachelors/Family,2,Contact Owner
L04576,2022-07-06,3,50000,1742,11 out of 35,Carpet Area,Gachibowli,Hyderabad,Semi-Furnished,Family,3,Contact Agent
L04577,2022-06-30,2,23000,1250,2 out of 4,Carpet Area,"Somajiguda, NH 9",Hyderabad,Semi-Furnished,Bachelors/Family,2,Contact Agent
L04578,2022-05-20,1,16500,650,1 out of 6,Super Area,"Banjara Hills, NH 9",Hyderabad,Furnished,Bachelors/Family,1,Contact Owner
L04579,2022-07-06,3,25000,1545,4 out of 6,Super Area,"Miyapur, NH 9",Hyderabad,Furnished,Bachelors/Family,2,Contact Owner
L04580,2022-04-29,1,13000,700,1 out of 2,Carpet Area,"Mythri Nagar, Hafeezpet, NH 9",Hyderabad,Unfurnished,Bachelors/Family,2,Contact Owner
L04581,2022-07-06,2,12000,1600,1 out of 5,Super Area,Dr A.S. Rao Nagar,Hyderabad,Unfurnished,Bachelors/Family,2,Contact Owner
L04582,2022-07-06,3,37000,1700,Ground out of 15,Super Area,Gopanapalli,Hyderabad,Furnished,Bachelors/Family,3,Contact Owner
L04583,2022-07-06,2,6500,920,Ground out of 27,Super Area,Moula Ali,Hyderabad,Unfurnished,Bachelors/Family,2,Contact Owner
L04584,2022-06-14,2,13000,1115,3 out of 5,Carpet Area,"Bhagya Nagar Colony, Secunderabad",Hyderabad,Unfurnished,Family,2,Contact Owner
L04585,2022-05-09,3,17500,1000,2 out of 4,Carpet Area,"Opp. Deccan college, Darusalam",Hyderabad,Semi-Furnished,Family,2,Contact Owner
L04586,2022-06-18,2,15000,1200,3 out of 5,Super Area,Nizampet,Hyderabad,Unfurnished,Bachelors/Family,2,Contact Owner
L04587,2022-06-14,1,4000,500,2 out of 3,Super Area,Almasguda,Hyderabad,Unfurnished,Bachelors/Family,1,Contact Owner
L04588,2022-06-22,3,15000,1850,1 out of 1,Super Area,"Tarapuri Colony, Secunderabad",Hyderabad,Semi-Furnished,Bachelors/Family,2,Contact Owner
L04589,2022-04-30,1,9000,600,2 out of 2,Super Area,Secretariat Hills,Hyderabad,Unfurnished,Bachelors/Family,2,Contact Owner
L04590,2022-07-02,2,13000,200,3 out of 3,Carpet Area,Puppalaguda,Hyderabad,Unfurnished,Family,2,Contact Owner
L04591,2022-05-20,3,25000,1500,1 out of 4,Super Area,Serilingampally,Hyderabad,Semi-Furnished,Bachelors/Family,3,Contact Owner
L04592,2022-06-29,3,37000,2100,10 out of 20,Super Area,"Nallagandla, Serilingampally",Hyderabad,Semi-Furnished,Bachelors/Family,3,Contact Agent
L04593,2022-06-22,3,25000,1250,1 out of 3,Super Area,"Manikonda, Outer Ring Road",Hyderabad,Semi-Furnished,Bachelors/Family,3,Contact Owner
L04594,2022-05-08,1,13000,800,3 out of 4,Super Area,Hyderabad,Hyderabad,Semi-Furnished,Bachelors/Family,1,Contact Owner
L04595,2022-06-15,3,20000,1450,1 out of 5,Super Area,"Rethibowli, Mehdipatnam",Hyderabad,Unfurnished,Bachelors/Family,2,Contact Owner
L04596,2022-06-29,3,37000,1960,8 out of 20,Super Area,aparna sarovar grande,Hyderabad,Semi-Furnished,Bachelors/Family,3,Contact Agent
L04597,2022-06-29,3,40000,1965,10 out of 14,Super Area,"Nallagandla, Serilingampally",Hyderabad,Semi-Furnished,Bachelors/Family,3,Contact Agent
L04598,2022-06-29,3,45000,1834,15 out of 30,Super Area,"Narsingi, Outer Ring Road",Hyderabad,Semi-Furnished,Bachelors/Family,3,Contact Agent
L04599,2022-06-29,3,44000,1834,12 out of 30,Super Area,"Narsingi, Outer Ring Road",Hyderabad,Semi-Furnished,Bachelors/Family,3,Contact Agent
L04600,2022-05-16,2,15000,1150,1 out of 4,Super Area,Amberpet,Hyderabad,Unfurnished,Bachelors/Family,2,Contact Owner
L04601,2022-06-29,3,37000,1800,10 out of 20,Super Area,"Nallagandla, Serilingampally",Hyderabad,Furnished,Bachelors/Family,3,Contact Agent
L04602,2022-06-07,2,12000,1000,3 out of 5,Super Area,Vidya Nagar,Hyderabad,Semi-Furnished,Bachelors/Family,2,Contact Owner
L04603,2022-06-14,2,8000,1200,1 out of 3,Super Area,Dharmapuri Colony,Hyderabad,Unfurnished,Bachelors/Family,2,Contact Owner
L04604,2022-05-20,3,30000,2000,1 out of 1,Super Area,Mithila Nagar-Banjara Hills,Hyderabad,Unfurnished,Bachelors/Family,5,Contact Owner
L04605,2022-06-14,1,12000,700,3 out of 4,Super Area,Serilingampally,Hyderabad,Semi-Furnished,Bachelors/Family,1,Contact Owner
L04606,2022-06-14,1,6000,400,2 out of 3,Super Area,"Peerzadiguda, NH 2 2",Hyderabad,Unfurnished,Bachelors/Family,1,Contact Owner
L04607,2022-05-25,2,9500,1250,1 out of 1,Super Area,"Akshya nagar, Raghavendra colony, Road no:4,Boduppal",Hyderabad,Furnished,Bachelors/Family,2,Contact Owner
L04608,2022-06-14,1,10000,500,1 out of 3,Super Area,Toli Chowki,Hyderabad,Unfurnished,Bachelors/Family,1,Contact Owner
L04609,2022-06-27,3,16000,1550,1 out of 4,Super Area,Attapur,Hyderabad,Unfurnished,Bachelors/Family,3,Contact Owner
L04610,2022-07-06,2,20000,1000,2 out of 4,Super Area,Sri Nagar Colony,Hyderabad,Unfurnished,Bachelors/Family,2,Contact Owner
L04611,2022-06-17,2,10000,1200,1 out of 2,Carpet Area,"Jaya Puri Colony, Nagole",Hyderabad,Unfurnished,Family,2,Contact Owner
L04612,2022-05-11,2,13000,1200,2 out of 3,Carpet Area,"Dilsukh Nagar, NH 9",Hyderabad,Unfurnished,Bachelors/Family,2,Contact Owner
L04613,2022-05-03,2,17000,1200,5 out of 5,Carpet Area,"Manikonda, Outer Ring Road",Hyderabad,Semi-Furnished,Bachelors,2,Contact Owner
L04614,2022-07-06,2,15000,1800,Ground out of 1,Super Area,Dammaiguda,Hyderabad,Semi-Furnished,Bachelors/Family,2,Contact Owner
L04615,2022-07-07,2,10000,1100,5 out of 5,Super Area,Kapra,Hyderabad,Furnished,Family,2,Contact Owner
L04616,2022-06-11,3,25000,1650,3 out of 4,Carpet Area,Begumpet,Hyderabad,Semi-Furnished,Bachelors,2,Contact Owner
L04617,2022-06-26,3,15000,225,Ground out of 1,Carpet Area,"Ragannaguda, Outer Ring Road",Hyderabad,Unfurnished,Bachelors/Family,3,Contact Owner
L04618,2022-07-06,1,11000,550,4 out of 6,Super Area,Qutub Shahi Tombs,Hyderabad,Furnished,Bachelors/Family,1,Contact Owner
L04619,2022-06-14,1,7500,350,2 out of 4,Super Area,Gudimalkapur,Hyderabad,Unfurnished,Bachelors/Family,1,Contact Owner
L04620,2022-06-10,2,15000,600,1 out of 2,Super Area,"Murad Nagar, Lal Darwaza, Falaknuma Road",Hyderabad,Unfurnished,Bachelors/Family,1,Contact Owner
L04621,2022-05-25,1,7500,500,2 out of 3,Super Area,"Hafeezpet, NH 9",Hyderabad,Unfurnished,Bachelors/Family,1,Contact Owner
L04622,2022-05-01,2,11000,1100,Ground out of 5,Super Area,Nizampet,Hyderabad,Unfurnished,Bachelors/Family,2,Contact Owner
L04623,2022-06-29,2,15000,1205,3 out of 5,Super Area,"Pocharam, Hyderabad near infosys",Hyderabad,Furnished,Bachelors/Family,2,Contact Owner
L04624,2022-05-12,2,9500,1200,Ground out of 2,Super Area,Tarnaka,Hyderabad,Semi-Furnished,Bachelors/Family,1,Contact Owner
L04625,2022-06-09,1,5000,540,2 out of 3,Super Area,"Kukatpally, NH 9",Hyderabad,Semi-Furnished,Bachelors/Family,1,Contact Owner
L04626,2022-07-05,3,20000,1800,2 out of 2,Carpet Area,Manigunda,Hyderabad,Semi-Furnished,Bachelors/Family,4,Contact Owner
L04627,2022-05-12,1,8500,500,2 out of 3,Super Area,"Hafeezpet, NH 9",Hyderabad,Unfurnished,Bachelors/Family,1,Contact Owner
L04628,2022-05-29,2,9000,1200,Ground out of 2,Super Area,Manneguda,Hyderabad,Semi-Furnished,Bachelors/Family,2,Contact Owner
L04629,2022-05-16,2,15000,1180,4 out of 5,Super Area,"Miyapur, NH 9",Hyderabad,Semi-Furnished,Bachelors/Family,2,Contact Owner
L04630,2022-07-06,2,20000,1000,4 out of 5,Super Area,Asif Nagar,Hyderabad,Unfurnished,Bachelors/Family,2,Contact Owner
L04631,2022-06-30,2,11500,675,3 out of 3,Carpet Area,"Bhagya Nagar Colony, Secunderabad",Hyderabad,Unfurnished,Bachelors,2,Contact Owner
L04632,2022-06-06,3,13000,1450,2 out of 5,Super Area,Bachupally,Hyderabad,Unfurnished,Bachelors/Family,2,Contact Owner
L04633,2022-06-14,1,11000,100,2 out of 5,Super Area,B.S.Maktha,Hyderabad,Unfurnished,Bachelors/Family,1,Contact Owner
L04634,2022-05-21,1,6000,500,1 out of 3,Carpet Area,Rodamestri Nagar,Hyderabad,Unfurnished,Bachelors,1,Contact Owner
L04635,2022-05-16,2,15000,100,3 out of 4,Super Area,"Yousufguda, NH 9",Hyderabad,Unfurnished,Bachelors/Family,2,Contact Owner
L04636,2022-06-20,4,45000,2300,4 out of 5,Carpet Area,Punjagutta X Roads,Hyderabad,Semi-Furnished,Bachelors/Family,4,Contact Owner
L04637,2022-07-06,1,5000,300,Ground out of 2,Super Area,"Ramachandra Puram, NH 9",Hyderabad,Unfurnished,Bachelors/Family,1,Contact Owner
L04638,2022-07-06,1,6000,300,1 out of 2,Super Area,Nacharam,Hyderabad,Unfurnished,Bachelors/Family,1,Contact Owner
L04639,2022-06-08,1,8000,800,3 out of 3,Carpet Area,Vidya Nagar,Hyderabad,Unfurnished,Bachelors/Family,1,Contact Owner
L04640,2022-07-06,2,15000,1280,Ground out of 1,Super Area,Shamshabad,Hyderabad,Unfurnished,Bachelors/Family,3,Contact Owner
L04641,2022-05-18,2,10000,110,1 out of 1,Carpet Area,Sangareddy District,Hyderabad,Unfurnished,Bachelors,2,Contact Owner
L04642,2022-06-02,2,9000,920,4 out of 4,Super Area,Moula Ali,Hyderabad,Semi-Furnished,Bachelors/Family,2,Contact Owner
L04643,2022-07-06,2,16000,2000,Ground out of 3,Super Area,"Old Malakpet, NH 9",Hyderabad,Unfurnished,Bachelors/Family,2,Contact Owner
L04644,2022-07-06,2,16000,770,1 out of 4,Super Area,Kapra,Hyderabad,Semi-Furnished,Bachelors/Family,2,Contact Owner
L04645,2022-07-06,3,45000,3200,1 out of 3,Carpet Area,"Kukatpally, NH 9",Hyderabad,Semi-Furnished,Bachelors/Family,3,Contact Agent
L04646,2022-06-11,2,12000,1500,1 out of 2,Carpet Area,"Hayathnagar, NH 9",Hyderabad,Unfurnished,Bachelors,2,Contact Owner
L04647,2022-06-25,2,14500,1100,1 out of 5,Super Area,Toli Chowki,Hyderabad,Semi-Furnished,Bachelors/Family,2,Contact Owner
L04648,2022-05-12,1,8000,450,3 out of 3,Super Area,Puppalaguda,Hyderabad,Unfurnished,Bachelors/Family,1,Contact Owner
L04649,2022-07-06,6,80000,4500,1 out of 2,Super Area,"Kakateeya Nagar, Secunderabad",Hyderabad,Semi-Furnished,Bachelors/Family,6,Contact Owner
L04650,2022-06-18,2,15000,1300,2 out of 4,Carpet Area,5-20 Adharshnagar,Hyderabad,Semi-Furnished,Bachelors/Family,2,Contact Owner
L04651,2022-05-04,1,15500,1000,2 out of 5,Carpet Area,"Manikonda, Outer Ring Road",Hyderabad,Semi-Furnished,Bachelors/Family,1,Contact Owner
L04652,2022-07-01,2,8000,900,Ground out of 2,Carpet Area,"Beeramguda, Ramachandra Puram, NH 9",Hyderabad,Semi-Furnished,Bachelors,2,Contact Owner
L04653,2022-05-12,1,7500,400,2 out of 3,Super Area,"Kukatpally, NH 9",Hyderabad,Unfurnished,Bachelors/Family,1,Contact Owner
L04654,2022-06-29,3,15000,10,1 out of 1,Carpet Area,"Ghatkesar, NH 2 2",Hyderabad,Furnished,Bachelors/Family,3,Contact Owner
L04655,2022-07-06,1,5000,450,1 out of 2,Super Area,Hydershakote,Hyderabad,Unfurnished,Bachelors/Family,1,Contact Owner
L04656,2022-05-25,2,10000,1300,2 out of 3,Super Area,Moula Ali,Hyderabad,Unfurnished,Bachelors/Family,2,Contact Owner
L04657,2022-06-29,2,16000,1000,4 out of 5,Super Area,"Indis VB CITY, Bollaram railway station",Hyderabad,Furnished,Bachelors/Family,2,Contact Owner
L04658,2022-05-15,2,15000,1300,Ground out of 1,Carpet Area,Kapra,Hyderabad,Semi-Furnished,Bachelors,2,Contact Owner
L04659,2022-06-14,1,6000,350,1 out of 3,Super Area,"Naseeb Nagar, Hyderabad",Hyderabad,Semi-Furnished,Bachelors/Family,1,Contact Owner
L04660,2022-05-29,3,32000,1560,1 out of 6,Super Area,"Neknampur, Manikonda, Outer Ring Road",Hyderabad,Semi-Furnished,Bachelors/Family,3,Contact Owner
L04661,2022-06-20,3,22000,1800,4 out of 5,Carpet Area,Mokila,Hyderabad,Semi-Furnished,Bachelors/Family,3,Contact Agent
L04662,2022-07-06,1,9000,600,1 out of 4,Carpet Area,"Himayath Nagar, NH 7",Hyderabad,Semi-Furnished,Bachelors/Family,1,Contact Agent
L04663,2022-06-06,2,12000,350,2 out of 2,Carpet Area,Malkajgiri,Hyderabad,Unfurnished,Bachelors,1,Contact Owner
L04664,2022-07-08,2,16000,1100,4 out of 5,Carpet Area,"Chandanagar, NH 9",Hyderabad,Furnished,Bachelors,2,Contact Owner
L04665,2022-05-16,2,13000,1100,3 out of 5,Super Area,"Chandanagar, NH 9",Hyderabad,Semi-Furnished,Bachelors/Family,2,Contact Owner
L04666,2022-06-22,2,20000,1170,1 out of 2,Super Area,"Malakpet, NH 9",Hyderabad,Unfurnished,Bachelors/Family,2,Contact Owner
L04667,2022-05-07,1,9000,550,Upper Basement out of 2,Carpet Area,sanath nagar Ashok colony,Hyderabad,Unfurnished,Bachelors/Family,1,Contact Owner
L04668,2022-05-29,2,11000,1000,5 out of 5,Super Area,"Beeramguda, Ramachandra Puram, NH 9",Hyderabad,Unfurnished,Bachelors/Family,2,Contact Owner
L04669,2022-04-30,2,12500,1100,2 out of 5,Super Area,"Vanasthalipuram, NH 9",Hyderabad,Furnished,Bachelors/Family,2,Contact Owner
L04670,2022-07-06,4,140000,3789,9 out of 22,Carpet Area,"Gachibowli CUC, Outer Ring Road",Hyderabad,Semi-Furnished,Family,5,Contact Agent
L04671,2022-07-06,3,65000,2700,2 out of 5,Carpet Area,Jubilee Hills,Hyderabad,Semi-Furnished,Bachelors/Family,3,Contact Agent
L04672,2022-06-18,3,60000,2170,4 out of 5,Carpet Area,Kakatiya Hills Madhapur,Hyderabad,Semi-Furnished,Bachelors/Family,3,Contact Owner
L04673,2022-06-06,2,26000,1160,6 out of 7,Super Area,"Madinaguda, Hafeezpet, NH 9",Hyderabad,Furnished,Family,2,Contact Owner
L04674,2022-07-02,2,8000,800,1 out of 6,Super Area,"Modi Paradise, Hayathnagar, Hyderabad",Hyderabad,Furnished,Bachelors/Family,2,Contact Owner
L04675,2022-05-29,2,14000,1200,2 out of 3,Super Area,Amberpet,Hyderabad,Unfurnished,Bachelors/Family,2,Contact Owner
L04676,2022-06-09,3,15000,1422,4 out of 7,Super Area,Adibatla,Hyderabad,Semi-Furnished,Bachelors/Family,3,Contact Owner
L04677,2022-07-06,2,15000,1200,Ground out of 2,Super Area,"Sikh Apartmentge, NH 7",Hyderabad,Semi-Furnished,Bachelors/Family,2,Contact Owner
L04678,2022-05-04,2,7000,1200,1 out of 1,Super Area,Balapur,Hyderabad,Unfurnished,Bachelors/Family,2,Contact Owner
L04679,2022-06-13,2,16000,1080,3 out of 5,Carpet Area,Old Nallakunta,Hyderabad,Semi-Furnished,Bachelors/Family,2,Contact Agent
L04680,2022-06-13,2,17000,1050,3 out of 3,Carpet Area,Old Nallakunta,Hyderabad,Semi-Furnished,Bachelors/Family,2,Contact Agent
L04681,2022-06-13,2,18000,1100,3 out of 5,Carpet Area,New Nallakunta,Hyderabad,Semi-Furnished,Bachelors/Family,2,Contact Agent
L04682,2022-05-25,2,20000,700,3 out of 7,Super Area,Toli Chowki,Hyderabad,Unfurnished,Bachelors/Family,2,Contact Owner
L04683,2022-05-12,2,18000,1150,4 out of 5,Super Area,"Miyapur, NH 9",Hyderabad,Semi-Furnished,Bachelors/Family,2,Contact Owner
L04684,2022-06-02,2,19000,1124,1 out of 5,Super Area,"Uppal, NH 2 2",Hyderabad,Furnished,Bachelors/Family,2,Contact Owner
L04685,2022-07-05,1,7000,650,3 out of 3,Super Area,Karmanghat,Hyderabad,Semi-Furnished,Bachelors/Family,1,Contact Owner
L04686,2022-07-02,2,10000,1125,2 out of 3,Carpet Area,Allwyn Colony,Hyderabad,Unfurnished,Bachelors,2,Contact Owner
L04687,2022-05-01,2,9000,850,2 out of 2,Super Area,"Sai Raghavendra Colony, uppal",Hyderabad,Semi-Furnished,Bachelors/Family,2,Contact Owner
L04688,2022-05-26,2,30000,1140,5 out of 5,Super Area,"Kukatpally, NH 9",Hyderabad,Furnished,Family,2,Contact Owner
L04689,2022-07-02,2,20000,1350,8 out of 14,Super Area,"Rajendra Nagar, Outer Ring Road",Hyderabad,Semi-Furnished,Bachelors,2,Contact Owner
L04690,2022-07-06,1,6500,600,2 out of 3,Super Area,"Kukatpally, NH 9",Hyderabad,Unfurnished,Bachelors/Family,1,Contact Owner
L04691,2022-07-06,2,9000,1050,Ground out of 1,Super Area,"Bolarum, Medchal Road",Hyderabad,Unfurnished,Bachelors/Family,2,Contact Owner
L04692,2022-06-29,3,20000,1100,2 out of 5,Super Area,New Mallepally,Hyderabad,Semi-Furnished,Bachelors/Family,3,Contact Owner
L04693,2022-05-29,2,8000,1200,Ground out of 3,Super Area,"Beeramguda, Ramachandra Puram, NH 9",Hyderabad,Semi-Furnished,Bachelors/Family,2,Contact Owner
L04694,2022-05-29,3,22000,1450,2 out of 6,Super Area,Alwal,Hyderabad,Semi-Furnished,Bachelors/Family,2,Contact Owner
L04695,2022-07-06,2,17000,1000,5 out of 5,Super Area,"Kukatpally Housing Board Colony, NH 9",Hyderabad,Semi-Furnished,Family,2,Contact Owner
L04696,2022-04-30,1,7000,300,1 out of 2,Super Area,Sainikpuri,Hyderabad,Semi-Furnished,Bachelors/Family,1,Contact Owner
L04697,2022-07-06,6,30000,4200,Ground out of 2,Super Area,Kuntloor,Hyderabad,Semi-Furnished,Bachelors/Family,5,Contact Owner
L04698,2022-07-06,2,12000,1000,2 out of 3,Super Area,Nagole,Hyderabad,Unfurnished,Bachelors/Family,2,Contact Owner
L04699,2022-07-02,3,53000,2300,1 out of 5,Carpet Area,"Banjara Hills, NH 9",Hyderabad,Furnished,Bachelors,3,Contact Agent
L04700,2022-06-22,2,11000,900,Ground out of 2,Super Area,"Miyapur, NH 9",Hyderabad,Unfurnished,Bachelors/Family,2,Contact Owner
L04701,2022-07-06,1,7500,650,2 out of 4,Carpet Area,Begumpet,Hyderabad,Semi-Furnished,Bachelors,1,Contact Agent
L04702,2022-07-06,1,7500,850,3 out of 5,Carpet Area,Begumpet,Hyderabad,Semi-Furnished,Bachelors,1,Contact Agent
L04703,2022-05-06,2,12000,1300,2 out of 3,Super Area,Chintalakunta,Hyderabad,Semi-Furnished,Bachelors/Family,2,Contact Owner
L04704,2022-07-06,2,12000,950,4 out of 4,Super Area,"Anandbagh, Secunderabad, Moula Ali Road",Hyderabad,Furnished,Bachelors/Family,2,Contact Owner
L04705,2022-06-17,1,10500,150,3 out of 6,Carpet Area,"Venkataramana Colony, Secunderabad",Hyderabad,Unfurnished,Bachelors/Family,1,Contact Owner
L04706,2022-07-09,2,6000,900,Ground out of 1,Carpet Area,Rampally,Hyderabad,Unfurnished,Bachelors/Family,2,Contact Owner
L04707,2022-04-30,1,4500,50,4 out of 5,Super Area,Amberpet,Hyderabad,Unfurnished,Bachelors/Family,1,Contact Owner
L04708,2022-07-10,2,25000,1200,3 out of 4,Super Area,"Srinagar Colony, Old Malakpet, NH 9",Hyderabad,Unfurnished,Family,2,Contact Owner
L04709,2022-05-20,2,13000,1350,2 out of 3,Super Area,Attapur,Hyderabad,Unfurnished,Bachelors/Family,2,Contact Owner
L04710,2022-05-20,1,6000,400,1 out of 3,Super Area,Nagaram,Hyderabad,Unfurnished,Bachelors/Family,1,Contact Owner
L04711,2022-04-30,2,12500,800,5 out of 7,Super Area,Serilingampally,Hyderabad,Unfurnished,Bachelors/Family,2,Contact Owner
L04712,2022-07-09,3,26000,1450,4 out of 4,Super Area,"Manikonda, Outer Ring Road",Hyderabad,Semi-Furnished,Bachelors/Family,2,Contact Owner
L04713,2022-07-06,3,60000,2405,10 out of 14,Super Area,"Manikonda, Outer Ring Road",Hyderabad,Semi-Furnished,Bachelors,3,Contact Agent
L04714,2022-06-17,3,35000,2500,2 out of 2,Super Area,"Vikrampuri, Secunderabad",Hyderabad,Unfurnished,Bachelors/Family,2,Contact Owner
L04715,2022-04-30,4,16000,1000,1 out of 3,Super Area,Narayanguda,Hyderabad,Semi-Furnished,Bachelors/Family,2,Contact Owner
L04716,2022-06-25,2,12000,1200,1 out of 3,Super Area,"Uppal, NH 2 2",Hyderabad,Unfurnished,Bachelors/Family,2,Contact Owner
L04717,2022-04-29,4,110000,3250,12 out of 17,Carpet Area,Madhapur,Hyderabad,Semi-Furnished,Bachelors/Family,5,Contact Owner
L04718,2022-05-29,3,20000,1600,1 out of 2,Carpet Area,Sainikpuri,Hyderabad,Semi-Furnished,Family,3,Contact Owner
L04719,2022-07-09,2,12000,980,2 out of 3,Super Area,Nagole,Hyderabad,Unfurnished,Bachelors/Family,2,Contact Owner
L04720,2022-05-06,3,25000,1600,1 out of 2,Super Area,BHEL,Hyderabad,Semi-Furnished,Bachelors/Family,3,Contact Owner
L04721,2022-06-25,2,17000,1000,3 out of 4,Super Area,"Netaji Nagar Colony, Langar Houz",Hyderabad,Semi-Furnished,Bachelors/Family,2,Contact Owner
L04722,2022-05-12,1,5500,40,Ground out of 2,Super Area,Jagadgiri Gutta,Hyderabad,Unfurnished,Bachelors/Family,1,Contact Owner
L04723,2022-06-10,1,8000,850,Ground out of 3,Super Area,Hyderguda,Hyderabad,Unfurnished,Bachelors/Family,1,Contact Owner
L04724,2022-06-10,2,17000,840,3 out of 5,Super Area,"Bolarum, Medchal Road",Hyderabad,Furnished,Bachelors/Family,2,Contact Owner
L04725,2022-06-23,2,15000,600,2 out of 2,Carpet Area,"Nallagandla, Serilingampally",Hyderabad,Unfurnished,Bachelors,1,Contact Owner
L04726,2022-05-14,1,9000,650,1 out of 3,Super Area,"Basheer Bagh, NH 7",Hyderabad,Furnished,Bachelors/Family,1,Contact Agent
L04727,2022-05-14,2,16000,1100,2 out of 5,Super Area,"Basheer Bagh, NH 7",Hyderabad,Furnished,Family,2,Contact Agent
L04728,2022-06-28,3,30000,214,2 out of 2,Super Area,Jubilee Hills,Hyderabad,Furnished,Bachelors,4,Contact Owner
L04729,2022-07-06,3,30000,1700,6 out of 13,Super Area,K P H B Phase 9,Hyderabad,Semi-Furnished,Family,3,Contact Agent
L04730,2022-05-29,2,13000,1500,Ground out of 1,Carpet Area,"Saket, Secunderabad",Hyderabad,Unfurnished,Family,2,Contact Owner
L04731,2022-04-30,2,8000,600,1 out of 4,Super Area,Suraram,Hyderabad,Unfurnished,Bachelors/Family,2,Contact Owner
L04732,2022-06-24,2,13000,950,2 out of 2,Super Area,"Manikonda, Outer Ring Road",Hyderabad,Unfurnished,Bachelors/Family,2,Contact Owner
L04733,2022-07-08,2,7000,900,Ground out of 2,Super Area,Vinayaka Nagar,Hyderabad,Unfurnished,Bachelors/Family,1,Contact Owner
L04734,2022-06-28,1,5000,500,Ground out of 1,Carpet Area,BN Reddy Nagar,Hyderabad,Furnished,Bachelors/Family,1,Contact Owner
L04735,2022-06-06,3,18000,1450,1 out of 5,Carpet Area,"Miyapur, NH 9",Hyderabad,Semi-Furnished,Family,3,Contact Owner
L04736,2022-06-08,3,35000,1250,4 out of 5,Super Area,Raj Bhawan Road,Hyderabad,Furnished,Bachelors,2,Contact Owner
L04737,2022-06-28,3,15000,1500,Lower Basement out of 2,Super Area,Almasguda,Hyderabad,Semi-Furnished,Family,3,Contact Owner
L04738,2022-07-07,3,15000,1500,Lower Basement out of 2,Super Area,Almasguda,Hyderabad,Semi-Furnished,Bachelors/Family,3,Contact Owner
L04739,2022-07-06,2,17000,855,4 out of 5,Carpet Area,"Godavari Homes, Quthbullapur",Hyderabad,Unfurnished,Bachelors,2,Contact Agent
L04740,2022-07-06,2,25000,1040,2 out of 4,Carpet Area,Gachibowli,Hyderabad,Unfurnished,Bachelors,2,Contact Owner
L04741,2022-06-02,2,12000,1350,2 out of 2,Super Area,Old Alwal,Hyderabad,Unfurnished,Bachelors/Family,2,Contact Owner
L04742,2022-05-18,2,15000,1000,3 out of 5,Carpet Area,Bandam Kommu,Hyderabad,Semi-Furnished,Bachelors/Family,2,Contact Owner
L04743,2022-05-15,3,29000,2000,1 out of 4,Super Area,"Manikonda, Hyderabad",Hyderabad,Semi-Furnished,Bachelors/Family,3,Contact Owner
L04744,2022-07-10,3,35000,1750,3 out of 5,Carpet Area,"Himayath Nagar, NH 7",Hyderabad,Semi-Furnished,Bachelors/Family,3,Contact Agent
L04745,2022-07-06,3,45000,1500,23 out of 34,Carpet Area,Gachibowli,Hyderabad,Semi-Furnished,Family,2,Contact Agent
L04746,2022-05-04,2,15000,1000,4 out of 5,Carpet Area,Suchitra Circle,Hyderabad,Unfurnished,Bachelors,2,Contact Owner
