locality_name,city,zone,metro_status,nearest_metro_station,tech_park_proximity,nearest_tech_park,tech_park_km_approx,nearest_metro_line,nearest_metro_km,metro_access_sample,metro_access_verified,metro_flag_agrees,nearest_metro_station_today,nearest_metro_km_today,tech_park_band,it_park_count_5km,nearest_rail_station,rail_station_km,airport_km,school_count_2km,hospital_count_2km,retail_count_2km,latitude,longitude,distance_to_cbd_km,geo_district,geo_state,n_listings_2022,first_posted_on,last_posted_on,geocode_confidence,geocode_match_name,geocode_feature_type,geocode_query,reference_year,metro_status_asof
"117 Residency, Chembur East",Mumbai,south,under_construction,Ghatkopar L1,yes,Bandra Kurla Complex,4.56,blue,5.74,yes,no,FALSE,Shivaji Chowk (Chembur),1.79,3-6km,4,Bharat Petroleum,0.17,6.83,12,27,7,19.0366683,72.8947992,12.55,M/E Ward,Maharashtra,1,5/31/2022,5/31/2022,low,Brainwonders Chembur,healthcare/counselling,Chembur East,2022,4/13/2022
"7 Bungalow, Seven Bungalows",Mumbai,west,operational,Versova,yes,SEEPZ Andheri East,3.78,blue,0.05,yes,yes,TRUE,Versova,0.05,3-6km,9,Andheri,2.86,6.2,27,57,18,19.1297617,72.8213781,21.29,K/W Ward,Maharashtra,3,7/9/2022,7/9/2022,high,Seven Bungalows,place/neighbourhood,Seven Bungalows,2022,4/13/2022
7 Bungalows Andheri West,Mumbai,west,operational,Andheri (West),yes,Nirlon Knowledge Park,2.62,yellow,1.31,yes,yes,TRUE,Lower Oshiwara,0.16,0-3km,13,Jogeshwari (Harbour Line),1.7,6.44,34,75,22,19.1408374,72.8332241,22.47,K/W Ward,Maharashtra,1,7/6/2022,7/6/2022,low,Nissan,shop/car,7 Bungalows Andheri West,2022,4/13/2022
90 ft road,Mumbai,east,none,Magathane,no,Mindspace Airoli,12.51,red,24.87,no,no,TRUE,Azad Nagar Bus Stop,13.08,6km+,1,Thakurli,0.88,29.14,13,55,2,19.2203974,73.1036411,42.13,Thakurli,Maharashtra,1,7/6/2022,7/6/2022,low,90ft Road,highway/secondary,90 ft road,2022,4/13/2022
"Acme Avenue, Kandivali West",Mumbai,north,operational,Dahanukarwadi,yes,Mindspace Malad,2.4,yellow,0.54,yes,yes,TRUE,Dahanukarwadi,0.54,0-3km,1,Kandivali,1.25,13.05,25,98,10,19.2055321,72.8399273,29.66,R/S Ward,Maharashtra,1,6/15/2022,6/15/2022,high,Kandivali West,place/suburb,Kandivali West,2022,4/13/2022
"Adani Western Heights, 4 Bunglows",Mumbai,east,none,Poisar,yes,Wagle Estate Thane,2.65,red,11.42,no,no,TRUE,Azad Nagar Bus Stop,6.64,0-3km,13,Thane,0.81,15.18,30,118,13,19.1823295,72.9694662,30.53,Kopri,Maharashtra,1,7/6/2022,7/6/2022,medium,Twelve Bunglows,highway/bus_stop,4 Bunglows,2022,4/13/2022
"Adani Western Heights, Andheri West",Mumbai,west,operational,Azad Nagar,yes,SEEPZ Andheri East,2.13,blue,1.14,yes,yes,TRUE,Azad Nagar,1.14,0-3km,13,Andheri,1.34,4.28,33,91,15,19.1172495,72.833968,19.84,K/W Ward,Maharashtra,3,5/31/2022,7/7/2022,high,Andheri West,place/suburb,Andheri West,2022,4/13/2022
"Aditi Apartment, Andheri West",Mumbai,west,operational,Azad Nagar,yes,SEEPZ Andheri East,2.13,blue,1.14,yes,yes,TRUE,Azad Nagar,1.14,0-3km,13,Andheri,1.34,4.28,33,91,15,19.1172495,72.833968,19.84,K/W Ward,Maharashtra,1,5/30/2022,5/30/2022,high,Andheri West,place/suburb,Andheri West,2022,4/13/2022
"Adityavardhan Apartment, Raheja Vihar",Mumbai,east,operational,Saki Naka,yes,Hiranandani Business Park Powai,1.66,blue,1.89,yes,yes,TRUE,Aarey JVLR,1.69,0-3km,18,Vikhroli,3.56,4.68,10,25,16,19.1191663,72.8951234,21.02,L Ward,Maharashtra,1,6/23/2022,6/23/2022,medium,Raheja Vihar Circular Road,landuse/residential,Raheja Vihar,2022,4/13/2022
Agripada,Mumbai,south,under_construction,Ghatkopar L1,yes,Lower Parel Business District,3.16,blue,15.18,yes,no,FALSE,Mahalaxmi,0.49,3-6km,1,Byculla,0.83,13.4,55,66,7,18.97504,72.8250555,4.17,E Ward,Maharashtra,1,5/27/2022,5/27/2022,high,Agripada,place/neighbourhood,Agripada,2022,4/13/2022
"Ahimsa Marg, Mindspace",Mumbai,north,none,Kandarpada,no,Mindspace Malad,30.36,yellow,22.52,no,no,TRUE,Kashigaon,21.13,6km+,0,Virar,0.3,41,3,36,6,19.4553807,72.8089778,57.51,Virar West,Maharashtra,1,7/7/2022,7/7/2022,low,"Jain Mandir Road,Ahimsa Marg",highway/residential,Ahimsa Marg Mindspace,2022,4/13/2022
"Aims Sea View, Indralok",Mumbai,north,none,Anand Nagar,no,Mindspace Malad,13.55,yellow,5.03,no,no,TRUE,Kashigaon,2.76,6km+,0,Bhayandar,2.44,23.57,7,29,2,19.3018253,72.8741489,40.57,Ghodbunder,Maharashtra,1,5/17/2022,5/17/2022,low,Aims Sea View Co-operative Housing Society,building/yes,Aims Sea View Indralok,2022,4/13/2022
"Ajmera Bhakti Park, Bhakti Park",Mumbai,south,none,Ghatkopar L1,yes,Bandra Kurla Complex,4.6,blue,7.2,no,no,TRUE,Chembur,3.23,3-6km,4,Bhakti Park,0.24,7.14,5,8,0,19.0278681,72.8795682,10.94,M/W Ward,Maharashtra,7,5/27/2022,7/9/2022,high,Bhakti Park,place/neighbourhood,Bhakti Park,2022,4/13/2022
"Ajmera Treon, Bhakti Park",Mumbai,south,none,Ghatkopar L1,yes,Bandra Kurla Complex,4.6,blue,7.2,no,no,TRUE,Chembur,3.23,3-6km,4,Bhakti Park,0.24,7.14,5,8,0,19.0278681,72.8795682,10.94,M/W Ward,Maharashtra,1,6/30/2022,6/30/2022,high,Bhakti Park,place/neighbourhood,Bhakti Park,2022,4/13/2022
"Akruti Aneri, Marol",Mumbai,east,operational,Airport Road,yes,MIDC Andheri East,0.53,blue,0.6,yes,yes,TRUE,MIDC - Andheri,0.53,0-3km,21,Andheri,3.33,3.11,13,46,5,19.1144347,72.8776145,20.03,K/E Ward,Maharashtra,1,6/16/2022,6/16/2022,high,Marol Village,place/neighbourhood,Marol,2022,4/13/2022
"Akruti Orchid Park, Sakinaka Junction",Mumbai,unknown,unknown,unknown,unknown,unknown,,unknown,,unknown,unknown,,unknown,,unknown,,unknown,,,,,,,,,,,2,6/13/2022,6/14/2022,none,,,,2022,4/13/2022
"Almeida Park, Turner Road",Mumbai,south,under_construction,Western Express Highway,yes,Bandra Kurla Complex,3.75,blue,6.99,yes,no,FALSE,Dharavi,2.29,3-6km,7,Bandra,0.96,4.9,44,54,8,19.0575631,72.8314731,13.21,Bandra West,Maharashtra,1,6/3/2022,6/3/2022,low,Almeida Park,leisure/park,Almeida Park Turner Road,2022,4/13/2022
"Alpine Apartments, Chembur East",Mumbai,east,under_construction,Ghatkopar L1,yes,Bandra Kurla Complex,4.35,blue,3.26,yes,no,FALSE,Diamond Garden,0.76,3-6km,5,Chembur,0.76,5.8,38,86,13,19.0574431,72.9058636,15.13,M/W Ward,Maharashtra,1,5/31/2022,5/31/2022,low,Ariso Apartments,building/apartments,Alpine Apartments Chembur East,2022,4/13/2022
"Alpine Shapoorji Pallonji, Thakur Village, Kandivali East",Mumbai,north,operational,Magathane,yes,Mindspace Malad,4.63,red,1.24,yes,yes,TRUE,Magathane,1.24,3-6km,0,Kandivali,2.62,13.36,5,24,7,19.2097189,72.8759248,30.42,R/S Ward,Maharashtra,1,7/9/2022,7/9/2022,high,Thakur Village,place/suburb,Thakur Village,2022,4/13/2022
"Alpine, Kandivali East",Mumbai,north,operational,Poisar,yes,Mindspace Malad,3.26,red,0.19,yes,yes,TRUE,Poisar,0.19,3-6km,1,Kandivali,1.15,12.79,14,67,10,19.2051958,72.8626165,29.76,R/S Ward,Maharashtra,1,7/9/2022,7/9/2022,high,Kandivali East,place/suburb,Alpine Kandivali East,2022,4/13/2022
"Alta Monte, Pathanwadi",Mumbai,north,operational,Dindoshi,yes,Mindspace Malad,2.28,red,0.43,yes,yes,TRUE,Dindoshi,0.43,0-3km,3,Malad,1.66,9.94,16,76,6,19.1795154,72.8623967,26.92,P/N Ward,Maharashtra,1,5/31/2022,5/31/2022,high,Pathanwadi,place/locality,Pathanwadi,2022,4/13/2022
Altamount Road,Mumbai,south,under_construction,Ghatkopar L1,yes,Nariman Point CBD,4.46,blue,17.2,yes,no,FALSE,Grant Road,1.08,3-6km,1,Grant Road,0.85,15.14,51,63,5,18.9643815,72.807864,4.06,D Ward,Maharashtra,1,7/9/2022,7/9/2022,low,Altamount Road (S K Barodawala Marg),highway/tertiary,Altamount Road,2022,4/13/2022
"Altavista, Chembur",Mumbai,east,under_construction,Ghatkopar L1,yes,Bandra Kurla Complex,3.65,blue,3.7,yes,no,FALSE,Diamond Garden,0.53,3-6km,5,VNP & RC Marg Junction,0.46,5.39,32,81,13,19.054818,72.8979713,14.48,M/W Ward,Maharashtra,2,5/22/2022,5/22/2022,high,Chembur,place/suburb,Chembur,2022,4/13/2022
"Altavista, Sion Trombay Road",Mumbai,east,under_construction,Ghatkopar L1,yes,Bandra Kurla Complex,5.29,blue,4.56,yes,no,FALSE,Shivaji Chowk (Chembur),0.46,3-6km,4,Govandi,1.16,7.04,33,54,15,19.0457837,72.9106688,14.29,M/E Ward,Maharashtra,1,5/13/2022,5/13/2022,low,Sion Panvel Highway,highway/trunk,Altavista Sion Trombay Road,2022,4/13/2022
Amar Nagar,Mumbai,east,none,Aarey,yes,Wagle Estate Thane,3.89,red,7.74,no,no,TRUE,Aarey JVLR,6.57,3-6km,3,Nahur,2.12,11.35,33,36,6,19.1682298,72.9324791,27.48,T Ward,Maharashtra,1,7/4/2022,7/4/2022,high,Amar Nagar,place/neighbourhood,Amar Nagar,2022,4/13/2022
"Ambika Siddhi Apartment, Ghatkopar",Mumbai,east,operational,Ghatkopar L1,yes,Godrej One Vikhroli,2.53,blue,1.14,yes,yes,TRUE,Ghatkopar L1,1.14,0-3km,11,Ghatkopar,1.09,5.89,9,81,5,19.0842323,72.918635,18.39,N Ward,Maharashtra,1,5/15/2022,5/15/2022,high,Ghatkopar,place/suburb,Ghatkopar,2022,4/13/2022
"Ambrosia Apartment, Borivali East",Mumbai,north,operational,Devipada,yes,Mindspace Malad,5.22,red,0.39,yes,yes,TRUE,Devipada,0.39,3-6km,0,Borivali,0.55,15.19,8,106,14,19.2267228,72.8619328,32.14,R/C Ward,Maharashtra,1,6/12/2022,6/12/2022,high,Borivali East,place/suburb,Borivali East,2022,4/13/2022
Anand niwas,Mumbai,east,none,Ghatkopar L1,yes,Mindspace Airoli,3.42,blue,16.32,no,no,TRUE,Azad Nagar Bus Stop,7.76,3-6km,9,Mumbra,0.63,19.9,2,5,0,19.1843187,73.0240401,33.74,Mumbra,Maharashtra,1,7/9/2022,7/9/2022,low,devki niwas,building/yes,Anand niwas,2022,4/13/2022
"Anant Bhoomi, Mahavir Nagar",Mumbai,north,operational,Kandivali (West),yes,Mindspace Malad,3.46,yellow,0.12,yes,yes,TRUE,Kandivali (West),0.12,3-6km,0,Kandivali,1.89,14.13,25,74,8,19.2149882,72.8378643,30.71,R/S Ward,Maharashtra,1,7/9/2022,7/9/2022,high,Mahavir Nagar,place/quarter,Mahavir Nagar,2022,4/13/2022
Andheri East,Mumbai,west,operational,Western Express Highway,yes,SEEPZ Andheri East,0,blue,0.23,yes,yes,TRUE,Gundavali,0.18,0-3km,15,Andheri,0.92,3,36,92,5,19.1158835,72.854202,19.79,K/E Ward,Maharashtra,7,4/29/2022,7/7/2022,high,Andheri East,place/suburb,Andheri East,2022,4/13/2022
Andheri West,Mumbai,west,operational,Azad Nagar,yes,SEEPZ Andheri East,2.13,blue,1.14,yes,yes,TRUE,Azad Nagar,1.14,0-3km,13,Andheri,1.34,4.28,33,91,15,19.1172495,72.833968,19.84,K/W Ward,Maharashtra,15,4/29/2022,7/9/2022,high,Andheri West,place/suburb,Andheri West,2022,4/13/2022
"Anita, Lokhandwala Twp",Mumbai,north,operational,Poisar,yes,Mindspace Malad,4.19,red,1.69,yes,yes,TRUE,Poisar,1.69,3-6km,1,Kandivali,2.85,12.13,3,15,7,19.1982642,72.8781938,29.2,R/S Ward,Maharashtra,1,6/30/2022,6/30/2022,high,Anita Nagar,place/locality,Anita,2022,4/13/2022
anjali,Mumbai,east,none,Ghatkopar L1,yes,Vashi Business District,1.73,blue,10.65,no,no,TRUE,CBD Belapur,6.03,0-3km,4,Sanpada,0.34,15.37,23,18,7,19.0645682,73.0066333,22.8,Sanpada,Maharashtra,1,7/9/2022,7/9/2022,medium,Anjali Apartments,landuse/residential,anjali,2022,4/13/2022
Antop Hill,Mumbai,south,none,Ghatkopar L1,yes,Lower Parel Business District,4.65,blue,8.12,no,no,TRUE,Dadar,3.08,3-6km,4,Acharya Atre Nagar,0.5,7.39,43,34,4,19.0239461,72.8685474,10.09,F/N Ward,Maharashtra,1,5/23/2022,5/23/2022,high,Antop Hill,place/suburb,Antop Hill,2022,4/13/2022
"Antop Hill, Wadala",Mumbai,south,none,Ghatkopar L1,yes,Bandra Kurla Complex,4.6,blue,7.46,no,no,TRUE,Dharavi,3.49,3-6km,4,Bhakti Park,0.29,7.16,16,16,0,19.0269192,72.8759337,10.69,F/N Ward,Maharashtra,1,7/6/2022,7/6/2022,high,Wadala,place/suburb,Wadala,2022,4/13/2022
Anushakti Nagar,Mumbai,east,under_construction,Ghatkopar L1,no,Bandra Kurla Complex,6.67,blue,5.44,yes,no,FALSE,Deonar,0.76,6km+,0,Mankhurd,1.39,8.39,26,16,15,19.0395778,72.9221562,14.45,M/E Ward,Maharashtra,1,4/29/2022,4/29/2022,high,Anushakti Nagar,place/suburb,Anushakti Nagar,2022,4/13/2022
"Aristo Pearl Residency, Prabhadevi",Mumbai,south,under_construction,Asalpha,yes,Lower Parel Business District,1.35,blue,11.48,yes,no,FALSE,Siddhivinayak Temple,0.33,0-3km,4,Prabhadevi,1.17,9.14,47,48,5,19.0148811,72.8279556,8.5,G/S Ward,Maharashtra,1,7/9/2022,7/9/2022,high,Prabhadevi,place/suburb,Prabhadevi,2022,4/13/2022
"Ashford Casa Grande, Lower Parel",Mumbai,south,under_construction,Ghatkopar L1,yes,Lower Parel Business District,0,blue,12.39,yes,no,FALSE,Worli,1.32,0-3km,3,Prabhadevi,0.77,10.28,50,55,8,19.0029881,72.8303219,7.16,G/S Ward,Maharashtra,1,7/6/2022,7/6/2022,high,Lower Parel,place/suburb,Lower Parel,2022,4/13/2022
"Ashok tower, Parel",Mumbai,south,under_construction,Ghatkopar L1,yes,Lower Parel Business District,1.42,blue,11.1,yes,no,FALSE,Siddhivinayak Temple,1.47,0-3km,3,Parel,0.52,9.34,64,73,5,19.0084268,72.842505,7.78,F/S Ward,Maharashtra,1,7/9/2022,7/9/2022,high,Parel,place/suburb,Parel,2022,4/13/2022
Ashok Van,Mumbai,south,under_construction,Asalpha,yes,Lower Parel Business District,1.95,blue,10.76,yes,no,FALSE,Siddhivinayak Temple,0.52,0-3km,4,Dadar,1.21,8.42,54,63,5,19.0205197,72.8313766,9.1,G/N Ward,Maharashtra,1,6/2/2022,6/2/2022,low,Ashok Vada Pav,amenity/fast_food,Ashok Van,2022,4/13/2022
"Aspire, Kandivali East",Mumbai,north,operational,Poisar,yes,Mindspace Malad,3.26,red,0.19,yes,yes,TRUE,Poisar,0.19,3-6km,1,Kandivali,1.15,12.79,14,67,10,19.2051958,72.8626165,29.76,R/S Ward,Maharashtra,1,6/23/2022,6/23/2022,high,Kandivali East,place/suburb,Aspire Kandivali East,2022,4/13/2022
"Aspire, Thakur Village, Kandivali East",Mumbai,north,operational,Magathane,yes,Mindspace Malad,4.63,red,1.24,yes,yes,TRUE,Magathane,1.24,3-6km,0,Kandivali,2.62,13.36,5,24,7,19.2097189,72.8759248,30.42,R/S Ward,Maharashtra,1,7/9/2022,7/9/2022,high,Thakur Village,place/suburb,Thakur Village,2022,4/13/2022
"Atur Park, Chembur",Mumbai,east,under_construction,Ghatkopar L1,yes,Bandra Kurla Complex,4.49,blue,4.04,yes,no,FALSE,Diamond Garden,0.33,3-6km,5,VNP & RC Marg Junction,1.12,6.22,36,82,17,19.0504871,72.9046974,14.4,M/W Ward,Maharashtra,1,7/1/2022,7/1/2022,high,Atur Park,place/locality,Atur Park Chembur,2022,4/13/2022
"Auris Serenity, Adarsh Nagar",Mumbai,south,under_construction,Western Express Highway,yes,Bandra Kurla Complex,3.9,blue,6.63,yes,no,FALSE,Bandra Colony,2.31,3-6km,6,Bandra Terminus,1.3,4.73,39,50,7,19.0622146,72.8289581,13.74,Bandra West,Maharashtra,1,5/13/2022,5/13/2022,high,Adarsh Nagar,place/neighbourhood,Adarsh Nagar,2022,4/13/2022
"Auris Serenity, Kanch Pada",Mumbai,unknown,unknown,unknown,unknown,unknown,,unknown,,unknown,unknown,,unknown,,unknown,,unknown,,,,,,,,,,,6,5/18/2022,7/6/2022,none,,,,2022,4/13/2022
"Auris Serenity, Link Road",Mumbai,west,operational,D. N. Nagar,yes,SEEPZ Andheri East,2.56,blue,1.23,yes,yes,TRUE,D. N. Nagar,1.23,0-3km,13,Andheri,1.76,4.59,33,87,15,19.117227,72.8298965,19.85,K/W Ward,Maharashtra,1,5/11/2022,5/11/2022,low,Link Road,highway/primary,Link Road,2022,4/13/2022
"Auris Serenity, Malad West",Mumbai,north,operational,Kurar,yes,Mindspace Malad,0,red,1.85,yes,yes,TRUE,Malad (West),0.58,0-3km,3,Malad,0.83,10.68,24,94,13,19.1840129,72.8412155,27.27,P/N Ward,Maharashtra,3,5/18/2022,7/7/2022,high,Malad West,place/suburb,Malad West,2022,4/13/2022
"Avarsekar Heights, Worli",Mumbai,south,under_construction,Western Express Highway,yes,Lower Parel Business District,1.63,blue,12.27,yes,no,FALSE,Worli,0.38,0-3km,4,Prabhadevi,1.95,9.92,31,22,6,19.0117388,72.8178706,8.32,G/S Ward,Maharashtra,1,6/26/2022,6/26/2022,high,Worli,place/suburb,Worli,2022,4/13/2022
Azad Nagar Colaba,Mumbai,south,under_construction,Ghatkopar L1,yes,Nariman Point CBD,1.63,blue,21.37,yes,no,FALSE,Cuffe Parade,0.18,0-3km,0,Churchgate,2.61,20.21,19,15,7,18.9125419,72.8220815,3.24,A Ward,Maharashtra,1,7/6/2022,7/6/2022,low,Colaba Chambers,building/yes,Azad Nagar Colaba,2022,4/13/2022
"Badrinath Tower, Amit Nagar",Mumbai,west,operational,Versova,yes,Nirlon Knowledge Park,4.32,blue,0.85,yes,yes,TRUE,Versova,0.85,3-6km,7,Jogeshwari (Western Line),3.36,7.08,25,56,17,19.1367249,72.8169871,22.09,K/W Ward,Maharashtra,1,7/9/2022,7/9/2022,low,Badrinath Tower Road,highway/tertiary,Badrinath Tower Amit Nagar,2022,4/13/2022
"Balkrishna, Goregaon East",Mumbai,north,operational,Aarey,yes,Nirlon Knowledge Park,1.62,red,0.37,yes,yes,TRUE,Aarey,0.37,0-3km,5,Goregaon,0.77,8.83,14,72,6,19.1692623,72.8552548,25.71,P/S Ward,Maharashtra,1,4/29/2022,4/29/2022,high,Goregaon East,place/suburb,Balkrishna Goregaon East,2022,4/13/2022
"Ballerina Apartment, Lokhandwala Complex",Mumbai,west,operational,Versova,yes,Nirlon Knowledge Park,3.29,blue,1.47,yes,yes,TRUE,Lower Oshiwara,0.79,3-6km,7,Jogeshwari (Harbour Line),2.62,7.13,28,67,21,19.1430985,72.8246055,22.75,K/W Ward,Maharashtra,1,6/27/2022,6/27/2022,high,Lokhandwala Complex,place/neighbourhood,Lokhandwala Complex,2022,4/13/2022
"Band Stand, Bandra Band Stand",Mumbai,south,under_construction,Western Express Highway,yes,Lower Parel Business District,4.85,blue,8.65,yes,no,FALSE,Shitala Devi Mandir,2.35,3-6km,5,Bandra,2.27,6.62,21,17,2,19.0456829,72.8209967,11.98,Bandra West,Maharashtra,1,6/30/2022,6/30/2022,low,Band Stand,building/apartments,Band Stand Bandra Band Stand,2022,4/13/2022
Bandra East,Mumbai,south,under_construction,Chakala - J.B. Nagar,yes,Bandra Kurla Complex,1.78,blue,5.91,yes,no,FALSE,Bandra Kurla Complex (BKC),0.52,0-3km,7,Bandra Terminus,0.9,3.46,30,51,7,19.0616565,72.8498111,13.74,H/E Ward,Maharashtra,1,6/13/2022,6/13/2022,high,Bandra East,place/suburb,Bandra East,2022,4/13/2022
Bandra West,Mumbai,south,under_construction,Western Express Highway,yes,Bandra Kurla Complex,3.85,blue,6.96,yes,no,FALSE,Bandra Colony,2.39,3-6km,6,Bandra,1.11,4.93,43,54,7,19.0583358,72.8302669,13.3,Mumbai,Maharashtra,37,5/12/2022,7/9/2022,high,Bandra West,place/suburb,Bandra West,2022,4/13/2022
"Beach Towers, Prabhadevi",Mumbai,south,under_construction,Asalpha,yes,Lower Parel Business District,1.35,blue,11.48,yes,no,FALSE,Siddhivinayak Temple,0.33,0-3km,4,Prabhadevi,1.17,9.14,47,48,5,19.0148811,72.8279556,8.5,G/S Ward,Maharashtra,1,7/4/2022,7/4/2022,high,Prabhadevi,place/suburb,Prabhadevi,2022,4/13/2022
"Benchmark Solus, Waterfield Road",Mumbai,south,under_construction,Western Express Highway,yes,Bandra Kurla Complex,3.28,blue,6.2,yes,no,FALSE,Bandra Colony,1.68,3-6km,7,Bandra Terminus,0.71,4.15,47,65,9,19.0640655,72.8346916,13.93,H/W Ward,Maharashtra,1,6/16/2022,6/16/2022,low,RK Patkar Marg (Waterfield Road),highway/tertiary,Waterfield Road,2022,4/13/2022
"Benzer Tower, Thakur Complex",Mumbai,north,operational,Magathane,yes,Mindspace Malad,3.88,red,0.67,yes,yes,TRUE,Magathane,0.67,3-6km,0,Kandivali,1.54,13.47,6,59,12,19.2112442,72.8643107,30.45,R/S Ward,Maharashtra,1,5/14/2022,5/14/2022,medium,Thakur Complex,landuse/residential,Thakur Complex,2022,4/13/2022
Best Nagar Goregaon West,Mumbai,north,under_construction,Aarey,yes,Nirlon Knowledge Park,1.24,red,2.59,yes,no,FALSE,Oshiwara,1.09,0-3km,11,Ram Mandir,0.89,7.26,25,56,12,19.1523685,72.8418255,23.76,P/S Ward,Maharashtra,1,7/9/2022,7/9/2022,medium,Best Nagar 1,landuse/residential,Best Nagar Goregaon West,2022,4/13/2022
Beverly Park,Mumbai,north,under_construction,Anand Nagar,no,Mindspace Malad,11.76,yellow,3.3,yes,no,FALSE,Kashigaon,1.69,6km+,0,Mira Road,1.32,21.88,13,47,4,19.2868429,72.8673591,38.85,Mira,Maharashtra,1,7/7/2022,7/7/2022,medium,Beverly Park,highway/bus_stop,Beverly Park,2022,4/13/2022
"Bhairav Residency, Mira Road",Mumbai,east,none,Ghatkopar L1,yes,Millennium Business Park Mahape,2.88,blue,9.68,no,no,TRUE,Mandale,9.59,0-3km,10,Ghansoli,1.39,14.11,7,4,1,19.1181799,72.9939112,25.99,Ghansoli,Maharashtra,1,7/1/2022,7/1/2022,medium,Bhairaav Goldcrest Residency,landuse/residential,Bhairav Residency,2022,4/13/2022
Bhakti Park,Mumbai,south,none,Ghatkopar L1,yes,Bandra Kurla Complex,4.6,blue,7.2,no,no,TRUE,Chembur,3.23,3-6km,4,Bhakti Park,0.24,7.14,5,8,0,19.0278681,72.8795682,10.94,M/W Ward,Maharashtra,3,6/16/2022,7/9/2022,high,Bhakti Park,place/neighbourhood,Bhakti Park,2022,4/13/2022
"Bhakti Park, Bhakti Park",Mumbai,south,none,Ghatkopar L1,yes,Bandra Kurla Complex,4.6,blue,7.2,no,no,TRUE,Chembur,3.23,3-6km,4,Bhakti Park,0.24,7.14,5,8,0,19.0278681,72.8795682,10.94,M/W Ward,Maharashtra,1,6/8/2022,6/8/2022,high,Bhakti Park,place/neighbourhood,Bhakti Park Bhakti Park,2022,4/13/2022
Bhandup,Mumbai,east,none,Jagruti Nagar,yes,Godrej One Vikhroli,3.75,blue,6.19,no,no,TRUE,Aarey JVLR,5.51,3-6km,6,Bhandup,0.57,9.35,27,39,2,19.1378308,72.9361964,24.54,S Ward,Maharashtra,1,6/16/2022,6/16/2022,high,Bhandup East,place/suburb,Bhandup,2022,4/13/2022
Bhandup East,Mumbai,east,none,Jagruti Nagar,yes,Godrej One Vikhroli,3.75,blue,6.19,no,no,TRUE,Aarey JVLR,5.51,3-6km,6,Bhandup,0.57,9.35,27,39,2,19.1378308,72.9361964,24.54,S Ward,Maharashtra,2,5/10/2022,5/31/2022,high,Bhandup East,place/suburb,Bhandup East,2022,4/13/2022
Bhandup Village,Mumbai,east,none,Jagruti Nagar,yes,Wagle Estate Thane,5.34,blue,7.82,no,no,TRUE,Aarey JVLR,6.6,3-6km,2,Nahur,0.54,10.82,26,44,6,19.1510112,72.9432535,26.18,S Ward,Maharashtra,1,6/25/2022,6/25/2022,high,Bhandup Village West,place/neighbourhood,Bhandup Village,2022,4/13/2022
Bhandup West,Mumbai,east,none,Saki Naka,yes,Godrej One Vikhroli,4.64,blue,6.78,no,no,TRUE,Aarey JVLR,5.5,3-6km,6,Bhandup,0.55,9.73,20,42,4,19.1462636,72.9339461,25.29,S Ward,Maharashtra,5,4/29/2022,6/20/2022,high,Bhandup West,place/suburb,Bhandup West,2022,4/13/2022
"Bharat Ark, Andheri West",Mumbai,west,operational,Azad Nagar,yes,SEEPZ Andheri East,2.13,blue,1.14,yes,yes,TRUE,Azad Nagar,1.14,0-3km,13,Andheri,1.34,4.28,33,91,15,19.1172495,72.833968,19.84,K/W Ward,Maharashtra,1,6/4/2022,6/4/2022,high,Andheri West,place/suburb,Andheri West,2022,4/13/2022
Bhatti Pada,Mumbai,east,none,Anand Nagar,no,Wagle Estate Thane,8.93,yellow,9.43,no,no,TRUE,Azad Nagar Bus Stop,5.11,6km+,2,Kharbhav,3.93,23.02,5,7,4,19.2788123,72.9532408,39.78,Bhayander Pada,Maharashtra,1,6/4/2022,6/4/2022,low,Bhatti Road,highway/residential,Bhatti Pada,2022,4/13/2022
Bhayandar East,Mumbai,north,none,Anand Nagar,no,Mindspace Malad,13.08,yellow,4.78,no,no,TRUE,Kashigaon,3.14,6km+,0,Bhayandar,1.49,23.33,10,67,4,19.3000043,72.8619098,40.26,Bhayander East,Maharashtra,1,5/25/2022,5/25/2022,low,Mira Bhayandar Sports Complex,leisure/sports_centre,Bhayandar East,2022,4/13/2022
Bhoiwada,Mumbai,south,under_construction,Ghatkopar L1,yes,Lower Parel Business District,1.67,blue,11.17,yes,no,FALSE,Siddhivinayak Temple,1.99,0-3km,3,Ambedkar Nagar,0.43,9.62,49,56,1,19.0050981,72.846061,7.46,F/S Ward,Maharashtra,1,5/27/2022,5/27/2022,high,Bhoiwada,place/neighbourhood,Bhoiwada,2022,4/13/2022
"Bhoomi Elegant, Thakur Complex",Mumbai,north,operational,Magathane,yes,Mindspace Malad,3.88,red,0.67,yes,yes,TRUE,Magathane,0.67,3-6km,0,Kandivali,1.54,13.47,6,59,12,19.2112442,72.8643107,30.45,R/S Ward,Maharashtra,1,5/18/2022,5/18/2022,medium,Thakur Complex,landuse/residential,Thakur Complex,2022,4/13/2022
"Bindra Complex , Andheri East",Mumbai,west,operational,Western Express Highway,yes,SEEPZ Andheri East,0,blue,0.23,yes,yes,TRUE,Gundavali,0.18,0-3km,15,Andheri,0.92,3,36,92,5,19.1158835,72.854202,19.79,K/E Ward,Maharashtra,1,6/1/2022,6/1/2022,high,Andheri East,place/suburb,Andheri East,2022,4/13/2022
"Blue Monarch, Marol",Mumbai,east,operational,Airport Road,yes,MIDC Andheri East,0.53,blue,0.6,yes,yes,TRUE,MIDC - Andheri,0.53,0-3km,21,Andheri,3.33,3.11,13,46,5,19.1144347,72.8776145,20.03,K/E Ward,Maharashtra,1,6/16/2022,6/16/2022,high,Marol Village,place/neighbourhood,Marol,2022,4/13/2022
"Bombay Dyeing Two ICC, Dadar East",Mumbai,south,under_construction,Ghatkopar L1,yes,Lower Parel Business District,2.63,blue,9.76,yes,no,FALSE,Dadar,0.97,0-3km,5,Dadar,0.51,7.96,85,96,10,19.0200578,72.8475907,9.13,F/N Ward,Maharashtra,3,5/14/2022,7/9/2022,high,Dadar Hindu Colony,place/neighbourhood,Dadar East,2022,4/13/2022
"Bombay Dyeing Two ICC, Dadar TT Circle",Mumbai,south,under_construction,Ghatkopar L1,yes,Lower Parel Business District,2.47,blue,9.94,yes,no,FALSE,Dadar,1.11,0-3km,4,Dadar East,0.5,8.2,81,90,10,19.0178314,72.8478234,8.88,F/N Ward,Maharashtra,1,5/25/2022,5/25/2022,low,Khodadad Circle,leisure/garden,Dadar TT Circle,2022,4/13/2022
Borivali East,Mumbai,north,operational,Devipada,yes,Mindspace Malad,5.22,red,0.39,yes,yes,TRUE,Devipada,0.39,3-6km,0,Borivali,0.55,15.19,8,106,14,19.2267228,72.8619328,32.14,R/C Ward,Maharashtra,4,5/23/2022,6/23/2022,high,Borivali East,place/suburb,Borivali East,2022,4/13/2022
Borivali West,Mumbai,north,operational,Borivali (West),yes,Mindspace Malad,5.27,yellow,0,yes,yes,TRUE,Borivali (West),0,3-6km,0,Borivali,1.75,15.87,20,80,14,19.2313925,72.8408607,32.54,R/C Ward,Maharashtra,4,4/28/2022,6/28/2022,medium,Borivali (West),railway/station,Borivali West,2022,4/13/2022
Breach Candy,Mumbai,south,under_construction,Ghatkopar L1,yes,Lower Parel Business District,4.39,blue,16.77,yes,no,FALSE,Grant Road,1.64,3-6km,1,Grant Road,1.44,14.53,40,47,5,18.9714363,72.8051492,4.83,D Ward,Maharashtra,4,6/23/2022,7/1/2022,high,Breach Candy,place/neighbourhood,Breach Candy,2022,4/13/2022
buena vista,Mumbai,south,under_construction,Western Express Highway,yes,Lower Parel Business District,1.56,blue,13.1,yes,no,FALSE,Worli,0.59,0-3km,3,Lower Parel,1.83,10.74,23,14,6,19.0045679,72.8156193,7.6,G/S Ward,Maharashtra,1,7/9/2022,7/9/2022,low,Buena Vista,building/apartments,buena vista,2022,4/13/2022
Byculla West,Mumbai,south,under_construction,Ghatkopar L1,yes,Lower Parel Business District,3.11,blue,14.98,yes,no,FALSE,Mahalaxmi,0.57,3-6km,1,Byculla,0.51,13.3,51,61,5,18.9750879,72.8282502,4.1,E Ward,Maharashtra,1,7/9/2022,7/9/2022,high,Byculla West,place/suburb,Byculla West,2022,4/13/2022
Carter Road,Mumbai,west,none,Western Express Highway,yes,Bandra Kurla Complex,4.6,blue,7,no,no,TRUE,Bandra Colony,2.99,3-6km,6,Khar Road,2,5.31,31,43,4,19.061761,72.8222815,13.74,Bandra West,Maharashtra,1,6/3/2022,6/3/2022,low,Carter Road,highway/secondary,Carter Road,2022,4/13/2022
"Celestia Spaces, Balkrishna Dadu Karade Chowk",Mumbai,south,none,Ghatkopar L1,yes,Lower Parel Business District,2.13,blue,12.16,no,no,TRUE,Science Centre,2.79,0-3km,2,Mint Colony,0.49,10.88,19,33,0,18.9933526,72.8477938,6.2,F/S Ward,Maharashtra,1,6/20/2022,6/20/2022,medium,Celestia Spaces,landuse/residential,Celestia Spaces,2022,4/13/2022
Central Area,Mumbai,east,none,Saki Naka,yes,Hiranandani Business Park Powai,1.99,blue,4,no,no,TRUE,Aarey JVLR,3.49,0-3km,14,Kanjur Marg,1.16,7,38,21,20,19.1264711,72.9172833,22.57,S Ward,Maharashtra,2,5/14/2022,6/17/2022,low,Estate Office (Central Area),building/office,Central Area,2022,4/13/2022
Central Avenue Road,Mumbai,south,none,Ghatkopar L1,no,Bandra Kurla Complex,8.64,blue,9.1,no,no,TRUE,Deonar,4.42,6km+,0,Mysore Colony,3.55,10.94,0,0,0,19.0051071,72.9152702,11.18,M/E Ward,Maharashtra,2,5/31/2022,7/6/2022,low,Central Avenue New Mandala Road,highway/tertiary,Central Avenue Road,2022,4/13/2022
Century Bazaar,Mumbai,unknown,unknown,unknown,unknown,unknown,,unknown,,unknown,unknown,,unknown,,unknown,,unknown,,,,,,,,,,,1,7/7/2022,7/7/2022,none,,,,2022,4/13/2022
"Chaitanya Towers, Prabhadevi",Mumbai,south,under_construction,Asalpha,yes,Lower Parel Business District,1.35,blue,11.48,yes,no,FALSE,Siddhivinayak Temple,0.33,0-3km,4,Prabhadevi,1.17,9.14,47,48,5,19.0148811,72.8279556,8.5,G/S Ward,Maharashtra,2,6/4/2022,6/8/2022,high,Prabhadevi,place/suburb,Prabhadevi,2022,4/13/2022
Chakala,Mumbai,east,operational,Western Express Highway,yes,SEEPZ Andheri East,0.8,blue,0.57,yes,yes,TRUE,Western Express Highway,0.57,0-3km,16,Andheri,1.69,2.8,29,68,3,19.1152873,72.8618085,19.82,K/E Ward,Maharashtra,2,6/28/2022,7/1/2022,high,Chakala,place/neighbourhood,Chakala,2022,4/13/2022
chakala andheri east,Mumbai,south,operational,Western Express Highway,yes,SEEPZ Andheri East,1.01,blue,0.89,yes,yes,TRUE,Gundavali,0.82,0-3km,16,Andheri,1.87,2.06,28,75,5,19.1084739,72.8597027,19.04,K/E Ward,Maharashtra,1,4/27/2022,4/27/2022,high,Chakala Village,place/neighbourhood,chakala andheri east,2022,4/13/2022
Chakala Cigarette Factory,Mumbai,south,operational,Western Express Highway,yes,SEEPZ Andheri East,1.06,blue,0.98,yes,yes,TRUE,Gundavali,0.88,0-3km,14,Vile Parle,1.74,1.96,26,74,5,19.107299,72.8585798,18.89,K/E Ward,Maharashtra,1,5/1/2022,5/1/2022,low,,building/yes,Chakala Cigarette Factory,2022,4/13/2022
"Challenger Tower, Thakur Village, Kandivali East",Mumbai,north,operational,Magathane,yes,Mindspace Malad,4.63,red,1.24,yes,yes,TRUE,Magathane,1.24,3-6km,0,Kandivali,2.62,13.36,5,24,7,19.2097189,72.8759248,30.42,R/S Ward,Maharashtra,2,5/20/2022,6/23/2022,high,Thakur Village,place/suburb,Thakur Village,2022,4/13/2022
"Chanchal Kalyan Complex, Yari Road",Mumbai,west,operational,Versova,yes,Nirlon Knowledge Park,4.85,blue,1.38,yes,yes,TRUE,Versova,1.38,3-6km,6,Jogeshwari (Western Line),4.01,7.61,13,39,8,19.1377216,72.8108361,22.27,K/W Ward,Maharashtra,1,6/2/2022,6/2/2022,medium,Kalyan Complex Riddhi Siddhi Vriddhi,landuse/residential,Chanchal Kalyan Complex,2022,4/13/2022
Chandivali,Mumbai,east,operational,Saki Naka,yes,Hiranandani Business Park Powai,1.44,blue,0.93,yes,yes,TRUE,Saki Naka,0.93,0-3km,19,Ghatkopar,2.98,3.94,14,36,13,19.1091482,72.8945793,19.94,L Ward,Maharashtra,8,5/11/2022,7/9/2022,high,Chandivali,place/suburb,Chandivali,2022,4/13/2022
Charkop,Mumbai,north,operational,Kandivali (West),yes,Mindspace Malad,3.72,yellow,1.2,yes,yes,TRUE,Kandivali (West),1.2,3-6km,0,Kandivali,2.94,14.32,17,32,8,19.2141193,72.8258652,30.63,R/S Ward,Maharashtra,3,5/25/2022,7/6/2022,high,Charkop,place/suburb,Charkop,2022,4/13/2022
Charkop Sector 6,Mumbai,north,operational,Shimpoli,yes,Mindspace Malad,4.6,yellow,0.81,yes,yes,TRUE,Shimpoli,0.81,3-6km,0,Borivali,2.55,15.28,21,45,8,19.224787,72.8335467,31.8,R/C Ward,Maharashtra,1,7/6/2022,7/6/2022,low,RCS Road Number 6,highway/residential,Charkop Sector 6,2022,4/13/2022
Chembur,Mumbai,east,under_construction,Ghatkopar L1,yes,Bandra Kurla Complex,3.65,blue,3.7,yes,no,FALSE,Diamond Garden,0.53,3-6km,5,VNP & RC Marg Junction,0.46,5.39,32,81,13,19.054818,72.8979713,14.48,M/W Ward,Maharashtra,19,5/14/2022,7/7/2022,high,Chembur,place/suburb,Chembur,2022,4/13/2022
Chembur East,Mumbai,south,under_construction,Ghatkopar L1,yes,Bandra Kurla Complex,4.56,blue,5.74,yes,no,FALSE,Shivaji Chowk (Chembur),1.79,3-6km,4,Bharat Petroleum,0.17,6.83,12,27,7,19.0366683,72.8947992,12.55,M/E Ward,Maharashtra,4,5/26/2022,7/5/2022,low,Brainwonders Chembur,healthcare/counselling,Chembur East,2022,4/13/2022
"Chembur Heights, Sindhi Society Chembur",Mumbai,south,under_construction,Ghatkopar L1,yes,Bandra Kurla Complex,3.05,blue,4.46,yes,no,FALSE,Chembur,0.54,3-6km,6,VNP & RC Marg Junction,0.58,5.16,29,82,8,19.0508747,72.8890543,13.68,M/W Ward,Maharashtra,1,7/6/2022,7/6/2022,high,Sindhi Society,place/neighbourhood,Chembur Heights Sindhi Society Chembur,2022,4/13/2022
Chikuwadi,Mumbai,east,under_construction,Ghatkopar L1,yes,Godrej One Vikhroli,4.79,blue,3.62,yes,no,FALSE,Mankhurd,1.4,3-6km,4,Mankhurd,1.52,7.75,18,26,7,19.0617883,72.9302663,16.93,M/E Ward,Maharashtra,1,7/9/2022,7/9/2022,high,Chikalwadi,place/neighbourhood,Chikuwadi,2022,4/13/2022
Chinmay Gaurang Infrastructure Old Panvel,Mumbai,unknown,unknown,unknown,unknown,unknown,,unknown,,unknown,unknown,,unknown,,unknown,,unknown,,,,,,,,,,,1,6/27/2022,6/27/2022,none,,,,2022,4/13/2022
Chirag Nagar,Mumbai,east,operational,Jagruti Nagar,yes,Hiranandani Business Park Powai,2.66,blue,0.53,yes,yes,TRUE,Jagruti Nagar,0.53,0-3km,13,Ghatkopar,0.8,4.02,18,89,14,19.0878678,72.9010736,17.96,N Ward,Maharashtra,1,5/11/2022,5/11/2022,medium,Chirag Nagar Police Colony,landuse/residential,Chirag Nagar,2022,4/13/2022
Collector Colony,Mumbai,south,under_construction,Ghatkopar L1,yes,Bandra Kurla Complex,3.82,blue,5.13,yes,no,FALSE,Chembur,1.21,3-6km,4,Fertilizer Township,0.19,6.04,17,52,9,19.0432474,72.8918081,13.04,M/W Ward,Maharashtra,2,5/14/2022,6/30/2022,high,Collector Colony,place/neighbourhood,Collector Colony,2022,4/13/2022
"Conwood Astoria, Film City Road",Mumbai,east,none,Aarey,yes,Nirlon Knowledge Park,3.9,red,3.54,no,no,TRUE,Aarey JVLR,3.15,3-6km,7,Ram Mandir,4.3,8.1,4,11,0,19.1582019,72.8903556,25.07,P/N Ward,Maharashtra,1,5/31/2022,5/31/2022,low,Dadasaheb Phalke Chitranagari,amenity/studio,Film City Road,2022,4/13/2022
"Conwood Astoria, Goregaon East",Mumbai,north,operational,Aarey,yes,Nirlon Knowledge Park,1.62,red,0.37,yes,yes,TRUE,Aarey,0.37,0-3km,5,Goregaon,0.77,8.83,14,72,6,19.1692623,72.8552548,25.71,P/S Ward,Maharashtra,1,7/9/2022,7/9/2022,high,Goregaon East,place/suburb,Goregaon East,2022,4/13/2022
"Cosmopolis Tower, Andheri West",Mumbai,west,operational,Azad Nagar,yes,SEEPZ Andheri East,2.13,blue,1.14,yes,yes,TRUE,Azad Nagar,1.14,0-3km,13,Andheri,1.34,4.28,33,91,15,19.1172495,72.833968,19.84,K/W Ward,Maharashtra,1,5/27/2022,5/27/2022,high,Andheri West,place/suburb,Andheri West,2022,4/13/2022
"Crescent Bay Callisto, Parel",Mumbai,south,under_construction,Ghatkopar L1,yes,Lower Parel Business District,1.42,blue,11.1,yes,no,FALSE,Siddhivinayak Temple,1.47,0-3km,3,Parel,0.52,9.34,64,73,5,19.0084268,72.842505,7.78,F/S Ward,Maharashtra,2,5/31/2022,5/31/2022,high,Parel,place/suburb,Parel,2022,4/13/2022
"Crescent Bay T3, Bhoiwada",Mumbai,south,under_construction,Ghatkopar L1,yes,Lower Parel Business District,1.67,blue,11.17,yes,no,FALSE,Siddhivinayak Temple,1.99,0-3km,3,Ambedkar Nagar,0.43,9.62,49,56,1,19.0050981,72.846061,7.46,F/S Ward,Maharashtra,1,7/6/2022,7/6/2022,high,Bhoiwada,place/neighbourhood,Bhoiwada,2022,4/13/2022
"Crescent Solitaire, Sakinaka Junction",Mumbai,unknown,unknown,unknown,unknown,unknown,,unknown,,unknown,unknown,,unknown,,unknown,,unknown,,,,,,,,,,,2,5/19/2022,6/1/2022,none,,,,2022,4/13/2022
Cuffe Parade,Mumbai,south,under_construction,Ghatkopar L1,yes,Nariman Point CBD,1.35,blue,21.19,yes,no,FALSE,Cuffe Parade,0.31,0-3km,0,Churchgate,2.36,19.93,20,15,7,18.9157866,72.8189036,3.09,A Ward,Maharashtra,1,5/25/2022,5/25/2022,high,Cuffe Parade,place/neighbourhood,Cuffe Parade,2022,4/13/2022
D.N. Nagar,Mumbai,west,operational,D. N. Nagar,yes,SEEPZ Andheri East,2.87,blue,0,yes,yes,TRUE,D. N. Nagar,0,0-3km,14,Andheri,1.95,5.46,32,86,18,19.1282826,72.8302354,21.08,K/W Ward,Maharashtra,2,4/29/2022,7/3/2022,medium,D.N. Nagar,railway/station,D.N. Nagar,2022,4/13/2022
Dadar East,Mumbai,south,under_construction,Ghatkopar L1,yes,Lower Parel Business District,2.63,blue,9.76,yes,no,FALSE,Dadar,0.97,0-3km,5,Dadar,0.51,7.96,85,96,10,19.0200578,72.8475907,9.13,F/N Ward,Maharashtra,2,5/13/2022,5/18/2022,high,Dadar Hindu Colony,place/neighbourhood,Dadar East,2022,4/13/2022
Dadar West,Mumbai,south,under_construction,Asalpha,yes,Lower Parel Business District,2.47,blue,10.03,yes,no,FALSE,Dadar,0.11,0-3km,6,Dadar,0.71,7.81,71,75,9,19.0238887,72.8382236,9.47,G/N Ward,Maharashtra,1,7/5/2022,7/5/2022,high,Dadar West,place/suburb,Dadar West,2022,4/13/2022
Dahisar East,Mumbai,north,operational,Dahisar (East) [Line 7],no,Mindspace Malad,7.58,yellow,0.35,yes,yes,TRUE,Dahisar (East) [Line 7],0.35,6km+,0,Dahisar,0.47,17.63,8,56,5,19.2486925,72.8640593,34.59,R/N Ward,Maharashtra,3,6/8/2022,6/27/2022,high,Dahisar East,place/suburb,Dahisar East,2022,4/13/2022
Dahisar West,Mumbai,north,operational,Mandapeshwar - I.C. Colony,no,Mindspace Malad,7.32,yellow,0.76,yes,yes,TRUE,Mandapeshwar - I.C. Colony,0.76,6km+,0,Dahisar,0.7,17.68,8,61,3,19.248875,72.852959,34.53,R/N Ward,Maharashtra,1,5/31/2022,5/31/2022,high,Dahisar West,place/suburb,Dahisar West,2022,4/13/2022
darshan ricco Tower,Mumbai,east,none,Magathane,yes,Wagle Estate Thane,1.26,red,10.27,no,no,TRUE,Azad Nagar Bus Stop,4.98,0-3km,5,Thane,1.98,16.08,20,122,15,19.1995926,72.9629415,31.95,Panch Pakadi,Maharashtra,1,5/27/2022,5/27/2022,low,,historic/monument,darshan ricco Tower,2022,4/13/2022
Datta Pada,Mumbai,north,none,Kandarpada,no,Mindspace Malad,28.7,yellow,20.76,no,no,TRUE,Kashigaon,19.16,6km+,0,Virar,1.99,39.3,0,20,0,19.441645,72.8240682,55.93,Virar East,Maharashtra,1,7/7/2022,7/7/2022,low,Datta Mandir,amenity/place_of_worship,Datta Pada,2022,4/13/2022
Dattani Park,Mumbai,north,operational,Magathane,yes,Mindspace Malad,4.51,red,0.57,yes,yes,TRUE,Magathane,0.57,3-6km,0,Borivali,2.24,13.72,6,32,9,19.2133591,72.870794,30.76,R/S Ward,Maharashtra,1,7/7/2022,7/7/2022,high,Dattani Park,place/neighbourhood,Dattani Park,2022,4/13/2022
"DB Ozone, Mira Road",Mumbai,north,none,Kandarpada,no,Mindspace Malad,10.97,yellow,2.85,no,no,TRUE,Kashigaon,2.58,6km+,0,Mira Road,0,21.31,8,40,5,19.2816975,72.8560676,38.19,Mira,Maharashtra,2,4/27/2022,6/29/2022,medium,Mira Road,railway/station,Mira Road,2022,4/13/2022
"DB Woods, Gokuldham",Mumbai,north,operational,Aarey,yes,Nirlon Knowledge Park,2.56,red,1.01,yes,yes,TRUE,Aarey,1.01,0-3km,3,Goregaon,2.1,9.32,13,51,5,19.1738527,72.8670935,26.35,P/S Ward,Maharashtra,4,5/18/2022,7/9/2022,high,Gokuldham,place/neighbourhood,Gokuldham,2022,4/13/2022
"Deep Heights, Nalasopara",Mumbai,north,none,Kandarpada,no,Mindspace Malad,26.38,yellow,18.49,no,no,TRUE,Kashigaon,17.1,6km+,0,Nalla Sopara,0.29,37,4,42,6,19.4203577,72.8194857,53.57,Vasai-Virar,Maharashtra,1,5/25/2022,5/25/2022,low,Nala Sopara,place/borough,Nalasopara,2022,4/13/2022
Deonar,Mumbai,east,under_construction,Ghatkopar L1,yes,Bandra Kurla Complex,4.68,blue,4.36,yes,no,FALSE,Shivaji Chowk (Chembur),0.19,3-6km,5,VNP & RC Marg Junction,1.28,6.49,36,79,15,19.0475502,72.9051895,14.14,M/W Ward,Maharashtra,1,5/31/2022,5/31/2022,high,Deonar,place/suburb,Deonar,2022,4/13/2022
Devi Pada,Mumbai,unknown,unknown,unknown,unknown,unknown,,unknown,,unknown,unknown,,unknown,,unknown,,unknown,,,,,,,,,,,1,5/19/2022,5/19/2022,none,,,,2022,4/13/2022
Dhanukar Wadi,Mumbai,north,operational,Dahanukarwadi,yes,Mindspace Malad,2.6,yellow,0.35,yes,yes,TRUE,Dahanukarwadi,0.35,0-3km,1,Kandivali,1.48,13.28,26,87,10,19.207197,72.837984,29.85,R/S Ward,Maharashtra,1,5/25/2022,5/25/2022,low,Dhanukar Wadi Dispensary,amenity/clinic,Dhanukar Wadi,2022,4/13/2022
"Dheeraj Hill View Tower, Thakur Village, Kandivali East",Mumbai,north,operational,Magathane,yes,Mindspace Malad,4.63,red,1.24,yes,yes,TRUE,Magathane,1.24,3-6km,0,Kandivali,2.62,13.36,5,24,7,19.2097189,72.8759248,30.42,R/S Ward,Maharashtra,1,6/11/2022,6/11/2022,high,Thakur Village,place/suburb,Thakur Village,2022,4/13/2022
"Dheeraj Insignia Apartment, Bandra Kurla Complex",Mumbai,south,under_construction,Asalpha,yes,Bandra Kurla Complex,0,blue,4.47,yes,no,FALSE,Bandra Kurla Complex (BKC),1.36,0-3km,11,Kurla,1.44,2.58,18,42,5,19.067115,72.8657245,14.62,H/E Ward,Maharashtra,1,7/6/2022,7/6/2022,high,Bandra Kurla Complex,place/suburb,Bandra Kurla Complex,2022,4/13/2022
"Dheeraj Kiran CHS Walad West, Sunder Nagar",Mumbai,north,operational,Aarey,yes,Mindspace Malad,1.19,red,1.94,yes,yes,TRUE,Lower Malad,0.45,0-3km,5,Goregaon,1.31,9.53,14,71,13,19.1732766,72.8407686,26.08,P/S Ward,Maharashtra,1,7/7/2022,7/7/2022,high,Sunder Nagar,place/locality,Sunder Nagar,2022,4/13/2022
"Dheeraj Swapna Apartment, Pali Hill",Mumbai,west,under_construction,Western Express Highway,yes,Bandra Kurla Complex,4.07,blue,6.45,yes,no,FALSE,Bandra Colony,2.41,3-6km,6,Khar Road,1.42,4.7,38,48,7,19.0649126,72.8270326,14.05,H/W Ward,Maharashtra,1,7/6/2022,7/6/2022,high,Pali Hill,place/neighbourhood,Pali Hill,2022,4/13/2022
"Dheeraj Valley Tower, Goregaon East",Mumbai,north,operational,Aarey,yes,Nirlon Knowledge Park,1.62,red,0.37,yes,yes,TRUE,Aarey,0.37,0-3km,5,Goregaon,0.77,8.83,14,72,6,19.1692623,72.8552548,25.71,P/S Ward,Maharashtra,1,6/30/2022,6/30/2022,high,Goregaon East,place/suburb,Goregaon East,2022,4/13/2022
"diamond garden, Chembur",Mumbai,east,under_construction,Ghatkopar L1,yes,Bandra Kurla Complex,3.65,blue,3.7,yes,no,FALSE,Diamond Garden,0.53,3-6km,5,VNP & RC Marg Junction,0.46,5.39,32,81,13,19.054818,72.8979713,14.48,M/W Ward,Maharashtra,1,6/7/2022,6/7/2022,high,Chembur,place/suburb,Chembur,2022,4/13/2022
"diamond garden, Chembur East",Mumbai,east,under_construction,Ghatkopar L1,yes,Bandra Kurla Complex,4.16,blue,3.94,yes,no,FALSE,Diamond Garden,0,3-6km,5,VNP & RC Marg Junction,0.8,5.92,35,82,16,19.0517191,72.9018378,14.37,M/W Ward,Maharashtra,2,5/31/2022,6/16/2022,medium,Diamond Garden,railway/station,diamond garden,2022,4/13/2022
Dina Bama Estate,Mumbai,east,none,Jagruti Nagar,yes,Godrej One Vikhroli,4.02,blue,6.45,no,no,TRUE,Aarey JVLR,5.64,3-6km,6,Bhandup,0.3,9.57,15,39,2,19.1401586,72.9370703,24.81,S Ward,Maharashtra,1,5/27/2022,5/27/2022,high,Dina Bama Estate,place/locality,Dina Bama Estate,2022,4/13/2022
"DLH Orchid, Andheri West",Mumbai,west,operational,Azad Nagar,yes,SEEPZ Andheri East,2.13,blue,1.14,yes,yes,TRUE,Azad Nagar,1.14,0-3km,13,Andheri,1.34,4.28,33,91,15,19.1172495,72.833968,19.84,K/W Ward,Maharashtra,1,7/7/2022,7/7/2022,high,Andheri West,place/suburb,Andheri West,2022,4/13/2022
"DLH Orchid, Lokhandwala Complex",Mumbai,west,operational,Versova,yes,Nirlon Knowledge Park,3.29,blue,1.47,yes,yes,TRUE,Lower Oshiwara,0.79,3-6km,7,Jogeshwari (Harbour Line),2.62,7.13,28,67,21,19.1430985,72.8246055,22.75,K/W Ward,Maharashtra,1,6/28/2022,6/28/2022,high,Lokhandwala Complex,place/neighbourhood,Lokhandwala Complex,2022,4/13/2022
"Dosti Ambrosia, Wadala East",Mumbai,south,under_construction,Ghatkopar L1,yes,Lower Parel Business District,2.97,blue,9.65,yes,no,FALSE,Dadar,1.88,0-3km,3,Dadar East,0.3,8.3,60,64,7,19.0158783,72.8550732,8.82,F/N Ward,Maharashtra,1,6/9/2022,6/9/2022,high,Wadala Village,place/neighbourhood,Wadala East,2022,4/13/2022
"Dosti Flamingo, Sewri",Mumbai,south,none,Ghatkopar L1,yes,Lower Parel Business District,2.52,blue,11.04,no,no,TRUE,Dadar,2.93,0-3km,3,Sewri,0.29,9.91,23,36,0,19.001418,72.8542575,7.24,F/S Ward,Maharashtra,1,6/29/2022,6/29/2022,high,Sewri,place/suburb,Sewri,2022,4/13/2022
"Dr Babasaheb Ambedkar Road, Mumbai",Mumbai,south,under_construction,Asalpha,yes,Bandra Kurla Complex,1.4,blue,5.34,yes,no,FALSE,Bandra Kurla Complex (BKC),1.65,0-3km,7,Chuna Bhatti,0.36,3.96,18,39,3,19.054999,72.8692035,13.4,,Maharashtra,1,6/23/2022,6/23/2022,medium,Mumbai,place/city,Mumbai,2022,4/13/2022
"Dreams Complex, Bhandup West",Mumbai,east,none,Saki Naka,yes,Godrej One Vikhroli,4.64,blue,6.78,no,no,TRUE,Aarey JVLR,5.5,3-6km,6,Bhandup,0.55,9.73,20,42,4,19.1462636,72.9339461,25.29,S Ward,Maharashtra,1,6/12/2022,6/12/2022,high,Bhandup West,place/suburb,Bhandup West,2022,4/13/2022
"Dsk Madhuban, Sakinaka Junction",Mumbai,unknown,unknown,unknown,unknown,unknown,,unknown,,unknown,unknown,,unknown,,unknown,,unknown,,,,,,,,,,,1,6/14/2022,6/14/2022,none,,,,2022,4/13/2022
"Eco Residency, Andheri East",Mumbai,west,operational,Western Express Highway,yes,SEEPZ Andheri East,0,blue,0.23,yes,yes,TRUE,Gundavali,0.18,0-3km,15,Andheri,0.92,3,36,92,5,19.1158835,72.854202,19.79,K/E Ward,Maharashtra,1,7/9/2022,7/9/2022,high,Andheri East,place/suburb,Andheri East,2022,4/13/2022
"Ekta Legranz, Chembur",Mumbai,east,under_construction,Ghatkopar L1,yes,Bandra Kurla Complex,3.65,blue,3.7,yes,no,FALSE,Diamond Garden,0.53,3-6km,5,VNP & RC Marg Junction,0.46,5.39,32,81,13,19.054818,72.8979713,14.48,M/W Ward,Maharashtra,1,5/17/2022,5/17/2022,high,Chembur,place/suburb,Chembur,2022,4/13/2022
"Ekta Meadows, Borivali East",Mumbai,north,operational,Devipada,yes,Mindspace Malad,5.22,red,0.39,yes,yes,TRUE,Devipada,0.39,3-6km,0,Borivali,0.55,15.19,8,106,14,19.2267228,72.8619328,32.14,R/C Ward,Maharashtra,2,6/8/2022,6/9/2022,high,Borivali East,place/suburb,Borivali East,2022,4/13/2022
Ekta Nagar,Mumbai,south,under_construction,Ghatkopar L1,yes,Lower Parel Business District,4.2,blue,14.87,yes,no,FALSE,Mahalaxmi,2.36,3-6km,1,Dockyard Road,0.06,13.78,20,32,3,18.9674951,72.843985,3.32,E Ward,Maharashtra,1,6/22/2022,6/22/2022,high,Ekta Nagar,place/neighbourhood,Ekta Nagar,2022,4/13/2022
"Ekta Parksville, Virar West",Mumbai,north,none,Kandarpada,no,Mindspace Malad,30.18,yellow,22.37,no,no,TRUE,Kashigaon,21.04,6km+,0,Virar,0.67,40.83,3,37,6,19.4533576,72.8057966,57.3,Vasai-Virar,Maharashtra,1,6/27/2022,6/27/2022,low,Virar West,place/suburb,Virar West,2022,4/13/2022
"Ekta Trinity, Santacruz West",Mumbai,west,under_construction,Western Express Highway,yes,Bandra Kurla Complex,3.55,blue,4.04,yes,no,FALSE,Santacruz,1.18,3-6km,10,Santa Cruz,0.57,2.77,22,60,9,19.0844004,72.8372899,16.19,H/W Ward,Maharashtra,1,7/9/2022,7/9/2022,high,Santacruz West,place/suburb,Santacruz West,2022,4/13/2022
"Everard Nagar Co Operative Housing Society, Sion East",Mumbai,south,under_construction,Ghatkopar L1,yes,Bandra Kurla Complex,2.7,blue,6.63,yes,no,FALSE,Dharavi,1.69,0-3km,6,Sion,0.47,5.27,35,42,3,19.0428153,72.8653563,11.99,F/N Ward,Maharashtra,1,6/13/2022,6/13/2022,high,Sion East,place/suburb,Sion East,2022,4/13/2022
"Evershine Grandeur, Mindspace",Mumbai,east,none,Ghatkopar L1,yes,Vashi Business District,4.01,blue,12.79,no,no,TRUE,CBD Belapur,3.91,3-6km,2,Juinagar,0.74,17.46,26,17,4,19.0523195,73.0241788,23.52,Juinagar,Maharashtra,1,6/20/2022,6/20/2022,low,Mindspace - Juinagar,landuse/commercial,Mindspace,2022,4/13/2022
"Evershine Millenium Paradise, Thakur Village, Kandivali East",Mumbai,north,operational,Magathane,yes,Mindspace Malad,4.63,red,1.24,yes,yes,TRUE,Magathane,1.24,3-6km,0,Kandivali,2.62,13.36,5,24,7,19.2097189,72.8759248,30.42,R/S Ward,Maharashtra,2,5/18/2022,6/21/2022,high,Thakur Village,place/suburb,Thakur Village,2022,4/13/2022
Evershine Nagar,Mumbai,north,operational,Dahanukarwadi,yes,Mindspace Malad,1.17,yellow,1.73,yes,yes,TRUE,Valnai-Meeth Chowky,0.68,0-3km,3,Malad,1.74,11.63,26,82,11,19.1907836,72.8326337,28.02,P/N Ward,Maharashtra,1,7/7/2022,7/7/2022,low,Evershine Nagar Road,highway/residential,Evershine Nagar,2022,4/13/2022
Film City,Mumbai,north,none,Aarey,yes,Nirlon Knowledge Park,3.29,red,2.57,no,no,TRUE,Aarey,2.57,3-6km,7,Goregaon,3.49,8.57,9,24,0,19.1649188,72.8827878,25.63,P/N Ward,Maharashtra,2,6/13/2022,6/13/2022,low,Film City Ground,leisure/park,Film City,2022,4/13/2022
Film City Road,Mumbai,east,none,Aarey,yes,Nirlon Knowledge Park,3.9,red,3.54,no,no,TRUE,Aarey JVLR,3.15,3-6km,7,Ram Mandir,4.3,8.1,4,11,0,19.1582019,72.8903556,25.07,P/N Ward,Maharashtra,1,7/1/2022,7/1/2022,low,Dadasaheb Phalke Chitranagari,amenity/studio,Film City Road,2022,4/13/2022
"Flora Heights, Andheri West",Mumbai,west,operational,Azad Nagar,yes,SEEPZ Andheri East,2.13,blue,1.14,yes,yes,TRUE,Azad Nagar,1.14,0-3km,13,Andheri,1.34,4.28,33,91,15,19.1172495,72.833968,19.84,K/W Ward,Maharashtra,1,6/24/2022,6/24/2022,high,Andheri West,place/suburb,Andheri West,2022,4/13/2022
Friends Colony,Mumbai,east,none,Asalpha,yes,Bandra Kurla Complex,2.08,blue,2.51,no,no,TRUE,Asalpha,2.51,0-3km,12,Lokmanya Tilak Terminus,1.33,2.5,17,31,13,19.0772176,72.882388,16.16,L Ward,Maharashtra,1,6/27/2022,6/27/2022,high,Friends Colony,place/locality,Friends Colony,2022,4/13/2022
"Galassia, Kandarpada",Mumbai,north,operational,Kandarpada,no,Mindspace Malad,7.78,yellow,0.46,yes,yes,TRUE,Kandarpada,0.46,6km+,0,Dahisar,0.83,18.15,7,40,3,19.2530859,72.8528338,35,R/N Ward,Maharashtra,1,6/17/2022,6/17/2022,high,Kandarpada,place/neighbourhood,Kandarpada,2022,4/13/2022
Gandhi Market,Mumbai,south,under_construction,Ghatkopar L1,yes,Bandra Kurla Complex,3.63,blue,7.66,yes,no,FALSE,Dharavi,1.66,3-6km,6,King's Circle,0.43,6.15,68,55,6,19.0348858,72.8600112,10.99,F/N Ward,Maharashtra,1,6/12/2022,6/12/2022,medium,Gandhi Market Matunga,highway/bus_stop,Gandhi Market,2022,4/13/2022
"Ganpat Niketan Apartment, Khar West",Mumbai,south,under_construction,Western Express Highway,yes,Bandra Kurla Complex,2.94,blue,6.22,yes,no,FALSE,Bandra Colony,1.43,0-3km,7,Bandra Terminus,0.33,4.01,46,66,10,19.0626563,72.8381745,13.78,H/W Ward,Maharashtra,1,6/20/2022,6/20/2022,medium,Western Railway Employee Colony Bandra West,landuse/residential,Khar West,2022,4/13/2022
"Garden View Apartment, Aarey Milk Colony",Mumbai,north,operational,Aarey,yes,Nirlon Knowledge Park,1.83,red,1.93,yes,yes,TRUE,Goregaon (East),1.54,0-3km,11,Ram Mandir,2.23,7.38,14,19,0,19.1561292,72.8707223,24.45,P/S Ward,Maharashtra,1,6/16/2022,6/16/2022,high,Aarey Milk Colony,place/suburb,Aarey Milk Colony,2022,4/13/2022
"Gaurav Excellency, Mira Road",Mumbai,north,none,Kandarpada,no,Mindspace Malad,10.97,yellow,2.85,no,no,TRUE,Kashigaon,2.58,6km+,0,Mira Road,0,21.31,8,40,5,19.2816975,72.8560676,38.19,Mira,Maharashtra,1,6/24/2022,6/24/2022,medium,Mira Road,railway/station,Mira Road,2022,4/13/2022
"Gaurav Heights, Kandivali West",Mumbai,north,operational,Dahanukarwadi,yes,Mindspace Malad,2.4,yellow,0.54,yes,yes,TRUE,Dahanukarwadi,0.54,0-3km,1,Kandivali,1.25,13.05,25,98,10,19.2055321,72.8399273,29.66,R/S Ward,Maharashtra,1,6/30/2022,6/30/2022,high,Kandivali West,place/suburb,Kandivali West,2022,4/13/2022
"Gemstar Symphony Apartment, Kandivali West",Mumbai,north,operational,Dahanukarwadi,yes,Mindspace Malad,2.4,yellow,0.54,yes,yes,TRUE,Dahanukarwadi,0.54,0-3km,1,Kandivali,1.25,13.05,25,98,10,19.2055321,72.8399273,29.66,R/S Ward,Maharashtra,1,7/6/2022,7/6/2022,high,Kandivali West,place/suburb,Kandivali West,2022,4/13/2022
Ghatkopar,Mumbai,east,operational,Ghatkopar L1,yes,Godrej One Vikhroli,2.53,blue,1.14,yes,yes,TRUE,Ghatkopar L1,1.14,0-3km,11,Ghatkopar,1.09,5.89,9,81,5,19.0842323,72.918635,18.39,N Ward,Maharashtra,1,6/23/2022,6/23/2022,high,Ghatkopar,place/suburb,Ghatkopar,2022,4/13/2022
Ghatkopar East,Mumbai,east,operational,Ghatkopar L1,yes,Godrej One Vikhroli,2.95,blue,0.58,yes,yes,TRUE,Ghatkopar L1,0.58,0-3km,11,Ghatkopar,0.49,5.25,12,88,6,19.0833438,72.9123246,17.99,N Ward,Maharashtra,5,4/29/2022,7/6/2022,high,Ghatkopar East,place/suburb,Ghatkopar East,2022,4/13/2022
Ghatkopar West,Mumbai,east,operational,Jagruti Nagar,yes,Hiranandani Business Park Powai,2.37,blue,0.44,yes,yes,TRUE,Jagruti Nagar,0.44,0-3km,12,Ghatkopar,0.59,4.4,14,87,12,19.0897439,72.9048035,18.3,Nityanand Nagar,Maharashtra,6,5/10/2022,6/12/2022,high,Ghatkopar West,place/suburb,Ghatkopar West,2022,4/13/2022
Ghatla,Mumbai,east,under_construction,Ghatkopar L1,yes,Bandra Kurla Complex,4.34,blue,3.81,yes,no,FALSE,Diamond Garden,0.25,3-6km,5,VNP & RC Marg Junction,1.02,6.01,42,85,17,19.0526325,72.9040237,14.57,M/W Ward,Maharashtra,1,6/10/2022,6/10/2022,high,Ghatla Village,place/neighbourhood,Ghatla,2022,4/13/2022
"Godrej Central, Chembur",Mumbai,east,under_construction,Ghatkopar L1,yes,Bandra Kurla Complex,3.65,blue,3.7,yes,no,FALSE,Diamond Garden,0.53,3-6km,5,VNP & RC Marg Junction,0.46,5.39,32,81,13,19.054818,72.8979713,14.48,M/W Ward,Maharashtra,1,6/23/2022,6/23/2022,high,Chembur,place/suburb,Chembur,2022,4/13/2022
"Godrej Platinum, Vikhroli East",Mumbai,east,none,Ghatkopar L1,yes,Godrej One Vikhroli,1.55,blue,4.46,no,no,TRUE,Ghatkopar L1,4.46,0-3km,7,Vikhroli,1.02,8.2,13,21,4,19.1172592,72.9355194,22.46,S Ward,Maharashtra,1,7/9/2022,7/9/2022,high,Vikhroli East,place/suburb,Vikhroli East,2022,4/13/2022
"Godrej Prime, Chembur",Mumbai,east,under_construction,Ghatkopar L1,yes,Bandra Kurla Complex,3.65,blue,3.7,yes,no,FALSE,Diamond Garden,0.53,3-6km,5,VNP & RC Marg Junction,0.46,5.39,32,81,13,19.054818,72.8979713,14.48,M/W Ward,Maharashtra,1,7/4/2022,7/4/2022,high,Chembur,place/suburb,Chembur,2022,4/13/2022
"Godrej Serenity Mumbai, Chembur",Mumbai,east,under_construction,Ghatkopar L1,yes,Bandra Kurla Complex,3.65,blue,3.7,yes,no,FALSE,Diamond Garden,0.53,3-6km,5,VNP & RC Marg Junction,0.46,5.39,32,81,13,19.054818,72.8979713,14.48,M/W Ward,Maharashtra,1,5/17/2022,5/17/2022,high,Chembur,place/suburb,Chembur,2022,4/13/2022
"Godrej The Trees, Pirojshah Nagar",Mumbai,east,operational,Ghatkopar L1,yes,Godrej One Vikhroli,0.65,blue,2.34,yes,yes,TRUE,Ghatkopar L1,2.34,0-3km,10,Vikhroli,1.18,6.51,7,21,5,19.1016734,72.9236504,20.35,N Ward,Maharashtra,1,6/27/2022,6/27/2022,high,Pirojsha Godrej Nagar,place/suburb,Pirojshah Nagar,2022,4/13/2022
"Godrej The Trees, Vikhroli East",Mumbai,east,none,Ghatkopar L1,yes,Godrej One Vikhroli,1.55,blue,4.46,no,no,TRUE,Ghatkopar L1,4.46,0-3km,7,Vikhroli,1.02,8.2,13,21,4,19.1172592,72.9355194,22.46,S Ward,Maharashtra,3,5/22/2022,6/30/2022,high,Vikhroli East,place/suburb,Vikhroli East,2022,4/13/2022
"Godrej Tranquil, Kandivali East",Mumbai,north,operational,Poisar,yes,Mindspace Malad,3.26,red,0.19,yes,yes,TRUE,Poisar,0.19,3-6km,1,Kandivali,1.15,12.79,14,67,10,19.2051958,72.8626165,29.76,R/S Ward,Maharashtra,2,6/12/2022,7/9/2022,high,Kandivali East,place/suburb,Kandivali East,2022,4/13/2022
"Godrej Tranquil, Lokhandwala Twp",Mumbai,unknown,unknown,unknown,unknown,unknown,,unknown,,unknown,unknown,,unknown,,unknown,,unknown,,,,,,,,,,,1,6/4/2022,6/4/2022,none,,,,2022,4/13/2022
"Gokul Accord, Thakur Complex",Mumbai,north,operational,Magathane,yes,Mindspace Malad,3.88,red,0.67,yes,yes,TRUE,Magathane,0.67,3-6km,0,Kandivali,1.54,13.47,6,59,12,19.2112442,72.8643107,30.45,R/S Ward,Maharashtra,1,5/25/2022,5/25/2022,medium,Thakur Complex,landuse/residential,Thakur Complex,2022,4/13/2022
"Gokul Apartment, Evershine Nagar",Mumbai,north,operational,Dahanukarwadi,yes,Mindspace Malad,1.24,yellow,1.98,yes,yes,TRUE,Malad (West),0.68,0-3km,3,Malad,1.91,11.49,20,65,13,19.1888826,72.830571,27.81,P/N Ward,Maharashtra,2,7/7/2022,7/7/2022,low,Vimalachal Apartment,building/yes,Gokul Apartment Evershine Nagar,2022,4/13/2022
"Gokul Gagan, Thakur Village, Kandivali East",Mumbai,north,operational,Magathane,yes,Mindspace Malad,4.63,red,1.24,yes,yes,TRUE,Magathane,1.24,3-6km,0,Kandivali,2.62,13.36,5,24,7,19.2097189,72.8759248,30.42,R/S Ward,Maharashtra,1,5/13/2022,5/13/2022,high,Thakur Village,place/suburb,Thakur Village,2022,4/13/2022
"Gokul Regency Apartment, Thakur Complex",Mumbai,north,operational,Magathane,yes,Mindspace Malad,3.88,red,0.67,yes,yes,TRUE,Magathane,0.67,3-6km,0,Kandivali,1.54,13.47,6,59,12,19.2112442,72.8643107,30.45,R/S Ward,Maharashtra,1,5/25/2022,5/25/2022,medium,Thakur Complex,landuse/residential,Thakur Complex,2022,4/13/2022
Gokuldham,Mumbai,north,operational,Aarey,yes,Nirlon Knowledge Park,2.56,red,1.01,yes,yes,TRUE,Aarey,1.01,0-3km,3,Goregaon,2.1,9.32,13,51,5,19.1738527,72.8670935,26.35,P/S Ward,Maharashtra,1,7/9/2022,7/9/2022,high,Gokuldham,place/neighbourhood,Gokuldham,2022,4/13/2022
Goregaon East,Mumbai,north,operational,Aarey,yes,Nirlon Knowledge Park,1.62,red,0.37,yes,yes,TRUE,Aarey,0.37,0-3km,5,Goregaon,0.77,8.83,14,72,6,19.1692623,72.8552548,25.71,P/S Ward,Maharashtra,2,6/23/2022,7/6/2022,high,Goregaon East,place/suburb,Goregaon East,2022,4/13/2022
Goregaon West,Mumbai,north,operational,Aarey,yes,Nirlon Knowledge Park,1.59,red,1.96,yes,yes,TRUE,Bangur Nagar,0.67,0-3km,6,Goregaon,0.89,8.45,17,42,8,19.1633281,72.8411995,24.97,P/S Ward,Maharashtra,12,5/10/2022,6/23/2022,high,Goregaon West,place/suburb,Goregaon West,2022,4/13/2022
Govandi Station Road,Mumbai,east,under_construction,Ghatkopar L1,yes,Godrej One Vikhroli,5.78,blue,4.26,yes,no,FALSE,Mankhurd,0.59,3-6km,3,Mankhurd,0.71,7.92,30,33,14,19.0528478,72.9270997,15.93,M/E Ward,Maharashtra,1,6/10/2022,6/10/2022,low,Lallubhai Police Station,amenity/police,Govandi Station Road,2022,4/13/2022
Grant Road,Mumbai,south,under_construction,Ghatkopar L1,yes,Nariman Point CBD,4.11,blue,16.8,yes,no,FALSE,Grant Road,0.23,3-6km,1,Grant Road,0,14.94,61,78,7,18.9633549,72.8158261,3.42,D Ward,Maharashtra,1,7/2/2022,7/2/2022,medium,Grant Road,railway/station,Grant Road,2022,4/13/2022
"Green Gate Apartment, Pali Hill",Mumbai,west,under_construction,Western Express Highway,yes,Bandra Kurla Complex,4.07,blue,6.45,yes,no,FALSE,Bandra Colony,2.41,3-6km,6,Khar Road,1.42,4.7,38,48,7,19.0649126,72.8270326,14.05,H/W Ward,Maharashtra,1,6/20/2022,6/20/2022,high,Pali Hill,place/neighbourhood,Pali Hill,2022,4/13/2022
GREEN PARK,Mumbai,west,under_construction,Andheri (West),yes,Nirlon Knowledge Park,2.46,yellow,2.74,yes,no,FALSE,Oshiwara,0.95,0-3km,6,Ram Mandir,2.14,7.87,22,41,15,19.15374,72.8300248,23.91,P/S Ward,Maharashtra,1,5/18/2022,5/18/2022,medium,Green Park,landuse/residential,GREEN PARK,2022,4/13/2022
"Green Park Apartment, Millat Nagar",Mumbai,east,under_construction,Ghatkopar L1,no,Belapur CBD,6.95,blue,17.93,yes,no,FALSE,Sector-34,0.61,6km+,0,Taloje Panchanand,1.5,22.69,3,7,0,19.0697227,73.0777093,29.34,Taloja,Maharashtra,1,6/17/2022,6/17/2022,medium,Greenwoods Apartment,landuse/residential,Green Park Apartment,2022,4/13/2022
"Green Woods Chkala, Andheri East",Mumbai,west,operational,Western Express Highway,yes,SEEPZ Andheri East,0,blue,0.23,yes,yes,TRUE,Gundavali,0.18,0-3km,15,Andheri,0.92,3,36,92,5,19.1158835,72.854202,19.79,K/E Ward,Maharashtra,2,6/3/2022,6/29/2022,high,Andheri East,place/suburb,Andheri East,2022,4/13/2022
"Greenfields CHS, Andheri East",Mumbai,west,operational,Western Express Highway,yes,SEEPZ Andheri East,0,blue,0.23,yes,yes,TRUE,Gundavali,0.18,0-3km,15,Andheri,0.92,3,36,92,5,19.1158835,72.854202,19.79,K/E Ward,Maharashtra,1,7/4/2022,7/4/2022,high,Andheri East,place/suburb,Andheri East,2022,4/13/2022
"GSA Grandeur, Gokuldham",Mumbai,north,operational,Aarey,yes,Nirlon Knowledge Park,2.56,red,1.01,yes,yes,TRUE,Aarey,1.01,0-3km,3,Goregaon,2.1,9.32,13,51,5,19.1738527,72.8670935,26.35,P/S Ward,Maharashtra,1,6/20/2022,6/20/2022,high,Gokuldham,place/neighbourhood,Gokuldham,2022,4/13/2022
Gulmohar Road,Mumbai,south,under_construction,Ghatkopar L1,yes,Bandra Kurla Complex,1.87,blue,5.42,yes,no,FALSE,Bandra Kurla Complex (BKC),2.13,0-3km,7,Chuna Bhatti,0.35,4.41,23,37,3,19.0514994,72.8724288,13.12,L Ward,Maharashtra,2,5/23/2022,5/23/2022,low,Gulmohar Road,highway/tertiary,Gulmohar Road,2022,4/13/2022
"Hari Kunj II, Sindhi Society Chembur",Mumbai,south,under_construction,Ghatkopar L1,yes,Bandra Kurla Complex,3.05,blue,4.46,yes,no,FALSE,Chembur,0.54,3-6km,6,VNP & RC Marg Junction,0.58,5.16,29,82,8,19.0508747,72.8890543,13.68,M/W Ward,Maharashtra,1,5/31/2022,5/31/2022,high,Sindhi Society,place/neighbourhood,Sindhi Society Chembur,2022,4/13/2022
"HDIL Metropolis, 4 Bunglows",Mumbai,east,none,Poisar,yes,Wagle Estate Thane,2.65,red,11.42,no,no,TRUE,Azad Nagar Bus Stop,6.64,0-3km,13,Thane,0.81,15.18,30,118,13,19.1823295,72.9694662,30.53,Kopri,Maharashtra,2,6/3/2022,6/20/2022,medium,Twelve Bunglows,highway/bus_stop,4 Bunglows,2022,4/13/2022
"HDIL Metropolis, Andheri West",Mumbai,west,operational,Azad Nagar,yes,SEEPZ Andheri East,2.13,blue,1.14,yes,yes,TRUE,Azad Nagar,1.14,0-3km,13,Andheri,1.34,4.28,33,91,15,19.1172495,72.833968,19.84,K/W Ward,Maharashtra,1,7/1/2022,7/1/2022,high,Andheri West,place/suburb,Andheri West,2022,4/13/2022
"HDIL Premier Residences, Kurla West",Mumbai,south,under_construction,Asalpha,yes,Bandra Kurla Complex,1.15,blue,3.64,yes,no,FALSE,Chembur,2.34,0-3km,10,Kurla,0.46,2.79,18,49,8,19.0686026,72.876583,15.07,L Ward,Maharashtra,1,6/27/2022,6/27/2022,high,Kurla West,place/suburb,Kurla West,2022,4/13/2022
"Heena Gaurav Jewels, Gokuldham",Mumbai,north,operational,Aarey,yes,Nirlon Knowledge Park,2.56,red,1.01,yes,yes,TRUE,Aarey,1.01,0-3km,3,Goregaon,2.1,9.32,13,51,5,19.1738527,72.8670935,26.35,P/S Ward,Maharashtra,1,5/18/2022,5/18/2022,high,Gokuldham,place/neighbourhood,Gokuldham,2022,4/13/2022
"Highway Park Apartment, Kandivali East",Mumbai,north,operational,Poisar,yes,Mindspace Malad,3.26,red,0.19,yes,yes,TRUE,Poisar,0.19,3-6km,1,Kandivali,1.15,12.79,14,67,10,19.2051958,72.8626165,29.76,R/S Ward,Maharashtra,1,7/4/2022,7/4/2022,high,Kandivali East,place/suburb,Kandivali East,2022,4/13/2022
"Hill Road, Bandra West",Mumbai,south,under_construction,Western Express Highway,yes,Bandra Kurla Complex,3.85,blue,6.96,yes,no,FALSE,Bandra Colony,2.39,3-6km,6,Bandra,1.11,4.93,43,54,7,19.0583358,72.8302669,13.3,Mumbai,Maharashtra,1,7/9/2022,7/9/2022,high,Bandra West,place/suburb,Bandra West,2022,4/13/2022
"Hillcrest, Andheri East",Mumbai,west,operational,Western Express Highway,yes,SEEPZ Andheri East,0,blue,0.23,yes,yes,TRUE,Gundavali,0.18,0-3km,15,Andheri,0.92,3,36,92,5,19.1158835,72.854202,19.79,K/E Ward,Maharashtra,2,5/17/2022,6/29/2022,high,Andheri East,place/suburb,Hillcrest Andheri East,2022,4/13/2022
"Hillcrest, Chakala MIDC",Mumbai,east,operational,Western Express Highway,yes,SEEPZ Andheri East,0.8,blue,0.57,yes,yes,TRUE,Western Express Highway,0.57,0-3km,16,Andheri,1.69,2.8,29,68,3,19.1152873,72.8618085,19.82,K/E Ward,Maharashtra,1,6/17/2022,6/17/2022,high,Chakala,place/neighbourhood,Hillcrest Chakala MIDC,2022,4/13/2022
Hindu Colony,Mumbai,south,under_construction,Ghatkopar L1,yes,Lower Parel Business District,2.63,blue,9.76,yes,no,FALSE,Dadar,0.97,0-3km,5,Dadar,0.51,7.96,85,96,10,19.0200578,72.8475907,9.13,F/N Ward,Maharashtra,1,7/9/2022,7/9/2022,high,Dadar Hindu Colony,place/neighbourhood,Hindu Colony,2022,4/13/2022
"Hiral Greens, Mira Road East",Mumbai,north,under_construction,Anand Nagar,no,Mindspace Malad,10.98,yellow,2.81,yes,no,FALSE,Kashigaon,2.3,6km+,0,Mira Road,0.27,21.27,9,41,6,19.2813896,72.858639,38.17,Mira,Maharashtra,1,5/26/2022,5/26/2022,medium,Mira Road Station East,highway/bus_stop,Mira Road East,2022,4/13/2022
"Hiranandani Atlantis, Hiranandani Gardens",Mumbai,east,none,Saki Naka,yes,Hiranandani Business Park Powai,0.91,blue,2.97,no,no,TRUE,Saki Naka,2.97,0-3km,15,Vikhroli,1.9,5.99,38,14,23,19.1183882,72.911464,21.51,S Ward,Maharashtra,2,6/12/2022,6/12/2022,high,Hiranandani Gardens,place/neighbourhood,Hiranandani Gardens,2022,4/13/2022
"Hiranandani Castle Rock, Hiranandani Gardens",Mumbai,east,none,Saki Naka,yes,Hiranandani Business Park Powai,0.91,blue,2.97,no,no,TRUE,Saki Naka,2.97,0-3km,15,Vikhroli,1.9,5.99,38,14,23,19.1183882,72.911464,21.51,S Ward,Maharashtra,3,5/23/2022,7/9/2022,high,Hiranandani Gardens,place/neighbourhood,Hiranandani Gardens,2022,4/13/2022
"Hiranandani Castle Rock, Powai",Mumbai,east,none,Saki Naka,yes,Hiranandani Business Park Powai,0.89,blue,2.65,no,no,TRUE,Saki Naka,2.65,0-3km,16,Vikhroli,2.32,5.65,23,17,20,19.1187195,72.9073476,21.39,S Ward,Maharashtra,3,7/9/2022,7/9/2022,high,Powai,place/suburb,Powai,2022,4/13/2022
Hiranandani Gardens,Mumbai,east,none,Saki Naka,yes,Hiranandani Business Park Powai,0.91,blue,2.97,no,no,TRUE,Saki Naka,2.97,0-3km,15,Vikhroli,1.9,5.99,38,14,23,19.1183882,72.911464,21.51,S Ward,Maharashtra,1,6/6/2022,6/6/2022,high,Hiranandani Gardens,place/neighbourhood,Hiranandani Gardens,2022,4/13/2022
"Hiranandani Gardens Odyssey I, Hiranandani Gardens",Mumbai,east,none,Saki Naka,yes,Hiranandani Business Park Powai,0.91,blue,2.97,no,no,TRUE,Saki Naka,2.97,0-3km,15,Vikhroli,1.9,5.99,38,14,23,19.1183882,72.911464,21.51,S Ward,Maharashtra,1,6/16/2022,6/16/2022,high,Hiranandani Gardens,place/neighbourhood,Hiranandani Gardens,2022,4/13/2022
"Hiranandani Gardens Torino, Hiranandani Gardens",Mumbai,east,none,Saki Naka,yes,Hiranandani Business Park Powai,0.91,blue,2.97,no,no,TRUE,Saki Naka,2.97,0-3km,15,Vikhroli,1.9,5.99,38,14,23,19.1183882,72.911464,21.51,S Ward,Maharashtra,2,6/16/2022,7/6/2022,high,Hiranandani Gardens,place/neighbourhood,Hiranandani Gardens,2022,4/13/2022
"Hiranandani Regent Hill, Hiranandani Gardens",Mumbai,east,none,Saki Naka,yes,Hiranandani Business Park Powai,0.91,blue,2.97,no,no,TRUE,Saki Naka,2.97,0-3km,15,Vikhroli,1.9,5.99,38,14,23,19.1183882,72.911464,21.51,S Ward,Maharashtra,1,6/20/2022,6/20/2022,high,Hiranandani Gardens,place/neighbourhood,Hiranandani Gardens,2022,4/13/2022
"Hiranandani Regent Hill, Powai",Mumbai,east,none,Saki Naka,yes,Hiranandani Business Park Powai,0.89,blue,2.65,no,no,TRUE,Saki Naka,2.65,0-3km,16,Vikhroli,2.32,5.65,23,17,20,19.1187195,72.9073476,21.39,S Ward,Maharashtra,2,6/30/2022,6/30/2022,high,Powai,place/suburb,Powai,2022,4/13/2022
"Hiranandani Verona Co op Housing Society Ltd, Powai",Mumbai,east,none,Saki Naka,yes,Hiranandani Business Park Powai,0.89,blue,2.65,no,no,TRUE,Saki Naka,2.65,0-3km,16,Vikhroli,2.32,5.65,23,17,20,19.1187195,72.9073476,21.39,S Ward,Maharashtra,1,7/9/2022,7/9/2022,high,Powai,place/suburb,Powai,2022,4/13/2022
"holy complex ,Mira Road, Mumbai",Mumbai,south,under_construction,Asalpha,yes,Bandra Kurla Complex,1.4,blue,5.34,yes,no,FALSE,Bandra Kurla Complex (BKC),1.65,0-3km,7,Chuna Bhatti,0.36,3.96,18,39,3,19.054999,72.8692035,13.4,,Maharashtra,1,7/4/2022,7/4/2022,medium,Mumbai,place/city,Mumbai,2022,4/13/2022
"Hubtown Gardenia, Mira Road",Mumbai,north,none,Kandarpada,no,Mindspace Malad,10.97,yellow,2.85,no,no,TRUE,Kashigaon,2.58,6km+,0,Mira Road,0,21.31,8,40,5,19.2816975,72.8560676,38.19,Mira,Maharashtra,1,6/7/2022,6/7/2022,medium,Mira Road,railway/station,Mira Road,2022,4/13/2022
"Hubtown Sunmist, Chakala",Mumbai,east,operational,Western Express Highway,yes,SEEPZ Andheri East,0.8,blue,0.57,yes,yes,TRUE,Western Express Highway,0.57,0-3km,16,Andheri,1.69,2.8,29,68,3,19.1152873,72.8618085,19.82,K/E Ward,Maharashtra,1,6/28/2022,6/28/2022,high,Chakala,place/neighbourhood,Chakala,2022,4/13/2022
"Hudco Living Point, Bhandup West",Mumbai,east,none,Saki Naka,yes,Godrej One Vikhroli,4.64,blue,6.78,no,no,TRUE,Aarey JVLR,5.5,3-6km,6,Bhandup,0.55,9.73,20,42,4,19.1462636,72.9339461,25.29,S Ward,Maharashtra,1,6/26/2022,6/26/2022,high,Bhandup West,place/suburb,Bhandup West,2022,4/13/2022
IC Colony,Mumbai,north,operational,Mandapeshwar - I.C. Colony,no,Mindspace Malad,7.24,yellow,0.18,yes,yes,TRUE,Mandapeshwar - I.C. Colony,0.18,6km+,0,Dahisar,1.29,17.73,10,49,3,19.2488833,72.8473864,34.5,R/N Ward,Maharashtra,1,6/23/2022,6/23/2022,medium,IC Colony sector 8,landuse/residential,IC Colony,2022,4/13/2022
"Imperial Heights, Goregaon West",Mumbai,north,operational,Aarey,yes,Nirlon Knowledge Park,1.59,red,1.96,yes,yes,TRUE,Bangur Nagar,0.67,0-3km,6,Goregaon,0.89,8.45,17,42,8,19.1633281,72.8411995,24.97,P/S Ward,Maharashtra,1,6/30/2022,6/30/2022,high,Goregaon West,place/suburb,Goregaon West,2022,4/13/2022
in Andheri West,Mumbai,west,operational,Azad Nagar,yes,SEEPZ Andheri East,2.13,blue,1.14,yes,yes,TRUE,Azad Nagar,1.14,0-3km,13,Andheri,1.34,4.28,33,91,15,19.1172495,72.833968,19.84,K/W Ward,Maharashtra,1,6/15/2022,6/15/2022,high,Andheri West,place/suburb,in Andheri West,2022,4/13/2022
in Borivali East,Mumbai,north,operational,Devipada,yes,Mindspace Malad,5.22,red,0.39,yes,yes,TRUE,Devipada,0.39,3-6km,0,Borivali,0.55,15.19,8,106,14,19.2267228,72.8619328,32.14,R/C Ward,Maharashtra,1,7/7/2022,7/7/2022,high,Borivali East,place/suburb,in Borivali East,2022,4/13/2022
in Borivali West,Mumbai,north,operational,Borivali (West),yes,Mindspace Malad,5.27,yellow,0,yes,yes,TRUE,Borivali (West),0,3-6km,0,Borivali,1.75,15.87,20,80,14,19.2313925,72.8408607,32.54,R/C Ward,Maharashtra,1,5/27/2022,5/27/2022,medium,Borivali (West),railway/station,in Borivali West,2022,4/13/2022
in Byculla,Mumbai,south,under_construction,Ghatkopar L1,yes,Lower Parel Business District,3.11,blue,14.98,yes,no,FALSE,Mahalaxmi,0.57,3-6km,1,Byculla,0.51,13.3,51,61,5,18.9750879,72.8282502,4.1,E Ward,Maharashtra,1,4/29/2022,4/29/2022,high,Byculla West,place/suburb,in Byculla,2022,4/13/2022
in Kandivali West,Mumbai,north,operational,Dahanukarwadi,yes,Mindspace Malad,2.4,yellow,0.54,yes,yes,TRUE,Dahanukarwadi,0.54,0-3km,1,Kandivali,1.25,13.05,25,98,10,19.2055321,72.8399273,29.66,R/S Ward,Maharashtra,1,7/7/2022,7/7/2022,high,Kandivali West,place/suburb,in Kandivali West,2022,4/13/2022
in Mahim West,Mumbai,south,under_construction,Asalpha,yes,Bandra Kurla Complex,3.66,blue,8.09,yes,no,FALSE,Shitala Devi Mandir,0.59,3-6km,7,Mahim Junction,0.21,5.92,65,72,9,19.0389719,72.8475766,11.21,G/N Ward,Maharashtra,1,4/28/2022,4/28/2022,low,Mahim Railway FOB,highway/construction,in Mahim West,2022,4/13/2022
in Matunga West,Mumbai,south,under_construction,Asalpha,yes,Lower Parel Business District,3.48,blue,9,yes,no,FALSE,Shitala Devi Mandir,0.76,3-6km,6,Matunga Road,0.56,6.81,84,82,11,19.0317259,72.8433917,10.37,G/N Ward,Maharashtra,1,7/7/2022,7/7/2022,high,Matunga West,place/suburb,in Matunga West,2022,4/13/2022
in Mira Road,Mumbai,north,none,Kandarpada,no,Mindspace Malad,10.97,yellow,2.85,no,no,TRUE,Kashigaon,2.58,6km+,0,Mira Road,0,21.31,8,40,5,19.2816975,72.8560676,38.19,Mira,Maharashtra,1,5/31/2022,5/31/2022,medium,Mira Road,railway/station,in Mira Road,2022,4/13/2022
in Santacruz East,Mumbai,west,under_construction,Western Express Highway,yes,Bandra Kurla Complex,3.55,blue,4.04,yes,no,FALSE,Santacruz,1.18,3-6km,10,Santa Cruz,0.57,2.77,22,60,9,19.0844004,72.8372899,16.19,H/W Ward,Maharashtra,1,7/7/2022,7/7/2022,high,Santacruz West,place/suburb,in Santacruz East,2022,4/13/2022
in Sion,Mumbai,south,under_construction,Ghatkopar L1,yes,Bandra Kurla Complex,2.7,blue,6.63,yes,no,FALSE,Dharavi,1.69,0-3km,6,Sion,0.47,5.27,35,42,3,19.0428153,72.8653563,11.99,F/N Ward,Maharashtra,1,6/21/2022,6/21/2022,high,Sion East,place/suburb,in Sion,2022,4/13/2022
"India Bulls Sky Forest, Lower Parel",Mumbai,south,under_construction,Ghatkopar L1,yes,Lower Parel Business District,0,blue,12.39,yes,no,FALSE,Worli,1.32,0-3km,3,Prabhadevi,0.77,10.28,50,55,8,19.0029881,72.8303219,7.16,G/S Ward,Maharashtra,1,7/6/2022,7/6/2022,high,Lower Parel,place/suburb,Lower Parel,2022,4/13/2022
"Indiabulls Blu, Worli",Mumbai,south,under_construction,Western Express Highway,yes,Lower Parel Business District,1.63,blue,12.27,yes,no,FALSE,Worli,0.38,0-3km,4,Prabhadevi,1.95,9.92,31,22,6,19.0117388,72.8178706,8.32,G/S Ward,Maharashtra,3,6/15/2022,7/9/2022,high,Worli,place/suburb,Worli,2022,4/13/2022
"Indiabulls Blu, Worli Naka Acharaya Atre Chowk",Mumbai,south,under_construction,Asalpha,yes,Lower Parel Business District,1.18,blue,13.48,yes,no,FALSE,Acharya Atre Chowk,0.31,0-3km,2,Lower Parel,1.03,11.21,32,24,6,18.9975609,72.820681,6.71,G/S Ward,Maharashtra,1,6/8/2022,6/8/2022,medium,Indiabulls Blu,landuse/residential,Indiabulls Blu,2022,4/13/2022
"Indraprastha CHS, Bhayandar East",Mumbai,north,none,Anand Nagar,no,Mindspace Malad,13,yellow,4.74,no,no,TRUE,Kashigaon,3.19,6km+,0,Bhayandar,1.45,23.28,10,68,4,19.2994639,72.860512,40.19,Bhayander East,Maharashtra,1,6/22/2022,6/22/2022,medium,Sonam Madhuban CHS,landuse/residential,Indraprastha CHS Bhayandar East,2022,4/13/2022
"Insignia, Bandra East",Mumbai,south,under_construction,Chakala - J.B. Nagar,yes,Bandra Kurla Complex,1.78,blue,5.91,yes,no,FALSE,Bandra Kurla Complex (BKC),0.52,0-3km,7,Bandra Terminus,0.9,3.46,30,51,7,19.0616565,72.8498111,13.74,H/E Ward,Maharashtra,2,5/14/2022,5/18/2022,high,Bandra East,place/suburb,Insignia Bandra East,2022,4/13/2022
"Insignia, Bandra Kurla Complex",Mumbai,south,under_construction,Asalpha,yes,Bandra Kurla Complex,0,blue,4.47,yes,no,FALSE,Bandra Kurla Complex (BKC),1.36,0-3km,11,Kurla,1.44,2.58,18,42,5,19.067115,72.8657245,14.62,H/E Ward,Maharashtra,1,7/9/2022,7/9/2022,high,Bandra Kurla Complex,place/suburb,Insignia Bandra Kurla Complex,2022,4/13/2022
Irla,Mumbai,west,operational,Andheri L1,yes,SEEPZ Andheri East,2.29,blue,2.35,yes,yes,TRUE,CSMI Airport Domestic T1,1.87,0-3km,14,Vile Parle,0.67,2.93,39,87,12,19.1020313,72.8380464,18.15,K/W Ward,Maharashtra,2,6/23/2022,7/4/2022,low,Irla Nala,waterway/stream,Irla,2022,4/13/2022
"Irla, Vile Parle West",Mumbai,west,operational,Andheri L1,yes,SEEPZ Andheri East,1.4,blue,1.49,yes,yes,TRUE,Gundavali,1.4,0-3km,14,Vile Parle,0.91,2.84,42,90,8,19.1080937,72.8436845,18.84,K/W Ward,Maharashtra,1,6/2/2022,6/2/2022,high,Irla Gaon,place/neighbourhood,Irla Vile Parle West,2022,4/13/2022
"Ishwardas Bhuvan CHS, Kandivali East",Mumbai,north,operational,Poisar,yes,Mindspace Malad,3.26,red,0.19,yes,yes,TRUE,Poisar,0.19,3-6km,1,Kandivali,1.15,12.79,14,67,10,19.2051958,72.8626165,29.76,R/S Ward,Maharashtra,1,5/10/2022,5/10/2022,high,Kandivali East,place/suburb,Kandivali East,2022,4/13/2022
"Island City Centre, Dadar East",Mumbai,south,under_construction,Ghatkopar L1,yes,Lower Parel Business District,2.63,blue,9.76,yes,no,FALSE,Dadar,0.97,0-3km,5,Dadar,0.51,7.96,85,96,10,19.0200578,72.8475907,9.13,F/N Ward,Maharashtra,1,6/13/2022,6/13/2022,high,Dadar Hindu Colony,place/neighbourhood,Dadar East,2022,4/13/2022
"Island City Centre, Dadar TT Circle",Mumbai,south,under_construction,Ghatkopar L1,yes,Lower Parel Business District,2.27,blue,10.4,yes,no,FALSE,Dadar,1.84,0-3km,3,Naigaon,0.29,8.93,58,72,5,19.0107699,72.8502685,8.15,F/S Ward,Maharashtra,1,6/15/2022,6/15/2022,medium,Island City Center (ICC),landuse/residential,Island City Centre,2022,4/13/2022
"Ivory Tower, Prabhadevi",Mumbai,south,under_construction,Asalpha,yes,Lower Parel Business District,1.35,blue,11.48,yes,no,FALSE,Siddhivinayak Temple,0.33,0-3km,4,Prabhadevi,1.17,9.14,47,48,5,19.0148811,72.8279556,8.5,G/S Ward,Maharashtra,1,6/23/2022,6/23/2022,high,Prabhadevi,place/suburb,Prabhadevi,2022,4/13/2022
Jacob Circle,Mumbai,south,under_construction,Ghatkopar L1,yes,Lower Parel Business District,2.22,blue,14.23,yes,no,FALSE,Mahalaxmi,0.52,0-3km,2,Sant Gadge Maharaj Chowk,0,12.44,44,46,9,18.9830921,72.8285867,4.98,G/S Ward,Maharashtra,1,7/9/2022,7/9/2022,medium,Sant Gadge Maharaj Chowk,railway/station,Jacob Circle,2022,4/13/2022
Jankalyan Nagar,Mumbai,east,operational,Chakala - J.B. Nagar,yes,MIDC Andheri East,1.35,blue,0.58,yes,yes,TRUE,Sahar Road,0.56,0-3km,16,Vile Parle,2.55,1.91,16,32,2,19.1068579,72.8671624,18.98,K/E Ward,Maharashtra,1,7/7/2022,7/7/2022,low,Jankalyan Sahkari Bank Ltd,amenity/bank,Jankalyan Nagar,2022,4/13/2022
JB Nagar,Mumbai,east,operational,Chakala - J.B. Nagar,yes,MIDC Andheri East,0.86,blue,0,yes,yes,TRUE,Chakala - J.B. Nagar,0,0-3km,19,Andheri,2.38,2.48,16,46,3,19.112036,72.8676217,19.56,K/E Ward,Maharashtra,1,5/26/2022,5/26/2022,medium,Chakala - J.B. Nagar,railway/station,JB Nagar,2022,4/13/2022
JL Tambe Nagar,Mumbai,south,under_construction,Chakala - J.B. Nagar,yes,Bandra Kurla Complex,2.03,blue,6.18,yes,no,FALSE,Bandra Kurla Complex (BKC),0.7,0-3km,7,Bandra Terminus,0.79,3.74,32,52,8,19.0596098,72.8481016,13.5,H/E Ward,Maharashtra,1,5/8/2022,5/8/2022,low,Bhai Dhondu Tambe Marg,highway/residential,JL Tambe Nagar,2022,4/13/2022
Juhu,Mumbai,west,operational,D. N. Nagar,yes,SEEPZ Andheri East,2.97,blue,2.38,yes,yes,TRUE,D. N. Nagar,2.38,0-3km,12,Vile Parle,1.9,4.16,21,41,6,19.1070215,72.8275275,18.72,K/W Ward,Maharashtra,4,5/28/2022,6/30/2022,high,Juhu,place/suburb,Juhu,2022,4/13/2022
Juhu Tara,Mumbai,west,under_construction,Andheri L1,yes,SEEPZ Andheri East,4.11,blue,4.18,yes,no,FALSE,Santacruz,2.34,3-6km,6,Santa Cruz,1.72,3.74,25,37,8,19.0889608,72.8273652,16.72,K/W Ward,Maharashtra,1,7/9/2022,7/9/2022,low,Juhu Tara Road,highway/secondary,Juhu Tara,2022,4/13/2022
Juhu Versova Link Road,Mumbai,west,operational,D. N. Nagar,yes,SEEPZ Andheri East,3.07,blue,0.85,yes,yes,TRUE,D. N. Nagar,0.85,3-6km,12,Andheri,2.19,5.27,27,70,13,19.1219328,72.8257301,20.39,K/W Ward,Maharashtra,1,7/6/2022,7/6/2022,medium,Juhu Versova Link Road,highway/bus_stop,Juhu Versova Link Road,2022,4/13/2022
"Jumbo Darshan , Andheri East",Mumbai,west,operational,Western Express Highway,yes,SEEPZ Andheri East,0,blue,0.23,yes,yes,TRUE,Gundavali,0.18,0-3km,15,Andheri,0.92,3,36,92,5,19.1158835,72.854202,19.79,K/E Ward,Maharashtra,1,7/4/2022,7/4/2022,high,Andheri East,place/suburb,Andheri East,2022,4/13/2022
"Juveria Apartment, Mazgaon",Mumbai,south,under_construction,Ghatkopar L1,yes,Lower Parel Business District,3.85,blue,14.81,yes,no,FALSE,Mahalaxmi,1.93,3-6km,1,Dockyard Road,0.48,13.59,24,37,4,18.9697337,72.8406201,3.48,E Ward,Maharashtra,1,5/28/2022,5/28/2022,high,Mazgaon,place/suburb,Mazgaon,2022,4/13/2022
JVPD Scheme,Mumbai,west,operational,D. N. Nagar,yes,SEEPZ Andheri East,2.55,blue,1.9,yes,yes,TRUE,D. N. Nagar,1.9,0-3km,12,Vile Parle,1.9,4.14,33,73,9,19.1111705,72.8304076,19.17,K/W Ward,Maharashtra,7,4/13/2022,7/9/2022,high,JVPD Scheme,place/neighbourhood,JVPD Scheme,2022,4/13/2022
"K Raheja Maple Leaf, Powai",Mumbai,east,none,Saki Naka,yes,Hiranandani Business Park Powai,0.89,blue,2.65,no,no,TRUE,Saki Naka,2.65,0-3km,16,Vikhroli,2.32,5.65,23,17,20,19.1187195,72.9073476,21.39,S Ward,Maharashtra,2,6/1/2022,7/6/2022,high,Powai,place/suburb,Powai,2022,4/13/2022
"Kabra Centroid, Kalina",Mumbai,south,under_construction,Airport Road,yes,Bandra Kurla Complex,1.43,blue,3.69,yes,no,FALSE,Santacruz,1.49,0-3km,16,Santa Cruz,2.07,1.22,14,26,3,19.079273,72.8612672,15.85,H/E Ward,Maharashtra,1,6/2/2022,6/2/2022,high,Kalina,place/suburb,Kalina,2022,4/13/2022
"Kabra Centroid, Santacruz East",Mumbai,unknown,unknown,unknown,unknown,unknown,,unknown,,unknown,unknown,,unknown,,unknown,,unknown,,,,,,,,,,,1,6/25/2022,6/25/2022,none,,,,2022,4/13/2022
"Kabra Metro One, Seven Bungalows",Mumbai,west,operational,Versova,yes,SEEPZ Andheri East,3.78,blue,0.05,yes,yes,TRUE,Versova,0.05,3-6km,9,Andheri,2.86,6.2,27,57,18,19.1297617,72.8213781,21.29,K/W Ward,Maharashtra,1,6/25/2022,6/25/2022,high,Seven Bungalows,place/neighbourhood,Seven Bungalows,2022,4/13/2022
"Kailash Tower, Nalasopara",Mumbai,north,none,Kandarpada,no,Mindspace Malad,26.38,yellow,18.49,no,no,TRUE,Kashigaon,17.1,6km+,0,Nalla Sopara,0.29,37,4,42,6,19.4203577,72.8194857,53.57,Vasai-Virar,Maharashtra,1,6/20/2022,6/20/2022,low,Nala Sopara,place/borough,Nalasopara,2022,4/13/2022
"Kailash Tower, Powai",Mumbai,east,none,Saki Naka,yes,Hiranandani Business Park Powai,0.89,blue,2.65,no,no,TRUE,Saki Naka,2.65,0-3km,16,Vikhroli,2.32,5.65,23,17,20,19.1187195,72.9073476,21.39,S Ward,Maharashtra,1,6/4/2022,6/4/2022,high,Powai,place/suburb,Powai,2022,4/13/2022
Kalina,Mumbai,south,under_construction,Airport Road,yes,Bandra Kurla Complex,1.43,blue,3.69,yes,no,FALSE,Santacruz,1.49,0-3km,16,Santa Cruz,2.07,1.22,14,26,3,19.079273,72.8612672,15.85,H/E Ward,Maharashtra,3,5/26/2022,6/4/2022,high,Kalina,place/suburb,Kalina,2022,4/13/2022
"Kalpataru Antariksha, Prabhadevi",Mumbai,south,under_construction,Asalpha,yes,Lower Parel Business District,1.35,blue,11.48,yes,no,FALSE,Siddhivinayak Temple,0.33,0-3km,4,Prabhadevi,1.17,9.14,47,48,5,19.0148811,72.8279556,8.5,G/S Ward,Maharashtra,1,7/9/2022,7/9/2022,high,Prabhadevi,place/suburb,Prabhadevi,2022,4/13/2022
"Kalpataru Crest, Bhandup West",Mumbai,east,none,Saki Naka,yes,Godrej One Vikhroli,4.64,blue,6.78,no,no,TRUE,Aarey JVLR,5.5,3-6km,6,Bhandup,0.55,9.73,20,42,4,19.1462636,72.9339461,25.29,S Ward,Maharashtra,2,7/6/2022,7/6/2022,high,Bhandup West,place/suburb,Bhandup West,2022,4/13/2022
"Kalpataru Towers, Akurli Nagar",Mumbai,north,operational,Akurli,yes,Mindspace Malad,2.69,red,0.42,yes,yes,TRUE,Akurli,0.42,0-3km,1,Kandivali,0.8,12.39,20,79,10,19.2015406,72.8588123,29.32,R/S Ward,Maharashtra,1,7/9/2022,7/9/2022,low,Akurli Road,highway/tertiary,Akurli Nagar,2022,4/13/2022
Kamla Nagar,Mumbai,north,operational,Dahanukarwadi,yes,Mindspace Malad,2.34,yellow,0.88,yes,yes,TRUE,Dahanukarwadi,0.88,0-3km,1,Kandivali,0.91,12.94,25,97,8,19.2050008,72.8431141,29.61,R/S Ward,Maharashtra,1,5/23/2022,5/23/2022,low,Kamla Nagar,building/apartments,Kamla Nagar,2022,4/13/2022
"Kanakia Hollywood, Sai Nagar",Mumbai,east,none,Saki Naka,yes,Hiranandani Business Park Powai,4.63,blue,6.43,no,no,TRUE,Aarey JVLR,4.81,3-6km,5,Bhandup,1.44,9.29,38,35,3,19.1490182,72.9257057,25.23,S Ward,Maharashtra,1,7/9/2022,7/9/2022,high,Sai Nagar,place/neighbourhood,Sai Nagar,2022,4/13/2022
"Kanakia Levels, Malad East",Mumbai,north,operational,Kurar,yes,Mindspace Malad,1.6,red,0.27,yes,yes,TRUE,Kurar,0.27,0-3km,3,Malad,0.82,10.68,19,95,8,19.1860219,72.8563181,27.58,P/N Ward,Maharashtra,2,7/6/2022,7/6/2022,high,Malad East,place/suburb,Malad East,2022,4/13/2022
"Kanakia Paris, Bandra Kurla Complex",Mumbai,south,under_construction,Asalpha,yes,Bandra Kurla Complex,0,blue,4.47,yes,no,FALSE,Bandra Kurla Complex (BKC),1.36,0-3km,11,Kurla,1.44,2.58,18,42,5,19.067115,72.8657245,14.62,H/E Ward,Maharashtra,2,6/28/2022,7/8/2022,high,Bandra Kurla Complex,place/suburb,Bandra Kurla Complex,2022,4/13/2022
"Kanakia Rainforest, Andheri East",Mumbai,west,operational,Western Express Highway,yes,SEEPZ Andheri East,0,blue,0.23,yes,yes,TRUE,Gundavali,0.18,0-3km,15,Andheri,0.92,3,36,92,5,19.1158835,72.854202,19.79,K/E Ward,Maharashtra,1,6/16/2022,6/16/2022,high,Andheri East,place/suburb,Andheri East,2022,4/13/2022
"Kanakia Rainforest, Marol",Mumbai,east,operational,Airport Road,yes,MIDC Andheri East,0.53,blue,0.6,yes,yes,TRUE,MIDC - Andheri,0.53,0-3km,21,Andheri,3.33,3.11,13,46,5,19.1144347,72.8776145,20.03,K/E Ward,Maharashtra,1,6/17/2022,6/17/2022,high,Marol Village,place/neighbourhood,Marol,2022,4/13/2022
"Kanakia Sanskruti, Thakur Complex",Mumbai,north,operational,Magathane,yes,Mindspace Malad,3.88,red,0.67,yes,yes,TRUE,Magathane,0.67,3-6km,0,Kandivali,1.54,13.47,6,59,12,19.2112442,72.8643107,30.45,R/S Ward,Maharashtra,1,5/27/2022,5/27/2022,medium,Thakur Complex,landuse/residential,Thakur Complex,2022,4/13/2022
"Kanakia Sevens, Andheri East",Mumbai,west,operational,Western Express Highway,yes,SEEPZ Andheri East,0,blue,0.23,yes,yes,TRUE,Gundavali,0.18,0-3km,15,Andheri,0.92,3,36,92,5,19.1158835,72.854202,19.79,K/E Ward,Maharashtra,1,6/23/2022,6/23/2022,high,Andheri East,place/suburb,Andheri East,2022,4/13/2022
"Kanakia Sevens, Marol Maroshi Road",Mumbai,east,operational,Marol Naka L1,yes,MIDC Andheri East,1.52,blue,0.56,yes,yes,TRUE,Marol Naka L1,0.56,0-3km,20,Vidyavihar,3.49,3.08,11,42,11,19.1086855,72.8847413,19.59,K/E Ward,Maharashtra,1,5/19/2022,5/19/2022,medium,Kanakia Sevens,landuse/residential,Kanakia Sevens,2022,4/13/2022
Kandivali East,Mumbai,north,operational,Poisar,yes,Mindspace Malad,3.26,red,0.19,yes,yes,TRUE,Poisar,0.19,3-6km,1,Kandivali,1.15,12.79,14,67,10,19.2051958,72.8626165,29.76,R/S Ward,Maharashtra,2,5/5/2022,7/7/2022,high,Kandivali East,place/suburb,Kandivali East,2022,4/13/2022
Kandivali West,Mumbai,north,operational,Dahanukarwadi,yes,Mindspace Malad,2.4,yellow,0.54,yes,yes,TRUE,Dahanukarwadi,0.54,0-3km,1,Kandivali,1.25,13.05,25,98,10,19.2055321,72.8399273,29.66,R/S Ward,Maharashtra,6,4/29/2022,7/7/2022,high,Kandivali West,place/suburb,Kandivali West,2022,4/13/2022
Kanjurmarg East,Mumbai,east,none,Jagruti Nagar,yes,Godrej One Vikhroli,2.37,blue,5.21,no,no,TRUE,Jagruti Nagar,5.21,0-3km,6,Kanjur Marg,1.23,8.81,11,17,4,19.1240536,72.9386742,23.28,S Ward,Maharashtra,3,4/29/2022,6/16/2022,low,Kanjurmarg Bypass Road,highway/trunk,Kanjurmarg East,2022,4/13/2022
Kanjurmarg West,Mumbai,east,none,Jagruti Nagar,yes,Godrej One Vikhroli,3.04,blue,5.14,no,no,TRUE,Aarey JVLR,4.52,3-6km,6,Kanjur Marg,0.39,8.22,42,45,13,19.1321171,72.9273332,23.57,S Ward,Maharashtra,1,7/9/2022,7/9/2022,medium,Dockyard kanjurmarg St,highway/bus_stop,Kanjurmarg West,2022,4/13/2022
"Kanungos Garden City, Mira Road East",Mumbai,north,none,Anand Nagar,no,Mindspace Malad,12.9,yellow,4.49,no,no,TRUE,Kashigaon,2.65,6km+,0,Bhayandar,2,23.06,10,62,4,19.2975579,72.8662931,40.02,Mira,Maharashtra,1,7/7/2022,7/7/2022,medium,Kanungo's Garden City,landuse/residential,Kanungos Garden City,2022,4/13/2022
"Kaustubh Platinum, Datta Pada",Mumbai,north,none,Kandarpada,no,Mindspace Malad,28.7,yellow,20.76,no,no,TRUE,Kashigaon,19.16,6km+,0,Virar,1.99,39.3,0,20,0,19.441645,72.8240682,55.93,Virar East,Maharashtra,1,6/11/2022,6/11/2022,low,Datta Mandir,amenity/place_of_worship,Datta Pada,2022,4/13/2022
"Kenmore Apartment, Lokhandwala Complex",Mumbai,west,operational,Versova,yes,Nirlon Knowledge Park,3.29,blue,1.47,yes,yes,TRUE,Lower Oshiwara,0.79,3-6km,7,Jogeshwari (Harbour Line),2.62,7.13,28,67,21,19.1430985,72.8246055,22.75,K/W Ward,Maharashtra,1,5/31/2022,5/31/2022,high,Lokhandwala Complex,place/neighbourhood,Lokhandwala Complex,2022,4/13/2022
"Keshav Srishti, Bhandup West",Mumbai,east,none,Saki Naka,yes,Godrej One Vikhroli,4.64,blue,6.78,no,no,TRUE,Aarey JVLR,5.5,3-6km,6,Bhandup,0.55,9.73,20,42,4,19.1462636,72.9339461,25.29,S Ward,Maharashtra,1,7/7/2022,7/7/2022,high,Bhandup West,place/suburb,Bhandup West,2022,4/13/2022
Ketki Pada,Mumbai,north,under_construction,Aarey,yes,Nirlon Knowledge Park,1.77,red,2.88,yes,no,FALSE,Jogeshwari (East),1.16,0-3km,15,Jogeshwari (Harbour Line),1.79,6.04,8,37,2,19.144403,72.8661454,23.09,P/S Ward,Maharashtra,1,5/2/2022,5/2/2022,high,Ketli Pada,place/neighbourhood,Ketki Pada,2022,4/13/2022
Khar,Mumbai,west,under_construction,Western Express Highway,yes,Bandra Kurla Complex,3.42,blue,5.38,yes,no,FALSE,Santacruz,1.6,3-6km,7,Khar Road,0.81,3.65,44,71,11,19.0724575,72.8337068,14.86,H/W Ward,Maharashtra,1,5/18/2022,5/18/2022,high,Khar,place/suburb,Khar,2022,4/13/2022
Khar West,Mumbai,south,under_construction,Western Express Highway,yes,Bandra Kurla Complex,2.94,blue,6.22,yes,no,FALSE,Bandra Colony,1.43,0-3km,7,Bandra Terminus,0.33,4.01,46,66,10,19.0626563,72.8381745,13.78,H/W Ward,Maharashtra,12,5/14/2022,7/7/2022,medium,Western Railway Employee Colony Bandra West,landuse/residential,Khar West,2022,4/13/2022
Kings Circle,Mumbai,south,under_construction,Ghatkopar L1,yes,Bandra Kurla Complex,4.03,blue,8.09,yes,no,FALSE,Shitala Devi Mandir,1.82,3-6km,7,King's Circle,0,6.52,77,75,7,19.0316822,72.8577375,10.59,F/N Ward,Maharashtra,1,5/14/2022,5/14/2022,medium,King's Circle,railway/station,Kings Circle,2022,4/13/2022
"Kohinoor City Phase II, Holly Cross Church Chowk",Mumbai,east,operational,Asalpha,yes,Bandra Kurla Complex,2.32,blue,2.35,yes,yes,TRUE,Asalpha,2.35,0-3km,12,Lokmanya Tilak Terminus,1.17,2.7,19,32,14,19.0775039,72.8848272,16.28,L Ward,Maharashtra,1,6/27/2022,6/27/2022,low,Kohinoor City Phase 2,building/apartments,Kohinoor City Phase II,2022,4/13/2022
"Kolte Patil Jai Vijay, New Airport Colony",Mumbai,south,operational,Western Express Highway,yes,SEEPZ Andheri East,1.23,blue,1.22,yes,yes,TRUE,Sahar Road,1.03,0-3km,16,Vile Parle,1.37,1.8,29,76,5,19.1049416,72.8558663,18.6,K/E Ward,Maharashtra,1,7/9/2022,7/9/2022,medium,New Airport Colony,landuse/residential,New Airport Colony,2022,4/13/2022
Kurla,Mumbai,south,under_construction,Asalpha,yes,Bandra Kurla Complex,1.45,blue,3.83,yes,no,FALSE,Chembur,1.88,0-3km,9,Kurla,0,3.26,15,55,7,19.0652797,72.8793805,14.8,L Ward,Maharashtra,1,6/27/2022,6/27/2022,medium,Kurla,railway/station,Kurla,2022,4/13/2022
Kurla West,Mumbai,south,under_construction,Asalpha,yes,Bandra Kurla Complex,1.15,blue,3.64,yes,no,FALSE,Chembur,2.34,0-3km,10,Kurla,0.46,2.79,18,49,8,19.0686026,72.876583,15.07,L Ward,Maharashtra,2,4/28/2022,5/27/2022,high,Kurla West,place/suburb,Kurla West,2022,4/13/2022
"Kyraa Ariso Apartment, Chembur",Mumbai,east,under_construction,Ghatkopar L1,yes,Bandra Kurla Complex,3.65,blue,3.7,yes,no,FALSE,Diamond Garden,0.53,3-6km,5,VNP & RC Marg Junction,0.46,5.39,32,81,13,19.054818,72.8979713,14.48,M/W Ward,Maharashtra,1,5/22/2022,5/22/2022,high,Chembur,place/suburb,Chembur,2022,4/13/2022
"L Nagpal Ruby, Turner Road",Mumbai,south,under_construction,Western Express Highway,yes,Bandra Kurla Complex,3.3,blue,6.66,yes,no,FALSE,Bandra Colony,1.88,3-6km,7,Bandra,0.71,4.48,47,58,10,19.0593654,72.8353675,13.41,Bandra West,Maharashtra,1,7/8/2022,7/8/2022,low,Gurunanak Marg,highway/secondary,Turner Road,2022,4/13/2022
"L&T Emerald Isle, Chandivali",Mumbai,east,operational,Saki Naka,yes,Hiranandani Business Park Powai,1.44,blue,0.93,yes,yes,TRUE,Saki Naka,0.93,0-3km,19,Ghatkopar,2.98,3.94,14,36,13,19.1091482,72.8945793,19.94,L Ward,Maharashtra,1,5/13/2022,5/13/2022,high,Chandivali,place/suburb,Chandivali,2022,4/13/2022
"L&T Emerald Isle, Powai",Mumbai,east,none,Saki Naka,yes,Hiranandani Business Park Powai,0.89,blue,2.65,no,no,TRUE,Saki Naka,2.65,0-3km,16,Vikhroli,2.32,5.65,23,17,20,19.1187195,72.9073476,21.39,S Ward,Maharashtra,6,5/27/2022,7/9/2022,high,Powai,place/suburb,Powai,2022,4/13/2022
"Lady Ratan Tower, Worli",Mumbai,south,under_construction,Western Express Highway,yes,Lower Parel Business District,1.63,blue,12.27,yes,no,FALSE,Worli,0.38,0-3km,4,Prabhadevi,1.95,9.92,31,22,6,19.0117388,72.8178706,8.32,G/S Ward,Maharashtra,1,6/27/2022,6/27/2022,high,Worli,place/suburb,Worli,2022,4/13/2022
"Lake Bloom, Powai",Mumbai,east,none,Saki Naka,yes,Hiranandani Business Park Powai,0.89,blue,2.65,no,no,TRUE,Saki Naka,2.65,0-3km,16,Vikhroli,2.32,5.65,23,17,20,19.1187195,72.9073476,21.39,S Ward,Maharashtra,1,6/10/2022,6/10/2022,high,Powai,place/suburb,Powai,2022,4/13/2022
"Lake Florence, Powai",Mumbai,east,none,Saki Naka,yes,Hiranandani Business Park Powai,0.89,blue,2.65,no,no,TRUE,Saki Naka,2.65,0-3km,16,Vikhroli,2.32,5.65,23,17,20,19.1187195,72.9073476,21.39,S Ward,Maharashtra,1,7/6/2022,7/6/2022,high,Powai,place/suburb,Powai,2022,4/13/2022
"Lake Homes, Powai",Mumbai,east,none,Saki Naka,yes,Hiranandani Business Park Powai,0.89,blue,2.65,no,no,TRUE,Saki Naka,2.65,0-3km,16,Vikhroli,2.32,5.65,23,17,20,19.1187195,72.9073476,21.39,S Ward,Maharashtra,1,7/9/2022,7/9/2022,high,Powai,place/suburb,Powai,2022,4/13/2022
"Lake Primrose, Chandivali",Mumbai,east,operational,Saki Naka,yes,Hiranandani Business Park Powai,1.44,blue,0.93,yes,yes,TRUE,Saki Naka,0.93,0-3km,19,Ghatkopar,2.98,3.94,14,36,13,19.1091482,72.8945793,19.94,L Ward,Maharashtra,1,5/27/2022,5/27/2022,high,Chandivali,place/suburb,Chandivali,2022,4/13/2022
"Lake Primrose, Powai",Mumbai,east,none,Saki Naka,yes,Hiranandani Business Park Powai,0.89,blue,2.65,no,no,TRUE,Saki Naka,2.65,0-3km,16,Vikhroli,2.32,5.65,23,17,20,19.1187195,72.9073476,21.39,S Ward,Maharashtra,1,6/20/2022,6/20/2022,high,Powai,place/suburb,Powai,2022,4/13/2022
"Lake Superior, Powai",Mumbai,east,none,Saki Naka,yes,Hiranandani Business Park Powai,0.89,blue,2.65,no,no,TRUE,Saki Naka,2.65,0-3km,16,Vikhroli,2.32,5.65,23,17,20,19.1187195,72.9073476,21.39,S Ward,Maharashtra,1,6/12/2022,6/12/2022,high,Powai,place/suburb,Powai,2022,4/13/2022
"Laksharia Tower, Andheri West",Mumbai,west,operational,Azad Nagar,yes,SEEPZ Andheri East,2.13,blue,1.14,yes,yes,TRUE,Azad Nagar,1.14,0-3km,13,Andheri,1.34,4.28,33,91,15,19.1172495,72.833968,19.84,K/W Ward,Maharashtra,1,6/27/2022,6/27/2022,high,Andheri West,place/suburb,Andheri West,2022,4/13/2022
"Lakshchandi Height, Goregaon East",Mumbai,north,operational,Aarey,yes,Nirlon Knowledge Park,1.62,red,0.37,yes,yes,TRUE,Aarey,0.37,0-3km,5,Goregaon,0.77,8.83,14,72,6,19.1692623,72.8552548,25.71,P/S Ward,Maharashtra,1,6/13/2022,6/13/2022,high,Goregaon East,place/suburb,Goregaon East,2022,4/13/2022
Lal Baug,Mumbai,south,under_construction,Ghatkopar L1,yes,Lower Parel Business District,1.65,blue,12.45,yes,no,FALSE,Science Centre,2.23,0-3km,2,Mint Colony,0.14,10.96,25,38,5,18.9935288,72.8424069,6.13,Parel,Maharashtra,2,6/3/2022,6/20/2022,high,Lal Baug,place/suburb,Lal Baug,2022,4/13/2022
"Leo Ratnakar, Mahavir Nagar",Mumbai,north,operational,Kandivali (West),yes,Mindspace Malad,3.46,yellow,0.12,yes,yes,TRUE,Kandivali (West),0.12,3-6km,0,Kandivali,1.89,14.13,25,74,8,19.2149882,72.8378643,30.71,R/S Ward,Maharashtra,1,6/5/2022,6/5/2022,high,Mahavir Nagar,place/quarter,Mahavir Nagar,2022,4/13/2022
"Llyod Estate, Wadala",Mumbai,south,none,Ghatkopar L1,yes,Bandra Kurla Complex,4.6,blue,7.46,no,no,TRUE,Dharavi,3.49,3-6km,4,Bhakti Park,0.29,7.16,16,16,0,19.0269192,72.8759337,10.69,F/N Ward,Maharashtra,1,6/23/2022,6/23/2022,high,Wadala,place/suburb,Wadala,2022,4/13/2022
Lodha Ajuro tower lalbag,Mumbai,unknown,unknown,unknown,unknown,unknown,,unknown,,unknown,unknown,,unknown,,unknown,,unknown,,,,,,,,,,,1,5/18/2022,5/18/2022,none,,,,2022,4/13/2022
"Lodha Altia, Wadala East",Mumbai,south,under_construction,Ghatkopar L1,yes,Lower Parel Business District,2.97,blue,9.65,yes,no,FALSE,Dadar,1.88,0-3km,3,Dadar East,0.3,8.3,60,64,7,19.0158783,72.8550732,8.82,F/N Ward,Maharashtra,1,7/9/2022,7/9/2022,high,Wadala Village,place/neighbourhood,Wadala East,2022,4/13/2022
"Lodha Azzuro , Parel",Mumbai,south,under_construction,Ghatkopar L1,yes,Lower Parel Business District,1.42,blue,11.1,yes,no,FALSE,Siddhivinayak Temple,1.47,0-3km,3,Parel,0.52,9.34,64,73,5,19.0084268,72.842505,7.78,F/S Ward,Maharashtra,2,5/31/2022,6/23/2022,high,Parel,place/suburb,Parel,2022,4/13/2022
"Lodha Bel Air, Jogeshwari West",Mumbai,west,operational,Andheri (West),yes,Nirlon Knowledge Park,2.65,yellow,1.02,yes,yes,TRUE,Lower Oshiwara,0.76,0-3km,14,Jogeshwari (Western Line),1.21,5.8,40,82,22,19.136394,72.8373817,21.97,K/W Ward,Maharashtra,1,6/28/2022,6/28/2022,high,Jogeshwari West,place/suburb,Jogeshwari West,2022,4/13/2022
"Lodha Bellissimo, Mahalakshmi",Mumbai,south,under_construction,Ghatkopar L1,yes,Lower Parel Business District,1.96,blue,14.35,yes,no,FALSE,Science Centre,0.34,0-3km,2,Mahalaxmi,0.95,12.15,31,32,9,18.9892129,72.8186798,5.87,G/S Ward,Maharashtra,2,7/6/2022,7/9/2022,high,Mahalakshmi,place/suburb,Mahalakshmi,2022,4/13/2022
Lodha casa rio,Mumbai,east,none,Ghatkopar L1,no,Millennium Business Park Mahape,7.75,blue,19.17,no,no,TRUE,Sector-34,8.87,6km+,0,Nilaje,0.43,23.5,2,5,2,19.1532753,73.0764248,34.79,Nilaje,Maharashtra,1,5/26/2022,5/26/2022,low,Lodha Casa Rio Gold Road,highway/residential,Lodha casa rio,2022,4/13/2022
"Lodha Eternis, Chakala MIDC",Mumbai,east,operational,Western Express Highway,yes,SEEPZ Andheri East,0.8,blue,0.57,yes,yes,TRUE,Western Express Highway,0.57,0-3km,16,Andheri,1.69,2.8,29,68,3,19.1152873,72.8618085,19.82,K/E Ward,Maharashtra,1,7/7/2022,7/7/2022,high,Chakala,place/neighbourhood,Chakala MIDC,2022,4/13/2022
"Lodha Fiorenza, Goregaon East",Mumbai,north,operational,Aarey,yes,Nirlon Knowledge Park,1.62,red,0.37,yes,yes,TRUE,Aarey,0.37,0-3km,5,Goregaon,0.77,8.83,14,72,6,19.1692623,72.8552548,25.71,P/S Ward,Maharashtra,1,7/9/2022,7/9/2022,high,Goregaon East,place/suburb,Goregaon East,2022,4/13/2022
"Lodha Kiara, Worli Hill",Mumbai,south,under_construction,Western Express Highway,yes,Lower Parel Business District,1.88,blue,13.91,yes,no,FALSE,Acharya Atre Chowk,0.45,0-3km,2,Lower Parel,1.78,11.54,19,14,6,18.9975217,72.8134128,6.93,G/S Ward,Maharashtra,2,6/23/2022,7/9/2022,low,Worli Hill Road,highway/residential,Worli Hill,2022,4/13/2022
"Lodha Marquise, Worli",Mumbai,south,under_construction,Western Express Highway,yes,Lower Parel Business District,1.63,blue,12.27,yes,no,FALSE,Worli,0.38,0-3km,4,Prabhadevi,1.95,9.92,31,22,6,19.0117388,72.8178706,8.32,G/S Ward,Maharashtra,3,5/14/2022,6/20/2022,high,Worli,place/suburb,Worli,2022,4/13/2022
"Lodha Marquise, Worli Sea Face",Mumbai,south,under_construction,Western Express Highway,yes,Lower Parel Business District,1.74,blue,12.53,yes,no,FALSE,Worli,0.42,0-3km,4,Prabhadevi,2.16,10.2,24,17,6,19.0100374,72.8155708,8.19,G/S Ward,Maharashtra,1,7/7/2022,7/7/2022,low,Khan Abdul Gaffar Khan Marg,highway/primary,Worli Sea Face,2022,4/13/2022
"Lodha NCP Commercial , Wadala",Mumbai,south,none,Ghatkopar L1,yes,Bandra Kurla Complex,4.6,blue,7.46,no,no,TRUE,Dharavi,3.49,3-6km,4,Bhakti Park,0.29,7.16,16,16,0,19.0269192,72.8759337,10.69,F/N Ward,Maharashtra,1,6/4/2022,6/4/2022,high,Wadala,place/suburb,Wadala,2022,4/13/2022
"Lodha New Cuffe Parade, Bhakti Park",Mumbai,south,none,Ghatkopar L1,yes,Bandra Kurla Complex,4.6,blue,7.2,no,no,TRUE,Chembur,3.23,3-6km,4,Bhakti Park,0.24,7.14,5,8,0,19.0278681,72.8795682,10.94,M/W Ward,Maharashtra,3,6/30/2022,7/9/2022,high,Bhakti Park,place/neighbourhood,Bhakti Park,2022,4/13/2022
"Lodha New Cuffe Parade, Wadala",Mumbai,south,none,Ghatkopar L1,yes,Bandra Kurla Complex,4.6,blue,7.46,no,no,TRUE,Dharavi,3.49,3-6km,4,Bhakti Park,0.29,7.16,16,16,0,19.0269192,72.8759337,10.69,F/N Ward,Maharashtra,2,5/30/2022,6/30/2022,high,Wadala,place/suburb,Wadala,2022,4/13/2022
"Lodha New Cuffe Parade, Wadala East",Mumbai,south,under_construction,Ghatkopar L1,yes,Lower Parel Business District,2.97,blue,9.65,yes,no,FALSE,Dadar,1.88,0-3km,3,Dadar East,0.3,8.3,60,64,7,19.0158783,72.8550732,8.82,F/N Ward,Maharashtra,3,6/23/2022,7/9/2022,high,Wadala Village,place/neighbourhood,Wadala East,2022,4/13/2022
"Lodha Primero, Mahalakshmi",Mumbai,south,under_construction,Ghatkopar L1,yes,Lower Parel Business District,1.96,blue,14.35,yes,no,FALSE,Science Centre,0.34,0-3km,2,Mahalaxmi,0.95,12.15,31,32,9,18.9892129,72.8186798,5.87,G/S Ward,Maharashtra,1,7/9/2022,7/9/2022,high,Mahalakshmi,place/suburb,Mahalakshmi,2022,4/13/2022
"Lodha The Park, Worli",Mumbai,south,under_construction,Western Express Highway,yes,Lower Parel Business District,1.63,blue,12.27,yes,no,FALSE,Worli,0.38,0-3km,4,Prabhadevi,1.95,9.92,31,22,6,19.0117388,72.8178706,8.32,G/S Ward,Maharashtra,3,6/8/2022,6/16/2022,high,Worli,place/suburb,Worli,2022,4/13/2022
"Lodha Venezia, Parel",Mumbai,south,under_construction,Ghatkopar L1,yes,Lower Parel Business District,1.42,blue,11.1,yes,no,FALSE,Siddhivinayak Temple,1.47,0-3km,3,Parel,0.52,9.34,64,73,5,19.0084268,72.842505,7.78,F/S Ward,Maharashtra,1,7/7/2022,7/7/2022,high,Parel,place/suburb,Parel,2022,4/13/2022
"Lodha World Crest, Lower Parel",Mumbai,south,under_construction,Ghatkopar L1,yes,Lower Parel Business District,0,blue,12.39,yes,no,FALSE,Worli,1.32,0-3km,3,Prabhadevi,0.77,10.28,50,55,8,19.0029881,72.8303219,7.16,G/S Ward,Maharashtra,3,5/14/2022,7/9/2022,high,Lower Parel,place/suburb,Lower Parel,2022,4/13/2022
Lokhandwala Complex,Mumbai,west,operational,Versova,yes,Nirlon Knowledge Park,3.29,blue,1.47,yes,yes,TRUE,Lower Oshiwara,0.79,3-6km,7,Jogeshwari (Harbour Line),2.62,7.13,28,67,21,19.1430985,72.8246055,22.75,K/W Ward,Maharashtra,5,6/4/2022,7/9/2022,high,Lokhandwala Complex,place/neighbourhood,Lokhandwala Complex,2022,4/13/2022
"Lokhandwala Octacrest, Lokhandwala Twp",Mumbai,unknown,unknown,unknown,unknown,unknown,,unknown,,unknown,unknown,,unknown,,unknown,,unknown,,,,,,,,,,,1,6/23/2022,6/23/2022,none,,,,2022,4/13/2022
"lokhandwala residency, Worli",Mumbai,south,under_construction,Western Express Highway,yes,Lower Parel Business District,1.63,blue,12.27,yes,no,FALSE,Worli,0.38,0-3km,4,Prabhadevi,1.95,9.92,31,22,6,19.0117388,72.8178706,8.32,G/S Ward,Maharashtra,2,5/14/2022,6/18/2022,high,Worli,place/suburb,Worli,2022,4/13/2022
"Lovedale Residences, Malad West",Mumbai,north,operational,Kurar,yes,Mindspace Malad,0,red,1.85,yes,yes,TRUE,Malad (West),0.58,0-3km,3,Malad,0.83,10.68,24,94,13,19.1840129,72.8412155,27.27,P/N Ward,Maharashtra,1,4/27/2022,4/27/2022,high,Malad West,place/suburb,Malad West,2022,4/13/2022
Lower Parel,Mumbai,south,under_construction,Ghatkopar L1,yes,Lower Parel Business District,0,blue,12.39,yes,no,FALSE,Worli,1.32,0-3km,3,Prabhadevi,0.77,10.28,50,55,8,19.0029881,72.8303219,7.16,G/S Ward,Maharashtra,4,5/19/2022,7/6/2022,high,Lower Parel,place/suburb,Lower Parel,2022,4/13/2022
"Madhugiri Society, Chembur",Mumbai,south,under_construction,Ghatkopar L1,yes,Bandra Kurla Complex,3.65,blue,4.52,yes,no,FALSE,Chembur,0.67,3-6km,5,Fertilizer Township,0.49,5.7,28,75,9,19.0482121,72.8941022,13.64,M/W Ward,Maharashtra,1,7/4/2022,7/4/2022,high,"Navjivan Society, Chembur",place/neighbourhood,Madhugiri Society Chembur,2022,4/13/2022
"Magnum Tower CHS, Lokhandwala Complex",Mumbai,west,operational,Versova,yes,Nirlon Knowledge Park,3.29,blue,1.47,yes,yes,TRUE,Lower Oshiwara,0.79,3-6km,7,Jogeshwari (Harbour Line),2.62,7.13,28,67,21,19.1430985,72.8246055,22.75,K/W Ward,Maharashtra,1,6/27/2022,6/27/2022,high,Lokhandwala Complex,place/neighbourhood,Lokhandwala Complex,2022,4/13/2022
Mahajan Wadi,Mumbai,east,none,Aarey,yes,Wagle Estate Thane,2.97,red,10.08,no,no,TRUE,Azad Nagar Bus Stop,8.15,0-3km,8,Mulund,0.21,13.27,40,85,19,19.172087,72.9547352,28.81,T Ward,Maharashtra,1,7/7/2022,7/7/2022,low,Mahajan Wadi,amenity/community_centre,Mahajan Wadi,2022,4/13/2022
"Mahalaxmi CHS, Worli",Mumbai,south,under_construction,Western Express Highway,yes,Lower Parel Business District,1.63,blue,12.27,yes,no,FALSE,Worli,0.38,0-3km,4,Prabhadevi,1.95,9.92,31,22,6,19.0117388,72.8178706,8.32,G/S Ward,Maharashtra,2,6/18/2022,6/27/2022,high,Worli,place/suburb,Worli,2022,4/13/2022
Mahatama Gandhi Road,Mumbai,east,none,Poisar,yes,Wagle Estate Thane,2.4,red,11.07,no,no,TRUE,Azad Nagar Bus Stop,6.71,0-3km,13,Thane,1.11,14.92,36,125,13,19.1823519,72.9661409,30.37,Kopri,Maharashtra,1,4/27/2022,4/27/2022,low,Mahatama Gandhi Road,highway/secondary,Mahatama Gandhi Road,2022,4/13/2022
Mahavir Nagar,Mumbai,north,operational,Kandivali (West),yes,Mindspace Malad,3.46,yellow,0.12,yes,yes,TRUE,Kandivali (West),0.12,3-6km,0,Kandivali,1.89,14.13,25,74,8,19.2149882,72.8378643,30.71,R/S Ward,Maharashtra,1,7/9/2022,7/9/2022,high,Mahavir Nagar,place/quarter,Mahavir Nagar,2022,4/13/2022
Mahim,Mumbai,south,under_construction,Chakala - J.B. Nagar,yes,Bandra Kurla Complex,3.87,blue,8.28,yes,no,FALSE,Shitala Devi Mandir,0.48,3-6km,6,Mahim Junction,0.73,5.85,45,55,8,19.0423145,72.8398344,11.52,G/N Ward,Maharashtra,2,7/6/2022,7/6/2022,high,Mahim,place/suburb,Mahim,2022,4/13/2022
Mahim West,Mumbai,south,under_construction,Asalpha,yes,Bandra Kurla Complex,3.66,blue,8.09,yes,no,FALSE,Shitala Devi Mandir,0.59,3-6km,7,Mahim Junction,0.21,5.92,65,72,9,19.0389719,72.8475766,11.21,G/N Ward,Maharashtra,4,6/5/2022,7/9/2022,low,Mahim Railway FOB,highway/construction,Mahim West,2022,4/13/2022
"Mahindra Splendour, Bhandup West",Mumbai,east,none,Saki Naka,yes,Godrej One Vikhroli,4.64,blue,6.78,no,no,TRUE,Aarey JVLR,5.5,3-6km,6,Bhandup,0.55,9.73,20,42,4,19.1462636,72.9339461,25.29,S Ward,Maharashtra,1,7/9/2022,7/9/2022,high,Bhandup West,place/suburb,Bhandup West,2022,4/13/2022
"Mahindra Vivante, Chakala",Mumbai,east,operational,Western Express Highway,yes,SEEPZ Andheri East,0.8,blue,0.57,yes,yes,TRUE,Western Express Highway,0.57,0-3km,16,Andheri,1.69,2.8,29,68,3,19.1152873,72.8618085,19.82,K/E Ward,Maharashtra,1,5/27/2022,5/27/2022,high,Chakala,place/neighbourhood,Chakala,2022,4/13/2022
Malabar Hill,Mumbai,south,under_construction,Ghatkopar L1,yes,Nariman Point CBD,4.06,blue,18.04,yes,no,FALSE,Grant Road,1.64,3-6km,0,Grant Road,1.43,15.96,35,50,2,18.9581616,72.8033665,4,D Ward,Maharashtra,3,5/14/2022,6/22/2022,high,Malabar Hill,place/suburb,Malabar Hill,2022,4/13/2022
Malad East,Mumbai,north,operational,Kurar,yes,Mindspace Malad,1.6,red,0.27,yes,yes,TRUE,Kurar,0.27,0-3km,3,Malad,0.82,10.68,19,95,8,19.1860219,72.8563181,27.58,P/N Ward,Maharashtra,4,5/14/2022,7/9/2022,high,Malad East,place/suburb,Malad East,2022,4/13/2022
Malad West,Mumbai,north,operational,Kurar,yes,Mindspace Malad,0,red,1.85,yes,yes,TRUE,Malad (West),0.58,0-3km,3,Malad,0.83,10.68,24,94,13,19.1840129,72.8412155,27.27,P/N Ward,Maharashtra,4,5/5/2022,6/23/2022,high,Malad West,place/suburb,Malad West,2022,4/13/2022
Mamletdarwadi,Mumbai,north,operational,Kurar,yes,Mindspace Malad,0.58,red,1.54,yes,yes,TRUE,Malad (West),0.92,0-3km,3,Malad,0.53,11.13,26,107,10,19.188589,72.8438991,27.79,P/N Ward,Maharashtra,1,5/29/2022,5/29/2022,low,Mamlatdar Wadi,amenity/townhall,Mamletdarwadi,2022,4/13/2022
"Man Opus, Kashimira",Mumbai,north,under_construction,Anand Nagar,no,Wagle Estate Thane,11.07,yellow,2.77,yes,no,FALSE,Kashigaon,0.48,6km+,0,Mira Road,3.03,20.73,4,11,6,19.2755399,72.8841851,37.79,Mira-Bhayander,Maharashtra,1,6/14/2022,6/14/2022,high,Kashimira,place/suburb,Kashimira,2022,4/13/2022
"Man Opus, Mira Road",Mumbai,north,operational,Anand Nagar,no,Mindspace Malad,10.4,yellow,2.05,yes,yes,TRUE,Miragaon,0.14,6km+,0,Mira Road,2.91,20.06,4,13,6,19.2697552,72.8807127,37.11,Kashimira,Maharashtra,2,5/4/2022,5/23/2022,medium,Man Opus,landuse/residential,Man Opus Mira Road,2022,4/13/2022
"Man Opus, Mira Road East",Mumbai,north,operational,Anand Nagar,no,Mindspace Malad,10.4,yellow,2.05,yes,yes,TRUE,Miragaon,0.14,6km+,0,Mira Road,2.91,20.06,4,13,6,19.2697552,72.8807127,37.11,Kashimira,Maharashtra,1,6/13/2022,6/13/2022,medium,Man Opus,landuse/residential,Man Opus,2022,4/13/2022
"Manavsthal, Andheri East",Mumbai,west,operational,Western Express Highway,yes,SEEPZ Andheri East,0,blue,0.23,yes,yes,TRUE,Gundavali,0.18,0-3km,15,Andheri,0.92,3,36,92,5,19.1158835,72.854202,19.79,K/E Ward,Maharashtra,1,7/7/2022,7/7/2022,high,Andheri East,place/suburb,Manavsthal Andheri East,2022,4/13/2022
"Manibhadra Avenue, Morya Nagar",Mumbai,east,none,Anand Nagar,no,Wagle Estate Thane,6.98,yellow,9.52,no,no,TRUE,Azad Nagar Bus Stop,3.37,6km+,2,Kharbhav,5.05,21.42,8,12,5,19.2610829,72.9569184,38.04,Anand Nagar,Maharashtra,1,6/20/2022,6/20/2022,medium,KIPL Morya,landuse/residential,Morya Nagar,2022,4/13/2022
"Marathon Embryo, Bhandup West",Mumbai,east,none,Saki Naka,yes,Godrej One Vikhroli,4.64,blue,6.78,no,no,TRUE,Aarey JVLR,5.5,3-6km,6,Bhandup,0.55,9.73,20,42,4,19.1462636,72.9339461,25.29,S Ward,Maharashtra,1,7/4/2022,7/4/2022,high,Bhandup West,place/suburb,Bhandup West,2022,4/13/2022
"Marathon Next Gen Era, Lower Parel",Mumbai,south,under_construction,Ghatkopar L1,yes,Lower Parel Business District,0,blue,12.39,yes,no,FALSE,Worli,1.32,0-3km,3,Prabhadevi,0.77,10.28,50,55,8,19.0029881,72.8303219,7.16,G/S Ward,Maharashtra,1,6/20/2022,6/20/2022,high,Lower Parel,place/suburb,Lower Parel,2022,4/13/2022
"Marigold-5, Beverly Park",Mumbai,north,under_construction,Anand Nagar,no,Mindspace Malad,11.76,yellow,3.3,yes,no,FALSE,Kashigaon,1.69,6km+,0,Mira Road,1.32,21.88,13,47,4,19.2868429,72.8673591,38.85,Mira,Maharashtra,1,6/26/2022,6/26/2022,medium,Beverly Park,highway/bus_stop,Beverly Park,2022,4/13/2022
"Marine Palace, Marine Lines",Mumbai,south,under_construction,Ghatkopar L1,yes,Nariman Point CBD,2.08,blue,18.01,yes,no,FALSE,Kalbadevi,0.37,0-3km,0,Marine Lines,0,16.58,34,52,10,18.945764,72.8237193,1.45,C Ward,Maharashtra,1,6/30/2022,6/30/2022,medium,Marine Lines,railway/station,Marine Palace Marine Lines,2022,4/13/2022
Matunga East,Mumbai,south,under_construction,Ghatkopar L1,yes,Lower Parel Business District,3.45,blue,8.94,yes,no,FALSE,Dadar,1.38,3-6km,5,Matunga,0.25,7.21,85,93,8,19.0261579,72.8520846,9.87,F/N Ward,Maharashtra,1,7/6/2022,7/6/2022,high,Matunga East,place/suburb,Matunga East,2022,4/13/2022
"Mayfair Sonata Greens, Park Site Colony",Mumbai,east,operational,Jagruti Nagar,yes,Hiranandani Business Park Powai,1.21,blue,1.66,yes,yes,TRUE,Jagruti Nagar,1.66,0-3km,11,Vikhroli,1.8,5.56,12,48,11,19.1016318,72.9144376,19.92,N Ward,Maharashtra,1,6/15/2022,6/15/2022,high,Park Site Colony,place/neighbourhood,Park Site Colony,2022,4/13/2022
"Mayuresh Srishti, Bhandup West",Mumbai,east,none,Saki Naka,yes,Godrej One Vikhroli,4.64,blue,6.78,no,no,TRUE,Aarey JVLR,5.5,3-6km,6,Bhandup,0.55,9.73,20,42,4,19.1462636,72.9339461,25.29,S Ward,Maharashtra,1,6/27/2022,6/27/2022,high,Bhandup West,place/suburb,Bhandup West,2022,4/13/2022
Mazgaon,Mumbai,south,under_construction,Ghatkopar L1,yes,Lower Parel Business District,3.85,blue,14.81,yes,no,FALSE,Mahalaxmi,1.93,3-6km,1,Dockyard Road,0.48,13.59,24,37,4,18.9697337,72.8406201,3.48,E Ward,Maharashtra,3,4/28/2022,6/4/2022,high,Mazgaon,place/suburb,Mazgaon,2022,4/13/2022
Mehboob Studio,Mumbai,south,under_construction,Western Express Highway,yes,Bandra Kurla Complex,4.66,blue,7.78,yes,no,FALSE,Shitala Devi Mandir,2.48,3-6km,5,Bandra,1.72,5.82,29,32,4,19.0529554,72.8240232,12.75,Bandra West,Maharashtra,1,6/28/2022,6/28/2022,medium,Hill Road Garden,highway/bus_stop,Mehboob Studio,2022,4/13/2022
"MHADA Century Mill, Prabhadevi",Mumbai,south,under_construction,Asalpha,yes,Lower Parel Business District,1.35,blue,11.48,yes,no,FALSE,Siddhivinayak Temple,0.33,0-3km,4,Prabhadevi,1.17,9.14,47,48,5,19.0148811,72.8279556,8.5,G/S Ward,Maharashtra,1,6/27/2022,6/27/2022,high,Prabhadevi,place/suburb,Prabhadevi,2022,4/13/2022
"Midas Enclave CHS , Nandiadwala Colony",Mumbai,east,under_construction,Ghatkopar L1,yes,Belapur CBD,4.85,blue,17.88,yes,no,FALSE,Khargar Village,0.59,3-6km,0,Kharghar,2.9,22.59,15,27,4,19.0483228,73.0732714,27.82,Kharghar,Maharashtra,3,7/7/2022,7/7/2022,medium,"Jal Vayu Bihar Defense Enclave CHS, Phase 2",landuse/residential,Midas Enclave CHS,2022,4/13/2022
"Midas PMGP Mhada Colony, PMGP Colony",Mumbai,south,under_construction,Asalpha,yes,Bandra Kurla Complex,1.9,blue,6.21,yes,no,FALSE,Dharavi,1.29,0-3km,8,Sion,0.5,4.41,29,50,4,19.0505605,72.8611572,12.72,Dharavi,Maharashtra,1,6/2/2022,6/2/2022,high,PMGP Colony,place/neighbourhood,PMGP Colony,2022,4/13/2022
"MidCity Shikhar, Andheri West",Mumbai,west,operational,Azad Nagar,yes,SEEPZ Andheri East,2.13,blue,1.14,yes,yes,TRUE,Azad Nagar,1.14,0-3km,13,Andheri,1.34,4.28,33,91,15,19.1172495,72.833968,19.84,K/W Ward,Maharashtra,1,6/29/2022,6/29/2022,high,Andheri West,place/suburb,Andheri West,2022,4/13/2022
"Milap CHS, Seven Bungalows",Mumbai,west,operational,Versova,yes,SEEPZ Andheri East,3.78,blue,0.05,yes,yes,TRUE,Versova,0.05,3-6km,9,Andheri,2.86,6.2,27,57,18,19.1297617,72.8213781,21.29,K/W Ward,Maharashtra,1,7/9/2022,7/9/2022,high,Seven Bungalows,place/neighbourhood,Seven Bungalows,2022,4/13/2022
"Mindspace, Mindspace",Mumbai,east,none,Ghatkopar L1,yes,Vashi Business District,4.01,blue,12.79,no,no,TRUE,CBD Belapur,3.91,3-6km,2,Juinagar,0.74,17.46,26,17,4,19.0523195,73.0241788,23.52,Juinagar,Maharashtra,2,7/7/2022,7/7/2022,low,Mindspace - Juinagar,landuse/commercial,Mindspace Mindspace,2022,4/13/2022
Mira Bhayandar,Mumbai,north,operational,Anand Nagar,no,Mindspace Malad,10.74,yellow,2.4,yes,yes,TRUE,Miragaon,0.26,6km+,0,Mira Road,3,20.36,4,12,6,19.2722556,72.8828004,37.41,Kashimira,Maharashtra,1,7/7/2022,7/7/2022,low,Mira Bhayandar Road,highway/primary,Mira Bhayandar,2022,4/13/2022
Mira Road,Mumbai,north,none,Kandarpada,no,Mindspace Malad,10.97,yellow,2.85,no,no,TRUE,Kashigaon,2.58,6km+,0,Mira Road,0,21.31,8,40,5,19.2816975,72.8560676,38.19,Mira,Maharashtra,4,4/29/2022,6/12/2022,medium,Mira Road,railway/station,Mira Road,2022,4/13/2022
Mira Road East,Mumbai,north,under_construction,Anand Nagar,no,Mindspace Malad,10.98,yellow,2.81,yes,no,FALSE,Kashigaon,2.3,6km+,0,Mira Road,0.27,21.27,9,41,6,19.2813896,72.858639,38.17,Mira,Maharashtra,3,6/12/2022,6/30/2022,medium,Mira Road Station East,highway/bus_stop,Mira Road East,2022,4/13/2022
"MJ Shah Centrio, Chembur",Mumbai,east,under_construction,Ghatkopar L1,yes,Bandra Kurla Complex,3.65,blue,3.7,yes,no,FALSE,Diamond Garden,0.53,3-6km,5,VNP & RC Marg Junction,0.46,5.39,32,81,13,19.054818,72.8979713,14.48,M/W Ward,Maharashtra,2,6/12/2022,6/12/2022,high,Chembur,place/suburb,Chembur,2022,4/13/2022
Model Town,Mumbai,east,operational,Western Express Highway,yes,MIDC Andheri East,1.83,blue,2.34,yes,yes,TRUE,SEEPZ,0.95,0-3km,17,Jogeshwari (Western Line),2.13,4.84,13,45,2,19.1332555,72.8690288,21.91,K/E Ward,Maharashtra,1,5/21/2022,5/21/2022,high,Model Town,place/neighbourhood,Model Town,2022,4/13/2022
"Montana Giona, Moti Nagar",Mumbai,west,operational,Andheri (West),yes,Nirlon Knowledge Park,1.77,yellow,2.27,yes,yes,TRUE,Oshiwara,0.5,0-3km,12,Ram Mandir,1.32,7.01,22,57,15,19.148587,72.8378546,23.33,K/W Ward,Maharashtra,1,7/9/2022,7/9/2022,high,Motilal Nagar I,place/neighbourhood,Moti Nagar,2022,4/13/2022
"Mount Marry, Bandra West",Mumbai,south,under_construction,Western Express Highway,yes,Bandra Kurla Complex,4.95,blue,8.25,yes,no,FALSE,Shitala Devi Mandir,2.32,3-6km,5,Bandra,1.96,6.24,25,26,4,19.0488129,72.8227516,12.3,Bandra West,Maharashtra,1,6/20/2022,6/20/2022,high,Mount Mary,place/neighbourhood,Mount Marry Bandra West,2022,4/13/2022
"Mount Marry, Mount Mary",Mumbai,south,under_construction,Western Express Highway,yes,Bandra Kurla Complex,4.95,blue,8.25,yes,no,FALSE,Shitala Devi Mandir,2.32,3-6km,5,Bandra,1.96,6.24,25,26,4,19.0488129,72.8227516,12.3,Bandra West,Maharashtra,1,7/9/2022,7/9/2022,high,Mount Mary,place/neighbourhood,Mount Marry Mount Mary,2022,4/13/2022
Mount Mary,Mumbai,south,under_construction,Western Express Highway,yes,Bandra Kurla Complex,4.95,blue,8.25,yes,no,FALSE,Shitala Devi Mandir,2.32,3-6km,5,Bandra,1.96,6.24,25,26,4,19.0488129,72.8227516,12.3,Bandra West,Maharashtra,1,6/20/2022,6/20/2022,high,Mount Mary,place/neighbourhood,Mount Mary,2022,4/13/2022
"MUKTA MAHEK, Thakur Complex",Mumbai,north,operational,Magathane,yes,Mindspace Malad,3.88,red,0.67,yes,yes,TRUE,Magathane,0.67,3-6km,0,Kandivali,1.54,13.47,6,59,12,19.2112442,72.8643107,30.45,R/S Ward,Maharashtra,2,5/14/2022,6/30/2022,medium,Thakur Complex,landuse/residential,Thakur Complex,2022,4/13/2022
Mukund Nagar,Mumbai,east,operational,Airport Road,yes,MIDC Andheri East,0.7,blue,0.22,yes,yes,TRUE,Airport Road,0.22,0-3km,21,Andheri,2.88,2.54,10,36,5,19.111165,72.8723456,19.56,K/E Ward,Maharashtra,1,6/28/2022,6/28/2022,medium,Mukund Nagar CHS Ltd,landuse/residential,Mukund Nagar,2022,4/13/2022
Mulund East,Mumbai,east,none,Jagruti Nagar,yes,Wagle Estate Thane,3.29,blue,10.66,no,no,TRUE,Azad Nagar Bus Stop,8.12,3-6km,13,Mulund,0.49,13.64,34,80,14,19.1704719,72.9610447,28.95,T Ward,Maharashtra,3,5/27/2022,7/7/2022,high,Mulund East,place/suburb,Mulund East,2022,4/13/2022
Mulund Railway Station,Mumbai,east,none,Aarey,yes,Wagle Estate Thane,2.83,red,10.35,no,no,TRUE,Azad Nagar Bus Stop,7.89,0-3km,11,Mulund,0.19,13.58,41,102,16,19.1737498,72.957208,29.09,T Ward,Maharashtra,1,5/19/2022,5/19/2022,medium,Mulund Railway Station (W),highway/bus_stop,Mulund Railway Station,2022,4/13/2022
Mulund West,Mumbai,east,none,Aarey,yes,Wagle Estate Thane,2.95,red,9.71,no,no,TRUE,Azad Nagar Bus Stop,8.29,0-3km,5,Mulund,0.58,12.99,43,86,17,19.1719717,72.9511956,28.64,T Ward,Maharashtra,7,4/29/2022,6/16/2022,high,Mulund West,place/suburb,Mulund West,2022,4/13/2022
Mumbai Central,Mumbai,south,under_construction,Ghatkopar L1,yes,Lower Parel Business District,3.89,blue,16.02,yes,no,FALSE,Jagannath Shankar Sheth Metro,0.2,3-6km,1,Mumbai Central,0,14.17,64,85,7,18.9695855,72.8193152,3.82,E Ward,Maharashtra,2,6/16/2022,7/9/2022,medium,Mumbai Central,railway/station,Mumbai Central,2022,4/13/2022
"Nahar Amrit Shakti powai, Chandivali",Mumbai,east,operational,Saki Naka,yes,Hiranandani Business Park Powai,1.44,blue,0.93,yes,yes,TRUE,Saki Naka,0.93,0-3km,19,Ghatkopar,2.98,3.94,14,36,13,19.1091482,72.8945793,19.94,L Ward,Maharashtra,3,6/7/2022,7/7/2022,high,Chandivali,place/suburb,Chandivali,2022,4/13/2022
"Nahar Jonquille and Jamaica, Chandivali",Mumbai,east,operational,Saki Naka,yes,Hiranandani Business Park Powai,1.44,blue,0.93,yes,yes,TRUE,Saki Naka,0.93,0-3km,19,Ghatkopar,2.98,3.94,14,36,13,19.1091482,72.8945793,19.94,L Ward,Maharashtra,1,5/31/2022,5/31/2022,high,Chandivali,place/suburb,Chandivali,2022,4/13/2022
Nahur Gaothan,Mumbai,unknown,unknown,unknown,unknown,unknown,,unknown,,unknown,unknown,,unknown,,unknown,,unknown,,,,,,,,,,,1,6/16/2022,6/16/2022,none,,,,2022,4/13/2022
Naigaon East,Mumbai,north,none,Anand Nagar,no,Mindspace Malad,20.49,yellow,12.27,no,no,TRUE,Kashigaon,10.19,6km+,0,Juichandra,1.48,30.83,1,1,0,19.3673834,72.8603139,47.73,Sukalapada,Maharashtra,1,4/28/2022,4/28/2022,low,Naigaon East Vasai Link Road,highway/tertiary,Naigaon East,2022,4/13/2022
"Nakoda Heights, Nalasopara",Mumbai,north,none,Kandarpada,no,Mindspace Malad,26.38,yellow,18.49,no,no,TRUE,Kashigaon,17.1,6km+,0,Nalla Sopara,0.29,37,4,42,6,19.4203577,72.8194857,53.57,Vasai-Virar,Maharashtra,2,6/2/2022,6/20/2022,low,Nala Sopara,place/borough,Nalasopara,2022,4/13/2022
Nalasopara West,Mumbai,north,none,Kandarpada,no,Mindspace Malad,26.39,yellow,18.54,no,no,TRUE,Kashigaon,17.22,6km+,0,Nalla Sopara,0.37,37.03,4,41,6,19.4201889,72.8160122,53.57,Nallasopara West,Maharashtra,2,5/31/2022,6/2/2022,low,Nalasopara Flyover,highway/secondary,Nalasopara West,2022,4/13/2022
Navi Mumbai-Khargar-Panvel,Mumbai,east,none,Ghatkopar L1,yes,Belapur CBD,4.16,blue,19.68,no,no,TRUE,Belpada,3.94,3-6km,0,Mansarovar,3.2,23.98,0,0,0,18.9913513,73.0657484,24.92,Targhar,Maharashtra,1,5/30/2022,5/30/2022,low,Navi Mumbai International Airport,aeroway/aerodrome,Navi Mumbai-Khargar-Panvel,2022,4/13/2022
"Nem Vihar, Mulund West",Mumbai,east,none,Aarey,yes,Wagle Estate Thane,2.95,red,9.71,no,no,TRUE,Azad Nagar Bus Stop,8.29,0-3km,5,Mulund,0.58,12.99,43,86,17,19.1719717,72.9511956,28.64,T Ward,Maharashtra,1,4/29/2022,4/29/2022,high,Mulund West,place/suburb,Mulund West,2022,4/13/2022
Nerul sector-3,Mumbai,east,none,Ghatkopar L1,yes,Belapur CBD,3.54,blue,12.16,no,no,TRUE,CBD Belapur,3.57,3-6km,1,Nerul,0.94,16.61,29,22,7,19.0334948,73.0091701,21.09,Nerul West,Maharashtra,1,6/11/2022,6/11/2022,low,,building/apartments,Nerul sector-3,2022,4/13/2022
"Neumec Elegance, Lower Parel",Mumbai,south,under_construction,Ghatkopar L1,yes,Lower Parel Business District,0,blue,12.39,yes,no,FALSE,Worli,1.32,0-3km,3,Prabhadevi,0.77,10.28,50,55,8,19.0029881,72.8303219,7.16,G/S Ward,Maharashtra,1,5/14/2022,5/14/2022,high,Lower Parel,place/suburb,Lower Parel,2022,4/13/2022
New Devchhaya Building,Mumbai,south,under_construction,Chakala - J.B. Nagar,yes,Bandra Kurla Complex,1.17,blue,4.6,yes,no,FALSE,Bandra Colony,0.74,0-3km,13,Khar Road,1.73,2.13,26,40,7,19.0721792,72.8559679,14.99,H/E Ward,Maharashtra,1,5/26/2022,5/26/2022,low,New Library Building,amenity/library,New Devchhaya Building,2022,4/13/2022
new panvel,Mumbai,east,none,Ghatkopar L1,no,Belapur CBD,9.18,blue,24.69,no,no,TRUE,Khargar Village,7.14,6km+,0,Panvel (Suburban),1,29.24,8,57,3,18.9993761,73.1239899,31.09,Panvel,Maharashtra,1,5/6/2022,5/6/2022,high,New Panvel,place/suburb,new panvel,2022,4/13/2022
"NG Royal Park, Kanjurmarg East",Mumbai,east,none,Jagruti Nagar,yes,Godrej One Vikhroli,2.87,blue,5.28,no,no,TRUE,Aarey JVLR,5.03,0-3km,6,Kanjur Marg,0.48,8.55,42,45,9,19.130404,72.9322313,23.61,S Ward,Maharashtra,2,6/20/2022,7/9/2022,medium,NG Royal Park,landuse/residential,NG Royal Park Kanjurmarg East,2022,4/13/2022
"Nicon Infinity, Vasai East",Mumbai,north,none,Kandarpada,no,Mindspace Malad,26.16,yellow,18.22,no,no,TRUE,Kashigaon,16.71,6km+,0,Nalla Sopara,0.75,36.76,2,42,6,19.4188363,72.8256898,53.39,Vasai-Virar,Maharashtra,1,6/4/2022,6/4/2022,low,Nallasopara East,place/suburb,Vasai East,2022,4/13/2022
"Nirmal Lifestyle, LBS Marg",Mumbai,east,none,Aarey,yes,Wagle Estate Thane,3.97,red,8.11,no,no,TRUE,Aarey JVLR,6.69,3-6km,3,Nahur,1.67,11.38,40,50,7,19.1657241,72.9359176,27.36,T Ward,Maharashtra,2,5/22/2022,7/9/2022,high,Nirmal Lifestyle,place/neighbourhood,Nirmal Lifestyle,2022,4/13/2022
"Oasis, Akurli Nagar",Mumbai,east,none,Ghatkopar L1,yes,Belapur CBD,5.69,blue,17.21,no,no,TRUE,CBD Belapur,5.9,3-6km,0,Baman-Dongri,0.77,20.94,4,0,0,18.9718949,73.0179357,19.55,Ulwe,Maharashtra,1,7/7/2022,7/7/2022,medium,Oasis Pride,landuse/residential,Oasis,2022,4/13/2022
"Oasis, Lokhandwala Twp",Mumbai,east,none,Ghatkopar L1,yes,Belapur CBD,5.69,blue,17.21,no,no,TRUE,CBD Belapur,5.9,3-6km,0,Baman-Dongri,0.77,20.94,4,0,0,18.9718949,73.0179357,19.55,Ulwe,Maharashtra,1,7/7/2022,7/7/2022,medium,Oasis Pride,landuse/residential,Oasis,2022,4/13/2022
"Oberoi Esquire, Goregaon East",Mumbai,north,operational,Aarey,yes,Nirlon Knowledge Park,1.62,red,0.37,yes,yes,TRUE,Aarey,0.37,0-3km,5,Goregaon,0.77,8.83,14,72,6,19.1692623,72.8552548,25.71,P/S Ward,Maharashtra,4,5/17/2022,7/6/2022,high,Goregaon East,place/suburb,Goregaon East,2022,4/13/2022
"Oberoi Exquisite II, Film City Road",Mumbai,north,operational,Aarey,yes,Nirlon Knowledge Park,2.17,red,0.59,yes,yes,TRUE,Aarey,0.59,0-3km,3,Goregaon,1.68,9.04,15,58,4,19.1714878,72.8639635,26.05,P/S Ward,Maharashtra,1,6/8/2022,6/8/2022,medium,Oberoi Exquisite,landuse/residential,Oberoi Exquisite II,2022,4/13/2022
"Oberoi Prisma, Agarkar Chowk",Mumbai,west,operational,Andheri L1,yes,SEEPZ Andheri East,0.71,blue,0.15,yes,yes,TRUE,Andheri L1,0.15,0-3km,15,Andheri,0.22,3.57,42,97,6,19.1192278,72.84849,20.11,K/E Ward,Maharashtra,1,5/29/2022,5/29/2022,medium,Agarkar Chowk,highway/bus_stop,Agarkar Chowk,2022,4/13/2022
"Oberoi Splendor Grande, Agarkar Chowk",Mumbai,west,operational,Andheri L1,yes,SEEPZ Andheri East,0.71,blue,0.15,yes,yes,TRUE,Andheri L1,0.15,0-3km,15,Andheri,0.22,3.57,42,97,6,19.1192278,72.84849,20.11,K/E Ward,Maharashtra,2,5/14/2022,5/19/2022,medium,Agarkar Chowk,highway/bus_stop,Agarkar Chowk,2022,4/13/2022
"Oberoi Splendor, Agarkar Chowk",Mumbai,north,under_construction,Andheri L1,yes,Nirlon Knowledge Park,1.99,blue,2.78,yes,no,FALSE,Jogeshwari (East),1.04,0-3km,15,Jogeshwari (Harbour Line),1.61,5.6,12,42,3,19.1404894,72.8647504,22.64,Jogeshwari East,Maharashtra,1,5/19/2022,5/19/2022,medium,Oberoi Splendor,landuse/residential,Oberoi Splendor,2022,4/13/2022
"Oberoi Splendor, JVLR-Jogeshwari Vikhroli Link Road",Mumbai,north,under_construction,Andheri L1,yes,Nirlon Knowledge Park,1.99,blue,2.78,yes,no,FALSE,Jogeshwari (East),1.04,0-3km,15,Jogeshwari (Harbour Line),1.61,5.6,12,42,3,19.1404894,72.8647504,22.64,Jogeshwari East,Maharashtra,3,5/17/2022,7/6/2022,medium,Oberoi Splendor,landuse/residential,Oberoi Splendor JVLR-Jogeshwari Vikhroli Link Road,2022,4/13/2022
"Oberoi Springs, Andheri West",Mumbai,west,operational,Azad Nagar,yes,SEEPZ Andheri East,2.13,blue,1.14,yes,yes,TRUE,Azad Nagar,1.14,0-3km,13,Andheri,1.34,4.28,33,91,15,19.1172495,72.833968,19.84,K/W Ward,Maharashtra,1,5/14/2022,5/14/2022,high,Andheri West,place/suburb,Andheri West,2022,4/13/2022
"Oberoi Woods, Goregaon East",Mumbai,north,operational,Aarey,yes,Nirlon Knowledge Park,1.62,red,0.37,yes,yes,TRUE,Aarey,0.37,0-3km,5,Goregaon,0.77,8.83,14,72,6,19.1692623,72.8552548,25.71,P/S Ward,Maharashtra,1,6/4/2022,6/4/2022,high,Goregaon East,place/suburb,Goregaon East,2022,4/13/2022
"Odyssey Bhakti Park, Bhakti Park",Mumbai,south,none,Ghatkopar L1,yes,Bandra Kurla Complex,4.6,blue,7.2,no,no,TRUE,Chembur,3.23,3-6km,4,Bhakti Park,0.24,7.14,5,8,0,19.0278681,72.8795682,10.94,M/W Ward,Maharashtra,1,7/9/2022,7/9/2022,high,Bhakti Park,place/neighbourhood,Bhakti Park,2022,4/13/2022
"Omkar 1973, Worli",Mumbai,south,under_construction,Western Express Highway,yes,Lower Parel Business District,1.63,blue,12.27,yes,no,FALSE,Worli,0.38,0-3km,4,Prabhadevi,1.95,9.92,31,22,6,19.0117388,72.8178706,8.32,G/S Ward,Maharashtra,2,7/9/2022,7/9/2022,high,Worli,place/suburb,Worli,2022,4/13/2022
"Omkar Alta Monte, Kurar Village",Mumbai,north,operational,Dindoshi,yes,Mindspace Malad,2.06,red,0.47,yes,yes,TRUE,Dindoshi,0.47,0-3km,3,Malad,1.34,10.35,19,85,6,19.1832505,72.8608353,27.31,P/N Ward,Maharashtra,2,7/4/2022,7/4/2022,medium,Omkar Alta Monte,landuse/residential,Omkar Alta Monte,2022,4/13/2022
"Omkar Ananta, Film City Road",Mumbai,north,operational,Aarey,yes,Nirlon Knowledge Park,3.09,red,2.12,yes,yes,TRUE,Aarey,2.12,3-6km,3,Goregaon,3.12,8.88,9,28,0,19.1685459,72.8789711,25.95,P/N Ward,Maharashtra,1,7/6/2022,7/6/2022,low,Omkar Ananta,building/residential,Omkar Ananta Film City Road,2022,4/13/2022
"Omkar Ananta, Goregaon East",Mumbai,north,operational,Aarey,yes,Nirlon Knowledge Park,1.62,red,0.37,yes,yes,TRUE,Aarey,0.37,0-3km,5,Goregaon,0.77,8.83,14,72,6,19.1692623,72.8552548,25.71,P/S Ward,Maharashtra,1,7/6/2022,7/6/2022,high,Goregaon East,place/suburb,Goregaon East,2022,4/13/2022
"Omkar Meridia, Bandra Kurla Complex",Mumbai,south,under_construction,Asalpha,yes,Bandra Kurla Complex,0,blue,4.47,yes,no,FALSE,Bandra Kurla Complex (BKC),1.36,0-3km,11,Kurla,1.44,2.58,18,42,5,19.067115,72.8657245,14.62,H/E Ward,Maharashtra,1,6/18/2022,6/18/2022,high,Bandra Kurla Complex,place/suburb,Bandra Kurla Complex,2022,4/13/2022
Opera House,Mumbai,south,none,Ghatkopar L1,yes,Lower Parel Business District,4.03,blue,8.74,no,no,TRUE,Dadar,2.66,3-6km,4,Acharya Atre Nagar,0.42,7.81,52,48,4,19.0199105,72.8641759,9.51,F/N Ward,Maharashtra,1,6/16/2022,6/16/2022,medium,Janak House Co-operative Society,landuse/residential,Opera House,2022,4/13/2022
"Orchid Residency, Link Road",Mumbai,north,operational,Dahanukarwadi,yes,Mindspace Malad,2.89,yellow,0.34,yes,yes,TRUE,Dahanukarwadi,0.34,0-3km,0,Kandivali,1.88,13.57,25,74,11,19.2092686,72.8347072,30.07,R/S Ward,Maharashtra,1,6/28/2022,6/28/2022,low,Orchid Suburbia,building/apartments,Orchid Residency Link Road,2022,4/13/2022
orchid suburbia,Mumbai,north,operational,Dahanukarwadi,yes,Mindspace Malad,2.89,yellow,0.34,yes,yes,TRUE,Dahanukarwadi,0.34,0-3km,0,Kandivali,1.88,13.57,25,74,11,19.2092686,72.8347072,30.07,R/S Ward,Maharashtra,1,6/27/2022,6/27/2022,low,Orchid Suburbia,building/apartments,orchid suburbia,2022,4/13/2022
"Orchid Suburbia, Bander Pakhadi",Mumbai,north,operational,Dahanukarwadi,yes,Mindspace Malad,2.89,yellow,0.34,yes,yes,TRUE,Dahanukarwadi,0.34,0-3km,0,Kandivali,1.88,13.57,25,74,11,19.2092686,72.8347072,30.07,R/S Ward,Maharashtra,1,5/25/2022,5/25/2022,low,Orchid Suburbia,building/apartments,Orchid Suburbia,2022,4/13/2022
Oshiwara,Mumbai,west,operational,Andheri (West),yes,Nirlon Knowledge Park,2.07,yellow,2.37,yes,yes,TRUE,Oshiwara,0.47,0-3km,11,Ram Mandir,1.67,7.33,24,51,16,19.1502437,72.8342294,23.51,K/W Ward,Maharashtra,3,5/27/2022,6/14/2022,high,Oshiwara,place/suburb,Oshiwara,2022,4/13/2022
Pali Hill,Mumbai,west,under_construction,Western Express Highway,yes,Bandra Kurla Complex,4.07,blue,6.45,yes,no,FALSE,Bandra Colony,2.41,3-6km,6,Khar Road,1.42,4.7,38,48,7,19.0649126,72.8270326,14.05,H/W Ward,Maharashtra,2,5/19/2022,6/20/2022,high,Pali Hill,place/neighbourhood,Pali Hill,2022,4/13/2022
"Pali Hill Apartment, Pali Hill",Mumbai,west,under_construction,Western Express Highway,yes,Bandra Kurla Complex,4.07,blue,6.45,yes,no,FALSE,Bandra Colony,2.41,3-6km,6,Khar Road,1.42,4.7,38,48,7,19.0649126,72.8270326,14.05,H/W Ward,Maharashtra,1,6/28/2022,6/28/2022,high,Pali Hill,place/neighbourhood,Pali Hill,2022,4/13/2022
"Panch Complex, Powai",Mumbai,east,none,Saki Naka,yes,Hiranandani Business Park Powai,0.89,blue,2.65,no,no,TRUE,Saki Naka,2.65,0-3km,16,Vikhroli,2.32,5.65,23,17,20,19.1187195,72.9073476,21.39,S Ward,Maharashtra,1,6/4/2022,6/4/2022,high,Powai,place/suburb,Powai,2022,4/13/2022
"Panch Ritu, Chandivali",Mumbai,east,operational,Saki Naka,yes,Hiranandani Business Park Powai,1.44,blue,0.93,yes,yes,TRUE,Saki Naka,0.93,0-3km,19,Ghatkopar,2.98,3.94,14,36,13,19.1091482,72.8945793,19.94,L Ward,Maharashtra,1,6/12/2022,6/12/2022,high,Chandivali,place/suburb,Chandivali,2022,4/13/2022
Pant Nagar,Mumbai,east,operational,Ghatkopar L1,yes,Godrej One Vikhroli,3.01,blue,0.52,yes,yes,TRUE,Ghatkopar L1,0.52,3-6km,11,Ghatkopar,0.42,5.16,12,86,9,19.0833305,72.9115042,17.95,N Ward,Maharashtra,1,6/23/2022,6/23/2022,high,Pant Nagar,place/neighbourhood,Pant Nagar,2022,4/13/2022
"Paras Building, Sion East",Mumbai,south,under_construction,Ghatkopar L1,yes,Bandra Kurla Complex,2.7,blue,6.63,yes,no,FALSE,Dharavi,1.69,0-3km,6,Sion,0.47,5.27,35,42,3,19.0428153,72.8653563,11.99,F/N Ward,Maharashtra,1,6/9/2022,6/9/2022,high,Sion East,place/suburb,Sion East,2022,4/13/2022
Parel,Mumbai,south,under_construction,Ghatkopar L1,yes,Lower Parel Business District,1.42,blue,11.1,yes,no,FALSE,Siddhivinayak Temple,1.47,0-3km,3,Parel,0.52,9.34,64,73,5,19.0084268,72.842505,7.78,F/S Ward,Maharashtra,2,5/14/2022,6/30/2022,high,Parel,place/suburb,Parel,2022,4/13/2022
"Parinee Adney, Borivali West",Mumbai,north,operational,Borivali (West),yes,Mindspace Malad,5.27,yellow,0,yes,yes,TRUE,Borivali (West),0,3-6km,0,Borivali,1.75,15.87,20,80,14,19.2313925,72.8408607,32.54,R/C Ward,Maharashtra,1,5/27/2022,5/27/2022,medium,Borivali (West),railway/station,Borivali West,2022,4/13/2022
parivar safalya chs,Mumbai,south,under_construction,Ghatkopar L1,yes,Lower Parel Business District,0.84,blue,12.91,yes,no,FALSE,Science Centre,1.23,0-3km,2,Lower Parel,0.18,11,29,41,6,18.9956287,72.831957,6.33,G/S Ward,Maharashtra,1,6/20/2022,6/20/2022,medium,Safalya CHS,landuse/residential,parivar safalya chs,2022,4/13/2022
Parle Colony,Mumbai,west,under_construction,Western Express Highway,yes,SEEPZ Andheri East,3.14,blue,3.26,yes,no,FALSE,CSMI Airport Domestic T1,1.53,3-6km,14,Vile Parle,1.07,2.49,36,65,10,19.091444,72.8392374,16.98,K/W Ward,Maharashtra,1,6/24/2022,6/24/2022,medium,JEEVAN SHANTI COLONY,landuse/residential,Parle Colony,2022,4/13/2022
Parmanand Wadi,Mumbai,south,under_construction,Ghatkopar L1,yes,Lower Parel Business District,1.77,blue,11.53,yes,no,FALSE,Siddhivinayak Temple,2.4,0-3km,3,Ambedkar Nagar,0.31,10.1,27,44,0,19.0005743,72.8469378,6.98,F/S Ward,Maharashtra,1,6/28/2022,6/28/2022,high,Parmanand Wadi,place/neighbourhood,Parmanand Wadi,2022,4/13/2022
"Paschim Apartments, Prabhadevi",Mumbai,south,under_construction,Asalpha,yes,Lower Parel Business District,1.35,blue,11.48,yes,no,FALSE,Siddhivinayak Temple,0.33,0-3km,4,Prabhadevi,1.17,9.14,47,48,5,19.0148811,72.8279556,8.5,G/S Ward,Maharashtra,1,5/14/2022,5/14/2022,high,Prabhadevi,place/suburb,Prabhadevi,2022,4/13/2022
Peddar Road,Mumbai,south,under_construction,Ghatkopar L1,yes,Lower Parel Business District,4.2,blue,16.54,yes,no,FALSE,Grant Road,1.23,3-6km,1,Mumbai Central,1.04,14.41,48,56,5,18.970786,72.8095082,4.48,D Ward,Maharashtra,1,6/12/2022,6/12/2022,low,Gopalrao Deshmukh Marg,highway/primary,Peddar Road,2022,4/13/2022
Perry Rd,Mumbai,west,none,Western Express Highway,yes,Bandra Kurla Complex,4.46,blue,7.1,no,no,TRUE,Bandra Colony,2.89,3-6km,6,Bandra,1.79,5.3,32,43,5,19.0598893,72.8239685,13.52,Bandra West,Maharashtra,1,6/29/2022,6/29/2022,medium,Perry Cross Rd,highway/bus_stop,Perry Rd,2022,4/13/2022
"Platinum Prive, Andheri West",Mumbai,west,operational,Azad Nagar,yes,SEEPZ Andheri East,2.13,blue,1.14,yes,yes,TRUE,Azad Nagar,1.14,0-3km,13,Andheri,1.34,4.28,33,91,15,19.1172495,72.833968,19.84,K/W Ward,Maharashtra,1,5/21/2022,5/21/2022,high,Andheri West,place/suburb,Andheri West,2022,4/13/2022
Poisar,Mumbai,north,operational,Kandivali (West),yes,Mindspace Malad,3.16,yellow,1.03,yes,yes,TRUE,Kandivali (West),1.03,3-6km,0,Kandivali,1.01,13.64,12,91,10,19.2119251,72.8468858,30.39,R/S Ward,Maharashtra,1,6/27/2022,6/27/2022,high,Poisar,place/quarter,Poisar,2022,4/13/2022
Powai,Mumbai,east,none,Saki Naka,yes,Hiranandani Business Park Powai,0.89,blue,2.65,no,no,TRUE,Saki Naka,2.65,0-3km,16,Vikhroli,2.32,5.65,23,17,20,19.1187195,72.9073476,21.39,S Ward,Maharashtra,4,4/29/2022,7/6/2022,high,Powai,place/suburb,Powai,2022,4/13/2022
Prabhadevi,Mumbai,south,under_construction,Asalpha,yes,Lower Parel Business District,1.35,blue,11.48,yes,no,FALSE,Siddhivinayak Temple,0.33,0-3km,4,Prabhadevi,1.17,9.14,47,48,5,19.0148811,72.8279556,8.5,G/S Ward,Maharashtra,3,6/3/2022,7/1/2022,high,Prabhadevi,place/suburb,Prabhadevi,2022,4/13/2022
"Prasanna Vastu Chs, Jankalyan Nagar",Mumbai,east,none,Magathane,yes,Mindspace Airoli,5.1,red,15.15,no,no,TRUE,Azad Nagar Bus Stop,4.93,3-6km,9,Kalva,1.97,20.22,1,4,1,19.2066836,73.0106943,35.02,Reti Bandar,Maharashtra,1,7/7/2022,7/7/2022,medium,Vastu Anand CHS,landuse/residential,Prasanna Vastu Chs,2022,4/13/2022
"Prathamesh Heritage, Beverly Park",Mumbai,north,under_construction,Anand Nagar,no,Mindspace Malad,13.1,yellow,4.56,yes,no,FALSE,Kashigaon,2.24,6km+,0,Mira Road,2.67,23.07,10,31,3,19.2972779,72.8754171,40.08,Mira,Maharashtra,1,5/28/2022,5/28/2022,medium,Prathmesh Heritage,landuse/residential,Prathamesh Heritage,2022,4/13/2022
"Promenade At The Address, Ghatkopar West",Mumbai,east,operational,Jagruti Nagar,yes,Hiranandani Business Park Powai,2.37,blue,0.44,yes,yes,TRUE,Jagruti Nagar,0.44,0-3km,12,Ghatkopar,0.59,4.4,14,87,12,19.0897439,72.9048035,18.3,Nityanand Nagar,Maharashtra,2,6/12/2022,6/12/2022,high,Ghatkopar West,place/suburb,Ghatkopar West,2022,4/13/2022
"Purushottam Towers, Dadar West",Mumbai,south,under_construction,Asalpha,yes,Lower Parel Business District,2.47,blue,10.03,yes,no,FALSE,Dadar,0.11,0-3km,6,Dadar,0.71,7.81,71,75,9,19.0238887,72.8382236,9.47,G/N Ward,Maharashtra,1,7/9/2022,7/9/2022,high,Dadar West,place/suburb,Dadar West,2022,4/13/2022
"Queens Palace, Bandra West",Mumbai,south,under_construction,Western Express Highway,yes,Bandra Kurla Complex,3.85,blue,6.96,yes,no,FALSE,Bandra Colony,2.39,3-6km,6,Bandra,1.11,4.93,43,54,7,19.0583358,72.8302669,13.3,Mumbai,Maharashtra,1,6/23/2022,6/23/2022,high,Bandra West,place/suburb,Bandra West,2022,4/13/2022
"Raheja Artesia, Worli",Mumbai,south,under_construction,Western Express Highway,yes,Lower Parel Business District,1.63,blue,12.27,yes,no,FALSE,Worli,0.38,0-3km,4,Prabhadevi,1.95,9.92,31,22,6,19.0117388,72.8178706,8.32,G/S Ward,Maharashtra,1,5/18/2022,5/18/2022,high,Worli,place/suburb,Worli,2022,4/13/2022
"Raheja Exotica Sorento, Madh",Mumbai,west,none,Versova,no,Nirlon Knowledge Park,6.74,blue,3.2,no,no,TRUE,Versova,3.2,6km+,2,Jogeshwari (Western Line),6,9.13,0,1,1,19.1375285,72.7918857,22.57,K/W Ward,Maharashtra,1,6/16/2022,6/16/2022,high,Madh,place/suburb,Madh,2022,4/13/2022
"Raheja Heights Phase 2, Gokuldham",Mumbai,north,operational,Aarey,yes,Nirlon Knowledge Park,2.56,red,1.01,yes,yes,TRUE,Aarey,1.01,0-3km,3,Goregaon,2.1,9.32,13,51,5,19.1738527,72.8670935,26.35,P/S Ward,Maharashtra,1,6/4/2022,6/4/2022,high,Gokuldham,place/neighbourhood,Gokuldham,2022,4/13/2022
"Raheja Heights, BMC Colony Malad East",Mumbai,north,operational,Dindoshi,yes,Mindspace Malad,2.69,red,0.84,yes,yes,TRUE,Dindoshi,0.84,0-3km,3,Malad,2.1,9.66,14,60,5,19.1769668,72.8657407,26.67,P/N Ward,Maharashtra,1,5/31/2022,5/31/2022,medium,B.E.S.T Staff querters colony,landuse/residential,BMC Colony Malad East,2022,4/13/2022
"Raheja Heights, Malad East",Mumbai,north,operational,Kurar,yes,Mindspace Malad,1.6,red,0.27,yes,yes,TRUE,Kurar,0.27,0-3km,3,Malad,0.82,10.68,19,95,8,19.1860219,72.8563181,27.58,P/N Ward,Maharashtra,2,6/27/2022,7/9/2022,high,Malad East,place/suburb,Malad East,2022,4/13/2022
"Raheja Imperia, Worli",Mumbai,south,under_construction,Western Express Highway,yes,Lower Parel Business District,1.63,blue,12.27,yes,no,FALSE,Worli,0.38,0-3km,4,Prabhadevi,1.95,9.92,31,22,6,19.0117388,72.8178706,8.32,G/S Ward,Maharashtra,1,6/4/2022,6/4/2022,high,Worli,place/suburb,Worli,2022,4/13/2022
"Raheja Ridgewood, Goregaon East",Mumbai,north,operational,Aarey,yes,Nirlon Knowledge Park,1.62,red,0.37,yes,yes,TRUE,Aarey,0.37,0-3km,5,Goregaon,0.77,8.83,14,72,6,19.1692623,72.8552548,25.71,P/S Ward,Maharashtra,1,5/17/2022,5/17/2022,high,Goregaon East,place/suburb,Goregaon East,2022,4/13/2022
"Raheja Vista, Powai",Mumbai,east,none,Saki Naka,yes,Hiranandani Business Park Powai,0.89,blue,2.65,no,no,TRUE,Saki Naka,2.65,0-3km,16,Vikhroli,2.32,5.65,23,17,20,19.1187195,72.9073476,21.39,S Ward,Maharashtra,2,6/16/2022,7/6/2022,high,Powai,place/suburb,Powai,2022,4/13/2022
"Raj Grandeur, Hiranandani Gardens",Mumbai,east,none,Saki Naka,yes,Hiranandani Business Park Powai,0.91,blue,2.97,no,no,TRUE,Saki Naka,2.97,0-3km,15,Vikhroli,1.9,5.99,38,14,23,19.1183882,72.911464,21.51,S Ward,Maharashtra,1,6/28/2022,6/28/2022,high,Hiranandani Gardens,place/neighbourhood,Hiranandani Gardens,2022,4/13/2022
"Raj Grandeur, Powai",Mumbai,east,none,Saki Naka,yes,Hiranandani Business Park Powai,0.89,blue,2.65,no,no,TRUE,Saki Naka,2.65,0-3km,16,Vikhroli,2.32,5.65,23,17,20,19.1187195,72.9073476,21.39,S Ward,Maharashtra,1,7/9/2022,7/9/2022,high,Powai,place/suburb,Powai,2022,4/13/2022
"Raj Hill, Borivali East",Mumbai,north,operational,Devipada,yes,Mindspace Malad,5.22,red,0.39,yes,yes,TRUE,Devipada,0.39,3-6km,0,Borivali,0.55,15.19,8,106,14,19.2267228,72.8619328,32.14,R/C Ward,Maharashtra,1,4/29/2022,4/29/2022,high,Borivali East,place/suburb,Borivali East,2022,4/13/2022
"Raj Legacy, Vikhroli West",Mumbai,east,none,Jagruti Nagar,yes,Godrej One Vikhroli,1.13,blue,3.5,no,no,TRUE,Jagruti Nagar,3.5,0-3km,11,Vikhroli,0.42,7.13,19,26,20,19.114541,72.9257184,21.73,S Ward,Maharashtra,2,6/3/2022,7/6/2022,high,Vikhroli West,place/suburb,Vikhroli West,2022,4/13/2022
"Rajesh Raj Classic, Yari Road",Mumbai,east,none,Ghatkopar L1,yes,Belapur CBD,5.3,blue,20.29,no,no,TRUE,Khargar Village,2.67,3-6km,0,Mansarovar,1.22,24.91,6,32,2,19.0237231,73.0892825,28.32,Kalamboli,Maharashtra,1,6/27/2022,6/27/2022,medium,Rajesh Residency,landuse/residential,Rajesh Raj Classic,2022,4/13/2022
Rambaug,Mumbai,north,operational,Shimpoli,yes,Mindspace Malad,3.85,yellow,1.35,yes,yes,TRUE,Shimpoli,1.35,3-6km,0,Borivali,1.44,14.16,17,112,17,19.2170731,72.8522143,30.99,R/C Ward,Maharashtra,1,7/7/2022,7/7/2022,low,RamBaug Lane,highway/residential,Rambaug,2022,4/13/2022
"Ratan Silicon Park, Jankalyan Nagar",Mumbai,east,operational,Chakala - J.B. Nagar,yes,MIDC Andheri East,1.35,blue,0.58,yes,yes,TRUE,Sahar Road,0.56,0-3km,16,Vile Parle,2.55,1.91,16,32,2,19.1068579,72.8671624,18.98,K/E Ward,Maharashtra,1,7/6/2022,7/6/2022,low,Jankalyan Sahkari Bank Ltd,amenity/bank,Jankalyan Nagar,2022,4/13/2022
Reay road east,Mumbai,south,under_construction,Ghatkopar L1,yes,Lower Parel Business District,3.18,blue,13.88,yes,no,FALSE,Mahalaxmi,1.98,3-6km,1,Reay Road,0,12.68,22,28,0,18.9775506,72.8441011,4.4,E Ward,Maharashtra,1,5/22/2022,5/22/2022,medium,Reay Road,railway/station,Reay road east,2022,4/13/2022
"Riddhi Garden, Film City Road",Mumbai,north,operational,Dindoshi,yes,Nirlon Knowledge Park,3.29,red,1.47,yes,yes,TRUE,Dindoshi,1.47,3-6km,3,Malad,2.65,9.86,8,38,4,19.1784077,72.8722424,26.92,P/N Ward,Maharashtra,1,7/6/2022,7/6/2022,medium,Riddhi Gardens,landuse/residential,Riddhi Garden,2022,4/13/2022
"Rivali Park, Borivali East",Mumbai,north,operational,Devipada,yes,Mindspace Malad,5.22,red,0.39,yes,yes,TRUE,Devipada,0.39,3-6km,0,Borivali,0.55,15.19,8,106,14,19.2267228,72.8619328,32.14,R/C Ward,Maharashtra,1,6/29/2022,6/29/2022,high,Borivali East,place/suburb,Borivali East,2022,4/13/2022
"RNA Broadway Avenue, Mira Road",Mumbai,north,none,Kandarpada,no,Mindspace Malad,10.97,yellow,2.85,no,no,TRUE,Kashigaon,2.58,6km+,0,Mira Road,0,21.31,8,40,5,19.2816975,72.8560676,38.19,Mira,Maharashtra,1,5/31/2022,5/31/2022,medium,Mira Road,railway/station,Mira Road,2022,4/13/2022
"RNA ROYALE PARK, Kandivali West",Mumbai,north,operational,Dahanukarwadi,yes,Mindspace Malad,2.4,yellow,0.54,yes,yes,TRUE,Dahanukarwadi,0.54,0-3km,1,Kandivali,1.25,13.05,25,98,10,19.2055321,72.8399273,29.66,R/S Ward,Maharashtra,2,5/18/2022,5/18/2022,high,Kandivali West,place/suburb,Kandivali West,2022,4/13/2022
Rock garden Chs,Mumbai,east,none,Ghatkopar L1,yes,Belapur CBD,5.92,blue,17.04,no,no,TRUE,CBD Belapur,6.14,3-6km,0,Baman-Dongri,1.14,20.71,3,0,0,18.9711007,73.0144819,19.17,Ulwe,Maharashtra,1,6/27/2022,6/27/2022,medium,Garden CHS,landuse/residential,Rock garden Chs,2022,4/13/2022
"Romell Aether, Goregaon East",Mumbai,north,operational,Aarey,yes,Nirlon Knowledge Park,1.62,red,0.37,yes,yes,TRUE,Aarey,0.37,0-3km,5,Goregaon,0.77,8.83,14,72,6,19.1692623,72.8552548,25.71,P/S Ward,Maharashtra,1,7/6/2022,7/6/2022,high,Goregaon East,place/suburb,Goregaon East,2022,4/13/2022
"Rose Queen, Old Khar",Mumbai,south,under_construction,Western Express Highway,yes,Bandra Kurla Complex,3.01,blue,6.09,yes,no,FALSE,Bandra Colony,1.43,3-6km,7,Bandra Terminus,0.46,3.95,47,67,10,19.0642094,72.8372017,13.95,H/W Ward,Maharashtra,1,5/26/2022,5/26/2022,medium,Old Khar,highway/bus_stop,Old Khar,2022,4/13/2022
"Royal Palms Diamond Isle Phase II, Aarey Milk Colony",Mumbai,north,operational,Aarey,yes,Nirlon Knowledge Park,1.83,red,1.93,yes,yes,TRUE,Goregaon (East),1.54,0-3km,11,Ram Mandir,2.23,7.38,14,19,0,19.1561292,72.8707223,24.45,P/S Ward,Maharashtra,1,6/16/2022,6/16/2022,high,Aarey Milk Colony,place/suburb,Aarey Milk Colony,2022,4/13/2022
"Royal Palms, Goregaon East",Mumbai,north,operational,Aarey,yes,Nirlon Knowledge Park,1.62,red,0.37,yes,yes,TRUE,Aarey,0.37,0-3km,5,Goregaon,0.77,8.83,14,72,6,19.1692623,72.8552548,25.71,P/S Ward,Maharashtra,1,6/1/2022,6/1/2022,high,Goregaon East,place/suburb,Goregaon East,2022,4/13/2022
"Royal Residency, Lal Baug",Mumbai,south,under_construction,Ghatkopar L1,yes,Lower Parel Business District,1.65,blue,12.45,yes,no,FALSE,Science Centre,2.23,0-3km,2,Mint Colony,0.14,10.96,25,38,5,18.9935288,72.8424069,6.13,Parel,Maharashtra,1,6/20/2022,6/20/2022,high,Lal Baug,place/suburb,Lal Baug,2022,4/13/2022
"Runwal Elegante, Andheri West",Mumbai,west,operational,Azad Nagar,yes,SEEPZ Andheri East,2.13,blue,1.14,yes,yes,TRUE,Azad Nagar,1.14,0-3km,13,Andheri,1.34,4.28,33,91,15,19.1172495,72.833968,19.84,K/W Ward,Maharashtra,4,6/27/2022,7/7/2022,high,Andheri West,place/suburb,Andheri West,2022,4/13/2022
"Runwal Elina, Andheri East",Mumbai,west,operational,Western Express Highway,yes,SEEPZ Andheri East,0,blue,0.23,yes,yes,TRUE,Gundavali,0.18,0-3km,15,Andheri,0.92,3,36,92,5,19.1158835,72.854202,19.79,K/E Ward,Maharashtra,1,7/9/2022,7/9/2022,high,Andheri East,place/suburb,Andheri East,2022,4/13/2022
"Runwal Forests, Kanjurmarg West",Mumbai,east,none,Jagruti Nagar,yes,Godrej One Vikhroli,3.52,blue,5.79,no,no,TRUE,Aarey JVLR,5.02,3-6km,6,Kanjur Marg,0.94,8.87,45,44,9,19.1363577,72.9317263,24.19,S Ward,Maharashtra,4,5/23/2022,7/9/2022,medium,Runwal Forest,landuse/residential,Runwal Forests,2022,4/13/2022
"Runwal Greens, Mulund West",Mumbai,east,none,Aarey,yes,Wagle Estate Thane,2.95,red,9.71,no,no,TRUE,Azad Nagar Bus Stop,8.29,0-3km,5,Mulund,0.58,12.99,43,86,17,19.1719717,72.9511956,28.64,T Ward,Maharashtra,1,7/9/2022,7/9/2022,high,Mulund West,place/suburb,Mulund West,2022,4/13/2022
"Ruparel Ariana, Parel",Mumbai,south,under_construction,Ghatkopar L1,yes,Lower Parel Business District,1.42,blue,11.1,yes,no,FALSE,Siddhivinayak Temple,1.47,0-3km,3,Parel,0.52,9.34,64,73,5,19.0084268,72.842505,7.78,F/S Ward,Maharashtra,1,6/6/2022,6/6/2022,high,Parel,place/suburb,Parel,2022,4/13/2022
"Rustomjee Central Park, Chakala",Mumbai,east,operational,Western Express Highway,yes,SEEPZ Andheri East,0.8,blue,0.57,yes,yes,TRUE,Western Express Highway,0.57,0-3km,16,Andheri,1.69,2.8,29,68,3,19.1152873,72.8618085,19.82,K/E Ward,Maharashtra,1,6/3/2022,6/3/2022,high,Chakala,place/neighbourhood,Chakala,2022,4/13/2022
"Rustomjee Elanza, Mindspace",Mumbai,north,under_construction,Dindoshi,yes,Mindspace Malad,1.18,red,2.53,yes,no,FALSE,Lower Malad,0.33,0-3km,5,Malad,1.93,9.94,10,58,12,19.1754319,72.8346075,26.31,P/S Ward,Maharashtra,1,5/31/2022,5/31/2022,medium,Rustomjee Elanza,landuse/residential,Rustomjee Elanza Mindspace,2022,4/13/2022
"Rustomjee Elements, Andheri West",Mumbai,west,operational,Azad Nagar,yes,SEEPZ Andheri East,2.13,blue,1.14,yes,yes,TRUE,Azad Nagar,1.14,0-3km,13,Andheri,1.34,4.28,33,91,15,19.1172495,72.833968,19.84,K/W Ward,Maharashtra,1,5/27/2022,5/27/2022,high,Andheri West,place/suburb,Andheri West,2022,4/13/2022
"Rustomjee Regency, Gomant Nagar",Mumbai,east,operational,Airport Road,yes,MIDC Andheri East,0.88,blue,1.52,yes,yes,TRUE,SEEPZ,0.74,0-3km,18,Andheri,3.52,4.03,10,43,6,19.1227165,72.8798055,20.98,K/E Ward,Maharashtra,1,5/19/2022,5/19/2022,low,Nav Gomantak,amenity/restaurant,Gomant Nagar,2022,4/13/2022
"Rustomjee Seasons, Bandra East",Mumbai,south,under_construction,Chakala - J.B. Nagar,yes,Bandra Kurla Complex,1.78,blue,5.91,yes,no,FALSE,Bandra Kurla Complex (BKC),0.52,0-3km,7,Bandra Terminus,0.9,3.46,30,51,7,19.0616565,72.8498111,13.74,H/E Ward,Maharashtra,1,7/6/2022,7/6/2022,high,Bandra East,place/suburb,Bandra East,2022,4/13/2022
"Saaga Mrunali CHS, Shantivan",Mumbai,east,none,Ghatkopar L1,no,Belapur CBD,14.41,blue,29.08,no,no,TRUE,Pendhar,9.94,6km+,0,Chikhale,5.96,33.78,1,0,0,19.0222244,73.1761645,37.01,,Maharashtra,1,7/7/2022,7/7/2022,high,Shantivan,place/village,Shantivan,2022,4/13/2022
"Sabari Ashville, Chembur East",Mumbai,south,under_construction,Ghatkopar L1,yes,Bandra Kurla Complex,4.56,blue,5.74,yes,no,FALSE,Shivaji Chowk (Chembur),1.79,3-6km,4,Bharat Petroleum,0.17,6.83,12,27,7,19.0366683,72.8947992,12.55,M/E Ward,Maharashtra,1,6/16/2022,6/16/2022,low,Brainwonders Chembur,healthcare/counselling,Chembur East,2022,4/13/2022
"Sabari Palm View, Chembur",Mumbai,east,under_construction,Ghatkopar L1,yes,Bandra Kurla Complex,3.65,blue,3.7,yes,no,FALSE,Diamond Garden,0.53,3-6km,5,VNP & RC Marg Junction,0.46,5.39,32,81,13,19.054818,72.8979713,14.48,M/W Ward,Maharashtra,2,5/27/2022,7/6/2022,high,Chembur,place/suburb,Chembur,2022,4/13/2022
"Safal Saraswati, Chembur",Mumbai,east,under_construction,Ghatkopar L1,yes,Bandra Kurla Complex,3.65,blue,3.7,yes,no,FALSE,Diamond Garden,0.53,3-6km,5,VNP & RC Marg Junction,0.46,5.39,32,81,13,19.054818,72.8979713,14.48,M/W Ward,Maharashtra,1,6/4/2022,6/4/2022,high,Chembur,place/suburb,Chembur,2022,4/13/2022
"Safal Twins, Chembur",Mumbai,east,under_construction,Ghatkopar L1,yes,Bandra Kurla Complex,3.65,blue,3.7,yes,no,FALSE,Diamond Garden,0.53,3-6km,5,VNP & RC Marg Junction,0.46,5.39,32,81,13,19.054818,72.8979713,14.48,M/W Ward,Maharashtra,1,5/17/2022,5/17/2022,high,Chembur,place/suburb,Chembur,2022,4/13/2022
"Sai Aasha Daya, Mulund East",Mumbai,east,none,Jagruti Nagar,yes,Wagle Estate Thane,3.29,blue,10.66,no,no,TRUE,Azad Nagar Bus Stop,8.12,3-6km,13,Mulund,0.49,13.64,34,80,14,19.1704719,72.9610447,28.95,T Ward,Maharashtra,1,6/8/2022,6/8/2022,high,Mulund East,place/suburb,Mulund East,2022,4/13/2022
"Sai Palace Apartment, Vile Parle West",Mumbai,west,operational,Andheri L1,yes,SEEPZ Andheri East,1.98,blue,2.06,yes,yes,TRUE,CSMI Airport Domestic T1,1.78,0-3km,14,Vile Parle,0.59,2.83,35,90,9,19.103908,72.840301,18.37,K/W Ward,Maharashtra,1,6/12/2022,6/12/2022,high,Vile Parle West,place/suburb,Vile Parle West,2022,4/13/2022
"Sakhi, Kandivali West",Mumbai,north,operational,Dahanukarwadi,yes,Mindspace Malad,2.4,yellow,0.54,yes,yes,TRUE,Dahanukarwadi,0.54,0-3km,1,Kandivali,1.25,13.05,25,98,10,19.2055321,72.8399273,29.66,R/S Ward,Maharashtra,1,6/30/2022,6/30/2022,high,Kandivali West,place/suburb,Sakhi Kandivali West,2022,4/13/2022
Saki Vihar Road,Mumbai,east,under_construction,Marol Naka L1,yes,Hiranandani Business Park Powai,2.72,blue,3.27,yes,no,FALSE,Aarey JVLR,1.32,0-3km,14,Kanjur Marg,3.32,5.91,6,5,4,19.1326946,72.8966869,22.5,S Ward,Maharashtra,1,7/7/2022,7/7/2022,low,Saki Vihar Road,highway/secondary,Saki Vihar Road,2022,4/13/2022
Sakinaka Junction,Mumbai,unknown,unknown,unknown,unknown,unknown,,unknown,,unknown,unknown,,unknown,,unknown,,unknown,,,,,,,,,,,1,7/3/2022,7/3/2022,none,,,,2022,4/13/2022
"Salasar Garden, Beverly Park",Mumbai,north,under_construction,Anand Nagar,no,Mindspace Malad,11.76,yellow,3.3,yes,no,FALSE,Kashigaon,1.69,6km+,0,Mira Road,1.32,21.88,13,47,4,19.2868429,72.8673591,38.85,Mira,Maharashtra,1,6/12/2022,6/12/2022,medium,Beverly Park,highway/bus_stop,Beverly Park,2022,4/13/2022
"Salvation CHS, Dadar West",Mumbai,south,under_construction,Asalpha,yes,Lower Parel Business District,2.47,blue,10.03,yes,no,FALSE,Dadar,0.11,0-3km,6,Dadar,0.71,7.81,71,75,9,19.0238887,72.8382236,9.47,G/N Ward,Maharashtra,3,6/27/2022,6/27/2022,high,Dadar West,place/suburb,Dadar West,2022,4/13/2022
"Samarth Garden, Bhandup West",Mumbai,east,none,Saki Naka,yes,Hiranandani Business Park Powai,4.09,blue,5.93,no,no,TRUE,Aarey JVLR,4.48,3-6km,6,Bhandup,1.4,8.83,41,40,6,19.1442447,72.9244247,24.69,S Ward,Maharashtra,1,6/23/2022,6/23/2022,high,Samarath Nagar,place/neighbourhood,Samarth Garden Bhandup West,2022,4/13/2022
"Samarth Srishti, Bhandup West",Mumbai,east,none,Saki Naka,yes,Hiranandani Business Park Powai,4.09,blue,5.93,no,no,TRUE,Aarey JVLR,4.48,3-6km,6,Bhandup,1.4,8.83,41,40,6,19.1442447,72.9244247,24.69,S Ward,Maharashtra,1,7/6/2022,7/6/2022,high,Samarath Nagar,place/neighbourhood,Samarth Srishti Bhandup West,2022,4/13/2022
"Sanghvi Evana, Worli",Mumbai,south,under_construction,Western Express Highway,yes,Lower Parel Business District,1.63,blue,12.27,yes,no,FALSE,Worli,0.38,0-3km,4,Prabhadevi,1.95,9.92,31,22,6,19.0117388,72.8178706,8.32,G/S Ward,Maharashtra,1,5/14/2022,5/14/2022,high,Worli,place/suburb,Worli,2022,4/13/2022
"Sanjona Gulmarg Towers, Chembur East",Mumbai,south,under_construction,Ghatkopar L1,yes,Bandra Kurla Complex,4.56,blue,5.74,yes,no,FALSE,Shivaji Chowk (Chembur),1.79,3-6km,4,Bharat Petroleum,0.17,6.83,12,27,7,19.0366683,72.8947992,12.55,M/E Ward,Maharashtra,1,5/31/2022,5/31/2022,low,Brainwonders Chembur,healthcare/counselling,Chembur East,2022,4/13/2022
Santacruz East,Mumbai,unknown,unknown,unknown,unknown,unknown,,unknown,,unknown,unknown,,unknown,,unknown,,unknown,,,,,,,,,,,4,6/25/2022,7/9/2022,none,,,,2022,4/13/2022
Santacruz West,Mumbai,west,under_construction,Western Express Highway,yes,Bandra Kurla Complex,3.55,blue,4.04,yes,no,FALSE,Santacruz,1.18,3-6km,10,Santa Cruz,0.57,2.77,22,60,9,19.0844004,72.8372899,16.19,H/W Ward,Maharashtra,7,6/7/2022,6/22/2022,high,Santacruz West,place/suburb,Santacruz West,2022,4/13/2022
"Sapphire Heights, Lokhandwala Twp",Mumbai,unknown,unknown,unknown,unknown,unknown,,unknown,,unknown,unknown,,unknown,,unknown,,unknown,,,,,,,,,,,1,6/22/2022,6/22/2022,none,,,,2022,4/13/2022
"Saraswati Sadan, Parel",Mumbai,south,under_construction,Ghatkopar L1,yes,Lower Parel Business District,1.42,blue,11.1,yes,no,FALSE,Siddhivinayak Temple,1.47,0-3km,3,Parel,0.52,9.34,64,73,5,19.0084268,72.842505,7.78,F/S Ward,Maharashtra,1,6/23/2022,6/23/2022,high,Parel,place/suburb,Parel,2022,4/13/2022
"Satyam Springs, Deonar",Mumbai,east,under_construction,Ghatkopar L1,yes,Bandra Kurla Complex,4.68,blue,4.36,yes,no,FALSE,Shivaji Chowk (Chembur),0.19,3-6km,5,VNP & RC Marg Junction,1.28,6.49,36,79,15,19.0475502,72.9051895,14.14,M/W Ward,Maharashtra,1,6/2/2022,6/2/2022,high,Deonar,place/suburb,Deonar,2022,4/13/2022
"Sejal Tower, Goregaon West",Mumbai,north,operational,Aarey,yes,Nirlon Knowledge Park,1.59,red,1.96,yes,yes,TRUE,Bangur Nagar,0.67,0-3km,6,Goregaon,0.89,8.45,17,42,8,19.1633281,72.8411995,24.97,P/S Ward,Maharashtra,1,6/28/2022,6/28/2022,high,Goregaon West,place/suburb,Goregaon West,2022,4/13/2022
Serenity Complex,Mumbai,west,operational,Andheri (West),yes,Nirlon Knowledge Park,2.2,yellow,2.15,yes,yes,TRUE,Oshiwara,0.26,0-3km,12,Ram Mandir,1.77,7.17,25,52,17,19.1483881,72.8335529,23.31,K/W Ward,Maharashtra,1,4/28/2022,4/28/2022,medium,Serenity Complex,landuse/residential,Serenity Complex,2022,4/13/2022
"Sethia Grandeur, Bandra East",Mumbai,south,under_construction,Chakala - J.B. Nagar,yes,Bandra Kurla Complex,1.78,blue,5.91,yes,no,FALSE,Bandra Kurla Complex (BKC),0.52,0-3km,7,Bandra Terminus,0.9,3.46,30,51,7,19.0616565,72.8498111,13.74,H/E Ward,Maharashtra,2,5/27/2022,7/6/2022,high,Bandra East,place/suburb,Bandra East,2022,4/13/2022
"Sethia Kalpavruksh Heights, Irani Wada",Mumbai,north,operational,Dahanukarwadi,yes,Mindspace Malad,1.81,yellow,1.01,yes,yes,TRUE,Valnai-Meeth Chowky,0.96,0-3km,1,Kandivali,1.09,12.44,27,102,11,19.2002901,72.8421432,29.09,R/S Ward,Maharashtra,1,7/4/2022,7/4/2022,low,Irani Wadi Road,highway/residential,Irani Wada,2022,4/13/2022
Seven Bungalows,Mumbai,west,operational,Versova,yes,SEEPZ Andheri East,3.78,blue,0.05,yes,yes,TRUE,Versova,0.05,3-6km,9,Andheri,2.86,6.2,27,57,18,19.1297617,72.8213781,21.29,K/W Ward,Maharashtra,6,6/20/2022,7/9/2022,high,Seven Bungalows,place/neighbourhood,Seven Bungalows,2022,4/13/2022
shabri shan,Mumbai,east,none,Ghatkopar L1,yes,Vashi Business District,1.81,blue,10.14,no,no,TRUE,Pethpada,8.17,0-3km,9,Koparkhairne,1.69,14.88,23,33,12,19.0894691,73.0044869,24.43,Kopar Khairne,Maharashtra,1,6/13/2022,6/13/2022,medium,Shabi Complex,landuse/residential,shabri shan,2022,4/13/2022
"Shaheen Apartment, Andheri West",Mumbai,west,operational,Azad Nagar,yes,SEEPZ Andheri East,2.13,blue,1.14,yes,yes,TRUE,Azad Nagar,1.14,0-3km,13,Andheri,1.34,4.28,33,91,15,19.1172495,72.833968,19.84,K/W Ward,Maharashtra,1,5/16/2022,5/16/2022,high,Andheri West,place/suburb,Andheri West,2022,4/13/2022
shanti kutir tunga village powai,Mumbai,unknown,unknown,unknown,unknown,unknown,,unknown,,unknown,unknown,,unknown,,unknown,,unknown,,,,,,,,,,,1,4/29/2022,4/29/2022,none,,,,2022,4/13/2022
"Shapoorji Pallonji Vicinia, Chandivali",Mumbai,east,operational,Saki Naka,yes,Hiranandani Business Park Powai,1.44,blue,0.93,yes,yes,TRUE,Saki Naka,0.93,0-3km,19,Ghatkopar,2.98,3.94,14,36,13,19.1091482,72.8945793,19.94,L Ward,Maharashtra,6,5/19/2022,7/9/2022,high,Chandivali,place/suburb,Chandivali,2022,4/13/2022
Sher E Punjab Society,Mumbai,north,operational,Western Express Highway,yes,SEEPZ Andheri East,1.59,blue,1.47,yes,yes,TRUE,Mogra,0.77,0-3km,16,Jogeshwari (Western Line),1.73,4.17,14,71,3,19.1276887,72.8627819,21.2,K/E Ward,Maharashtra,2,5/14/2022,5/31/2022,high,Sher e Punjab Colony,place/neighbourhood,Sher E Punjab Society,2022,4/13/2022
"Sheth Auris Serinity, Malad West",Mumbai,north,operational,Kurar,yes,Mindspace Malad,0,red,1.85,yes,yes,TRUE,Malad (West),0.58,0-3km,3,Malad,0.83,10.68,24,94,13,19.1840129,72.8412155,27.27,P/N Ward,Maharashtra,1,6/4/2022,6/4/2022,high,Malad West,place/suburb,Malad West,2022,4/13/2022
"Sheth Beaumonte, Sion Koliwada",Mumbai,south,under_construction,Ghatkopar L1,yes,Bandra Kurla Complex,2.94,blue,6.88,yes,no,FALSE,Dharavi,1.64,0-3km,6,Guru Tegh Bahadur Nagar,0.3,5.5,41,45,5,19.0407302,72.8642303,11.73,F/N Ward,Maharashtra,1,6/16/2022,6/16/2022,high,Sion Koliwada,place/neighbourhood,Sion Koliwada,2022,4/13/2022
"Sheth Montana, Mulund West",Mumbai,east,none,Aarey,yes,Wagle Estate Thane,2.95,red,9.71,no,no,TRUE,Azad Nagar Bus Stop,8.29,0-3km,5,Mulund,0.58,12.99,43,86,17,19.1719717,72.9511956,28.64,T Ward,Maharashtra,2,5/14/2022,7/9/2022,high,Mulund West,place/suburb,Mulund West,2022,4/13/2022
Shilphata,Mumbai,east,none,Ghatkopar L1,yes,Millennium Business Park Mahape,4.77,blue,15.79,no,no,TRUE,Sector-34,8.71,3-6km,9,Nilaje,3.83,20.1,1,0,0,19.1440528,73.0455731,31.76,Shill Phata,Maharashtra,1,5/19/2022,5/19/2022,medium,Shil Phata,highway/bus_stop,Shilphata,2022,4/13/2022
"Shimpla Vighnaharta CHS, Seven Bungalows",Mumbai,west,operational,Versova,yes,SEEPZ Andheri East,3.78,blue,0.05,yes,yes,TRUE,Versova,0.05,3-6km,9,Andheri,2.86,6.2,27,57,18,19.1297617,72.8213781,21.29,K/W Ward,Maharashtra,1,6/16/2022,6/16/2022,high,Seven Bungalows,place/neighbourhood,Seven Bungalows,2022,4/13/2022
"Shiv Bhagtani Manor 3A, Powai",Mumbai,east,none,Saki Naka,yes,Hiranandani Business Park Powai,0.89,blue,2.65,no,no,TRUE,Saki Naka,2.65,0-3km,16,Vikhroli,2.32,5.65,23,17,20,19.1187195,72.9073476,21.39,S Ward,Maharashtra,1,7/6/2022,7/6/2022,high,Powai,place/suburb,Powai,2022,4/13/2022
"Shiv Dham Apartment, Goregaon East",Mumbai,north,operational,Aarey,yes,Nirlon Knowledge Park,1.62,red,0.37,yes,yes,TRUE,Aarey,0.37,0-3km,5,Goregaon,0.77,8.83,14,72,6,19.1692623,72.8552548,25.71,P/S Ward,Maharashtra,1,6/4/2022,6/4/2022,high,Goregaon East,place/suburb,Goregaon East,2022,4/13/2022
"Shiv Ganga Apartment, Malad West",Mumbai,north,operational,Kurar,yes,Mindspace Malad,0,red,1.85,yes,yes,TRUE,Malad (West),0.58,0-3km,3,Malad,0.83,10.68,24,94,13,19.1840129,72.8412155,27.27,P/N Ward,Maharashtra,1,6/30/2022,6/30/2022,high,Malad West,place/suburb,Malad West,2022,4/13/2022
Shivaji Park,Mumbai,south,under_construction,Asalpha,yes,Lower Parel Business District,3.01,blue,9.54,yes,no,FALSE,Dadar,0.57,3-6km,6,Matunga Road,0.8,7.27,72,73,11,19.0287453,72.8391613,10.01,G/N Ward,Maharashtra,2,5/23/2022,5/27/2022,high,Shivaji Park,place/neighbourhood,Shivaji Park,2022,4/13/2022
shivsagar,Mumbai,east,operational,Marol Naka L1,yes,MIDC Andheri East,1.93,blue,1.08,yes,yes,TRUE,CSMI Airport International T2,0.26,0-3km,20,Vile Parle,3.14,1.59,10,33,6,19.1000164,72.8739181,18.38,K/E Ward,Maharashtra,1,5/4/2022,5/4/2022,low,Shivsagar,amenity/restaurant,shivsagar,2022,4/13/2022
"Shree Sai Usha Complex, Bhandup West",Mumbai,east,none,Saki Naka,yes,Godrej One Vikhroli,4.64,blue,6.78,no,no,TRUE,Aarey JVLR,5.5,3-6km,6,Bhandup,0.55,9.73,20,42,4,19.1462636,72.9339461,25.29,S Ward,Maharashtra,1,6/28/2022,6/28/2022,high,Bhandup West,place/suburb,Bhandup West,2022,4/13/2022
"Shreenath nagar, Morya Nagar",Mumbai,east,none,Anand Nagar,no,Wagle Estate Thane,6.98,yellow,9.52,no,no,TRUE,Azad Nagar Bus Stop,3.37,6km+,2,Kharbhav,5.05,21.42,8,12,5,19.2610829,72.9569184,38.04,Anand Nagar,Maharashtra,1,6/20/2022,6/20/2022,medium,KIPL Morya,landuse/residential,Shreenath nagar Morya Nagar,2022,4/13/2022
Shri Swami Samarth Nagar,Mumbai,west,operational,Versova,yes,Nirlon Knowledge Park,3.39,blue,1.1,yes,yes,TRUE,Lower Oshiwara,0.67,3-6km,9,Jogeshwari (Western Line),2.49,6.73,32,68,20,19.1393123,72.8255143,22.32,K/W Ward,Maharashtra,1,5/31/2022,5/31/2022,medium,Swami Samarth Nagar,highway/bus_stop,Shri Swami Samarth Nagar,2022,4/13/2022
Shrikrupa Society,Mumbai,east,none,Ghatkopar L1,yes,Vashi Business District,0.74,blue,9.65,no,no,TRUE,Mandale,7.3,0-3km,9,Sanpada,1.97,14.41,22,26,13,19.0809993,72.9996683,23.41,Vashi,Maharashtra,1,4/29/2022,4/29/2022,medium,Shivkrupa CO-OP Housing Society,landuse/residential,Shrikrupa Society,2022,4/13/2022
"Siddhivinayak, Bandra West",Mumbai,south,under_construction,Western Express Highway,yes,Bandra Kurla Complex,3.85,blue,6.96,yes,no,FALSE,Bandra Colony,2.39,3-6km,6,Bandra,1.11,4.93,43,54,7,19.0583358,72.8302669,13.3,Mumbai,Maharashtra,1,6/20/2022,6/20/2022,high,Bandra West,place/suburb,Bandra West,2022,4/13/2022
"simla house at nepeasea road, Napean Sea Road",Mumbai,south,under_construction,Ghatkopar L1,yes,Nariman Point CBD,4.47,blue,17.29,yes,no,FALSE,Grant Road,1.17,3-6km,1,Grant Road,0.94,15.2,50,61,5,18.9641018,72.8069141,4.11,D Ward,Maharashtra,1,6/24/2022,6/24/2022,low,Laxmibai Jagmohandas Marg,highway/secondary,Napean Sea Road,2022,4/13/2022
Sindhi Society Chembur,Mumbai,south,under_construction,Ghatkopar L1,yes,Bandra Kurla Complex,3.05,blue,4.46,yes,no,FALSE,Chembur,0.54,3-6km,6,VNP & RC Marg Junction,0.58,5.16,29,82,8,19.0508747,72.8890543,13.68,M/W Ward,Maharashtra,2,5/31/2022,6/30/2022,high,Sindhi Society,place/neighbourhood,Sindhi Society Chembur,2022,4/13/2022
"Sindhi Society, Chembur",Mumbai,south,under_construction,Ghatkopar L1,yes,Bandra Kurla Complex,3.05,blue,4.46,yes,no,FALSE,Chembur,0.54,3-6km,6,VNP & RC Marg Junction,0.58,5.16,29,82,8,19.0508747,72.8890543,13.68,M/W Ward,Maharashtra,1,5/26/2022,5/26/2022,high,Sindhi Society,place/neighbourhood,Sindhi Society Chembur,2022,4/13/2022
Sion,Mumbai,south,under_construction,Ghatkopar L1,yes,Bandra Kurla Complex,2.7,blue,6.63,yes,no,FALSE,Dharavi,1.69,0-3km,6,Sion,0.47,5.27,35,42,3,19.0428153,72.8653563,11.99,F/N Ward,Maharashtra,3,5/27/2022,6/29/2022,high,Sion East,place/suburb,Sion,2022,4/13/2022
Sion East,Mumbai,south,under_construction,Ghatkopar L1,yes,Bandra Kurla Complex,2.7,blue,6.63,yes,no,FALSE,Dharavi,1.69,0-3km,6,Sion,0.47,5.27,35,42,3,19.0428153,72.8653563,11.99,F/N Ward,Maharashtra,2,5/23/2022,6/17/2022,high,Sion East,place/suburb,Sion East,2022,4/13/2022
"Sion East, Sion",Mumbai,south,under_construction,Ghatkopar L1,yes,Bandra Kurla Complex,2.7,blue,6.63,yes,no,FALSE,Dharavi,1.69,0-3km,6,Sion,0.47,5.27,35,42,3,19.0428153,72.8653563,11.99,F/N Ward,Maharashtra,2,6/12/2022,7/8/2022,high,Sion East,place/suburb,Sion East Sion,2022,4/13/2022
"Sion East, Sion Koliwada",Mumbai,south,under_construction,Ghatkopar L1,yes,Bandra Kurla Complex,2.94,blue,6.88,yes,no,FALSE,Dharavi,1.64,0-3km,6,Guru Tegh Bahadur Nagar,0.3,5.5,41,45,5,19.0407302,72.8642303,11.73,F/N Ward,Maharashtra,1,6/27/2022,6/27/2022,high,Sion Koliwada,place/neighbourhood,Sion East Sion Koliwada,2022,4/13/2022
Sion Hospital Colony,Mumbai,south,under_construction,Ghatkopar L1,yes,Bandra Kurla Complex,3.67,blue,7.79,yes,no,FALSE,Dharavi,1.55,3-6km,6,King's Circle,0.36,6.17,76,67,6,19.0348427,72.8582305,10.95,F/N Ward,Maharashtra,1,6/2/2022,6/2/2022,low,Sion Hospital,amenity/hospital,Sion Hospital Colony,2022,4/13/2022
Sion Trombay Road,Mumbai,east,under_construction,Ghatkopar L1,yes,Bandra Kurla Complex,5.29,blue,4.56,yes,no,FALSE,Shivaji Chowk (Chembur),0.46,3-6km,4,Govandi,1.16,7.04,33,54,15,19.0457837,72.9106688,14.29,M/E Ward,Maharashtra,1,6/30/2022,6/30/2022,low,Sion Panvel Highway,highway/trunk,Sion Trombay Road,2022,4/13/2022
"SK Imperial Heights, Mira Road East",Mumbai,north,under_construction,Andheri (West),yes,Nirlon Knowledge Park,1.42,yellow,2.69,yes,no,FALSE,Oshiwara,0.92,0-3km,11,Ram Mandir,1.05,7.26,25,61,15,19.151865,72.8402228,23.7,P/S Ward,Maharashtra,1,5/26/2022,5/26/2022,medium,Imperial Heights,landuse/residential,SK Imperial Heights,2022,4/13/2022
"Sky Villa, Gokuldham",Mumbai,north,operational,Aarey,yes,Nirlon Knowledge Park,2.56,red,1.01,yes,yes,TRUE,Aarey,1.01,0-3km,3,Goregaon,2.1,9.32,13,51,5,19.1738527,72.8670935,26.35,P/S Ward,Maharashtra,1,5/18/2022,5/18/2022,high,Gokuldham,place/neighbourhood,Gokuldham,2022,4/13/2022
"Smoky Hill Apartment, Bandra West",Mumbai,south,under_construction,Western Express Highway,yes,Bandra Kurla Complex,3.85,blue,6.96,yes,no,FALSE,Bandra Colony,2.39,3-6km,6,Bandra,1.11,4.93,43,54,7,19.0583358,72.8302669,13.3,Mumbai,Maharashtra,1,5/31/2022,5/31/2022,high,Bandra West,place/suburb,Bandra West,2022,4/13/2022
"Sonal Apartment, Bhandari Compound",Mumbai,south,under_construction,Ghatkopar L1,yes,Nariman Point CBD,4.02,blue,16.34,yes,no,FALSE,Grant Road,0.61,3-6km,1,Grant Road,0.84,14.7,63,89,7,18.9632231,72.8238048,2.98,D Ward,Maharashtra,1,7/4/2022,7/4/2022,medium,Sonawala Apartment,landuse/residential,Sonal Apartment,2022,4/13/2022
"spring grove uno, Lokhandwala Twp",Mumbai,north,operational,Akurli,yes,Mindspace Malad,3.21,red,0.95,yes,yes,TRUE,Akurli,0.95,3-6km,2,Kandivali,2.05,11.77,9,38,8,19.195798,72.869151,28.8,R/S Ward,Maharashtra,1,6/16/2022,6/16/2022,medium,Spring Grove Uno,landuse/residential,spring grove uno,2022,4/13/2022
"Spring Leaf, Lokhandwala Twp",Mumbai,west,operational,Versova,yes,SEEPZ Andheri East,4.1,blue,0.39,yes,yes,TRUE,Versova,0.39,3-6km,8,Andheri,3.19,6.43,22,50,14,19.1292005,72.8178028,21.25,K/W Ward,Maharashtra,1,5/13/2022,5/13/2022,medium,Spring Leaf,landuse/residential,Spring Leaf,2022,4/13/2022
sra,Mumbai,east,none,Jagruti Nagar,yes,Wagle Estate Thane,3.83,blue,10.12,no,no,TRUE,Azad Nagar Bus Stop,8.72,3-6km,12,Mulund,0.85,13.18,33,67,10,19.1651611,72.9600894,28.38,T Ward,Maharashtra,1,5/5/2022,5/5/2022,medium,SRA Building,landuse/residential,sra,2022,4/13/2022
Srinagarchs chembur west near sankralyammandir,Mumbai,unknown,unknown,unknown,unknown,unknown,,unknown,,unknown,unknown,,unknown,,unknown,,unknown,,,,,,,,,,,1,5/18/2022,5/18/2022,none,,,,2022,4/13/2022
Srishti Complex,Mumbai,north,operational,Anand Nagar,no,Mindspace Malad,10.11,yellow,1.58,yes,yes,TRUE,Miragaon,1.28,6km+,0,Mira Road,1.75,20.14,10,29,7,19.2712357,72.8685277,37.13,Kashimira,Maharashtra,1,6/10/2022,6/10/2022,medium,Srishti Complex Sector 2,landuse/residential,Srishti Complex,2022,4/13/2022
"Srishti Elegance, Bhandup West",Mumbai,east,none,Saki Naka,yes,Godrej One Vikhroli,4.64,blue,6.78,no,no,TRUE,Aarey JVLR,5.5,3-6km,6,Bhandup,0.55,9.73,20,42,4,19.1462636,72.9339461,25.29,S Ward,Maharashtra,1,6/23/2022,6/23/2022,high,Bhandup West,place/suburb,Bhandup West,2022,4/13/2022
"Srishti Solitaire, Bhandup Industrial Estate",Mumbai,east,none,Saki Naka,yes,Wagle Estate Thane,4.75,blue,7.8,no,no,TRUE,Aarey JVLR,6.02,3-6km,3,Nahur,1.55,10.64,33,48,7,19.1594258,72.9327693,26.58,S Ward,Maharashtra,1,7/6/2022,7/6/2022,low,Dharamraj Industrial Estate,landuse/industrial,Bhandup Industrial Estate,2022,4/13/2022
"Stellar Tower, Lokhandwala Complex",Mumbai,west,operational,Versova,yes,Nirlon Knowledge Park,3.29,blue,1.47,yes,yes,TRUE,Lower Oshiwara,0.79,3-6km,7,Jogeshwari (Harbour Line),2.62,7.13,28,67,21,19.1430985,72.8246055,22.75,K/W Ward,Maharashtra,1,5/23/2022,5/23/2022,high,Lokhandwala Complex,place/neighbourhood,Lokhandwala Complex,2022,4/13/2022
"Sufalam CHS, Chembur East",Mumbai,east,under_construction,Jagruti Nagar,yes,Bandra Kurla Complex,2.1,blue,2.87,yes,no,FALSE,Chembur,2.19,0-3km,9,Lokmanya Tilak Terminus,0.8,3.05,20,52,14,19.0723442,72.8849513,15.74,L Ward,Maharashtra,1,5/31/2022,5/31/2022,low,Dakshata CHS Ltd,building/yes,Sufalam CHS Chembur East,2022,4/13/2022
"Sugee Sadan, Dadar West",Mumbai,south,under_construction,Asalpha,yes,Lower Parel Business District,2.47,blue,10.03,yes,no,FALSE,Dadar,0.11,0-3km,6,Dadar,0.71,7.81,71,75,9,19.0238887,72.8382236,9.47,G/N Ward,Maharashtra,1,6/30/2022,6/30/2022,high,Dadar West,place/suburb,Dadar West,2022,4/13/2022
"Sumit Greendale, Chikhal Dongari",Mumbai,north,none,Kandarpada,no,Mindspace Malad,31.85,yellow,24.07,no,no,TRUE,Kashigaon,22.77,6km+,0,Virar,1.9,42.51,3,19,6,19.4676701,72.7992421,58.93,Virar West,Maharashtra,1,7/2/2022,7/2/2022,low,SUMIT GREENDALE,landuse/residential,Sumit Greendale,2022,4/13/2022
sunanda circal,Mumbai,east,none,Ghatkopar L1,no,Mindspace Airoli,6.22,blue,17.6,no,no,TRUE,Sector-34,9.02,6km+,0,Nilaje,2.09,21.88,2,3,0,19.1522686,73.0605589,33.52,Shill Phata,Maharashtra,1,6/28/2022,6/28/2022,medium,Sunanda Circle,landuse/residential,sunanda circal,2022,4/13/2022
"Sundar Nagar, Kalina",Mumbai,south,under_construction,Marol Naka L1,yes,Bandra Kurla Complex,0.99,blue,3.99,yes,no,FALSE,Bandra Colony,1.59,0-3km,12,Kurla,2.05,1.6,18,32,5,19.0757324,72.8631867,15.5,H/E Ward,Maharashtra,3,6/4/2022,7/9/2022,high,Sundar Nagar,place/neighbourhood,Sundar Nagar Kalina,2022,4/13/2022
"Sundew CHS, Chandivali",Mumbai,east,operational,Saki Naka,yes,Hiranandani Business Park Powai,1.44,blue,0.93,yes,yes,TRUE,Saki Naka,0.93,0-3km,19,Ghatkopar,2.98,3.94,14,36,13,19.1091482,72.8945793,19.94,L Ward,Maharashtra,1,7/6/2022,7/6/2022,high,Chandivali,place/suburb,Sundew CHS Chandivali,2022,4/13/2022
"Sunflower Apartment, Bandra West",Mumbai,south,under_construction,Western Express Highway,yes,Bandra Kurla Complex,3.85,blue,6.96,yes,no,FALSE,Bandra Colony,2.39,3-6km,6,Bandra,1.11,4.93,43,54,7,19.0583358,72.8302669,13.3,Mumbai,Maharashtra,1,6/23/2022,6/23/2022,high,Bandra West,place/suburb,Bandra West,2022,4/13/2022
"Sunglow, Chandivali",Mumbai,east,operational,Saki Naka,yes,Hiranandani Business Park Powai,1.44,blue,0.93,yes,yes,TRUE,Saki Naka,0.93,0-3km,19,Ghatkopar,2.98,3.94,14,36,13,19.1091482,72.8945793,19.94,L Ward,Maharashtra,1,6/12/2022,6/12/2022,high,Chandivali,place/suburb,Chandivali,2022,4/13/2022
"Sunteck City Avenue 1, Goregaon West",Mumbai,north,operational,Aarey,yes,Nirlon Knowledge Park,1.59,red,1.96,yes,yes,TRUE,Bangur Nagar,0.67,0-3km,6,Goregaon,0.89,8.45,17,42,8,19.1633281,72.8411995,24.97,P/S Ward,Maharashtra,2,5/14/2022,7/6/2022,high,Goregaon West,place/suburb,Goregaon West,2022,4/13/2022
"Supreme Divine Light CHS, Chakala",Mumbai,east,operational,Western Express Highway,yes,SEEPZ Andheri East,0.8,blue,0.57,yes,yes,TRUE,Western Express Highway,0.57,0-3km,16,Andheri,1.69,2.8,29,68,3,19.1152873,72.8618085,19.82,K/E Ward,Maharashtra,1,5/26/2022,5/26/2022,high,Chakala,place/neighbourhood,Chakala,2022,4/13/2022
Suram Park Society,Mumbai,north,none,Kandarpada,no,Mindspace Malad,31.01,yellow,23.09,no,no,TRUE,Kashigaon,21.53,6km+,0,Virar,0.92,41.62,3,29,6,19.4619183,72.8170739,58.2,Virar East,Maharashtra,1,5/18/2022,5/18/2022,low,Suram Park Society Parshwanath Building,building/yes,Suram Park Society,2022,4/13/2022
"Suryodaya CHS, Prabhadevi",Mumbai,south,under_construction,Asalpha,yes,Lower Parel Business District,1.35,blue,11.48,yes,no,FALSE,Siddhivinayak Temple,0.33,0-3km,4,Prabhadevi,1.17,9.14,47,48,5,19.0148811,72.8279556,8.5,G/S Ward,Maharashtra,1,6/8/2022,6/8/2022,high,Prabhadevi,place/suburb,Prabhadevi,2022,4/13/2022
"Swastik Pride, Chembur East",Mumbai,south,under_construction,Ghatkopar L1,yes,Bandra Kurla Complex,4.56,blue,5.74,yes,no,FALSE,Shivaji Chowk (Chembur),1.79,3-6km,4,Bharat Petroleum,0.17,6.83,12,27,7,19.0366683,72.8947992,12.55,M/E Ward,Maharashtra,1,5/26/2022,5/26/2022,low,Brainwonders Chembur,healthcare/counselling,Chembur East,2022,4/13/2022
"Swayam Apartment, Poonam Gardens",Mumbai,north,none,Kandarpada,no,Mindspace Malad,12.25,yellow,4.14,no,no,TRUE,Kashigaon,3.58,6km+,0,Mira Road,1.46,22.69,9,56,5,19.293845,72.8507199,39.51,Bhayander West,Maharashtra,1,5/31/2022,5/31/2022,low,"Swayam Apartments, Panchratna Complex",building/yes,Swayam Apartment,2022,4/13/2022
"Takshila CHS, Andheri East",Mumbai,west,operational,Western Express Highway,yes,SEEPZ Andheri East,0,blue,0.23,yes,yes,TRUE,Gundavali,0.18,0-3km,15,Andheri,0.92,3,36,92,5,19.1158835,72.854202,19.79,K/E Ward,Maharashtra,1,6/23/2022,6/23/2022,high,Andheri East,place/suburb,Andheri East,2022,4/13/2022
Taloja Phase 2,Mumbai,east,none,Ghatkopar L1,no,Millennium Business Park Mahape,11.86,blue,23.58,no,no,TRUE,Panchanand,9.89,6km+,0,Nilaje,4.09,27.98,1,1,0,19.1594601,73.1189255,38.6,Palava Phase 2,Maharashtra,1,6/4/2022,6/4/2022,medium,Lodha Crown Taloja,landuse/residential,Taloja Phase 2,2022,4/13/2022
"TATA Falcon Crest, Parel",Mumbai,south,under_construction,Ghatkopar L1,yes,Lower Parel Business District,1.42,blue,11.1,yes,no,FALSE,Siddhivinayak Temple,1.47,0-3km,3,Parel,0.52,9.34,64,73,5,19.0084268,72.842505,7.78,F/S Ward,Maharashtra,1,5/24/2022,5/24/2022,high,Parel,place/suburb,Parel,2022,4/13/2022
"TATA Housing Merwanjee Cama Park, Andheri West",Mumbai,west,operational,Azad Nagar,yes,SEEPZ Andheri East,2.13,blue,1.14,yes,yes,TRUE,Azad Nagar,1.14,0-3km,13,Andheri,1.34,4.28,33,91,15,19.1172495,72.833968,19.84,K/W Ward,Maharashtra,1,6/30/2022,6/30/2022,high,Andheri West,place/suburb,Andheri West,2022,4/13/2022
Tata Nagar,Mumbai,east,under_construction,Ghatkopar L1,yes,Godrej One Vikhroli,5.88,blue,3.98,yes,no,FALSE,Deonar,0.9,3-6km,4,Govandi,0.58,7.29,38,44,19,19.0526286,72.9197627,15.46,M/E Ward,Maharashtra,1,7/1/2022,7/1/2022,high,Tata Nagar,place/neighbourhood,Tata Nagar,2022,4/13/2022
"Techno Park I, Kandivali East",Mumbai,north,operational,Poisar,yes,Mindspace Malad,3.26,red,0.19,yes,yes,TRUE,Poisar,0.19,3-6km,1,Kandivali,1.15,12.79,14,67,10,19.2051958,72.8626165,29.76,R/S Ward,Maharashtra,1,6/23/2022,6/23/2022,high,Kandivali East,place/suburb,Kandivali East,2022,4/13/2022
Thakur Complex,Mumbai,north,operational,Magathane,yes,Mindspace Malad,3.88,red,0.67,yes,yes,TRUE,Magathane,0.67,3-6km,0,Kandivali,1.54,13.47,6,59,12,19.2112442,72.8643107,30.45,R/S Ward,Maharashtra,2,6/3/2022,6/4/2022,medium,Thakur Complex,landuse/residential,Thakur Complex,2022,4/13/2022
"Thakur Jewel, Thakur Village, Kandivali East",Mumbai,north,operational,Magathane,yes,Mindspace Malad,4.63,red,1.24,yes,yes,TRUE,Magathane,1.24,3-6km,0,Kandivali,2.62,13.36,5,24,7,19.2097189,72.8759248,30.42,R/S Ward,Maharashtra,1,5/18/2022,5/18/2022,high,Thakur Village,place/suburb,Thakur Village,2022,4/13/2022
"Thakur Village, Kandivali East",Mumbai,north,operational,Poisar,yes,Mindspace Malad,3.26,red,0.19,yes,yes,TRUE,Poisar,0.19,3-6km,1,Kandivali,1.15,12.79,14,67,10,19.2051958,72.8626165,29.76,R/S Ward,Maharashtra,1,5/17/2022,5/17/2022,high,Kandivali East,place/suburb,Kandivali East,2022,4/13/2022
Thane-Kalyan-Dombivli,Mumbai,east,none,Dahisar (East) [Line 7],no,Mindspace Airoli,16.58,yellow,28.37,no,no,TRUE,Azad Nagar Bus Stop,16.34,6km+,1,Kalyan Junction,0.75,33.21,4,70,1,19.2396742,73.1366482,46.06,Kalyan-Dombivli,Maharashtra,3,5/23/2022,5/31/2022,low,Kalyan,place/borough,Thane-Kalyan-Dombivli,2022,4/13/2022
"The Primordial House, Kemps Corner",Mumbai,south,under_construction,Ghatkopar L1,yes,Nariman Point CBD,4.44,blue,17.32,yes,no,FALSE,Grant Road,1.18,3-6km,1,Grant Road,0.94,15.24,50,61,5,18.9637535,72.8068617,4.09,D Ward,Maharashtra,1,6/16/2022,6/16/2022,high,Kemps Corner,place/locality,Kemps Corner,2022,4/13/2022
"The Windsor, Kandivali East",Mumbai,north,operational,Poisar,yes,Mindspace Malad,3.26,red,0.19,yes,yes,TRUE,Poisar,0.19,3-6km,1,Kandivali,1.15,12.79,14,67,10,19.2051958,72.8626165,29.76,R/S Ward,Maharashtra,1,7/7/2022,7/7/2022,high,Kandivali East,place/suburb,Kandivali East,2022,4/13/2022
Tilak Nagar - Harbour Line,Mumbai,south,under_construction,Ghatkopar L1,yes,Bandra Kurla Complex,3.21,blue,7.06,yes,no,FALSE,Dharavi,1.79,3-6km,6,Guru Tegh Bahadur Nagar,0.04,5.77,46,45,5,19.0383119,72.8645817,11.48,F/N Ward,Maharashtra,2,7/2/2022,7/6/2022,low,Harbour Line,railway/platform,Tilak Nagar - Harbour Line,2022,4/13/2022
"Trans Residency, Andheri East",Mumbai,west,operational,Western Express Highway,yes,SEEPZ Andheri East,0,blue,0.23,yes,yes,TRUE,Gundavali,0.18,0-3km,15,Andheri,0.92,3,36,92,5,19.1158835,72.854202,19.79,K/E Ward,Maharashtra,2,6/14/2022,7/6/2022,high,Andheri East,place/suburb,Andheri East,2022,4/13/2022
"Transcon Triumph, Lokhandwala Complex",Mumbai,west,operational,Versova,yes,Nirlon Knowledge Park,3.29,blue,1.47,yes,yes,TRUE,Lower Oshiwara,0.79,3-6km,7,Jogeshwari (Harbour Line),2.62,7.13,28,67,21,19.1430985,72.8246055,22.75,K/W Ward,Maharashtra,2,6/20/2022,7/9/2022,high,Lokhandwala Complex,place/neighbourhood,Lokhandwala Complex,2022,4/13/2022
"Tridhaatu Bhaveshwar Vilas, Central Avenue Road",Mumbai,south,none,Ghatkopar L1,no,Bandra Kurla Complex,8.64,blue,9.1,no,no,TRUE,Deonar,4.42,6km+,0,Mysore Colony,3.55,10.94,0,0,0,19.0051071,72.9152702,11.18,M/E Ward,Maharashtra,1,5/31/2022,5/31/2022,low,Central Avenue New Mandala Road,highway/tertiary,Central Avenue Road,2022,4/13/2022
"Trump Tower, Worli",Mumbai,south,under_construction,Western Express Highway,yes,Lower Parel Business District,1.63,blue,12.27,yes,no,FALSE,Worli,0.38,0-3km,4,Prabhadevi,1.95,9.92,31,22,6,19.0117388,72.8178706,8.32,G/S Ward,Maharashtra,3,6/23/2022,7/7/2022,high,Worli,place/suburb,Worli,2022,4/13/2022
"Tulip at Runwal Forests, Kanjurmarg West",Mumbai,east,none,Jagruti Nagar,yes,Godrej One Vikhroli,3.04,blue,5.14,no,no,TRUE,Aarey JVLR,4.52,3-6km,6,Kanjur Marg,0.39,8.22,42,45,13,19.1321171,72.9273332,23.57,S Ward,Maharashtra,1,6/27/2022,6/27/2022,medium,Dockyard kanjurmarg St,highway/bus_stop,Kanjurmarg West,2022,4/13/2022
"Unicorn Global Arena, Naigaon East",Mumbai,north,none,Anand Nagar,no,Mindspace Malad,20.49,yellow,12.27,no,no,TRUE,Kashigaon,10.19,6km+,0,Juichandra,1.48,30.83,1,1,0,19.3673834,72.8603139,47.73,Sukalapada,Maharashtra,1,6/23/2022,6/23/2022,low,Naigaon East Vasai Link Road,highway/tertiary,Naigaon East,2022,4/13/2022
Union Park,Mumbai,west,none,Western Express Highway,yes,Bandra Kurla Complex,4.37,blue,5.93,no,no,TRUE,Santacruz,2.52,3-6km,5,Khar Road,1.69,4.52,33,43,7,19.0718905,72.8244456,14.84,H/W Ward,Maharashtra,2,5/16/2022,5/23/2022,high,Union Park,place/neighbourhood,Union Park,2022,4/13/2022
"Universal Neo Galaxy, Bhuleshwar",Mumbai,south,under_construction,Ghatkopar L1,yes,Nariman Point CBD,2.99,blue,17.04,yes,no,FALSE,Girgaon,0.58,0-3km,0,Marine Lines,0.97,15.62,48,68,6,18.9537706,72.8274755,1.86,C Ward,Maharashtra,1,6/4/2022,6/4/2022,high,Bhuleshwar,place/suburb,Bhuleshwar,2022,4/13/2022
"Usha Nagar Society, Bhandup West",Mumbai,east,none,Saki Naka,yes,Godrej One Vikhroli,4.64,blue,6.78,no,no,TRUE,Aarey JVLR,5.5,3-6km,6,Bhandup,0.55,9.73,20,42,4,19.1462636,72.9339461,25.29,S Ward,Maharashtra,1,5/31/2022,5/31/2022,high,Bhandup West,place/suburb,Bhandup West,2022,4/13/2022
"Utkarsh CHS, Prabhadevi",Mumbai,south,under_construction,Asalpha,yes,Lower Parel Business District,1.35,blue,11.48,yes,no,FALSE,Siddhivinayak Temple,0.33,0-3km,4,Prabhadevi,1.17,9.14,47,48,5,19.0148811,72.8279556,8.5,G/S Ward,Maharashtra,1,7/4/2022,7/4/2022,high,Prabhadevi,place/suburb,Prabhadevi,2022,4/13/2022
"Uttam Society, Chembur",Mumbai,south,under_construction,Ghatkopar L1,yes,Bandra Kurla Complex,3.65,blue,4.52,yes,no,FALSE,Chembur,0.67,3-6km,5,Fertilizer Township,0.49,5.7,28,75,9,19.0482121,72.8941022,13.64,M/W Ward,Maharashtra,1,4/29/2022,4/29/2022,high,"Navjivan Society, Chembur",place/neighbourhood,Uttam Society Chembur,2022,4/13/2022
"Vaibhav Apartments, Dadar West",Mumbai,south,under_construction,Asalpha,yes,Lower Parel Business District,2.47,blue,10.03,yes,no,FALSE,Dadar,0.11,0-3km,6,Dadar,0.71,7.81,71,75,9,19.0238887,72.8382236,9.47,G/N Ward,Maharashtra,1,6/23/2022,6/23/2022,high,Dadar West,place/suburb,Dadar West,2022,4/13/2022
"Valentine Apartments, Gokuldham",Mumbai,north,operational,Aarey,yes,Nirlon Knowledge Park,2.56,red,1.01,yes,yes,TRUE,Aarey,1.01,0-3km,3,Goregaon,2.1,9.32,13,51,5,19.1738527,72.8670935,26.35,P/S Ward,Maharashtra,1,7/9/2022,7/9/2022,high,Gokuldham,place/neighbourhood,Gokuldham,2022,4/13/2022
"vanamali chs ghatla, Ghatla",Mumbai,east,under_construction,Ghatkopar L1,yes,Bandra Kurla Complex,4.34,blue,3.81,yes,no,FALSE,Diamond Garden,0.25,3-6km,5,VNP & RC Marg Junction,1.02,6.01,42,85,17,19.0526325,72.9040237,14.57,M/W Ward,Maharashtra,1,5/31/2022,5/31/2022,high,Ghatla Village,place/neighbourhood,Ghatla,2022,4/13/2022
"Vasant Marvel, Magathane",Mumbai,north,operational,Magathane,yes,Mindspace Malad,4.53,red,0,yes,yes,TRUE,Magathane,0,3-6km,0,Borivali,1.69,14.09,6,65,15,19.2167968,72.8668012,31.09,R/C Ward,Maharashtra,1,5/14/2022,5/14/2022,medium,Magathane,railway/station,Magathane,2022,4/13/2022
"Vasant Oscar, Mulund West",Mumbai,east,none,Aarey,yes,Wagle Estate Thane,2.95,red,9.71,no,no,TRUE,Azad Nagar Bus Stop,8.29,0-3km,5,Mulund,0.58,12.99,43,86,17,19.1719717,72.9511956,28.64,T Ward,Maharashtra,1,6/4/2022,6/4/2022,high,Mulund West,place/suburb,Mulund West,2022,4/13/2022
"Vasant Sagar, Thakur Village, Kandivali East",Mumbai,north,operational,Magathane,yes,Mindspace Malad,4.63,red,1.24,yes,yes,TRUE,Magathane,1.24,3-6km,0,Kandivali,2.62,13.36,5,24,7,19.2097189,72.8759248,30.42,R/S Ward,Maharashtra,1,5/27/2022,5/27/2022,high,Thakur Village,place/suburb,Thakur Village,2022,4/13/2022
"Veena Signature, Borivali West",Mumbai,north,operational,Borivali (West),yes,Mindspace Malad,5.27,yellow,0,yes,yes,TRUE,Borivali (West),0,3-6km,0,Borivali,1.75,15.87,20,80,14,19.2313925,72.8408607,32.54,R/C Ward,Maharashtra,1,6/20/2022,6/20/2022,medium,Borivali (West),railway/station,Borivali West,2022,4/13/2022
"Velentine Tower, Goregaon East",Mumbai,north,operational,Aarey,yes,Nirlon Knowledge Park,1.62,red,0.37,yes,yes,TRUE,Aarey,0.37,0-3km,5,Goregaon,0.77,8.83,14,72,6,19.1692623,72.8552548,25.71,P/S Ward,Maharashtra,1,7/6/2022,7/6/2022,high,Goregaon East,place/suburb,Goregaon East,2022,4/13/2022
"Vertical Bliss, Bandra West",Mumbai,south,under_construction,Western Express Highway,yes,Bandra Kurla Complex,3.85,blue,6.96,yes,no,FALSE,Bandra Colony,2.39,3-6km,6,Bandra,1.11,4.93,43,54,7,19.0583358,72.8302669,13.3,Mumbai,Maharashtra,1,6/25/2022,6/25/2022,high,Bandra West,place/suburb,Bandra West,2022,4/13/2022
"Vijaya Heritage, Chembur",Mumbai,east,under_construction,Ghatkopar L1,yes,Bandra Kurla Complex,3.65,blue,3.7,yes,no,FALSE,Diamond Garden,0.53,3-6km,5,VNP & RC Marg Junction,0.46,5.39,32,81,13,19.054818,72.8979713,14.48,M/W Ward,Maharashtra,1,6/7/2022,6/7/2022,high,Chembur,place/suburb,Chembur,2022,4/13/2022
"Vikas Finalay Apartments, Parel",Mumbai,south,under_construction,Ghatkopar L1,yes,Lower Parel Business District,1.42,blue,11.1,yes,no,FALSE,Siddhivinayak Temple,1.47,0-3km,3,Parel,0.52,9.34,64,73,5,19.0084268,72.842505,7.78,F/S Ward,Maharashtra,1,6/30/2022,6/30/2022,high,Parel,place/suburb,Parel,2022,4/13/2022
Vikhroli,Mumbai,east,none,Jagruti Nagar,yes,Godrej One Vikhroli,1.13,blue,3.5,no,no,TRUE,Jagruti Nagar,3.5,0-3km,11,Vikhroli,0.42,7.13,19,26,20,19.114541,72.9257184,21.73,S Ward,Maharashtra,1,7/9/2022,7/9/2022,high,Vikhroli West,place/suburb,Vikhroli,2022,4/13/2022
Vikhroli West,Mumbai,east,none,Jagruti Nagar,yes,Godrej One Vikhroli,1.13,blue,3.5,no,no,TRUE,Jagruti Nagar,3.5,0-3km,11,Vikhroli,0.42,7.13,19,26,20,19.114541,72.9257184,21.73,S Ward,Maharashtra,1,5/31/2022,5/31/2022,high,Vikhroli West,place/suburb,Vikhroli West,2022,4/13/2022
Vile Parle,Mumbai,west,operational,Andheri L1,yes,SEEPZ Andheri East,1.98,blue,2.06,yes,yes,TRUE,CSMI Airport Domestic T1,1.78,0-3km,14,Vile Parle,0.59,2.83,35,90,9,19.103908,72.840301,18.37,K/W Ward,Maharashtra,1,4/29/2022,4/29/2022,high,Vile Parle West,place/suburb,Vile Parle,2022,4/13/2022
Vile Parle East,Mumbai,west,operational,Western Express Highway,yes,SEEPZ Andheri East,1.94,blue,2.05,yes,yes,TRUE,CSMI Airport Domestic T1,1.05,0-3km,16,Vile Parle,0.22,2.09,30,78,7,19.1002241,72.8461146,17.98,K/E Ward,Maharashtra,2,6/4/2022,6/15/2022,medium,Vile Parle Station (E),highway/bus_stop,Vile Parle East,2022,4/13/2022
Vile Parle West,Mumbai,west,operational,Andheri L1,yes,SEEPZ Andheri East,1.98,blue,2.06,yes,yes,TRUE,CSMI Airport Domestic T1,1.78,0-3km,14,Vile Parle,0.59,2.83,35,90,9,19.103908,72.840301,18.37,K/W Ward,Maharashtra,3,6/4/2022,6/15/2022,high,Vile Parle West,place/suburb,Vile Parle West,2022,4/13/2022
"Vintage Pearl Apartment, Bandra West",Mumbai,south,under_construction,Western Express Highway,yes,Bandra Kurla Complex,3.85,blue,6.96,yes,no,FALSE,Bandra Colony,2.39,3-6km,6,Bandra,1.11,4.93,43,54,7,19.0583358,72.8302669,13.3,Mumbai,Maharashtra,1,6/14/2022,6/14/2022,high,Bandra West,place/suburb,Bandra West,2022,4/13/2022
"Violette Valley, Bandra West",Mumbai,south,under_construction,Western Express Highway,yes,Bandra Kurla Complex,3.85,blue,6.96,yes,no,FALSE,Bandra Colony,2.39,3-6km,6,Bandra,1.11,4.93,43,54,7,19.0583358,72.8302669,13.3,Mumbai,Maharashtra,1,7/7/2022,7/7/2022,high,Bandra West,place/suburb,Bandra West,2022,4/13/2022
Virar,Mumbai,north,none,Kandarpada,no,Mindspace Malad,29.71,yellow,21.85,no,no,TRUE,Kashigaon,20.43,6km+,0,Virar,0.61,40.35,3,40,3,19.4497996,72.8120613,56.87,Vasai-Virar,Maharashtra,1,6/28/2022,6/28/2022,low,Virar,place/borough,Virar,2022,4/13/2022
Virar West,Mumbai,north,none,Kandarpada,no,Mindspace Malad,30.18,yellow,22.37,no,no,TRUE,Kashigaon,21.04,6km+,0,Virar,0.67,40.83,3,37,6,19.4533576,72.8057966,57.3,Vasai-Virar,Maharashtra,1,5/31/2022,5/31/2022,low,Virar West,place/suburb,Virar West,2022,4/13/2022
"Vishnu Shivam Tower, Thakur Village, Kandivali East",Mumbai,north,operational,Magathane,yes,Mindspace Malad,4.63,red,1.24,yes,yes,TRUE,Magathane,1.24,3-6km,0,Kandivali,2.62,13.36,5,24,7,19.2097189,72.8759248,30.42,R/S Ward,Maharashtra,2,6/30/2022,7/7/2022,high,Thakur Village,place/suburb,Thakur Village,2022,4/13/2022
Wadala,Mumbai,south,none,Ghatkopar L1,yes,Bandra Kurla Complex,4.6,blue,7.46,no,no,TRUE,Dharavi,3.49,3-6km,4,Bhakti Park,0.29,7.16,16,16,0,19.0269192,72.8759337,10.69,F/N Ward,Maharashtra,1,5/10/2022,5/10/2022,high,Wadala,place/suburb,Wadala,2022,4/13/2022
"Wadhwa Atmoshphere, Mulund West",Mumbai,east,none,Aarey,yes,Wagle Estate Thane,2.95,red,9.71,no,no,TRUE,Azad Nagar Bus Stop,8.29,0-3km,5,Mulund,0.58,12.99,43,86,17,19.1719717,72.9511956,28.64,T Ward,Maharashtra,1,7/6/2022,7/6/2022,high,Mulund West,place/suburb,Mulund West,2022,4/13/2022
"Wadhwa Atmosphere, Mulund West",Mumbai,east,none,Aarey,yes,Wagle Estate Thane,2.95,red,9.71,no,no,TRUE,Azad Nagar Bus Stop,8.29,0-3km,5,Mulund,0.58,12.99,43,86,17,19.1719717,72.9511956,28.64,T Ward,Maharashtra,1,6/25/2022,6/25/2022,high,Mulund West,place/suburb,Mulund West,2022,4/13/2022
Walkeshwar,Mumbai,south,under_construction,Ghatkopar L1,yes,Nariman Point CBD,3.5,blue,18.52,yes,no,FALSE,Grant Road,1.91,3-6km,0,Charni Road,1.51,16.52,26,44,2,18.9524203,72.8038935,3.64,D Ward,Maharashtra,1,6/30/2022,6/30/2022,high,Walkeshwar,place/locality,Walkeshwar,2022,4/13/2022
Waterfield Road,Mumbai,south,under_construction,Western Express Highway,yes,Bandra Kurla Complex,3.28,blue,6.2,yes,no,FALSE,Bandra Colony,1.68,3-6km,7,Bandra Terminus,0.71,4.15,47,65,9,19.0640655,72.8346916,13.93,H/W Ward,Maharashtra,2,5/23/2022,7/9/2022,low,RK Patkar Marg (Waterfield Road),highway/tertiary,Waterfield Road,2022,4/13/2022
"White Lily Apartment, Bhandup East",Mumbai,east,none,Jagruti Nagar,yes,Godrej One Vikhroli,3.75,blue,6.19,no,no,TRUE,Aarey JVLR,5.51,3-6km,6,Bhandup,0.57,9.35,27,39,2,19.1378308,72.9361964,24.54,S Ward,Maharashtra,1,7/7/2022,7/7/2022,high,Bhandup East,place/suburb,Bhandup East,2022,4/13/2022
"Windsor Grande Residences, Andheri West",Mumbai,west,operational,Azad Nagar,yes,SEEPZ Andheri East,2.13,blue,1.14,yes,yes,TRUE,Azad Nagar,1.14,0-3km,13,Andheri,1.34,4.28,33,91,15,19.1172495,72.833968,19.84,K/W Ward,Maharashtra,1,6/3/2022,6/3/2022,high,Andheri West,place/suburb,Andheri West,2022,4/13/2022
"World One Tower Mumbai, Worli",Mumbai,south,under_construction,Western Express Highway,yes,Lower Parel Business District,1.63,blue,12.27,yes,no,FALSE,Worli,0.38,0-3km,4,Prabhadevi,1.95,9.92,31,22,6,19.0117388,72.8178706,8.32,G/S Ward,Maharashtra,1,6/7/2022,6/7/2022,high,Worli,place/suburb,Worli,2022,4/13/2022
Worli,Mumbai,south,under_construction,Western Express Highway,yes,Lower Parel Business District,1.63,blue,12.27,yes,no,FALSE,Worli,0.38,0-3km,4,Prabhadevi,1.95,9.92,31,22,6,19.0117388,72.8178706,8.32,G/S Ward,Maharashtra,6,5/31/2022,7/9/2022,high,Worli,place/suburb,Worli,2022,4/13/2022
Worli Sea Face,Mumbai,south,under_construction,Western Express Highway,yes,Lower Parel Business District,1.74,blue,12.53,yes,no,FALSE,Worli,0.42,0-3km,4,Prabhadevi,2.16,10.2,24,17,6,19.0100374,72.8155708,8.19,G/S Ward,Maharashtra,1,6/23/2022,6/23/2022,low,Khan Abdul Gaffar Khan Marg,highway/primary,Worli Sea Face,2022,4/13/2022
Yari Road,Mumbai,west,operational,Versova,yes,Nirlon Knowledge Park,5.02,blue,1.71,yes,yes,TRUE,Versova,1.71,3-6km,3,Jogeshwari (Western Line),4.27,7.93,10,31,7,19.1394593,72.8083974,22.49,K/W Ward,Maharashtra,1,6/27/2022,6/27/2022,medium,Yari Road Bus Station,highway/bus_stop,Yari Road,2022,4/13/2022
Yashodham,Mumbai,north,operational,Aarey,yes,Mindspace Malad,1.94,red,0.52,yes,yes,TRUE,Aarey,0.52,0-3km,5,Goregaon,1.01,9.18,16,88,6,19.1723644,72.8550274,26.05,P/S Ward,Maharashtra,1,5/12/2022,5/12/2022,high,Yashodham,place/neighbourhood,Yashodham,2022,4/13/2022
"Yashodham Complex, Goregaon East",Mumbai,north,operational,Aarey,yes,Nirlon Knowledge Park,1.62,red,0.37,yes,yes,TRUE,Aarey,0.37,0-3km,5,Goregaon,0.77,8.83,14,72,6,19.1692623,72.8552548,25.71,P/S Ward,Maharashtra,1,7/6/2022,7/6/2022,high,Goregaon East,place/suburb,Goregaon East,2022,4/13/2022
"Yogi Hills, Mulund West",Mumbai,east,none,Poisar,yes,Wagle Estate Thane,1.96,red,8.35,no,no,TRUE,Azad Nagar Bus Stop,7.64,0-3km,3,Mulund,2.22,13.24,22,54,8,19.1843222,72.9399737,29.43,T Ward,Maharashtra,1,5/13/2022,5/13/2022,high,Yogi Hills,place/neighbourhood,Yogi Hills Mulund West,2022,4/13/2022
